loan_id,original_balance,credit_score_band,ltv_band,dti_band,state,loan_purpose,occupancy_type,property_type,vintage
LN0000001,406043,Fair,60-75,36-43,IL,Purchase,Investment,SingleFamily,2022
LN0000002,480278,Good,75-90,36-43,WA,Refinance,Investment,Townhouse,2022
LN0000003,234506,Poor,75-90,<=28,NY,CashOut,Investment,Condo,2020
LN0000004,107605,Fair,<=60,<=28,CA,CashOut,SecondHome,SingleFamily,2019
LN0000005,482270,Excellent,<=60,28-36,OH,Refinance,Investment,SingleFamily,2020
LN0000006,119482,Poor,60-75,<=28,TX,Purchase,PrimaryResidence,SingleFamily,2022
LN0000007,235386,Fair,75-90,28-36,OH,Purchase,PrimaryResidence,SingleFamily,2019
LN0000008,174841,Fair,75-90,>43,CA,Purchase,SecondHome,SingleFamily,2021
LN0000009,160281,Excellent,75-90,<=28,NV,Refinance,PrimaryResidence,SingleFamily,2022
LN0000010,291311,Good,60-75,28-36,FL,Refinance,PrimaryResidence,MultiUnit,2021
LN0000011,224634,Good,60-75,36-43,AZ,Purchase,PrimaryResidence,SingleFamily,2022
LN0000012,256945,Poor,60-75,28-36,CA,CashOut,PrimaryResidence,Condo,2022
LN0000013,132211,Fair,60-75,<=28,IL,Purchase,PrimaryResidence,SingleFamily,2018
LN0000014,182218,Fair,75-90,<=28,IL,Refinance,PrimaryResidence,SingleFamily,2019
LN0000015,135297,Good,<=60,>43,TX,CashOut,PrimaryResidence,SingleFamily,2018
LN0000016,179955,Excellent,60-75,<=28,IL,Refinance,PrimaryResidence,SingleFamily,2020
LN0000017,187328,Good,60-75,36-43,FL,Refinance,PrimaryResidence,Condo,2020
LN0000018,499894,Excellent,60-75,36-43,IL,Refinance,PrimaryResidence,SingleFamily,2018
LN0000019,174609,Fair,75-90,28-36,NY,Refinance,PrimaryResidence,MultiUnit,2020
LN0000020,68679,Fair,60-75,36-43,TX,Refinance,PrimaryResidence,Condo,2018
LN0000021,399330,Fair,>90,<=28,OH,Purchase,PrimaryResidence,SingleFamily,2020
LN0000022,248855,Good,75-90,28-36,WA,Purchase,Investment,SingleFamily,2019
LN0000023,186184,Poor,>90,28-36,AZ,Refinance,PrimaryResidence,Townhouse,2022
LN0000024,159754,Poor,75-90,>43,AZ,Refinance,Investment,SingleFamily,2021
LN0000025,123814,Fair,75-90,<=28,FL,Refinance,SecondHome,SingleFamily,2021
LN0000026,523883,Excellent,75-90,<=28,FL,Purchase,Investment,Condo,2022
LN0000027,204009,Good,60-75,>43,NV,Purchase,SecondHome,SingleFamily,2018
LN0000028,83376,Excellent,60-75,<=28,NY,Purchase,PrimaryResidence,Condo,2019
LN0000029,234185,Excellent,75-90,>43,CA,CashOut,PrimaryResidence,SingleFamily,2021
LN0000030,363336,Fair,<=60,36-43,WA,Purchase,PrimaryResidence,Condo,2021
LN0000031,214962,Fair,<=60,28-36,NV,Purchase,PrimaryResidence,SingleFamily,2018
LN0000032,126652,Poor,>90,36-43,FL,Purchase,PrimaryResidence,SingleFamily,2019
LN0000033,121111,Good,<=60,36-43,GA,Purchase,PrimaryResidence,MultiUnit,2019
LN0000034,125660,Good,60-75,<=28,NY,Purchase,PrimaryResidence,SingleFamily,2018
LN0000035,425418,Good,75-90,>43,NY,Refinance,PrimaryResidence,SingleFamily,2021
LN0000036,191792,Excellent,<=60,>43,IL,Purchase,PrimaryResidence,Condo,2018
LN0000037,85874,Excellent,>90,>43,TX,Purchase,PrimaryResidence,SingleFamily,2022
LN0000038,240883,Good,<=60,36-43,NY,Purchase,PrimaryResidence,SingleFamily,2020
LN0000039,213313,Excellent,>90,28-36,FL,Purchase,PrimaryResidence,Condo,2021
LN0000040,158824,Fair,75-90,28-36,AZ,Refinance,Investment,Townhouse,2020
LN0000041,119347,Good,60-75,<=28,FL,CashOut,PrimaryResidence,SingleFamily,2022
LN0000042,116780,Fair,<=60,28-36,AZ,Refinance,Investment,MultiUnit,2019
LN0000043,342256,Fair,60-75,36-43,CA,CashOut,PrimaryResidence,Condo,2020
LN0000044,224977,Good,60-75,36-43,IL,Purchase,PrimaryResidence,SingleFamily,2018
LN0000045,252539,Fair,60-75,28-36,FL,CashOut,PrimaryResidence,Condo,2022
LN0000046,224668,Fair,>90,28-36,IL,Purchase,PrimaryResidence,SingleFamily,2020
LN0000047,234179,Good,60-75,36-43,OH,Refinance,PrimaryResidence,Condo,2018
LN0000048,157283,Good,75-90,28-36,NV,Refinance,PrimaryResidence,Condo,2022
LN0000049,179348,Fair,<=60,>43,OH,Purchase,PrimaryResidence,SingleFamily,2022
LN0000050,355918,Excellent,>90,36-43,WA,Purchase,PrimaryResidence,SingleFamily,2018
LN0000051,403243,Excellent,60-75,<=28,WA,Purchase,PrimaryResidence,SingleFamily,2022
LN0000052,107899,Excellent,60-75,<=28,NV,Purchase,Investment,SingleFamily,2021
LN0000053,179130,Fair,75-90,36-43,NV,Purchase,PrimaryResidence,Townhouse,2019
LN0000054,302441,Fair,<=60,28-36,OH,CashOut,PrimaryResidence,MultiUnit,2021
LN0000055,509425,Fair,75-90,36-43,TX,Purchase,PrimaryResidence,MultiUnit,2021
LN0000056,484551,Fair,60-75,<=28,FL,Refinance,PrimaryResidence,SingleFamily,2020
LN0000057,133535,Good,60-75,<=28,FL,Refinance,SecondHome,SingleFamily,2021
LN0000058,376067,Good,60-75,28-36,FL,Purchase,PrimaryResidence,Condo,2018
LN0000059,204703,Excellent,75-90,36-43,NV,Purchase,PrimaryResidence,SingleFamily,2022
LN0000060,335108,Excellent,<=60,>43,TX,Purchase,PrimaryResidence,SingleFamily,2022
LN0000061,294825,Fair,<=60,>43,AZ,Purchase,PrimaryResidence,SingleFamily,2019
LN0000062,105663,Good,<=60,28-36,AZ,Purchase,PrimaryResidence,Townhouse,2020
LN0000063,261708,Good,60-75,36-43,WA,Purchase,PrimaryResidence,Condo,2019
LN0000064,328682,Fair,<=60,<=28,NY,Purchase,Investment,SingleFamily,2019
LN0000065,196795,Fair,>90,28-36,FL,Refinance,PrimaryResidence,Townhouse,2019
LN0000066,175754,Good,60-75,>43,GA,Refinance,PrimaryResidence,Condo,2022
LN0000067,90596,Good,75-90,28-36,GA,Purchase,PrimaryResidence,Condo,2021
LN0000068,279793,Good,60-75,>43,WA,Refinance,PrimaryResidence,SingleFamily,2022
LN0000069,220659,Excellent,60-75,<=28,WA,CashOut,PrimaryResidence,SingleFamily,2021
LN0000070,125355,Good,60-75,<=28,AZ,Purchase,Investment,SingleFamily,2021
LN0000071,168903,Excellent,60-75,28-36,OH,Purchase,PrimaryResidence,Condo,2018
LN0000072,214754,Good,60-75,>43,OH,Purchase,PrimaryResidence,SingleFamily,2022
LN0000073,150344,Poor,60-75,28-36,FL,Purchase,Investment,SingleFamily,2021
LN0000074,199055,Excellent,60-75,36-43,CA,Refinance,SecondHome,SingleFamily,2018
LN0000075,82870,Excellent,>90,<=28,IL,Refinance,PrimaryResidence,SingleFamily,2018
LN0000076,390315,Good,60-75,36-43,NY,Refinance,Investment,MultiUnit,2021
LN0000077,200376,Good,60-75,28-36,NY,Purchase,PrimaryResidence,SingleFamily,2019
LN0000078,114728,Fair,<=60,<=28,WA,Refinance,SecondHome,Condo,2019
LN0000079,58113,Good,60-75,36-43,NV,Purchase,PrimaryResidence,Townhouse,2019
LN0000080,332557,Fair,75-90,36-43,AZ,Purchase,PrimaryResidence,Condo,2022
LN0000081,262772,Fair,<=60,28-36,GA,Purchase,SecondHome,SingleFamily,2019
LN0000082,220872,Good,75-90,<=28,OH,CashOut,PrimaryResidence,Condo,2019
LN0000083,306148,Fair,60-75,<=28,IL,Refinance,Investment,MultiUnit,2019
LN0000084,305727,Excellent,<=60,>43,WA,Refinance,PrimaryResidence,Condo,2018
LN0000085,219085,Excellent,>90,36-43,IL,Refinance,PrimaryResidence,SingleFamily,2018
LN0000086,175061,Excellent,60-75,36-43,AZ,Purchase,PrimaryResidence,SingleFamily,2020
LN0000087,161365,Fair,75-90,36-43,NV,Purchase,PrimaryResidence,SingleFamily,2018
LN0000088,245357,Good,60-75,36-43,IL,Refinance,PrimaryResidence,SingleFamily,2021
LN0000089,399718,Excellent,>90,<=28,OH,CashOut,PrimaryResidence,Condo,2020
LN0000090,188819,Good,60-75,28-36,CA,Refinance,PrimaryResidence,SingleFamily,2020
LN0000091,415916,Excellent,60-75,36-43,IL,Purchase,PrimaryResidence,Condo,2019
LN0000092,239564,Fair,75-90,<=28,AZ,CashOut,PrimaryResidence,Condo,2021
LN0000093,240468,Good,60-75,<=28,GA,Purchase,PrimaryResidence,SingleFamily,2020
LN0000094,661691,Good,60-75,36-43,WA,Purchase,PrimaryResidence,SingleFamily,2018
LN0000095,454220,Good,>90,>43,FL,Purchase,SecondHome,SingleFamily,2020
LN0000096,460148,Fair,75-90,36-43,AZ,Purchase,PrimaryResidence,SingleFamily,2018
LN0000097,133411,Good,75-90,<=28,NV,Refinance,PrimaryResidence,Townhouse,2020
LN0000098,594865,Excellent,75-90,>43,NY,Refinance,PrimaryResidence,SingleFamily,2020
LN0000099,190782,Excellent,75-90,<=28,AZ,Purchase,PrimaryResidence,SingleFamily,2020
LN0000100,177416,Poor,>90,<=28,WA,Purchase,PrimaryResidence,SingleFamily,2019
LN0000101,67533,Poor,75-90,>43,NY,Refinance,PrimaryResidence,Condo,2020
LN0000102,234016,Fair,60-75,36-43,NY,Purchase,SecondHome,Condo,2021
LN0000103,115649,Good,<=60,>43,WA,Purchase,Investment,Townhouse,2022
LN0000104,243805,Poor,75-90,36-43,IL,Purchase,PrimaryResidence,SingleFamily,2022
LN0000105,111214,Fair,75-90,36-43,GA,CashOut,PrimaryResidence,SingleFamily,2018
LN0000106,488380,Fair,60-75,28-36,TX,CashOut,PrimaryResidence,Condo,2021
LN0000107,261918,Good,<=60,28-36,IL,Purchase,PrimaryResidence,SingleFamily,2018
LN0000108,621527,Good,60-75,>43,OH,Refinance,PrimaryResidence,SingleFamily,2020
LN0000109,119191,Excellent,60-75,>43,AZ,CashOut,PrimaryResidence,Townhouse,2021
LN0000110,431313,Poor,75-90,28-36,FL,Purchase,PrimaryResidence,SingleFamily,2020
LN0000111,80712,Good,<=60,28-36,GA,CashOut,Investment,SingleFamily,2022
LN0000112,220584,Excellent,75-90,28-36,NY,Purchase,PrimaryResidence,Townhouse,2022
LN0000113,144956,Good,75-90,28-36,OH,Refinance,PrimaryResidence,SingleFamily,2022
LN0000114,158898,Good,>90,>43,NY,Refinance,PrimaryResidence,SingleFamily,2021
LN0000115,153545,Excellent,<=60,<=28,GA,Purchase,Investment,SingleFamily,2021
LN0000116,125824,Poor,>90,28-36,IL,Refinance,PrimaryResidence,SingleFamily,2022
LN0000117,105889,Fair,75-90,>43,FL,Refinance,Investment,SingleFamily,2019
LN0000118,159338,Fair,75-90,28-36,WA,Purchase,Investment,MultiUnit,2019
LN0000119,210662,Good,<=60,28-36,GA,Refinance,PrimaryResidence,Townhouse,2019
LN0000120,355701,Fair,60-75,28-36,GA,CashOut,PrimaryResidence,Condo,2021
LN0000121,230423,Good,75-90,<=28,OH,CashOut,PrimaryResidence,Townhouse,2019
LN0000122,356207,Fair,60-75,<=28,GA,Refinance,PrimaryResidence,SingleFamily,2018
LN0000123,94931,Excellent,60-75,<=28,AZ,Purchase,PrimaryResidence,SingleFamily,2021
LN0000124,160093,Good,75-90,<=28,IL,Purchase,SecondHome,SingleFamily,2021
LN0000125,283651,Excellent,75-90,<=28,WA,Purchase,Investment,SingleFamily,2020
LN0000126,236001,Good,<=60,28-36,IL,Refinance,PrimaryResidence,SingleFamily,2022
LN0000127,129238,Good,60-75,<=28,WA,Refinance,PrimaryResidence,SingleFamily,2021
LN0000128,317119,Excellent,60-75,>43,TX,CashOut,PrimaryResidence,Townhouse,2022
LN0000129,152415,Excellent,>90,<=28,AZ,Purchase,PrimaryResidence,SingleFamily,2019
LN0000130,134769,Good,>90,28-36,WA,CashOut,PrimaryResidence,Condo,2018
LN0000131,253589,Excellent,60-75,>43,WA,CashOut,Investment,SingleFamily,2019
LN0000132,199403,Poor,<=60,<=28,AZ,Refinance,PrimaryResidence,SingleFamily,2022
LN0000133,153053,Good,60-75,28-36,IL,CashOut,PrimaryResidence,Condo,2022
LN0000134,150477,Good,60-75,36-43,IL,Purchase,PrimaryResidence,SingleFamily,2018
LN0000135,116436,Good,>90,28-36,WA,Purchase,PrimaryResidence,SingleFamily,2022
LN0000136,163101,Excellent,60-75,<=28,NV,Purchase,Investment,SingleFamily,2020
LN0000137,344553,Poor,<=60,36-43,FL,Purchase,Investment,Condo,2022
LN0000138,224644,Good,<=60,36-43,TX,Purchase,PrimaryResidence,SingleFamily,2021
LN0000139,321032,Fair,60-75,28-36,TX,Refinance,PrimaryResidence,SingleFamily,2018
LN0000140,257309,Excellent,75-90,<=28,OH,Purchase,SecondHome,SingleFamily,2020
LN0000141,146367,Good,75-90,<=28,CA,Purchase,PrimaryResidence,SingleFamily,2018
LN0000142,87153,Good,75-90,36-43,OH,Purchase,PrimaryResidence,MultiUnit,2019
LN0000143,125062,Poor,60-75,28-36,AZ,Refinance,Investment,SingleFamily,2021
LN0000144,142113,Good,>90,<=28,GA,CashOut,PrimaryResidence,SingleFamily,2021
LN0000145,136722,Good,60-75,28-36,TX,Purchase,PrimaryResidence,Condo,2021
LN0000146,324652,Good,75-90,>43,GA,Refinance,PrimaryResidence,MultiUnit,2021
LN0000147,322963,Good,>90,<=28,IL,CashOut,PrimaryResidence,SingleFamily,2018
LN0000148,600753,Good,60-75,<=28,CA,Refinance,SecondHome,SingleFamily,2020
LN0000149,135691,Good,>90,28-36,TX,Refinance,PrimaryResidence,Condo,2020
LN0000150,441849,Excellent,60-75,36-43,OH,Refinance,PrimaryResidence,SingleFamily,2020
LN0000151,440485,Fair,75-90,28-36,WA,CashOut,PrimaryResidence,SingleFamily,2019
LN0000152,176993,Poor,<=60,>43,IL,Purchase,SecondHome,MultiUnit,2021
LN0000153,251897,Excellent,60-75,<=28,OH,Refinance,PrimaryResidence,SingleFamily,2021
LN0000154,369670,Good,60-75,28-36,WA,Purchase,PrimaryResidence,SingleFamily,2020
LN0000155,193017,Excellent,<=60,28-36,NV,Purchase,PrimaryResidence,SingleFamily,2018
LN0000156,185684,Fair,<=60,28-36,CA,Refinance,PrimaryResidence,SingleFamily,2018
LN0000157,145267,Good,60-75,28-36,FL,Refinance,PrimaryResidence,SingleFamily,2019
LN0000158,61082,Fair,75-90,36-43,TX,CashOut,PrimaryResidence,SingleFamily,2020
LN0000159,205918,Fair,60-75,28-36,IL,CashOut,PrimaryResidence,SingleFamily,2022
LN0000160,139394,Fair,60-75,36-43,NV,Refinance,PrimaryResidence,SingleFamily,2021
LN0000161,116113,Excellent,>90,<=28,IL,Refinance,PrimaryResidence,SingleFamily,2020
LN0000162,245510,Poor,>90,28-36,NY,CashOut,PrimaryResidence,SingleFamily,2019
LN0000163,96215,Excellent,<=60,28-36,CA,Purchase,Investment,Condo,2018
LN0000164,297461,Excellent,60-75,28-36,NY,Purchase,PrimaryResidence,Condo,2018
LN0000165,253165,Good,75-90,<=28,FL,Purchase,PrimaryResidence,SingleFamily,2018
LN0000166,162739,Good,75-90,>43,TX,Refinance,PrimaryResidence,SingleFamily,2022
LN0000167,192595,Fair,60-75,>43,TX,Refinance,PrimaryResidence,SingleFamily,2018
LN0000168,109632,Fair,75-90,36-43,GA,Refinance,PrimaryResidence,Townhouse,2022
LN0000169,289285,Good,<=60,>43,OH,Purchase,PrimaryResidence,SingleFamily,2020
LN0000170,218312,Poor,60-75,<=28,OH,Refinance,PrimaryResidence,SingleFamily,2021
LN0000171,226596,Good,75-90,28-36,CA,Refinance,PrimaryResidence,Condo,2022
LN0000172,255491,Good,75-90,28-36,NV,CashOut,PrimaryResidence,Condo,2021
LN0000173,144176,Good,75-90,>43,WA,Purchase,PrimaryResidence,Townhouse,2018
LN0000174,93010,Poor,<=60,<=28,WA,Refinance,PrimaryResidence,SingleFamily,2022
LN0000175,320827,Excellent,<=60,<=28,AZ,Refinance,Investment,Townhouse,2018
LN0000176,280508,Excellent,<=60,36-43,FL,Refinance,PrimaryResidence,SingleFamily,2020
LN0000177,152104,Good,<=60,<=28,WA,Purchase,PrimaryResidence,MultiUnit,2021
LN0000178,243910,Poor,<=60,36-43,CA,Purchase,PrimaryResidence,SingleFamily,2019
LN0000179,372870,Poor,60-75,28-36,IL,Purchase,SecondHome,Townhouse,2021
LN0000180,351284,Fair,60-75,36-43,FL,Purchase,PrimaryResidence,MultiUnit,2021
LN0000181,149899,Poor,75-90,>43,TX,Refinance,Investment,Condo,2022
LN0000182,94430,Poor,60-75,36-43,GA,Refinance,PrimaryResidence,Condo,2022
LN0000183,102887,Good,<=60,<=28,TX,Refinance,PrimaryResidence,SingleFamily,2019
LN0000184,170099,Good,75-90,<=28,NV,Purchase,PrimaryResidence,SingleFamily,2021
LN0000185,412981,Fair,<=60,<=28,FL,Purchase,PrimaryResidence,SingleFamily,2022
LN0000186,138106,Fair,>90,<=28,CA,Refinance,PrimaryResidence,Condo,2018
LN0000187,147537,Good,<=60,28-36,IL,Refinance,Investment,SingleFamily,2021
LN0000188,146026,Excellent,60-75,28-36,NY,Refinance,SecondHome,SingleFamily,2022
LN0000189,152380,Fair,>90,<=28,GA,Refinance,PrimaryResidence,SingleFamily,2018
LN0000190,197676,Good,75-90,<=28,GA,CashOut,PrimaryResidence,Condo,2021
LN0000191,104817,Poor,75-90,>43,WA,CashOut,PrimaryResidence,SingleFamily,2018
LN0000192,341868,Excellent,75-90,<=28,WA,Refinance,SecondHome,SingleFamily,2020
LN0000193,184903,Excellent,<=60,28-36,OH,Purchase,PrimaryResidence,SingleFamily,2022
LN0000194,686641,Fair,75-90,28-36,GA,Purchase,PrimaryResidence,SingleFamily,2022
LN0000195,110549,Excellent,>90,<=28,TX,Refinance,PrimaryResidence,SingleFamily,2021
LN0000196,440177,Excellent,>90,>43,IL,Purchase,Investment,SingleFamily,2021
LN0000197,398583,Good,60-75,<=28,GA,Purchase,PrimaryResidence,Condo,2019
LN0000198,161806,Poor,60-75,36-43,FL,Purchase,PrimaryResidence,SingleFamily,2022
LN0000199,163157,Excellent,75-90,36-43,AZ,CashOut,Investment,Townhouse,2021
LN0000200,125410,Good,60-75,36-43,IL,Purchase,PrimaryResidence,SingleFamily,2022
LN0000201,126132,Fair,60-75,36-43,NY,Refinance,PrimaryResidence,SingleFamily,2021
LN0000202,198728,Poor,<=60,36-43,NY,CashOut,SecondHome,Townhouse,2018
LN0000203,200856,Good,<=60,28-36,GA,Refinance,PrimaryResidence,MultiUnit,2020
LN0000204,89216,Excellent,60-75,28-36,OH,Purchase,PrimaryResidence,SingleFamily,2021
LN0000205,625779,Excellent,<=60,36-43,FL,Refinance,PrimaryResidence,SingleFamily,2021
LN0000206,174598,Excellent,<=60,28-36,TX,Refinance,PrimaryResidence,SingleFamily,2019
LN0000207,205418,Excellent,<=60,28-36,CA,Purchase,PrimaryResidence,SingleFamily,2018
LN0000208,145347,Fair,>90,<=28,IL,Refinance,PrimaryResidence,SingleFamily,2022
LN0000209,173945,Excellent,<=60,28-36,NV,Purchase,PrimaryResidence,SingleFamily,2022
LN0000210,166218,Good,<=60,28-36,NV,Refinance,SecondHome,SingleFamily,2022
LN0000211,198498,Fair,60-75,<=28,WA,CashOut,PrimaryResidence,SingleFamily,2021
LN0000212,197344,Good,60-75,28-36,WA,Refinance,PrimaryResidence,MultiUnit,2022
LN0000213,297281,Excellent,>90,<=28,WA,CashOut,PrimaryResidence,SingleFamily,2020
LN0000214,222706,Fair,>90,28-36,FL,Purchase,SecondHome,Townhouse,2021
LN0000215,282699,Fair,60-75,36-43,IL,CashOut,PrimaryResidence,SingleFamily,2020
LN0000216,197816,Fair,60-75,28-36,NV,Refinance,Investment,Townhouse,2021
LN0000217,223155,Excellent,60-75,36-43,GA,Purchase,SecondHome,Condo,2018
LN0000218,176195,Excellent,<=60,<=28,FL,CashOut,SecondHome,SingleFamily,2019
LN0000219,328258,Poor,60-75,<=28,CA,CashOut,SecondHome,SingleFamily,2019
LN0000220,233587,Good,<=60,36-43,OH,Purchase,PrimaryResidence,SingleFamily,2020
LN0000221,183682,Good,<=60,36-43,NV,Refinance,Investment,Condo,2022
LN0000222,180962,Good,75-90,36-43,TX,Purchase,PrimaryResidence,SingleFamily,2018
LN0000223,188222,Fair,<=60,36-43,NY,Purchase,PrimaryResidence,Condo,2021
LN0000224,201838,Poor,<=60,36-43,AZ,Purchase,PrimaryResidence,MultiUnit,2022
LN0000225,193265,Good,60-75,36-43,FL,Purchase,SecondHome,SingleFamily,2021
LN0000226,150328,Poor,60-75,36-43,TX,Purchase,PrimaryResidence,Condo,2021
LN0000227,291399,Excellent,<=60,36-43,NY,Purchase,SecondHome,MultiUnit,2018
LN0000228,300751,Good,<=60,<=28,NY,CashOut,Investment,Condo,2021
LN0000229,485011,Fair,<=60,<=28,IL,Purchase,PrimaryResidence,SingleFamily,2019
LN0000230,146999,Excellent,60-75,28-36,NV,Refinance,PrimaryResidence,SingleFamily,2019
LN0000231,277400,Excellent,75-90,28-36,NV,Purchase,PrimaryResidence,SingleFamily,2022
LN0000232,76529,Good,>90,36-43,WA,Purchase,PrimaryResidence,SingleFamily,2021
LN0000233,300896,Poor,60-75,28-36,CA,Refinance,PrimaryResidence,SingleFamily,2022
LN0000234,95962,Good,60-75,28-36,FL,Purchase,PrimaryResidence,Townhouse,2020
LN0000235,121520,Poor,75-90,36-43,TX,Purchase,PrimaryResidence,SingleFamily,2019
LN0000236,234711,Fair,75-90,<=28,CA,CashOut,PrimaryResidence,SingleFamily,2022
LN0000237,145692,Good,<=60,36-43,NY,Purchase,PrimaryResidence,SingleFamily,2021
LN0000238,136056,Fair,<=60,<=28,CA,Purchase,PrimaryResidence,Townhouse,2022
LN0000239,155996,Excellent,60-75,28-36,WA,Refinance,PrimaryResidence,SingleFamily,2018
LN0000240,286305,Excellent,75-90,28-36,FL,Purchase,SecondHome,SingleFamily,2020
LN0000241,124686,Fair,<=60,28-36,OH,Refinance,PrimaryResidence,SingleFamily,2022
LN0000242,193478,Fair,60-75,<=28,WA,Purchase,PrimaryResidence,SingleFamily,2022
LN0000243,164500,Excellent,60-75,<=28,NV,Purchase,PrimaryResidence,SingleFamily,2021
LN0000244,299522,Good,60-75,28-36,IL,Purchase,PrimaryResidence,SingleFamily,2018
LN0000245,303750,Fair,60-75,28-36,TX,Purchase,SecondHome,SingleFamily,2020
LN0000246,79408,Poor,75-90,36-43,NV,Refinance,PrimaryResidence,SingleFamily,2018
LN0000247,335224,Fair,60-75,<=28,NY,CashOut,PrimaryResidence,SingleFamily,2022
LN0000248,146476,Good,60-75,28-36,OH,Refinance,PrimaryResidence,Condo,2021
LN0000249,223719,Good,<=60,<=28,OH,Purchase,Investment,SingleFamily,2018
LN0000250,124311,Good,75-90,>43,NV,CashOut,PrimaryResidence,Townhouse,2021
LN0000251,239322,Fair,60-75,36-43,GA,Refinance,PrimaryResidence,SingleFamily,2021
LN0000252,711887,Poor,<=60,>43,WA,Purchase,PrimaryResidence,SingleFamily,2018
LN0000253,211839,Good,60-75,>43,NY,Purchase,PrimaryResidence,Condo,2018
LN0000254,157956,Excellent,75-90,28-36,IL,Purchase,Investment,SingleFamily,2019
LN0000255,177002,Excellent,75-90,36-43,OH,Purchase,PrimaryResidence,SingleFamily,2018
LN0000256,95366,Fair,>90,28-36,WA,Purchase,PrimaryResidence,SingleFamily,2020
LN0000257,410233,Fair,75-90,>43,CA,Purchase,PrimaryResidence,Townhouse,2022
LN0000258,232452,Excellent,60-75,28-36,NY,CashOut,Investment,SingleFamily,2018
LN0000259,117659,Excellent,60-75,28-36,NV,Purchase,PrimaryResidence,SingleFamily,2021
LN0000260,119591,Good,<=60,>43,FL,Purchase,Investment,SingleFamily,2020
LN0000261,200313,Excellent,75-90,36-43,IL,CashOut,PrimaryResidence,SingleFamily,2022
LN0000262,316791,Fair,75-90,>43,AZ,Refinance,SecondHome,SingleFamily,2020
LN0000263,111804,Good,<=60,<=28,FL,Purchase,Investment,MultiUnit,2021
LN0000264,346869,Excellent,>90,<=28,GA,Purchase,SecondHome,Townhouse,2022
LN0000265,189886,Poor,60-75,28-36,OH,Refinance,Investment,Townhouse,2018
LN0000266,124851,Excellent,<=60,28-36,NY,Purchase,Investment,SingleFamily,2019
LN0000267,157338,Good,60-75,28-36,AZ,Refinance,Investment,SingleFamily,2019
LN0000268,476525,Excellent,>90,28-36,IL,Refinance,PrimaryResidence,SingleFamily,2018
LN0000269,99299,Excellent,>90,36-43,FL,Refinance,PrimaryResidence,SingleFamily,2021
LN0000270,137868,Excellent,60-75,<=28,FL,CashOut,PrimaryResidence,SingleFamily,2018
LN0000271,320068,Excellent,>90,36-43,FL,Refinance,PrimaryResidence,SingleFamily,2019
LN0000272,221511,Excellent,>90,>43,WA,Refinance,PrimaryResidence,SingleFamily,2018
LN0000273,133837,Excellent,75-90,36-43,FL,Purchase,PrimaryResidence,MultiUnit,2021
LN0000274,322028,Good,>90,28-36,NY,Purchase,Investment,Condo,2021
LN0000275,329769,Fair,60-75,<=28,OH,Purchase,PrimaryResidence,Townhouse,2020
LN0000276,234613,Good,75-90,<=28,AZ,Refinance,PrimaryResidence,SingleFamily,2020
LN0000277,146356,Good,75-90,36-43,GA,Purchase,PrimaryResidence,MultiUnit,2020
LN0000278,158078,Good,75-90,28-36,WA,Refinance,PrimaryResidence,SingleFamily,2018
LN0000279,229197,Poor,<=60,<=28,GA,Purchase,PrimaryResidence,SingleFamily,2019
LN0000280,103159,Poor,75-90,>43,IL,Refinance,PrimaryResidence,SingleFamily,2022
LN0000281,386115,Excellent,>90,36-43,FL,Purchase,PrimaryResidence,SingleFamily,2018
LN0000282,465145,Excellent,60-75,36-43,OH,CashOut,SecondHome,SingleFamily,2021
LN0000283,176667,Excellent,>90,28-36,TX,Purchase,PrimaryResidence,Condo,2018
LN0000284,237530,Excellent,60-75,>43,NV,Refinance,PrimaryResidence,SingleFamily,2018
LN0000285,359655,Good,<=60,<=28,IL,Refinance,PrimaryResidence,Townhouse,2019
LN0000286,528490,Good,<=60,<=28,AZ,Purchase,PrimaryResidence,SingleFamily,2019
LN0000287,432998,Excellent,75-90,>43,CA,Refinance,PrimaryResidence,Condo,2019
LN0000288,83469,Good,75-90,>43,IL,CashOut,SecondHome,Townhouse,2022
LN0000289,169773,Good,60-75,28-36,IL,Refinance,PrimaryResidence,SingleFamily,2022
LN0000290,255338,Excellent,75-90,<=28,NY,CashOut,PrimaryResidence,MultiUnit,2021
LN0000291,155265,Fair,60-75,28-36,WA,Purchase,PrimaryResidence,Condo,2018
LN0000292,484747,Excellent,60-75,36-43,GA,CashOut,PrimaryResidence,SingleFamily,2022
LN0000293,448959,Poor,>90,36-43,NV,CashOut,PrimaryResidence,Condo,2022
LN0000294,132195,Excellent,75-90,28-36,AZ,Refinance,PrimaryResidence,Condo,2018
LN0000295,183285,Fair,75-90,<=28,FL,Refinance,SecondHome,SingleFamily,2019
LN0000296,136656,Poor,75-90,36-43,NV,Refinance,PrimaryResidence,SingleFamily,2021
LN0000297,180310,Poor,>90,36-43,IL,Refinance,PrimaryResidence,SingleFamily,2018
LN0000298,177599,Fair,60-75,28-36,IL,Refinance,PrimaryResidence,SingleFamily,2018
LN0000299,320337,Fair,60-75,28-36,CA,Purchase,PrimaryResidence,Townhouse,2021
LN0000300,127486,Fair,<=60,>43,GA,Refinance,PrimaryResidence,Townhouse,2019
LN0000301,53724,Fair,75-90,<=28,AZ,Purchase,PrimaryResidence,Condo,2020
LN0000302,89119,Excellent,75-90,28-36,FL,Refinance,SecondHome,SingleFamily,2021
LN0000303,118877,Good,75-90,36-43,AZ,Refinance,SecondHome,SingleFamily,2020
LN0000304,143222,Good,60-75,28-36,CA,Purchase,PrimaryResidence,SingleFamily,2021
LN0000305,218291,Poor,<=60,>43,NV,Purchase,PrimaryResidence,SingleFamily,2018
LN0000306,115855,Good,75-90,36-43,FL,Purchase,PrimaryResidence,Condo,2018
LN0000307,108493,Good,>90,28-36,IL,Refinance,SecondHome,SingleFamily,2019
LN0000308,124900,Fair,60-75,<=28,CA,Purchase,PrimaryResidence,SingleFamily,2019
LN0000309,113797,Good,<=60,36-43,AZ,Purchase,SecondHome,SingleFamily,2019
LN0000310,150655,Excellent,60-75,<=28,WA,Purchase,PrimaryResidence,Townhouse,2021
LN0000311,147466,Good,60-75,<=28,NV,Purchase,PrimaryResidence,SingleFamily,2018
LN0000312,280555,Good,60-75,28-36,NY,Purchase,PrimaryResidence,SingleFamily,2018
LN0000313,121204,Excellent,60-75,28-36,CA,Purchase,PrimaryResidence,SingleFamily,2019
LN0000314,166242,Good,75-90,>43,GA,Refinance,PrimaryResidence,SingleFamily,2019
LN0000315,151370,Good,60-75,36-43,TX,Refinance,PrimaryResidence,SingleFamily,2018
LN0000316,297878,Good,60-75,36-43,GA,CashOut,PrimaryResidence,Condo,2018
LN0000317,184031,Good,<=60,28-36,CA,Purchase,Investment,SingleFamily,2020
LN0000318,336161,Fair,>90,28-36,TX,Purchase,PrimaryResidence,SingleFamily,2018
LN0000319,111727,Good,60-75,>43,GA,Purchase,PrimaryResidence,Townhouse,2018
LN0000320,193942,Poor,60-75,28-36,GA,Refinance,Investment,Condo,2022
LN0000321,149052,Poor,<=60,36-43,TX,Purchase,PrimaryResidence,MultiUnit,2018
LN0000322,107686,Good,75-90,28-36,TX,Purchase,PrimaryResidence,SingleFamily,2018
LN0000323,192190,Good,>90,<=28,AZ,Refinance,PrimaryResidence,Townhouse,2018
LN0000324,472817,Good,<=60,28-36,CA,Purchase,SecondHome,Condo,2020
LN0000325,129773,Fair,<=60,<=28,FL,Refinance,Investment,SingleFamily,2021
LN0000326,186516,Fair,<=60,<=28,NV,Refinance,Investment,SingleFamily,2021
LN0000327,103144,Fair,75-90,<=28,WA,Refinance,PrimaryResidence,SingleFamily,2021
LN0000328,95835,Good,>90,<=28,CA,Purchase,Investment,MultiUnit,2018
LN0000329,134104,Fair,60-75,28-36,AZ,Purchase,PrimaryResidence,SingleFamily,2019
LN0000330,158737,Good,60-75,>43,NY,Refinance,PrimaryResidence,Condo,2021
LN0000331,162301,Fair,75-90,28-36,OH,Purchase,PrimaryResidence,Condo,2021
LN0000332,177546,Excellent,75-90,36-43,GA,Purchase,PrimaryResidence,Condo,2019
LN0000333,87189,Fair,60-75,28-36,NY,Purchase,PrimaryResidence,SingleFamily,2022
LN0000334,145368,Poor,<=60,<=28,NY,Purchase,PrimaryResidence,Townhouse,2022
LN0000335,255474,Excellent,60-75,<=28,WA,Purchase,Investment,SingleFamily,2021
LN0000336,100798,Fair,75-90,>43,NY,Refinance,PrimaryResidence,MultiUnit,2021
LN0000337,166446,Excellent,75-90,36-43,TX,Refinance,Investment,SingleFamily,2022
LN0000338,230135,Fair,75-90,>43,OH,Purchase,PrimaryResidence,SingleFamily,2021
LN0000339,134439,Excellent,75-90,28-36,GA,Refinance,PrimaryResidence,SingleFamily,2020
LN0000340,235805,Poor,60-75,36-43,GA,CashOut,PrimaryResidence,Condo,2019
LN0000341,92914,Excellent,60-75,36-43,OH,Purchase,SecondHome,Condo,2019
LN0000342,309968,Poor,<=60,>43,WA,Refinance,SecondHome,SingleFamily,2022
LN0000343,238685,Fair,>90,<=28,NV,Purchase,PrimaryResidence,SingleFamily,2019
LN0000344,204399,Good,75-90,>43,AZ,CashOut,PrimaryResidence,Condo,2021
LN0000345,348854,Fair,60-75,28-36,NV,Purchase,PrimaryResidence,SingleFamily,2020
LN0000346,168606,Fair,<=60,36-43,TX,Purchase,PrimaryResidence,SingleFamily,2019
LN0000347,145957,Poor,75-90,28-36,TX,CashOut,PrimaryResidence,Condo,2020
LN0000348,394854,Good,75-90,28-36,IL,Refinance,SecondHome,SingleFamily,2018
LN0000349,499010,Good,75-90,28-36,GA,Purchase,PrimaryResidence,SingleFamily,2021
LN0000350,140544,Excellent,60-75,36-43,FL,Refinance,PrimaryResidence,SingleFamily,2018
LN0000351,187799,Fair,>90,28-36,TX,CashOut,PrimaryResidence,SingleFamily,2018
LN0000352,335212,Excellent,75-90,28-36,CA,Purchase,Investment,Condo,2019
LN0000353,191171,Good,75-90,28-36,WA,Purchase,PrimaryResidence,SingleFamily,2020
LN0000354,267612,Good,75-90,36-43,NV,Purchase,PrimaryResidence,SingleFamily,2019
LN0000355,293667,Good,>90,28-36,IL,CashOut,SecondHome,SingleFamily,2022
LN0000356,150068,Good,>90,36-43,OH,Purchase,PrimaryResidence,SingleFamily,2022
LN0000357,245152,Fair,75-90,28-36,CA,Purchase,PrimaryResidence,SingleFamily,2019
LN0000358,198174,Fair,60-75,36-43,FL,Purchase,PrimaryResidence,SingleFamily,2022
LN0000359,108181,Good,60-75,36-43,GA,Purchase,SecondHome,Condo,2018
LN0000360,121197,Good,75-90,36-43,IL,Refinance,PrimaryResidence,SingleFamily,2018
LN0000361,143457,Poor,75-90,36-43,CA,Purchase,PrimaryResidence,Townhouse,2019
LN0000362,316241,Excellent,<=60,28-36,FL,Purchase,PrimaryResidence,Townhouse,2022
LN0000363,321476,Excellent,<=60,<=28,OH,Purchase,PrimaryResidence,SingleFamily,2020
LN0000364,289223,Excellent,>90,36-43,GA,Purchase,PrimaryResidence,Condo,2021
LN0000365,247720,Fair,>90,<=28,AZ,Purchase,PrimaryResidence,Condo,2021
LN0000366,244363,Good,>90,<=28,NY,Purchase,PrimaryResidence,SingleFamily,2020
LN0000367,228383,Fair,60-75,36-43,NV,Refinance,PrimaryResidence,SingleFamily,2022
LN0000368,243725,Fair,75-90,28-36,NV,Purchase,Investment,Townhouse,2022
LN0000369,252125,Good,75-90,28-36,NY,Purchase,PrimaryResidence,SingleFamily,2020
LN0000370,98497,Poor,60-75,>43,FL,Refinance,PrimaryResidence,SingleFamily,2021
LN0000371,133903,Fair,<=60,<=28,NV,Refinance,PrimaryResidence,SingleFamily,2021
LN0000372,118840,Good,>90,<=28,NY,Refinance,PrimaryResidence,SingleFamily,2020
LN0000373,345785,Good,<=60,<=28,IL,CashOut,Investment,SingleFamily,2018
LN0000374,454544,Good,75-90,<=28,NV,Purchase,Investment,Townhouse,2019
LN0000375,67203,Excellent,75-90,36-43,FL,Purchase,PrimaryResidence,SingleFamily,2022
LN0000376,434698,Excellent,75-90,36-43,AZ,Purchase,PrimaryResidence,SingleFamily,2019
LN0000377,207598,Poor,60-75,28-36,TX,Purchase,PrimaryResidence,SingleFamily,2021
LN0000378,329838,Good,75-90,28-36,FL,CashOut,SecondHome,Condo,2022
LN0000379,256077,Good,60-75,28-36,NY,Refinance,PrimaryResidence,SingleFamily,2021
LN0000380,408479,Fair,75-90,<=28,IL,Refinance,PrimaryResidence,SingleFamily,2019
LN0000381,220768,Good,60-75,36-43,FL,CashOut,PrimaryResidence,Condo,2022
LN0000382,100536,Poor,75-90,36-43,AZ,Refinance,PrimaryResidence,Townhouse,2018
LN0000383,188558,Fair,75-90,<=28,GA,Purchase,PrimaryResidence,SingleFamily,2021
LN0000384,257256,Good,<=60,36-43,GA,CashOut,PrimaryResidence,MultiUnit,2019
LN0000385,178442,Good,60-75,36-43,OH,Purchase,PrimaryResidence,SingleFamily,2021
LN0000386,276195,Poor,75-90,28-36,GA,Purchase,PrimaryResidence,SingleFamily,2020
LN0000387,192365,Fair,<=60,36-43,GA,Refinance,PrimaryResidence,SingleFamily,2020
LN0000388,147597,Poor,<=60,36-43,GA,CashOut,PrimaryResidence,SingleFamily,2019
LN0000389,115498,Excellent,60-75,<=28,OH,Refinance,PrimaryResidence,MultiUnit,2020
LN0000390,163422,Poor,>90,<=28,NV,Purchase,PrimaryResidence,SingleFamily,2022
LN0000391,220198,Fair,75-90,36-43,TX,CashOut,PrimaryResidence,Condo,2022
LN0000392,74630,Excellent,60-75,>43,WA,Purchase,PrimaryResidence,SingleFamily,2020
LN0000393,134586,Good,>90,28-36,TX,Refinance,Investment,SingleFamily,2022
LN0000394,73251,Fair,60-75,28-36,TX,Purchase,Investment,Townhouse,2022
LN0000395,146014,Excellent,60-75,36-43,NV,Purchase,PrimaryResidence,MultiUnit,2021
LN0000396,361731,Good,60-75,28-36,IL,Purchase,PrimaryResidence,SingleFamily,2020
LN0000397,109857,Fair,60-75,<=28,OH,CashOut,SecondHome,SingleFamily,2018
LN0000398,282541,Good,60-75,28-36,OH,CashOut,PrimaryResidence,SingleFamily,2020
LN0000399,826051,Good,75-90,>43,CA,Purchase,PrimaryResidence,Townhouse,2019
LN0000400,411172,Good,<=60,36-43,IL,Purchase,PrimaryResidence,SingleFamily,2018
LN0000401,212512,Good,75-90,>43,TX,Purchase,PrimaryResidence,SingleFamily,2022
LN0000402,305351,Poor,60-75,<=28,NY,Refinance,SecondHome,Condo,2019
LN0000403,100223,Fair,60-75,28-36,TX,Refinance,PrimaryResidence,Townhouse,2021
LN0000404,90516,Excellent,<=60,28-36,GA,Refinance,Investment,SingleFamily,2022
LN0000405,201662,Poor,75-90,<=28,TX,Purchase,PrimaryResidence,Condo,2020
LN0000406,242632,Poor,75-90,<=28,IL,Purchase,PrimaryResidence,SingleFamily,2021
LN0000407,343589,Good,60-75,36-43,NY,CashOut,PrimaryResidence,Condo,2021
LN0000408,149584,Fair,<=60,36-43,NV,Refinance,SecondHome,SingleFamily,2020
LN0000409,218971,Excellent,60-75,36-43,OH,Purchase,SecondHome,MultiUnit,2022
LN0000410,215250,Poor,75-90,28-36,NY,Purchase,PrimaryResidence,Condo,2022
LN0000411,186149,Fair,60-75,28-36,FL,Purchase,Investment,Townhouse,2019
LN0000412,191714,Fair,75-90,<=28,OH,Purchase,Investment,SingleFamily,2022
LN0000413,129656,Excellent,60-75,<=28,GA,Purchase,Investment,MultiUnit,2018
LN0000414,228628,Poor,<=60,28-36,WA,Refinance,PrimaryResidence,SingleFamily,2018
LN0000415,219152,Excellent,75-90,28-36,CA,Purchase,SecondHome,SingleFamily,2020
LN0000416,159531,Excellent,60-75,>43,CA,Purchase,PrimaryResidence,SingleFamily,2021
LN0000417,277308,Excellent,<=60,28-36,GA,Refinance,PrimaryResidence,MultiUnit,2020
LN0000418,332340,Fair,>90,<=28,IL,Purchase,PrimaryResidence,SingleFamily,2021
LN0000419,278922,Excellent,<=60,<=28,AZ,Purchase,PrimaryResidence,Condo,2019
LN0000420,118039,Poor,60-75,36-43,CA,CashOut,Investment,Condo,2022
LN0000421,208944,Fair,60-75,<=28,TX,Purchase,PrimaryResidence,Condo,2022
LN0000422,126031,Excellent,60-75,<=28,OH,Refinance,PrimaryResidence,SingleFamily,2018
LN0000423,208621,Excellent,75-90,28-36,NV,Purchase,SecondHome,Condo,2020
LN0000424,126276,Excellent,<=60,28-36,OH,Purchase,PrimaryResidence,SingleFamily,2019
LN0000425,376465,Fair,>90,36-43,CA,Purchase,PrimaryResidence,Condo,2021
LN0000426,294097,Fair,75-90,28-36,CA,Refinance,PrimaryResidence,SingleFamily,2020
LN0000427,353802,Excellent,>90,<=28,AZ,Purchase,PrimaryResidence,Condo,2019
LN0000428,336334,Fair,75-90,36-43,IL,Refinance,PrimaryResidence,MultiUnit,2019
LN0000429,173633,Excellent,>90,28-36,IL,Purchase,SecondHome,SingleFamily,2019
LN0000430,160684,Fair,75-90,36-43,NV,Refinance,PrimaryResidence,SingleFamily,2018
LN0000431,474901,Poor,60-75,<=28,FL,Purchase,PrimaryResidence,SingleFamily,2018
LN0000432,183036,Fair,60-75,36-43,FL,Purchase,PrimaryResidence,MultiUnit,2021
LN0000433,100983,Fair,75-90,28-36,GA,Refinance,Investment,Townhouse,2022
LN0000434,328973,Fair,60-75,28-36,NV,Purchase,PrimaryResidence,SingleFamily,2020
LN0000435,213605,Excellent,75-90,28-36,NY,Purchase,SecondHome,Townhouse,2022
LN0000436,422089,Excellent,<=60,>43,TX,Refinance,PrimaryResidence,SingleFamily,2018
LN0000437,224467,Excellent,75-90,<=28,CA,Refinance,PrimaryResidence,Townhouse,2022
LN0000438,196811,Good,60-75,>43,CA,Refinance,PrimaryResidence,Townhouse,2020
LN0000439,426368,Fair,>90,>43,NY,Purchase,PrimaryResidence,SingleFamily,2021
LN0000440,92112,Fair,<=60,28-36,WA,Purchase,PrimaryResidence,Townhouse,2018
LN0000441,148348,Poor,<=60,28-36,IL,Purchase,PrimaryResidence,SingleFamily,2021
LN0000442,127556,Excellent,75-90,28-36,FL,Purchase,PrimaryResidence,SingleFamily,2019
LN0000443,66334,Fair,75-90,>43,GA,Purchase,PrimaryResidence,MultiUnit,2022
LN0000444,307610,Excellent,75-90,36-43,AZ,Purchase,PrimaryResidence,SingleFamily,2021
LN0000445,150435,Good,>90,28-36,FL,Purchase,PrimaryResidence,SingleFamily,2022
LN0000446,312601,Fair,60-75,<=28,GA,Refinance,PrimaryResidence,SingleFamily,2022
LN0000447,241480,Poor,75-90,36-43,WA,Purchase,Investment,Condo,2021
LN0000448,269297,Fair,60-75,<=28,GA,Purchase,Investment,Condo,2019
LN0000449,158308,Excellent,60-75,<=28,CA,Purchase,SecondHome,MultiUnit,2019
LN0000450,135655,Fair,60-75,28-36,GA,Purchase,PrimaryResidence,MultiUnit,2022
LN0000451,207914,Excellent,<=60,28-36,OH,Refinance,Investment,MultiUnit,2021
LN0000452,314765,Poor,75-90,>43,GA,Purchase,SecondHome,Condo,2022
LN0000453,193844,Fair,75-90,36-43,AZ,Purchase,PrimaryResidence,Townhouse,2021
LN0000454,139948,Excellent,<=60,<=28,OH,CashOut,PrimaryResidence,SingleFamily,2021
LN0000455,109151,Excellent,>90,28-36,NV,Purchase,PrimaryResidence,Condo,2018
LN0000456,220153,Excellent,60-75,36-43,GA,Purchase,PrimaryResidence,SingleFamily,2022
LN0000457,150687,Poor,<=60,28-36,IL,Refinance,PrimaryResidence,SingleFamily,2019
LN0000458,191784,Good,75-90,<=28,AZ,Refinance,PrimaryResidence,SingleFamily,2019
LN0000459,176417,Fair,<=60,28-36,GA,CashOut,PrimaryResidence,SingleFamily,2018
LN0000460,159178,Fair,<=60,36-43,WA,CashOut,PrimaryResidence,Townhouse,2018
LN0000461,230245,Good,75-90,>43,WA,Refinance,PrimaryResidence,SingleFamily,2019
LN0000462,262302,Excellent,<=60,36-43,NY,Purchase,PrimaryResidence,Townhouse,2022
LN0000463,531064,Poor,<=60,<=28,GA,Purchase,PrimaryResidence,SingleFamily,2022
LN0000464,290391,Good,75-90,36-43,IL,Purchase,PrimaryResidence,Condo,2020
LN0000465,441018,Good,<=60,28-36,TX,Refinance,Investment,SingleFamily,2019
LN0000466,132018,Fair,75-90,>43,IL,CashOut,PrimaryResidence,Townhouse,2019
LN0000467,89279,Fair,75-90,28-36,NV,Purchase,PrimaryResidence,SingleFamily,2022
LN0000468,197360,Poor,<=60,<=28,NY,CashOut,PrimaryResidence,Condo,2018
LN0000469,305288,Excellent,60-75,28-36,GA,Refinance,PrimaryResidence,Townhouse,2018
LN0000470,282259,Good,<=60,28-36,IL,Purchase,Investment,Condo,2018
LN0000471,364284,Good,75-90,<=28,FL,CashOut,Investment,MultiUnit,2022
LN0000472,55922,Good,<=60,28-36,NY,Refinance,PrimaryResidence,SingleFamily,2018
LN0000473,371940,Excellent,>90,36-43,NV,Purchase,PrimaryResidence,SingleFamily,2022
LN0000474,235091,Excellent,60-75,36-43,TX,Purchase,PrimaryResidence,SingleFamily,2018
LN0000475,91857,Good,75-90,28-36,GA,Purchase,PrimaryResidence,SingleFamily,2020
LN0000476,285433,Good,<=60,<=28,AZ,Purchase,PrimaryResidence,SingleFamily,2022
LN0000477,216369,Good,60-75,28-36,TX,Refinance,PrimaryResidence,Condo,2018
LN0000478,240533,Fair,60-75,28-36,OH,CashOut,PrimaryResidence,Townhouse,2019
LN0000479,327601,Fair,75-90,<=28,GA,Refinance,PrimaryResidence,Condo,2021
LN0000480,246505,Good,>90,>43,NY,Refinance,Investment,MultiUnit,2022
LN0000481,95185,Good,<=60,>43,TX,Refinance,PrimaryResidence,SingleFamily,2022
LN0000482,185069,Excellent,<=60,<=28,NV,Purchase,SecondHome,SingleFamily,2018
LN0000483,88537,Good,60-75,36-43,TX,Refinance,SecondHome,Condo,2021
LN0000484,275001,Good,60-75,36-43,NV,Refinance,PrimaryResidence,SingleFamily,2019
LN0000485,399906,Excellent,>90,28-36,GA,Purchase,Investment,SingleFamily,2020
LN0000486,106859,Good,>90,36-43,AZ,Purchase,PrimaryResidence,Townhouse,2022
LN0000487,142097,Good,>90,<=28,FL,Refinance,PrimaryResidence,SingleFamily,2022
LN0000488,127875,Excellent,<=60,<=28,CA,CashOut,PrimaryResidence,SingleFamily,2018
LN0000489,158426,Good,60-75,>43,GA,CashOut,PrimaryResidence,SingleFamily,2020
LN0000490,244314,Good,75-90,36-43,NY,Purchase,PrimaryResidence,Condo,2019
LN0000491,159287,Fair,60-75,28-36,WA,Refinance,PrimaryResidence,SingleFamily,2021
LN0000492,275478,Fair,75-90,28-36,IL,Purchase,PrimaryResidence,Condo,2022
LN0000493,338638,Fair,60-75,>43,NY,CashOut,Investment,SingleFamily,2019
LN0000494,344855,Good,60-75,28-36,OH,Refinance,PrimaryResidence,Condo,2018
LN0000495,113653,Fair,>90,>43,WA,CashOut,PrimaryResidence,MultiUnit,2018
LN0000496,397505,Good,60-75,>43,GA,CashOut,PrimaryResidence,SingleFamily,2018
LN0000497,413757,Good,>90,28-36,GA,Purchase,Investment,Condo,2019
LN0000498,432068,Fair,60-75,36-43,GA,CashOut,PrimaryResidence,SingleFamily,2022
LN0000499,183706,Good,<=60,36-43,NY,Refinance,Investment,SingleFamily,2019
LN0000500,136499,Good,60-75,36-43,OH,Purchase,PrimaryResidence,SingleFamily,2020
LN0000501,121525,Fair,<=60,28-36,FL,Purchase,PrimaryResidence,SingleFamily,2021
LN0000502,114589,Poor,60-75,<=28,NV,Refinance,PrimaryResidence,Townhouse,2021
LN0000503,199954,Poor,<=60,<=28,AZ,Purchase,PrimaryResidence,MultiUnit,2019
LN0000504,303739,Good,75-90,36-43,WA,Purchase,PrimaryResidence,MultiUnit,2018
LN0000505,382039,Good,>90,36-43,TX,Refinance,Investment,SingleFamily,2018
LN0000506,155939,Fair,60-75,36-43,NV,Purchase,PrimaryResidence,Condo,2019
LN0000507,194980,Good,<=60,28-36,WA,Purchase,PrimaryResidence,Condo,2018
LN0000508,188698,Fair,60-75,<=28,AZ,Refinance,PrimaryResidence,SingleFamily,2020
LN0000509,144691,Good,75-90,<=28,CA,Purchase,PrimaryResidence,Condo,2021
LN0000510,287182,Excellent,75-90,36-43,NY,Refinance,PrimaryResidence,MultiUnit,2021
LN0000511,238332,Excellent,<=60,28-36,FL,Purchase,SecondHome,Townhouse,2022
LN0000512,213397,Fair,60-75,36-43,AZ,CashOut,Investment,Townhouse,2019
LN0000513,237792,Excellent,60-75,<=28,IL,Purchase,PrimaryResidence,SingleFamily,2021
LN0000514,270418,Good,60-75,28-36,TX,Refinance,PrimaryResidence,MultiUnit,2022
LN0000515,269067,Good,<=60,>43,GA,Refinance,PrimaryResidence,Townhouse,2018
LN0000516,130712,Excellent,>90,<=28,TX,CashOut,PrimaryResidence,Condo,2021
LN0000517,311191,Good,<=60,<=28,IL,Refinance,PrimaryResidence,SingleFamily,2018
LN0000518,225862,Fair,<=60,36-43,NV,Purchase,PrimaryResidence,SingleFamily,2020
LN0000519,159962,Excellent,<=60,28-36,IL,Purchase,PrimaryResidence,SingleFamily,2022
LN0000520,223488,Fair,75-90,>43,IL,Refinance,Investment,SingleFamily,2020
LN0000521,236153,Poor,60-75,>43,CA,Refinance,Investment,Townhouse,2020
LN0000522,341427,Good,60-75,36-43,IL,Refinance,PrimaryResidence,Townhouse,2021
LN0000523,117821,Excellent,60-75,<=28,NV,Purchase,Investment,Townhouse,2020
LN0000524,385575,Fair,75-90,28-36,NV,Refinance,SecondHome,SingleFamily,2021
LN0000525,201105,Excellent,60-75,>43,NV,Purchase,PrimaryResidence,Condo,2022
LN0000526,154341,Good,>90,28-36,NY,Refinance,Investment,SingleFamily,2018
LN0000527,151997,Poor,60-75,>43,CA,Refinance,Investment,SingleFamily,2020
LN0000528,120489,Poor,<=60,36-43,FL,Purchase,PrimaryResidence,SingleFamily,2022
LN0000529,83244,Fair,>90,<=28,FL,Refinance,SecondHome,Townhouse,2019
LN0000530,278925,Good,75-90,28-36,CA,Purchase,PrimaryResidence,Condo,2020
LN0000531,535225,Fair,60-75,36-43,OH,Refinance,PrimaryResidence,MultiUnit,2021
LN0000532,88538,Fair,75-90,<=28,WA,Refinance,PrimaryResidence,SingleFamily,2022
LN0000533,123597,Good,60-75,28-36,OH,Purchase,PrimaryResidence,SingleFamily,2019
LN0000534,289465,Fair,60-75,36-43,TX,Purchase,PrimaryResidence,SingleFamily,2022
LN0000535,194304,Excellent,75-90,<=28,GA,Refinance,PrimaryResidence,Condo,2021
LN0000536,301706,Excellent,75-90,28-36,CA,Refinance,SecondHome,MultiUnit,2018
LN0000537,188931,Good,60-75,36-43,OH,Purchase,SecondHome,SingleFamily,2022
LN0000538,148700,Excellent,75-90,36-43,AZ,Purchase,PrimaryResidence,SingleFamily,2019
LN0000539,177562,Excellent,60-75,28-36,FL,Purchase,PrimaryResidence,MultiUnit,2019
LN0000540,60412,Fair,<=60,>43,NY,Refinance,PrimaryResidence,SingleFamily,2020
LN0000541,112224,Poor,>90,>43,IL,Purchase,PrimaryResidence,SingleFamily,2020
LN0000542,319380,Good,60-75,28-36,WA,Refinance,PrimaryResidence,MultiUnit,2020
LN0000543,360753,Fair,75-90,<=28,WA,Refinance,Investment,Condo,2018
LN0000544,401548,Poor,75-90,36-43,TX,Refinance,PrimaryResidence,Condo,2022
LN0000545,247814,Excellent,75-90,<=28,NY,CashOut,PrimaryResidence,SingleFamily,2019
LN0000546,64341,Good,60-75,36-43,WA,Purchase,PrimaryResidence,Condo,2018
LN0000547,144711,Good,>90,28-36,GA,Refinance,PrimaryResidence,SingleFamily,2020
LN0000548,385512,Excellent,75-90,28-36,GA,Refinance,PrimaryResidence,Condo,2021
LN0000549,447542,Fair,75-90,28-36,GA,Refinance,PrimaryResidence,SingleFamily,2018
LN0000550,392905,Good,60-75,28-36,IL,Refinance,PrimaryResidence,SingleFamily,2022
LN0000551,176640,Good,60-75,>43,WA,Purchase,Investment,SingleFamily,2021
LN0000552,103436,Excellent,<=60,<=28,NY,CashOut,PrimaryResidence,SingleFamily,2022
LN0000553,194791,Excellent,60-75,>43,FL,Purchase,SecondHome,SingleFamily,2021
LN0000554,200266,Poor,<=60,<=28,NY,CashOut,PrimaryResidence,SingleFamily,2018
LN0000555,434861,Excellent,75-90,36-43,IL,Purchase,PrimaryResidence,MultiUnit,2019
LN0000556,222770,Excellent,>90,>43,TX,Purchase,PrimaryResidence,SingleFamily,2022
LN0000557,200454,Good,60-75,28-36,FL,CashOut,SecondHome,SingleFamily,2020
LN0000558,206230,Good,60-75,<=28,TX,Refinance,Investment,Condo,2018
LN0000559,242784,Good,75-90,36-43,IL,Refinance,PrimaryResidence,Condo,2018
LN0000560,271908,Good,<=60,36-43,IL,Purchase,PrimaryResidence,SingleFamily,2020
LN0000561,138376,Excellent,>90,28-36,TX,Purchase,PrimaryResidence,SingleFamily,2020
LN0000562,117147,Excellent,60-75,28-36,TX,Purchase,PrimaryResidence,SingleFamily,2019
LN0000563,394462,Fair,<=60,36-43,WA,Refinance,Investment,SingleFamily,2018
LN0000564,87507,Fair,<=60,<=28,FL,Purchase,PrimaryResidence,SingleFamily,2021
LN0000565,450842,Fair,>90,36-43,AZ,Purchase,PrimaryResidence,Condo,2020
LN0000566,76470,Fair,60-75,28-36,TX,Purchase,PrimaryResidence,SingleFamily,2018
LN0000567,148409,Fair,75-90,<=28,IL,CashOut,PrimaryResidence,SingleFamily,2018
LN0000568,323167,Excellent,<=60,36-43,AZ,Refinance,SecondHome,Condo,2019
LN0000569,198823,Good,<=60,28-36,TX,Purchase,PrimaryResidence,SingleFamily,2020
LN0000570,102925,Good,>90,>43,IL,CashOut,Investment,Townhouse,2019
LN0000571,246031,Good,<=60,28-36,IL,Purchase,PrimaryResidence,SingleFamily,2018
LN0000572,205561,Fair,<=60,28-36,WA,Purchase,SecondHome,SingleFamily,2022
LN0000573,178434,Good,60-75,28-36,AZ,Purchase,PrimaryResidence,SingleFamily,2021
LN0000574,145515,Fair,>90,28-36,WA,CashOut,PrimaryResidence,SingleFamily,2020
LN0000575,195379,Poor,60-75,36-43,NY,Purchase,PrimaryResidence,SingleFamily,2019
LN0000576,148603,Good,<=60,36-43,NY,Purchase,PrimaryResidence,Townhouse,2021
LN0000577,671498,Poor,>90,36-43,GA,CashOut,Investment,SingleFamily,2022
LN0000578,176308,Good,75-90,28-36,FL,Refinance,SecondHome,SingleFamily,2021
LN0000579,164904,Poor,>90,28-36,GA,Refinance,PrimaryResidence,Condo,2019
LN0000580,151627,Good,75-90,<=28,NY,Refinance,PrimaryResidence,SingleFamily,2019
LN0000581,483339,Good,75-90,36-43,CA,Refinance,PrimaryResidence,SingleFamily,2022
LN0000582,87593,Good,60-75,28-36,WA,Purchase,PrimaryResidence,Townhouse,2018
LN0000583,237926,Excellent,60-75,28-36,FL,Refinance,PrimaryResidence,SingleFamily,2019
LN0000584,176372,Good,75-90,28-36,NY,Purchase,PrimaryResidence,SingleFamily,2018
LN0000585,97567,Poor,75-90,28-36,NY,Purchase,PrimaryResidence,Townhouse,2021
LN0000586,131987,Fair,>90,36-43,TX,CashOut,Investment,SingleFamily,2020
LN0000587,232926,Excellent,75-90,36-43,FL,Purchase,PrimaryResidence,Condo,2018
LN0000588,129030,Good,60-75,>43,NV,Purchase,PrimaryResidence,SingleFamily,2022
LN0000589,226337,Excellent,60-75,<=28,NY,Purchase,Investment,SingleFamily,2020
LN0000590,471925,Excellent,75-90,28-36,OH,Refinance,PrimaryResidence,SingleFamily,2019
LN0000591,216490,Poor,60-75,<=28,IL,CashOut,PrimaryResidence,MultiUnit,2022
LN0000592,96109,Good,75-90,36-43,CA,Purchase,PrimaryResidence,SingleFamily,2021
LN0000593,130170,Good,75-90,36-43,AZ,Purchase,PrimaryResidence,SingleFamily,2018
LN0000594,172352,Good,<=60,28-36,NV,Refinance,PrimaryResidence,SingleFamily,2022
LN0000595,166688,Excellent,75-90,36-43,FL,Refinance,PrimaryResidence,SingleFamily,2018
LN0000596,214487,Good,75-90,28-36,TX,Purchase,PrimaryResidence,SingleFamily,2022
LN0000597,232401,Fair,>90,<=28,NV,Purchase,PrimaryResidence,Townhouse,2019
LN0000598,472250,Fair,60-75,28-36,CA,Refinance,PrimaryResidence,Condo,2019
LN0000599,198419,Poor,75-90,<=28,AZ,Purchase,PrimaryResidence,SingleFamily,2018
LN0000600,111736,Fair,60-75,>43,TX,Refinance,SecondHome,SingleFamily,2022
LN0000601,353947,Good,60-75,36-43,AZ,Purchase,PrimaryResidence,SingleFamily,2020
LN0000602,373813,Fair,<=60,36-43,NV,Refinance,PrimaryResidence,SingleFamily,2021
LN0000603,223288,Poor,>90,>43,FL,Refinance,PrimaryResidence,SingleFamily,2022
LN0000604,175747,Fair,>90,36-43,FL,Refinance,PrimaryResidence,Townhouse,2020
LN0000605,271379,Poor,60-75,28-36,TX,Refinance,PrimaryResidence,SingleFamily,2019
LN0000606,178878,Fair,75-90,<=28,OH,Purchase,PrimaryResidence,SingleFamily,2021
LN0000607,71121,Poor,<=60,28-36,NY,Purchase,PrimaryResidence,Condo,2020
LN0000608,263481,Excellent,75-90,>43,GA,Refinance,PrimaryResidence,SingleFamily,2019
LN0000609,310557,Fair,60-75,>43,GA,Refinance,PrimaryResidence,Condo,2022
LN0000610,408621,Good,75-90,36-43,WA,Refinance,PrimaryResidence,Condo,2022
LN0000611,137946,Good,<=60,<=28,FL,Purchase,PrimaryResidence,SingleFamily,2019
LN0000612,222589,Fair,75-90,<=28,NY,Refinance,PrimaryResidence,MultiUnit,2021
LN0000613,225009,Poor,60-75,>43,WA,Purchase,PrimaryResidence,SingleFamily,2022
LN0000614,207459,Poor,75-90,<=28,CA,Purchase,PrimaryResidence,SingleFamily,2021
LN0000615,210539,Good,75-90,28-36,IL,Purchase,PrimaryResidence,Condo,2018
LN0000616,202514,Fair,60-75,28-36,OH,CashOut,PrimaryResidence,Condo,2022
LN0000617,220990,Fair,60-75,28-36,IL,Refinance,PrimaryResidence,SingleFamily,2018
LN0000618,287891,Good,75-90,36-43,NY,Purchase,PrimaryResidence,SingleFamily,2021
LN0000619,365910,Excellent,75-90,>43,AZ,Refinance,PrimaryResidence,MultiUnit,2020
LN0000620,136193,Excellent,<=60,36-43,WA,Purchase,PrimaryResidence,Condo,2018
LN0000621,182380,Fair,60-75,28-36,OH,Purchase,PrimaryResidence,SingleFamily,2021
LN0000622,160925,Good,60-75,28-36,CA,Purchase,PrimaryResidence,SingleFamily,2019
LN0000623,149816,Poor,75-90,>43,NV,Purchase,SecondHome,Condo,2022
LN0000624,88608,Good,75-90,28-36,OH,Purchase,PrimaryResidence,Condo,2022
LN0000625,201211,Poor,<=60,28-36,AZ,Purchase,PrimaryResidence,SingleFamily,2020
LN0000626,252624,Good,75-90,36-43,GA,Refinance,PrimaryResidence,SingleFamily,2021
LN0000627,183955,Fair,75-90,<=28,WA,Refinance,PrimaryResidence,SingleFamily,2018
LN0000628,197900,Excellent,75-90,<=28,WA,CashOut,Investment,Condo,2022
LN0000629,245050,Good,<=60,>43,GA,Purchase,Investment,Condo,2021
LN0000630,402544,Fair,60-75,36-43,IL,Refinance,PrimaryResidence,Condo,2019
LN0000631,161154,Poor,60-75,<=28,OH,Purchase,PrimaryResidence,SingleFamily,2018
LN0000632,110657,Fair,<=60,28-36,NY,Purchase,PrimaryResidence,SingleFamily,2020
LN0000633,190000,Excellent,60-75,>43,OH,Refinance,PrimaryResidence,MultiUnit,2022
LN0000634,509803,Good,<=60,36-43,NY,Purchase,PrimaryResidence,Townhouse,2022
LN0000635,111251,Excellent,<=60,36-43,IL,Refinance,PrimaryResidence,MultiUnit,2018
LN0000636,275148,Excellent,75-90,<=28,CA,Refinance,PrimaryResidence,MultiUnit,2021
LN0000637,354674,Fair,60-75,>43,NV,Purchase,PrimaryResidence,Townhouse,2018
LN0000638,60914,Fair,75-90,>43,GA,CashOut,PrimaryResidence,SingleFamily,2019
LN0000639,244045,Fair,<=60,28-36,FL,Purchase,PrimaryResidence,SingleFamily,2020
LN0000640,268795,Poor,75-90,28-36,CA,CashOut,Investment,SingleFamily,2018
LN0000641,173916,Fair,60-75,36-43,AZ,Refinance,PrimaryResidence,SingleFamily,2018
LN0000642,143886,Fair,75-90,36-43,CA,Purchase,SecondHome,MultiUnit,2022
LN0000643,147955,Excellent,75-90,36-43,IL,Purchase,PrimaryResidence,SingleFamily,2021
LN0000644,168672,Excellent,60-75,>43,CA,Purchase,PrimaryResidence,SingleFamily,2021
LN0000645,170920,Fair,75-90,36-43,GA,Refinance,PrimaryResidence,SingleFamily,2020
LN0000646,155532,Poor,60-75,28-36,FL,Purchase,PrimaryResidence,SingleFamily,2020
LN0000647,167336,Excellent,75-90,28-36,IL,Refinance,Investment,SingleFamily,2018
LN0000648,360553,Good,<=60,36-43,WA,Purchase,Investment,SingleFamily,2020
LN0000649,108313,Fair,60-75,28-36,NY,CashOut,PrimaryResidence,SingleFamily,2021
LN0000650,82906,Excellent,<=60,<=28,GA,Purchase,PrimaryResidence,SingleFamily,2019
LN0000651,363448,Good,>90,36-43,WA,Refinance,PrimaryResidence,Condo,2020
LN0000652,180591,Poor,60-75,28-36,IL,Refinance,Investment,Condo,2020
LN0000653,163715,Fair,75-90,36-43,NY,Purchase,PrimaryResidence,SingleFamily,2022
LN0000654,188036,Excellent,60-75,<=28,IL,Purchase,SecondHome,Townhouse,2018
LN0000655,220717,Poor,60-75,28-36,NY,Refinance,PrimaryResidence,SingleFamily,2018
LN0000656,152966,Good,60-75,28-36,WA,Refinance,PrimaryResidence,Condo,2019
LN0000657,256008,Poor,>90,36-43,OH,Refinance,PrimaryResidence,MultiUnit,2018
LN0000658,122868,Good,75-90,36-43,WA,Purchase,SecondHome,MultiUnit,2022
LN0000659,170943,Good,<=60,28-36,CA,CashOut,PrimaryResidence,SingleFamily,2019
LN0000660,65686,Good,75-90,28-36,AZ,CashOut,PrimaryResidence,SingleFamily,2019
LN0000661,357224,Good,60-75,<=28,OH,Refinance,PrimaryResidence,MultiUnit,2019
LN0000662,182035,Poor,<=60,36-43,AZ,Purchase,PrimaryResidence,Condo,2022
LN0000663,277909,Excellent,60-75,>43,CA,Purchase,PrimaryResidence,Condo,2021
LN0000664,252278,Excellent,<=60,36-43,AZ,CashOut,SecondHome,SingleFamily,2020
LN0000665,261687,Good,60-75,<=28,IL,Refinance,PrimaryResidence,Townhouse,2021
LN0000666,198017,Fair,75-90,36-43,AZ,Refinance,Investment,Townhouse,2018
LN0000667,241376,Fair,60-75,28-36,OH,CashOut,PrimaryResidence,Condo,2021
LN0000668,122928,Poor,>90,<=28,AZ,Purchase,SecondHome,Townhouse,2019
LN0000669,110681,Good,75-90,<=28,TX,Refinance,Investment,SingleFamily,2019
LN0000670,188989,Good,75-90,<=28,WA,Refinance,PrimaryResidence,SingleFamily,2018
LN0000671,141508,Excellent,75-90,<=28,OH,Refinance,Investment,Condo,2018
LN0000672,405441,Good,>90,36-43,WA,Refinance,PrimaryResidence,Condo,2021
LN0000673,239802,Poor,60-75,28-36,AZ,Purchase,PrimaryResidence,SingleFamily,2022
LN0000674,138934,Fair,60-75,36-43,OH,Purchase,PrimaryResidence,SingleFamily,2022
LN0000675,173551,Good,60-75,>43,CA,CashOut,PrimaryResidence,Condo,2019
LN0000676,212458,Good,>90,28-36,TX,Refinance,PrimaryResidence,SingleFamily,2021
LN0000677,192143,Poor,<=60,28-36,GA,Purchase,Investment,Condo,2018
LN0000678,227720,Good,75-90,36-43,NY,CashOut,Investment,Townhouse,2021
LN0000679,205731,Excellent,75-90,<=28,NY,Purchase,PrimaryResidence,SingleFamily,2020
LN0000680,99178,Good,60-75,28-36,NV,Purchase,SecondHome,MultiUnit,2022
LN0000681,67815,Excellent,>90,28-36,CA,CashOut,SecondHome,SingleFamily,2018
LN0000682,164916,Excellent,60-75,36-43,WA,Refinance,SecondHome,SingleFamily,2021
LN0000683,263088,Excellent,<=60,36-43,NY,CashOut,PrimaryResidence,Townhouse,2020
LN0000684,165846,Good,75-90,36-43,CA,CashOut,PrimaryResidence,SingleFamily,2020
LN0000685,368900,Fair,60-75,36-43,NY,Refinance,PrimaryResidence,SingleFamily,2020
LN0000686,194183,Good,<=60,28-36,IL,Purchase,SecondHome,Townhouse,2021
LN0000687,391835,Good,<=60,36-43,IL,Refinance,PrimaryResidence,SingleFamily,2020
LN0000688,353610,Poor,<=60,>43,TX,Refinance,SecondHome,SingleFamily,2020
LN0000689,336261,Fair,75-90,28-36,OH,Refinance,Investment,SingleFamily,2020
LN0000690,108906,Good,>90,>43,NY,Refinance,PrimaryResidence,SingleFamily,2018
LN0000691,200500,Good,60-75,>43,WA,Purchase,SecondHome,SingleFamily,2021
LN0000692,366365,Poor,<=60,28-36,WA,Purchase,PrimaryResidence,MultiUnit,2021
LN0000693,227788,Excellent,60-75,<=28,WA,Refinance,PrimaryResidence,SingleFamily,2020
LN0000694,262283,Good,>90,<=28,WA,Refinance,PrimaryResidence,SingleFamily,2021
LN0000695,99315,Poor,75-90,36-43,NY,Purchase,Investment,Condo,2019
LN0000696,518862,Good,60-75,<=28,IL,Purchase,SecondHome,SingleFamily,2019
LN0000697,133828,Fair,<=60,28-36,WA,Purchase,SecondHome,SingleFamily,2022
LN0000698,73334,Good,>90,36-43,CA,Refinance,PrimaryResidence,Townhouse,2022
LN0000699,166781,Fair,>90,>43,OH,Purchase,PrimaryResidence,Condo,2022
LN0000700,58469,Good,<=60,36-43,IL,Refinance,SecondHome,SingleFamily,2018
LN0000701,115547,Excellent,75-90,36-43,FL,Refinance,Investment,SingleFamily,2020
LN0000702,714441,Good,<=60,28-36,CA,Purchase,Investment,MultiUnit,2021
LN0000703,164387,Excellent,<=60,<=28,NY,Refinance,PrimaryResidence,Condo,2018
LN0000704,97353,Poor,75-90,36-43,IL,CashOut,PrimaryResidence,SingleFamily,2022
LN0000705,201319,Good,60-75,<=28,AZ,Purchase,PrimaryResidence,SingleFamily,2021
LN0000706,126892,Good,60-75,28-36,GA,Purchase,SecondHome,SingleFamily,2019
LN0000707,306281,Fair,>90,>43,IL,Purchase,PrimaryResidence,Townhouse,2020
LN0000708,127417,Fair,75-90,28-36,TX,Refinance,SecondHome,Condo,2022
LN0000709,227604,Good,<=60,36-43,FL,CashOut,PrimaryResidence,SingleFamily,2022
LN0000710,112024,Good,75-90,36-43,NV,Refinance,Investment,SingleFamily,2022
LN0000711,729062,Poor,75-90,36-43,TX,CashOut,PrimaryResidence,Townhouse,2022
LN0000712,255713,Fair,75-90,28-36,GA,Refinance,PrimaryResidence,SingleFamily,2021
LN0000713,184840,Fair,>90,28-36,WA,Purchase,PrimaryResidence,Condo,2022
LN0000714,171702,Poor,75-90,<=28,FL,Purchase,PrimaryResidence,MultiUnit,2022
LN0000715,150723,Fair,<=60,36-43,AZ,Refinance,SecondHome,Townhouse,2018
LN0000716,135882,Excellent,<=60,28-36,NY,Refinance,PrimaryResidence,SingleFamily,2021
LN0000717,134027,Good,75-90,28-36,GA,Refinance,PrimaryResidence,Condo,2019
LN0000718,460084,Excellent,>90,36-43,CA,Refinance,PrimaryResidence,SingleFamily,2020
LN0000719,150797,Fair,<=60,<=28,NV,Purchase,SecondHome,Townhouse,2018
LN0000720,68548,Poor,<=60,28-36,CA,Purchase,Investment,SingleFamily,2021
LN0000721,110970,Good,75-90,<=28,NY,Refinance,SecondHome,SingleFamily,2022
LN0000722,316115,Good,<=60,28-36,NV,Refinance,PrimaryResidence,SingleFamily,2020
LN0000723,175227,Excellent,<=60,<=28,GA,Refinance,SecondHome,MultiUnit,2021
LN0000724,185899,Poor,>90,<=28,GA,Purchase,PrimaryResidence,SingleFamily,2019
LN0000725,356791,Excellent,75-90,>43,NY,CashOut,Investment,SingleFamily,2021
LN0000726,134782,Excellent,>90,>43,OH,Purchase,PrimaryResidence,MultiUnit,2018
LN0000727,272722,Excellent,75-90,36-43,NV,Purchase,PrimaryResidence,SingleFamily,2022
LN0000728,142352,Excellent,60-75,36-43,GA,Refinance,PrimaryResidence,SingleFamily,2019
LN0000729,265120,Good,>90,36-43,FL,CashOut,SecondHome,SingleFamily,2020
LN0000730,163477,Good,60-75,>43,NV,CashOut,PrimaryResidence,Townhouse,2022
LN0000731,176173,Good,60-75,28-36,CA,Purchase,PrimaryResidence,Condo,2018
LN0000732,299559,Excellent,>90,<=28,AZ,Purchase,PrimaryResidence,Condo,2022
LN0000733,288951,Excellent,75-90,36-43,CA,Refinance,Investment,MultiUnit,2021
LN0000734,183008,Good,>90,>43,CA,Refinance,PrimaryResidence,MultiUnit,2022
LN0000735,157029,Excellent,<=60,28-36,CA,Refinance,PrimaryResidence,SingleFamily,2020
LN0000736,442224,Fair,>90,28-36,TX,Purchase,SecondHome,SingleFamily,2019
LN0000737,266909,Excellent,75-90,28-36,OH,Refinance,PrimaryResidence,Condo,2020
LN0000738,163477,Good,75-90,28-36,NY,Purchase,PrimaryResidence,Condo,2020
LN0000739,143409,Good,>90,36-43,CA,Purchase,PrimaryResidence,SingleFamily,2022
LN0000740,331853,Good,60-75,28-36,NY,Refinance,PrimaryResidence,MultiUnit,2020
LN0000741,210596,Excellent,75-90,>43,NV,Purchase,PrimaryResidence,SingleFamily,2020
LN0000742,183179,Excellent,75-90,36-43,WA,Refinance,PrimaryResidence,SingleFamily,2018
LN0000743,210551,Poor,75-90,<=28,OH,Refinance,PrimaryResidence,SingleFamily,2019
LN0000744,235366,Excellent,>90,36-43,FL,Purchase,PrimaryResidence,Townhouse,2020
LN0000745,193233,Good,75-90,36-43,WA,Purchase,PrimaryResidence,SingleFamily,2019
LN0000746,362885,Good,<=60,28-36,OH,CashOut,PrimaryResidence,SingleFamily,2019
LN0000747,373125,Good,<=60,28-36,GA,Refinance,PrimaryResidence,SingleFamily,2018
LN0000748,259352,Good,>90,36-43,CA,CashOut,PrimaryResidence,Townhouse,2022
LN0000749,395283,Fair,>90,28-36,GA,Purchase,PrimaryResidence,SingleFamily,2022
LN0000750,199635,Fair,>90,<=28,OH,Refinance,PrimaryResidence,SingleFamily,2019
LN0000751,280734,Good,<=60,28-36,TX,CashOut,PrimaryResidence,Townhouse,2018
LN0000752,328478,Good,60-75,28-36,NY,Purchase,PrimaryResidence,Condo,2022
LN0000753,330882,Excellent,75-90,36-43,GA,Purchase,PrimaryResidence,SingleFamily,2022
LN0000754,314267,Good,75-90,<=28,CA,CashOut,PrimaryResidence,SingleFamily,2022
LN0000755,272554,Fair,<=60,36-43,OH,Purchase,PrimaryResidence,Condo,2020
LN0000756,528904,Excellent,75-90,28-36,AZ,Purchase,PrimaryResidence,SingleFamily,2021
LN0000757,151774,Good,<=60,36-43,WA,CashOut,SecondHome,SingleFamily,2021
LN0000758,183944,Poor,60-75,28-36,IL,Purchase,PrimaryResidence,SingleFamily,2019
LN0000759,178571,Excellent,60-75,>43,CA,Refinance,PrimaryResidence,Townhouse,2020
LN0000760,165374,Good,<=60,>43,OH,Refinance,PrimaryResidence,Condo,2019
LN0000761,73542,Fair,<=60,<=28,NV,Refinance,PrimaryResidence,SingleFamily,2021
LN0000762,395312,Excellent,>90,36-43,AZ,Purchase,Investment,SingleFamily,2022
LN0000763,119012,Excellent,75-90,<=28,WA,Purchase,PrimaryResidence,SingleFamily,2018
LN0000764,216405,Excellent,>90,36-43,CA,Refinance,PrimaryResidence,Townhouse,2018
LN0000765,97642,Poor,60-75,36-43,FL,Refinance,PrimaryResidence,Condo,2019
LN0000766,271131,Excellent,60-75,28-36,FL,Purchase,PrimaryResidence,SingleFamily,2018
LN0000767,134228,Excellent,60-75,<=28,CA,Purchase,Investment,Condo,2018
LN0000768,112647,Excellent,75-90,28-36,TX,Refinance,PrimaryResidence,SingleFamily,2022
LN0000769,219075,Excellent,60-75,36-43,WA,Purchase,Investment,SingleFamily,2020
LN0000770,140032,Fair,75-90,36-43,CA,Refinance,PrimaryResidence,SingleFamily,2021
LN0000771,149181,Excellent,75-90,<=28,CA,CashOut,SecondHome,MultiUnit,2020
LN0000772,216618,Good,>90,28-36,NV,Purchase,PrimaryResidence,Condo,2021
LN0000773,296557,Good,60-75,28-36,GA,CashOut,PrimaryResidence,SingleFamily,2021
LN0000774,132032,Fair,60-75,28-36,AZ,Refinance,PrimaryResidence,SingleFamily,2018
LN0000775,121103,Excellent,60-75,<=28,FL,Refinance,SecondHome,MultiUnit,2018
LN0000776,201137,Poor,<=60,28-36,NY,CashOut,PrimaryResidence,SingleFamily,2020
LN0000777,260309,Fair,75-90,>43,GA,Purchase,PrimaryResidence,SingleFamily,2019
LN0000778,413072,Excellent,60-75,28-36,GA,CashOut,PrimaryResidence,MultiUnit,2022
LN0000779,116347,Fair,75-90,36-43,NY,Purchase,SecondHome,MultiUnit,2019
LN0000780,169569,Poor,<=60,28-36,NV,Purchase,PrimaryResidence,SingleFamily,2019
LN0000781,357858,Good,>90,28-36,OH,Refinance,PrimaryResidence,SingleFamily,2020
LN0000782,533144,Poor,>90,36-43,FL,Purchase,PrimaryResidence,Condo,2018
LN0000783,120988,Good,60-75,28-36,CA,Refinance,Investment,SingleFamily,2022
LN0000784,137392,Fair,>90,<=28,CA,Purchase,SecondHome,Condo,2018
LN0000785,240517,Poor,60-75,>43,AZ,Purchase,PrimaryResidence,Condo,2022
LN0000786,148914,Good,75-90,>43,AZ,Refinance,PrimaryResidence,Condo,2021
LN0000787,135996,Fair,>90,36-43,IL,Purchase,PrimaryResidence,SingleFamily,2022
LN0000788,224635,Good,75-90,<=28,OH,Purchase,PrimaryResidence,MultiUnit,2019
LN0000789,431365,Fair,75-90,<=28,AZ,Purchase,PrimaryResidence,Townhouse,2022
LN0000790,103286,Fair,60-75,<=28,TX,CashOut,PrimaryResidence,Condo,2022
LN0000791,420486,Excellent,75-90,>43,NV,Refinance,PrimaryResidence,SingleFamily,2020
LN0000792,149136,Good,75-90,36-43,IL,Refinance,PrimaryResidence,Townhouse,2019
LN0000793,236309,Good,<=60,28-36,IL,Refinance,PrimaryResidence,SingleFamily,2018
LN0000794,440394,Excellent,<=60,>43,TX,Refinance,PrimaryResidence,SingleFamily,2018
LN0000795,233903,Excellent,75-90,<=28,GA,Purchase,Investment,SingleFamily,2020
LN0000796,171314,Good,75-90,28-36,GA,Purchase,SecondHome,SingleFamily,2022
LN0000797,284670,Excellent,60-75,<=28,CA,Refinance,PrimaryResidence,SingleFamily,2020
LN0000798,182301,Excellent,>90,28-36,GA,Purchase,PrimaryResidence,Condo,2022
LN0000799,257989,Fair,75-90,>43,TX,CashOut,Investment,SingleFamily,2021
LN0000800,179451,Fair,60-75,>43,FL,Purchase,Investment,SingleFamily,2021
LN0000801,305766,Fair,60-75,<=28,GA,Refinance,PrimaryResidence,MultiUnit,2021
LN0000802,99000,Good,75-90,<=28,OH,Purchase,PrimaryResidence,SingleFamily,2022
LN0000803,119759,Poor,75-90,28-36,TX,Refinance,Investment,SingleFamily,2022
LN0000804,98276,Good,75-90,<=28,IL,CashOut,PrimaryResidence,Townhouse,2018
LN0000805,193258,Excellent,60-75,28-36,FL,Purchase,PrimaryResidence,SingleFamily,2020
LN0000806,92524,Excellent,75-90,28-36,OH,Purchase,PrimaryResidence,SingleFamily,2020
LN0000807,140657,Fair,75-90,28-36,AZ,Refinance,SecondHome,SingleFamily,2022
LN0000808,114261,Excellent,75-90,28-36,GA,Purchase,PrimaryResidence,Condo,2019
LN0000809,416581,Good,<=60,<=28,OH,Purchase,PrimaryResidence,SingleFamily,2022
LN0000810,121134,Poor,75-90,>43,IL,Refinance,PrimaryResidence,Townhouse,2020
LN0000811,104477,Excellent,60-75,28-36,WA,Purchase,PrimaryResidence,Condo,2022
LN0000812,225070,Excellent,<=60,28-36,FL,Purchase,PrimaryResidence,Condo,2021
LN0000813,462041,Poor,75-90,28-36,NV,Purchase,PrimaryResidence,Townhouse,2019
LN0000814,187581,Good,75-90,36-43,FL,Purchase,PrimaryResidence,SingleFamily,2022
LN0000815,194977,Excellent,60-75,<=28,NV,CashOut,Investment,Condo,2018
LN0000816,379033,Poor,75-90,<=28,OH,Purchase,PrimaryResidence,Condo,2018
LN0000817,308388,Poor,60-75,36-43,NV,Purchase,PrimaryResidence,Condo,2020
LN0000818,245906,Good,60-75,36-43,GA,Refinance,PrimaryResidence,Condo,2019
LN0000819,148572,Fair,60-75,28-36,NY,Refinance,PrimaryResidence,SingleFamily,2018
LN0000820,249690,Good,60-75,28-36,FL,Purchase,PrimaryResidence,MultiUnit,2022
LN0000821,100670,Excellent,75-90,>43,TX,Refinance,PrimaryResidence,Condo,2018
LN0000822,145533,Good,75-90,<=28,NV,Refinance,PrimaryResidence,Condo,2020
LN0000823,406659,Good,75-90,<=28,TX,Purchase,PrimaryResidence,MultiUnit,2019
LN0000824,381168,Fair,<=60,28-36,AZ,Purchase,PrimaryResidence,SingleFamily,2019
LN0000825,247395,Fair,60-75,28-36,GA,Refinance,PrimaryResidence,Townhouse,2019
LN0000826,75759,Excellent,<=60,36-43,TX,Purchase,PrimaryResidence,SingleFamily,2019
LN0000827,108650,Good,75-90,36-43,NV,Purchase,PrimaryResidence,SingleFamily,2021
LN0000828,141529,Excellent,60-75,28-36,TX,Refinance,PrimaryResidence,SingleFamily,2019
LN0000829,182435,Poor,60-75,36-43,TX,Purchase,Investment,SingleFamily,2021
LN0000830,106382,Good,75-90,28-36,WA,Purchase,PrimaryResidence,SingleFamily,2020
LN0000831,175754,Fair,75-90,36-43,TX,Purchase,SecondHome,SingleFamily,2021
LN0000832,481012,Good,60-75,<=28,TX,CashOut,SecondHome,Condo,2020
LN0000833,242903,Good,60-75,28-36,GA,Refinance,Investment,Townhouse,2019
LN0000834,221773,Fair,75-90,36-43,NV,Purchase,Investment,Condo,2020
LN0000835,119518,Fair,60-75,28-36,CA,Purchase,PrimaryResidence,SingleFamily,2021
LN0000836,87597,Good,<=60,<=28,GA,CashOut,PrimaryResidence,Townhouse,2020
LN0000837,107570,Fair,>90,28-36,GA,Refinance,PrimaryResidence,Condo,2022
LN0000838,85845,Poor,60-75,36-43,CA,Refinance,PrimaryResidence,MultiUnit,2020
LN0000839,206388,Good,60-75,<=28,TX,Purchase,PrimaryResidence,SingleFamily,2019
LN0000840,240853,Good,<=60,36-43,IL,Purchase,PrimaryResidence,Condo,2018
LN0000841,122682,Excellent,60-75,36-43,GA,Purchase,PrimaryResidence,SingleFamily,2019
LN0000842,214048,Fair,60-75,36-43,FL,Refinance,PrimaryResidence,SingleFamily,2018
LN0000843,414362,Good,60-75,<=28,IL,CashOut,PrimaryResidence,SingleFamily,2018
LN0000844,529055,Good,75-90,36-43,IL,Purchase,PrimaryResidence,Condo,2019
LN0000845,292203,Excellent,60-75,<=28,OH,Refinance,SecondHome,SingleFamily,2019
LN0000846,182148,Poor,>90,>43,FL,CashOut,PrimaryResidence,SingleFamily,2022
LN0000847,287521,Good,>90,36-43,GA,CashOut,PrimaryResidence,Condo,2021
LN0000848,390781,Fair,60-75,<=28,AZ,Purchase,PrimaryResidence,SingleFamily,2021
LN0000849,72866,Excellent,<=60,36-43,WA,Purchase,PrimaryResidence,SingleFamily,2020
LN0000850,417080,Poor,75-90,28-36,OH,CashOut,PrimaryResidence,MultiUnit,2018
LN0000851,151403,Excellent,>90,28-36,TX,Purchase,SecondHome,Townhouse,2022
LN0000852,152134,Excellent,>90,28-36,NV,Purchase,PrimaryResidence,MultiUnit,2020
LN0000853,166464,Poor,<=60,36-43,NY,Purchase,Investment,Condo,2020
LN0000854,233291,Poor,60-75,36-43,TX,Refinance,PrimaryResidence,SingleFamily,2021
LN0000855,114047,Excellent,<=60,>43,WA,Purchase,PrimaryResidence,SingleFamily,2018
LN0000856,172403,Good,75-90,28-36,NY,Refinance,PrimaryResidence,SingleFamily,2020
LN0000857,258496,Fair,75-90,36-43,IL,CashOut,PrimaryResidence,Townhouse,2021
LN0000858,221745,Poor,60-75,36-43,AZ,Refinance,PrimaryResidence,SingleFamily,2021
LN0000859,240483,Good,75-90,36-43,WA,CashOut,PrimaryResidence,SingleFamily,2020
LN0000860,169061,Good,60-75,28-36,NY,CashOut,PrimaryResidence,Condo,2022
LN0000861,281209,Fair,75-90,28-36,AZ,Refinance,PrimaryResidence,SingleFamily,2022
LN0000862,337124,Fair,<=60,36-43,NY,Refinance,PrimaryResidence,SingleFamily,2018
LN0000863,327164,Fair,75-90,28-36,NV,CashOut,PrimaryResidence,MultiUnit,2018
LN0000864,246176,Good,75-90,<=28,NV,Refinance,PrimaryResidence,SingleFamily,2020
LN0000865,317885,Excellent,75-90,28-36,IL,Purchase,PrimaryResidence,Townhouse,2022
LN0000866,307284,Poor,60-75,28-36,OH,CashOut,PrimaryResidence,SingleFamily,2020
LN0000867,757860,Poor,75-90,<=28,OH,Refinance,PrimaryResidence,SingleFamily,2019
LN0000868,365504,Fair,75-90,<=28,AZ,CashOut,PrimaryResidence,SingleFamily,2020
LN0000869,190161,Excellent,<=60,36-43,IL,Purchase,PrimaryResidence,SingleFamily,2022
LN0000870,126015,Excellent,<=60,>43,IL,Purchase,PrimaryResidence,SingleFamily,2018
LN0000871,174456,Fair,75-90,28-36,FL,Refinance,PrimaryResidence,SingleFamily,2020
LN0000872,168401,Excellent,60-75,<=28,WA,Refinance,PrimaryResidence,SingleFamily,2021
LN0000873,256712,Poor,<=60,36-43,GA,Purchase,PrimaryResidence,SingleFamily,2019
LN0000874,140066,Good,<=60,28-36,IL,CashOut,PrimaryResidence,SingleFamily,2018
LN0000875,360803,Fair,<=60,>43,NY,Refinance,PrimaryResidence,SingleFamily,2021
LN0000876,99232,Poor,60-75,28-36,IL,Purchase,PrimaryResidence,SingleFamily,2021
LN0000877,87880,Good,75-90,<=28,WA,Refinance,PrimaryResidence,SingleFamily,2021
LN0000878,185802,Good,<=60,28-36,TX,Purchase,PrimaryResidence,SingleFamily,2021
LN0000879,130446,Fair,75-90,28-36,GA,Purchase,PrimaryResidence,Townhouse,2021
LN0000880,105967,Good,60-75,36-43,AZ,Purchase,SecondHome,SingleFamily,2019
LN0000881,144562,Good,60-75,<=28,NY,Purchase,SecondHome,MultiUnit,2018
LN0000882,135843,Fair,60-75,>43,NY,CashOut,PrimaryResidence,SingleFamily,2022
LN0000883,199799,Poor,75-90,36-43,CA,Purchase,Investment,SingleFamily,2019
LN0000884,145766,Good,>90,>43,WA,Refinance,PrimaryResidence,SingleFamily,2022
LN0000885,151817,Excellent,60-75,>43,IL,Refinance,PrimaryResidence,SingleFamily,2020
LN0000886,198306,Good,<=60,<=28,AZ,Purchase,SecondHome,MultiUnit,2020
LN0000887,330090,Good,60-75,28-36,NV,CashOut,SecondHome,MultiUnit,2018
LN0000888,414725,Excellent,<=60,36-43,OH,Purchase,SecondHome,SingleFamily,2022
LN0000889,214032,Excellent,75-90,28-36,FL,Refinance,Investment,SingleFamily,2020
LN0000890,222519,Fair,<=60,<=28,TX,Refinance,PrimaryResidence,Condo,2022
LN0000891,181390,Good,>90,28-36,IL,Refinance,Investment,Condo,2021
LN0000892,252868,Poor,75-90,<=28,GA,Purchase,PrimaryResidence,SingleFamily,2018
LN0000893,241617,Excellent,60-75,>43,CA,Refinance,PrimaryResidence,SingleFamily,2022
LN0000894,385741,Excellent,75-90,28-36,IL,CashOut,PrimaryResidence,SingleFamily,2020
LN0000895,77315,Fair,<=60,36-43,CA,Purchase,PrimaryResidence,SingleFamily,2018
LN0000896,176795,Poor,75-90,>43,FL,Refinance,PrimaryResidence,SingleFamily,2020
LN0000897,235530,Good,<=60,28-36,NY,Purchase,PrimaryResidence,SingleFamily,2021
LN0000898,196193,Excellent,75-90,36-43,CA,Purchase,PrimaryResidence,SingleFamily,2021
LN0000899,124295,Excellent,60-75,<=28,FL,Purchase,PrimaryResidence,SingleFamily,2019
LN0000900,103809,Good,<=60,<=28,GA,Purchase,PrimaryResidence,SingleFamily,2022
LN0000901,297497,Good,75-90,<=28,NV,Refinance,PrimaryResidence,SingleFamily,2019
LN0000902,136153,Good,<=60,28-36,OH,Purchase,PrimaryResidence,Condo,2020
LN0000903,82664,Excellent,<=60,28-36,NY,Purchase,SecondHome,SingleFamily,2022
LN0000904,305066,Good,75-90,28-36,NV,Purchase,PrimaryResidence,SingleFamily,2018
LN0000905,250068,Poor,60-75,<=28,IL,Purchase,PrimaryResidence,SingleFamily,2020
LN0000906,187599,Fair,>90,<=28,NY,Refinance,Investment,SingleFamily,2020
LN0000907,125834,Good,75-90,36-43,AZ,Refinance,Investment,SingleFamily,2021
LN0000908,187827,Excellent,75-90,<=28,NY,Purchase,PrimaryResidence,SingleFamily,2021
LN0000909,365051,Good,60-75,36-43,OH,Purchase,PrimaryResidence,SingleFamily,2021
LN0000910,88667,Good,<=60,>43,TX,Purchase,PrimaryResidence,SingleFamily,2019
LN0000911,90945,Fair,>90,36-43,NY,Refinance,SecondHome,SingleFamily,2020
LN0000912,145236,Poor,<=60,28-36,NV,Purchase,SecondHome,SingleFamily,2018
LN0000913,196158,Poor,60-75,36-43,FL,Refinance,Investment,SingleFamily,2022
LN0000914,155104,Poor,60-75,36-43,AZ,Refinance,Investment,Townhouse,2019
LN0000915,274143,Poor,60-75,>43,IL,Purchase,PrimaryResidence,SingleFamily,2020
LN0000916,342633,Poor,75-90,>43,NV,Purchase,PrimaryResidence,Condo,2021
LN0000917,228521,Excellent,75-90,28-36,IL,Purchase,PrimaryResidence,SingleFamily,2021
LN0000918,263080,Excellent,75-90,36-43,IL,Purchase,PrimaryResidence,Townhouse,2018
LN0000919,227760,Good,>90,36-43,NY,Purchase,PrimaryResidence,SingleFamily,2021
LN0000920,199736,Good,60-75,<=28,FL,CashOut,PrimaryResidence,SingleFamily,2019
LN0000921,104111,Excellent,60-75,28-36,AZ,Purchase,PrimaryResidence,Condo,2020
LN0000922,118895,Fair,<=60,36-43,WA,Purchase,SecondHome,SingleFamily,2018
LN0000923,101168,Fair,75-90,36-43,WA,Refinance,PrimaryResidence,Townhouse,2021
LN0000924,184563,Good,60-75,28-36,NY,CashOut,SecondHome,SingleFamily,2020
LN0000925,223270,Excellent,75-90,28-36,OH,Purchase,Investment,MultiUnit,2018
LN0000926,96313,Good,<=60,<=28,NY,Refinance,PrimaryResidence,Townhouse,2018
LN0000927,206137,Excellent,75-90,28-36,FL,Purchase,PrimaryResidence,SingleFamily,2021
LN0000928,128334,Poor,75-90,>43,CA,Refinance,PrimaryResidence,MultiUnit,2018
LN0000929,116471,Good,>90,>43,AZ,Refinance,SecondHome,SingleFamily,2020
LN0000930,145411,Fair,<=60,28-36,CA,Purchase,PrimaryResidence,Condo,2021
LN0000931,113523,Good,>90,28-36,AZ,Purchase,PrimaryResidence,SingleFamily,2022
LN0000932,269232,Good,60-75,36-43,NY,Purchase,PrimaryResidence,SingleFamily,2018
LN0000933,182772,Good,60-75,36-43,CA,Refinance,SecondHome,SingleFamily,2019
LN0000934,298823,Fair,60-75,28-36,NV,Purchase,PrimaryResidence,SingleFamily,2018
LN0000935,159253,Fair,60-75,28-36,OH,Refinance,PrimaryResidence,Condo,2022
LN0000936,162292,Excellent,75-90,<=28,OH,Purchase,PrimaryResidence,SingleFamily,2020
LN0000937,507215,Poor,60-75,36-43,WA,Refinance,PrimaryResidence,SingleFamily,2022
LN0000938,88297,Excellent,60-75,36-43,OH,Purchase,Investment,SingleFamily,2018
LN0000939,377845,Poor,75-90,28-36,TX,CashOut,PrimaryResidence,Condo,2021
LN0000940,454640,Excellent,75-90,>43,FL,Purchase,SecondHome,SingleFamily,2018
LN0000941,291533,Good,75-90,36-43,WA,Purchase,PrimaryResidence,SingleFamily,2018
LN0000942,168512,Fair,75-90,>43,OH,Purchase,PrimaryResidence,Townhouse,2020
LN0000943,405733,Excellent,<=60,28-36,WA,Refinance,PrimaryResidence,Townhouse,2019
LN0000944,169247,Good,75-90,28-36,IL,Purchase,PrimaryResidence,SingleFamily,2019
LN0000945,139679,Good,<=60,>43,GA,Purchase,PrimaryResidence,SingleFamily,2018
LN0000946,163712,Excellent,60-75,>43,CA,Purchase,PrimaryResidence,SingleFamily,2020
LN0000947,149477,Fair,<=60,>43,WA,Purchase,Investment,SingleFamily,2019
LN0000948,123832,Poor,75-90,36-43,NY,Refinance,Investment,SingleFamily,2022
LN0000949,346280,Poor,60-75,28-36,IL,Purchase,PrimaryResidence,Townhouse,2021
LN0000950,135033,Good,75-90,<=28,TX,Refinance,PrimaryResidence,SingleFamily,2020
LN0000951,195864,Good,60-75,28-36,NV,CashOut,Investment,SingleFamily,2021
LN0000952,96578,Excellent,60-75,>43,AZ,Refinance,PrimaryResidence,SingleFamily,2020
LN0000953,201875,Excellent,60-75,28-36,NV,Purchase,PrimaryResidence,MultiUnit,2020
LN0000954,111528,Excellent,<=60,36-43,AZ,Refinance,PrimaryResidence,Condo,2022
LN0000955,110167,Poor,60-75,>43,GA,Refinance,PrimaryResidence,SingleFamily,2020
LN0000956,188217,Poor,75-90,>43,FL,Purchase,PrimaryResidence,Condo,2020
LN0000957,337218,Fair,60-75,>43,TX,Purchase,PrimaryResidence,MultiUnit,2020
LN0000958,247757,Good,<=60,28-36,GA,Purchase,PrimaryResidence,Condo,2021
LN0000959,256416,Good,75-90,28-36,NV,Purchase,PrimaryResidence,SingleFamily,2021
LN0000960,186286,Good,60-75,>43,NY,Purchase,PrimaryResidence,SingleFamily,2020
LN0000961,168077,Good,<=60,<=28,NV,Purchase,PrimaryResidence,MultiUnit,2018
LN0000962,295247,Good,<=60,<=28,TX,Refinance,PrimaryResidence,SingleFamily,2021
LN0000963,150003,Excellent,60-75,>43,FL,Purchase,SecondHome,SingleFamily,2020
LN0000964,301708,Excellent,60-75,36-43,GA,Purchase,PrimaryResidence,Condo,2022
LN0000965,368786,Poor,75-90,28-36,IL,CashOut,PrimaryResidence,Condo,2022
LN0000966,130523,Good,60-75,<=28,OH,Purchase,PrimaryResidence,SingleFamily,2018
LN0000967,140473,Poor,75-90,28-36,NY,Purchase,PrimaryResidence,SingleFamily,2022
LN0000968,151320,Excellent,60-75,>43,OH,Purchase,PrimaryResidence,SingleFamily,2022
LN0000969,95465,Good,75-90,36-43,NY,Purchase,PrimaryResidence,SingleFamily,2022
LN0000970,157203,Excellent,75-90,28-36,TX,Refinance,PrimaryResidence,SingleFamily,2020
LN0000971,381064,Good,60-75,28-36,WA,Purchase,PrimaryResidence,SingleFamily,2019
LN0000972,117855,Excellent,<=60,>43,WA,CashOut,PrimaryResidence,SingleFamily,2021
LN0000973,385616,Excellent,60-75,>43,WA,CashOut,PrimaryResidence,SingleFamily,2022
LN0000974,160055,Poor,>90,28-36,CA,Purchase,SecondHome,Townhouse,2020
LN0000975,572070,Good,>90,36-43,IL,Refinance,SecondHome,SingleFamily,2022
LN0000976,141364,Fair,60-75,28-36,CA,Refinance,PrimaryResidence,SingleFamily,2019
LN0000977,184981,Good,75-90,28-36,AZ,Refinance,PrimaryResidence,SingleFamily,2022
LN0000978,126109,Good,60-75,<=28,CA,Purchase,SecondHome,SingleFamily,2018
LN0000979,140948,Good,<=60,28-36,NV,Refinance,PrimaryResidence,SingleFamily,2022
LN0000980,388127,Excellent,75-90,28-36,CA,Purchase,PrimaryResidence,MultiUnit,2022
LN0000981,252021,Poor,60-75,28-36,GA,Purchase,Investment,Condo,2021
LN0000982,332504,Fair,60-75,28-36,NY,CashOut,PrimaryResidence,SingleFamily,2021
LN0000983,102971,Fair,75-90,<=28,TX,Purchase,PrimaryResidence,SingleFamily,2020
LN0000984,275795,Good,60-75,<=28,NY,Purchase,PrimaryResidence,SingleFamily,2022
LN0000985,122305,Excellent,75-90,36-43,CA,Purchase,Investment,SingleFamily,2018
LN0000986,101858,Poor,60-75,<=28,GA,CashOut,PrimaryResidence,SingleFamily,2019
LN0000987,223995,Good,<=60,<=28,AZ,Purchase,SecondHome,SingleFamily,2018
LN0000988,222853,Excellent,60-75,>43,NY,Purchase,PrimaryResidence,SingleFamily,2019
LN0000989,204162,Good,>90,28-36,IL,Refinance,PrimaryResidence,SingleFamily,2020
LN0000990,284582,Fair,60-75,>43,TX,Purchase,PrimaryResidence,MultiUnit,2019
LN0000991,307670,Fair,<=60,36-43,IL,Purchase,SecondHome,SingleFamily,2020
LN0000992,414515,Fair,75-90,36-43,NV,Refinance,PrimaryResidence,Townhouse,2019
LN0000993,109625,Fair,>90,28-36,WA,CashOut,Investment,SingleFamily,2019
LN0000994,421261,Excellent,>90,<=28,AZ,Refinance,PrimaryResidence,Condo,2020
LN0000995,509485,Poor,75-90,36-43,OH,Purchase,Investment,Condo,2019
LN0000996,165526,Good,60-75,36-43,TX,Purchase,PrimaryResidence,MultiUnit,2022
LN0000997,86314,Fair,75-90,28-36,CA,Refinance,PrimaryResidence,Condo,2022
LN0000998,99533,Excellent,75-90,36-43,NY,Purchase,PrimaryResidence,SingleFamily,2022
LN0000999,157798,Poor,>90,28-36,NV,Refinance,PrimaryResidence,SingleFamily,2018
LN0001000,544199,Good,75-90,>43,TX,Purchase,PrimaryResidence,Townhouse,2020
LN0001001,200494,Excellent,60-75,36-43,CA,CashOut,PrimaryResidence,SingleFamily,2021
LN0001002,146006,Good,<=60,<=28,NV,Purchase,Investment,MultiUnit,2019
LN0001003,141110,Excellent,75-90,>43,TX,CashOut,PrimaryResidence,MultiUnit,2019
LN0001004,102604,Excellent,<=60,>43,NY,Purchase,PrimaryResidence,SingleFamily,2021
LN0001005,307825,Fair,<=60,36-43,OH,Refinance,PrimaryResidence,MultiUnit,2018
LN0001006,189845,Good,60-75,<=28,CA,Purchase,PrimaryResidence,SingleFamily,2021
LN0001007,568021,Poor,75-90,36-43,TX,Refinance,PrimaryResidence,SingleFamily,2020
LN0001008,272148,Good,>90,36-43,OH,Purchase,Investment,Condo,2021
LN0001009,301030,Fair,75-90,28-36,CA,Purchase,PrimaryResidence,MultiUnit,2021
LN0001010,176124,Good,>90,>43,OH,Purchase,PrimaryResidence,SingleFamily,2020
LN0001011,115206,Fair,75-90,28-36,WA,Purchase,PrimaryResidence,SingleFamily,2020
LN0001012,128439,Good,75-90,>43,FL,CashOut,PrimaryResidence,Condo,2018
LN0001013,100245,Good,<=60,36-43,GA,Refinance,PrimaryResidence,Condo,2022
LN0001014,313388,Poor,75-90,28-36,NY,Refinance,SecondHome,Condo,2018
LN0001015,163986,Good,<=60,>43,NV,Purchase,PrimaryResidence,SingleFamily,2022
LN0001016,320055,Excellent,<=60,28-36,IL,Purchase,PrimaryResidence,SingleFamily,2022
LN0001017,212767,Fair,<=60,28-36,OH,Purchase,PrimaryResidence,SingleFamily,2021
LN0001018,171714,Fair,75-90,28-36,FL,Purchase,Investment,SingleFamily,2021
LN0001019,110768,Excellent,75-90,<=28,AZ,Refinance,PrimaryResidence,MultiUnit,2018
LN0001020,231148,Good,>90,36-43,FL,Refinance,PrimaryResidence,SingleFamily,2022
LN0001021,178203,Poor,>90,28-36,WA,Purchase,PrimaryResidence,SingleFamily,2020
LN0001022,312104,Fair,>90,>43,AZ,Purchase,PrimaryResidence,MultiUnit,2019
LN0001023,139009,Poor,<=60,>43,NV,Purchase,PrimaryResidence,SingleFamily,2021
LN0001024,270507,Good,>90,36-43,OH,Purchase,PrimaryResidence,Condo,2020
LN0001025,451542,Fair,75-90,<=28,GA,Purchase,PrimaryResidence,SingleFamily,2019
LN0001026,227812,Good,>90,36-43,GA,Purchase,PrimaryResidence,SingleFamily,2019
LN0001027,294385,Poor,<=60,<=28,IL,Purchase,SecondHome,Condo,2018
LN0001028,264592,Good,<=60,36-43,GA,Purchase,PrimaryResidence,MultiUnit,2022
LN0001029,513520,Fair,>90,28-36,WA,Refinance,PrimaryResidence,Condo,2021
LN0001030,239373,Good,<=60,>43,WA,CashOut,PrimaryResidence,SingleFamily,2019
LN0001031,282089,Good,60-75,28-36,NY,Purchase,PrimaryResidence,SingleFamily,2021
LN0001032,195216,Fair,60-75,28-36,NY,Purchase,PrimaryResidence,MultiUnit,2021
LN0001033,134969,Good,<=60,>43,TX,Purchase,PrimaryResidence,SingleFamily,2018
LN0001034,108652,Poor,<=60,28-36,OH,Refinance,PrimaryResidence,SingleFamily,2018
LN0001035,374543,Good,>90,>43,CA,Refinance,PrimaryResidence,SingleFamily,2019
LN0001036,120068,Fair,>90,>43,TX,Refinance,PrimaryResidence,SingleFamily,2018
LN0001037,288639,Good,>90,28-36,FL,Refinance,PrimaryResidence,SingleFamily,2022
LN0001038,244753,Good,60-75,28-36,TX,CashOut,PrimaryResidence,Townhouse,2018
LN0001039,314548,Good,60-75,28-36,OH,Purchase,PrimaryResidence,SingleFamily,2022
LN0001040,153682,Excellent,60-75,36-43,TX,Purchase,PrimaryResidence,SingleFamily,2020
LN0001041,133871,Excellent,60-75,>43,IL,Purchase,PrimaryResidence,MultiUnit,2018
LN0001042,240190,Fair,<=60,28-36,OH,Purchase,PrimaryResidence,Townhouse,2022
LN0001043,171755,Fair,75-90,36-43,WA,Purchase,Investment,MultiUnit,2018
LN0001044,107418,Fair,>90,28-36,WA,CashOut,PrimaryResidence,Condo,2022
LN0001045,524008,Excellent,60-75,36-43,NY,Refinance,PrimaryResidence,Townhouse,2018
LN0001046,133826,Good,60-75,36-43,IL,CashOut,SecondHome,SingleFamily,2021
LN0001047,120956,Excellent,60-75,>43,OH,CashOut,PrimaryResidence,MultiUnit,2019
LN0001048,176121,Fair,<=60,28-36,IL,Refinance,PrimaryResidence,SingleFamily,2020
LN0001049,371918,Poor,60-75,28-36,GA,CashOut,Investment,SingleFamily,2022
LN0001050,67280,Excellent,60-75,28-36,AZ,Refinance,PrimaryResidence,SingleFamily,2021
LN0001051,356803,Fair,60-75,<=28,FL,Purchase,PrimaryResidence,SingleFamily,2019
LN0001052,126028,Excellent,60-75,28-36,TX,Refinance,PrimaryResidence,Condo,2018
LN0001053,226899,Good,75-90,>43,IL,CashOut,PrimaryResidence,MultiUnit,2019
LN0001054,141774,Excellent,60-75,28-36,NY,Refinance,PrimaryResidence,SingleFamily,2022
LN0001055,538185,Good,<=60,28-36,TX,Refinance,SecondHome,MultiUnit,2020
LN0001056,211569,Fair,<=60,36-43,OH,Purchase,PrimaryResidence,Condo,2021
LN0001057,139518,Poor,<=60,<=28,GA,Refinance,PrimaryResidence,SingleFamily,2020
LN0001058,171006,Excellent,75-90,28-36,GA,Purchase,Investment,Condo,2020
LN0001059,207901,Good,75-90,>43,OH,Refinance,Investment,SingleFamily,2018
LN0001060,217257,Fair,>90,<=28,IL,Refinance,PrimaryResidence,SingleFamily,2018
LN0001061,247553,Poor,75-90,28-36,WA,Refinance,PrimaryResidence,SingleFamily,2021
LN0001062,198649,Fair,60-75,28-36,FL,Purchase,PrimaryResidence,Townhouse,2019
LN0001063,99849,Good,<=60,<=28,OH,Refinance,SecondHome,SingleFamily,2019
LN0001064,167688,Fair,60-75,28-36,NV,Purchase,Investment,SingleFamily,2019
LN0001065,269232,Good,60-75,<=28,AZ,Purchase,PrimaryResidence,SingleFamily,2021
LN0001066,142209,Poor,>90,28-36,IL,Purchase,PrimaryResidence,Condo,2022
LN0001067,278282,Good,60-75,>43,CA,Refinance,PrimaryResidence,Townhouse,2021
LN0001068,201966,Fair,60-75,28-36,AZ,Purchase,PrimaryResidence,SingleFamily,2021
LN0001069,178283,Excellent,60-75,28-36,WA,Purchase,PrimaryResidence,MultiUnit,2022
LN0001070,361158,Good,<=60,28-36,OH,CashOut,PrimaryResidence,Condo,2020
LN0001071,83360,Poor,>90,>43,NY,Purchase,PrimaryResidence,SingleFamily,2018
LN0001072,141823,Fair,<=60,<=28,AZ,CashOut,PrimaryResidence,SingleFamily,2020
LN0001073,368138,Good,<=60,>43,AZ,Purchase,PrimaryResidence,SingleFamily,2022
LN0001074,496344,Poor,<=60,28-36,CA,Purchase,Investment,Condo,2021
LN0001075,623432,Poor,75-90,>43,WA,Refinance,PrimaryResidence,SingleFamily,2019
LN0001076,203857,Good,60-75,28-36,IL,Purchase,SecondHome,SingleFamily,2019
LN0001077,249933,Good,75-90,<=28,GA,CashOut,PrimaryResidence,Townhouse,2022
LN0001078,299154,Good,60-75,28-36,FL,Purchase,PrimaryResidence,Townhouse,2018
LN0001079,376072,Fair,<=60,<=28,CA,Refinance,PrimaryResidence,SingleFamily,2022
LN0001080,232476,Good,>90,36-43,FL,Purchase,PrimaryResidence,Condo,2021
LN0001081,315866,Excellent,<=60,36-43,WA,Refinance,SecondHome,Townhouse,2022
LN0001082,250167,Poor,<=60,36-43,FL,Purchase,PrimaryResidence,SingleFamily,2019
LN0001083,258102,Poor,75-90,<=28,IL,Refinance,Investment,Condo,2021
LN0001084,125594,Fair,<=60,36-43,NY,Purchase,SecondHome,SingleFamily,2019
LN0001085,168618,Poor,<=60,28-36,GA,Refinance,PrimaryResidence,MultiUnit,2018
LN0001086,153064,Fair,75-90,>43,IL,Purchase,PrimaryResidence,SingleFamily,2020
LN0001087,109705,Fair,60-75,36-43,TX,Purchase,PrimaryResidence,Condo,2022
LN0001088,87046,Fair,60-75,28-36,GA,Refinance,PrimaryResidence,SingleFamily,2019
LN0001089,160843,Good,60-75,>43,FL,Purchase,PrimaryResidence,SingleFamily,2018
LN0001090,174217,Good,75-90,28-36,NY,Refinance,PrimaryResidence,MultiUnit,2022
LN0001091,209508,Excellent,<=60,28-36,OH,Refinance,Investment,SingleFamily,2022
LN0001092,262463,Fair,<=60,<=28,FL,Purchase,PrimaryResidence,Townhouse,2022
LN0001093,218395,Good,75-90,36-43,CA,Refinance,SecondHome,SingleFamily,2022
LN0001094,174825,Good,75-90,28-36,NY,Purchase,PrimaryResidence,SingleFamily,2022
LN0001095,125798,Good,>90,<=28,NY,Refinance,PrimaryResidence,Condo,2022
LN0001096,308209,Good,60-75,36-43,GA,Purchase,Investment,SingleFamily,2022
LN0001097,188921,Excellent,<=60,<=28,OH,Purchase,PrimaryResidence,Condo,2021
LN0001098,160028,Fair,60-75,36-43,CA,Refinance,PrimaryResidence,SingleFamily,2019
LN0001099,181094,Poor,75-90,<=28,OH,CashOut,Investment,SingleFamily,2020
LN0001100,137809,Excellent,<=60,28-36,OH,CashOut,Investment,Condo,2019
LN0001101,152460,Excellent,75-90,>43,TX,Refinance,PrimaryResidence,SingleFamily,2020
LN0001102,150057,Good,<=60,<=28,NY,Purchase,SecondHome,SingleFamily,2021
LN0001103,172186,Fair,75-90,36-43,OH,Purchase,PrimaryResidence,SingleFamily,2019
LN0001104,275923,Fair,75-90,36-43,WA,Purchase,PrimaryResidence,Townhouse,2018
LN0001105,243666,Excellent,60-75,>43,NY,Refinance,PrimaryResidence,SingleFamily,2021
LN0001106,430786,Fair,>90,<=28,OH,Purchase,PrimaryResidence,SingleFamily,2022
LN0001107,364347,Excellent,>90,36-43,GA,CashOut,PrimaryResidence,SingleFamily,2022
LN0001108,528718,Good,<=60,28-36,WA,Purchase,PrimaryResidence,Condo,2018
LN0001109,262913,Poor,60-75,28-36,CA,Purchase,PrimaryResidence,SingleFamily,2020
LN0001110,260811,Excellent,75-90,28-36,GA,Refinance,SecondHome,SingleFamily,2020
LN0001111,155794,Excellent,<=60,28-36,TX,Purchase,Investment,MultiUnit,2020
LN0001112,300441,Good,60-75,28-36,NV,Purchase,Investment,Townhouse,2021
LN0001113,143191,Fair,60-75,<=28,TX,Refinance,PrimaryResidence,MultiUnit,2020
LN0001114,95298,Poor,>90,28-36,CA,CashOut,Investment,SingleFamily,2022
LN0001115,426412,Poor,60-75,36-43,NY,Purchase,PrimaryResidence,SingleFamily,2022
LN0001116,106447,Excellent,75-90,28-36,NY,Purchase,PrimaryResidence,SingleFamily,2021
LN0001117,247564,Excellent,60-75,<=28,NY,Purchase,PrimaryResidence,SingleFamily,2020
LN0001118,128006,Fair,<=60,28-36,NV,Refinance,PrimaryResidence,Condo,2020
LN0001119,349176,Good,>90,28-36,FL,Purchase,PrimaryResidence,SingleFamily,2022
LN0001120,373799,Poor,<=60,36-43,AZ,Refinance,PrimaryResidence,SingleFamily,2019
LN0001121,259001,Fair,<=60,>43,TX,Purchase,Investment,SingleFamily,2022
LN0001122,370712,Excellent,60-75,28-36,GA,CashOut,PrimaryResidence,Condo,2020
LN0001123,199519,Fair,75-90,36-43,TX,Refinance,PrimaryResidence,SingleFamily,2018
LN0001124,607487,Excellent,60-75,<=28,FL,Refinance,PrimaryResidence,MultiUnit,2021
LN0001125,288682,Good,<=60,>43,TX,Purchase,PrimaryResidence,SingleFamily,2019
LN0001126,126718,Good,60-75,28-36,NY,Purchase,Investment,SingleFamily,2020
LN0001127,205829,Good,60-75,28-36,IL,Purchase,PrimaryResidence,Townhouse,2022
LN0001128,184194,Fair,<=60,<=28,AZ,Refinance,PrimaryResidence,SingleFamily,2021
LN0001129,175393,Fair,60-75,<=28,OH,Purchase,PrimaryResidence,MultiUnit,2021
LN0001130,86805,Poor,<=60,36-43,GA,Purchase,PrimaryResidence,MultiUnit,2018
LN0001131,241212,Poor,60-75,<=28,IL,Purchase,PrimaryResidence,Townhouse,2022
LN0001132,99421,Good,75-90,28-36,FL,Purchase,PrimaryResidence,SingleFamily,2019
LN0001133,56235,Excellent,75-90,<=28,FL,Purchase,PrimaryResidence,SingleFamily,2018
LN0001134,167375,Fair,60-75,>43,TX,Refinance,PrimaryResidence,SingleFamily,2022
LN0001135,136223,Poor,60-75,36-43,GA,Refinance,SecondHome,Condo,2018
LN0001136,129214,Good,60-75,>43,OH,Purchase,PrimaryResidence,SingleFamily,2019
LN0001137,50000,Good,>90,>43,WA,Refinance,PrimaryResidence,SingleFamily,2018
LN0001138,129907,Good,<=60,>43,WA,Purchase,PrimaryResidence,Townhouse,2021
LN0001139,182258,Excellent,<=60,28-36,NY,CashOut,PrimaryResidence,SingleFamily,2022
LN0001140,144773,Fair,60-75,<=28,NV,Refinance,PrimaryResidence,SingleFamily,2020
LN0001141,241269,Good,<=60,28-36,AZ,Purchase,PrimaryResidence,Condo,2022
LN0001142,398845,Fair,<=60,28-36,IL,Refinance,PrimaryResidence,SingleFamily,2022
LN0001143,257347,Fair,<=60,36-43,OH,Purchase,PrimaryResidence,SingleFamily,2022
LN0001144,332101,Fair,75-90,<=28,NY,Purchase,PrimaryResidence,SingleFamily,2018
LN0001145,346127,Good,75-90,<=28,TX,Purchase,PrimaryResidence,SingleFamily,2019
LN0001146,119440,Good,75-90,36-43,FL,CashOut,SecondHome,SingleFamily,2019
LN0001147,247596,Fair,75-90,<=28,AZ,CashOut,PrimaryResidence,Condo,2021
LN0001148,326955,Fair,60-75,<=28,IL,Refinance,Investment,SingleFamily,2022
LN0001149,159854,Good,>90,<=28,AZ,Refinance,PrimaryResidence,SingleFamily,2019
LN0001150,133878,Poor,75-90,36-43,NY,Purchase,PrimaryResidence,Townhouse,2021
LN0001151,259160,Excellent,75-90,<=28,IL,Refinance,PrimaryResidence,MultiUnit,2018
LN0001152,94767,Poor,75-90,<=28,CA,Purchase,PrimaryResidence,SingleFamily,2020
LN0001153,115381,Excellent,60-75,<=28,OH,Purchase,Investment,Townhouse,2021
LN0001154,142432,Excellent,60-75,36-43,NY,CashOut,PrimaryResidence,SingleFamily,2019
LN0001155,249012,Good,60-75,<=28,CA,Refinance,PrimaryResidence,SingleFamily,2018
LN0001156,221783,Excellent,<=60,<=28,FL,CashOut,PrimaryResidence,Townhouse,2020
LN0001157,333095,Excellent,60-75,>43,GA,Refinance,PrimaryResidence,SingleFamily,2021
LN0001158,125375,Excellent,<=60,>43,AZ,Purchase,SecondHome,SingleFamily,2022
LN0001159,122059,Good,<=60,<=28,NV,Refinance,SecondHome,MultiUnit,2021
LN0001160,258320,Fair,>90,28-36,FL,Purchase,PrimaryResidence,SingleFamily,2021
LN0001161,133341,Excellent,75-90,<=28,WA,CashOut,SecondHome,SingleFamily,2020
LN0001162,147008,Fair,75-90,36-43,IL,Purchase,PrimaryResidence,Condo,2022
LN0001163,78559,Fair,60-75,28-36,OH,Refinance,PrimaryResidence,SingleFamily,2022
LN0001164,229905,Excellent,75-90,>43,GA,Refinance,PrimaryResidence,SingleFamily,2022
LN0001165,429615,Excellent,>90,36-43,CA,Purchase,Investment,SingleFamily,2022
LN0001166,118818,Poor,75-90,28-36,TX,Purchase,PrimaryResidence,SingleFamily,2020
LN0001167,331323,Fair,75-90,<=28,WA,Purchase,PrimaryResidence,SingleFamily,2022
LN0001168,192972,Good,60-75,>43,WA,Purchase,PrimaryResidence,Condo,2021
LN0001169,82231,Fair,60-75,36-43,AZ,CashOut,PrimaryResidence,SingleFamily,2021
LN0001170,127088,Excellent,75-90,36-43,AZ,Purchase,Investment,Condo,2021
LN0001171,123224,Good,>90,<=28,CA,Purchase,PrimaryResidence,SingleFamily,2018
LN0001172,169691,Fair,60-75,36-43,WA,Purchase,Investment,SingleFamily,2022
LN0001173,245182,Good,60-75,36-43,IL,Purchase,PrimaryResidence,Townhouse,2019
LN0001174,501050,Fair,60-75,>43,IL,Purchase,PrimaryResidence,SingleFamily,2021
LN0001175,97190,Good,60-75,28-36,CA,CashOut,PrimaryResidence,SingleFamily,2022
LN0001176,156000,Fair,>90,28-36,AZ,Refinance,PrimaryResidence,Townhouse,2018
LN0001177,127008,Good,75-90,28-36,TX,CashOut,PrimaryResidence,SingleFamily,2019
LN0001178,105451,Good,60-75,36-43,NV,Purchase,PrimaryResidence,SingleFamily,2022
LN0001179,208506,Excellent,60-75,>43,NV,Purchase,PrimaryResidence,SingleFamily,2019
LN0001180,198936,Excellent,60-75,28-36,AZ,Purchase,PrimaryResidence,Condo,2021
LN0001181,80265,Fair,<=60,<=28,TX,Purchase,PrimaryResidence,SingleFamily,2020
LN0001182,200601,Excellent,60-75,<=28,IL,Purchase,PrimaryResidence,Condo,2022
LN0001183,108803,Excellent,75-90,36-43,CA,Purchase,PrimaryResidence,Condo,2020
LN0001184,199968,Excellent,75-90,>43,GA,Refinance,PrimaryResidence,Condo,2020
LN0001185,375025,Excellent,<=60,<=28,AZ,Purchase,Investment,SingleFamily,2018
LN0001186,250580,Fair,75-90,28-36,WA,Refinance,PrimaryResidence,SingleFamily,2020
LN0001187,217240,Good,75-90,>43,CA,Refinance,PrimaryResidence,MultiUnit,2020
LN0001188,152606,Poor,60-75,28-36,NY,Refinance,PrimaryResidence,Townhouse,2021
LN0001189,205547,Excellent,75-90,<=28,TX,Purchase,PrimaryResidence,SingleFamily,2021
LN0001190,263452,Fair,75-90,28-36,IL,Refinance,Investment,SingleFamily,2021
LN0001191,250717,Good,75-90,28-36,NY,Purchase,PrimaryResidence,Condo,2020
LN0001192,189167,Good,<=60,<=28,AZ,Purchase,SecondHome,MultiUnit,2018
LN0001193,221613,Poor,<=60,36-43,FL,Purchase,PrimaryResidence,Townhouse,2019
LN0001194,102921,Poor,60-75,28-36,NY,Purchase,PrimaryResidence,Condo,2020
LN0001195,137699,Poor,<=60,36-43,FL,Purchase,PrimaryResidence,SingleFamily,2022
LN0001196,283163,Excellent,60-75,36-43,AZ,Refinance,PrimaryResidence,Condo,2021
LN0001197,302857,Excellent,75-90,<=28,FL,Refinance,SecondHome,MultiUnit,2022
LN0001198,208313,Fair,<=60,<=28,NV,Purchase,PrimaryResidence,SingleFamily,2022
LN0001199,416433,Good,60-75,<=28,GA,Purchase,PrimaryResidence,SingleFamily,2018
LN0001200,256275,Fair,>90,<=28,NY,Purchase,PrimaryResidence,SingleFamily,2018
LN0001201,176917,Good,60-75,36-43,WA,CashOut,PrimaryResidence,SingleFamily,2020
LN0001202,108025,Good,60-75,<=28,TX,Purchase,SecondHome,MultiUnit,2019
LN0001203,408140,Fair,75-90,36-43,NV,Purchase,PrimaryResidence,SingleFamily,2022
LN0001204,292189,Fair,<=60,<=28,NV,Purchase,Investment,Condo,2020
LN0001205,488529,Excellent,<=60,<=28,FL,Refinance,PrimaryResidence,SingleFamily,2018
LN0001206,587377,Excellent,75-90,<=28,TX,Purchase,Investment,SingleFamily,2019
LN0001207,104456,Fair,60-75,28-36,IL,Purchase,PrimaryResidence,SingleFamily,2019
LN0001208,104593,Good,60-75,36-43,OH,Purchase,Investment,SingleFamily,2018
LN0001209,50000,Good,<=60,36-43,GA,Refinance,PrimaryResidence,Condo,2019
LN0001210,314638,Good,75-90,<=28,CA,Purchase,PrimaryResidence,SingleFamily,2020
LN0001211,276023,Fair,<=60,36-43,CA,CashOut,PrimaryResidence,Condo,2022
LN0001212,208749,Fair,75-90,36-43,FL,CashOut,SecondHome,Townhouse,2021
LN0001213,107681,Good,60-75,28-36,OH,Refinance,SecondHome,SingleFamily,2018
LN0001214,190133,Good,75-90,<=28,FL,CashOut,PrimaryResidence,SingleFamily,2020
LN0001215,218022,Good,60-75,<=28,AZ,Refinance,PrimaryResidence,MultiUnit,2021
LN0001216,294008,Good,<=60,<=28,FL,Purchase,PrimaryResidence,SingleFamily,2019
LN0001217,227861,Good,60-75,>43,AZ,Refinance,PrimaryResidence,SingleFamily,2020
LN0001218,277035,Good,75-90,28-36,NV,Refinance,PrimaryResidence,MultiUnit,2022
LN0001219,186826,Fair,<=60,28-36,OH,Refinance,PrimaryResidence,SingleFamily,2018
LN0001220,358879,Excellent,60-75,36-43,TX,Refinance,PrimaryResidence,Condo,2020
LN0001221,272628,Excellent,60-75,28-36,CA,Refinance,PrimaryResidence,SingleFamily,2021
LN0001222,109812,Excellent,60-75,36-43,TX,CashOut,PrimaryResidence,Condo,2021
LN0001223,398160,Poor,75-90,<=28,GA,Purchase,PrimaryResidence,Condo,2022
LN0001224,366878,Fair,<=60,28-36,GA,Refinance,PrimaryResidence,SingleFamily,2019
LN0001225,250881,Excellent,60-75,<=28,NV,Refinance,PrimaryResidence,SingleFamily,2020
LN0001226,228744,Poor,<=60,<=28,NV,CashOut,PrimaryResidence,SingleFamily,2022
LN0001227,455570,Good,60-75,28-36,NY,Purchase,PrimaryResidence,SingleFamily,2022
LN0001228,87846,Good,60-75,36-43,NY,Purchase,SecondHome,MultiUnit,2022
LN0001229,369761,Poor,60-75,36-43,OH,Purchase,Investment,MultiUnit,2021
LN0001230,156669,Excellent,60-75,36-43,OH,Purchase,PrimaryResidence,Condo,2019
LN0001231,343722,Excellent,>90,<=28,NY,Purchase,SecondHome,Condo,2019
LN0001232,211121,Good,60-75,>43,CA,Purchase,PrimaryResidence,SingleFamily,2021
LN0001233,106781,Excellent,75-90,<=28,CA,Purchase,PrimaryResidence,SingleFamily,2019
LN0001234,155086,Fair,60-75,36-43,AZ,CashOut,PrimaryResidence,Condo,2021
LN0001235,331328,Excellent,60-75,36-43,NY,Purchase,Investment,SingleFamily,2020
LN0001236,178956,Excellent,<=60,28-36,OH,Purchase,PrimaryResidence,SingleFamily,2020
LN0001237,145693,Excellent,60-75,28-36,AZ,Refinance,PrimaryResidence,SingleFamily,2019
LN0001238,145206,Good,75-90,36-43,AZ,Purchase,PrimaryResidence,SingleFamily,2021
LN0001239,274065,Excellent,75-90,36-43,IL,Refinance,PrimaryResidence,Condo,2020
LN0001240,477021,Excellent,75-90,<=28,GA,Refinance,PrimaryResidence,SingleFamily,2019
LN0001241,68156,Poor,75-90,36-43,TX,Purchase,PrimaryResidence,Condo,2019
LN0001242,806405,Good,<=60,<=28,NV,Purchase,PrimaryResidence,Townhouse,2020
LN0001243,220107,Good,<=60,28-36,AZ,Purchase,PrimaryResidence,Townhouse,2021
LN0001244,265697,Excellent,75-90,36-43,NY,Purchase,PrimaryResidence,MultiUnit,2022
LN0001245,159830,Good,<=60,36-43,NY,Refinance,SecondHome,MultiUnit,2019
LN0001246,198440,Good,<=60,28-36,OH,Purchase,SecondHome,SingleFamily,2018
LN0001247,218875,Fair,>90,<=28,IL,Purchase,PrimaryResidence,Condo,2022
LN0001248,117647,Excellent,>90,28-36,OH,Purchase,PrimaryResidence,Condo,2018
LN0001249,132874,Poor,75-90,28-36,CA,Purchase,PrimaryResidence,Townhouse,2022
LN0001250,359433,Poor,60-75,28-36,FL,Purchase,PrimaryResidence,SingleFamily,2018
LN0001251,91475,Excellent,75-90,28-36,OH,Refinance,PrimaryResidence,SingleFamily,2019
LN0001252,247835,Excellent,60-75,36-43,NV,Purchase,PrimaryResidence,MultiUnit,2022
LN0001253,165171,Excellent,60-75,<=28,CA,Refinance,PrimaryResidence,Condo,2018
LN0001254,122963,Fair,60-75,<=28,OH,CashOut,PrimaryResidence,SingleFamily,2018
LN0001255,532834,Excellent,>90,28-36,CA,Refinance,PrimaryResidence,SingleFamily,2021
LN0001256,123346,Poor,>90,<=28,AZ,Purchase,SecondHome,SingleFamily,2018
LN0001257,112978,Fair,75-90,<=28,FL,Purchase,Investment,Condo,2018
LN0001258,181047,Fair,<=60,28-36,NY,Refinance,PrimaryResidence,Townhouse,2021
LN0001259,135363,Good,60-75,28-36,OH,Refinance,PrimaryResidence,Condo,2022
LN0001260,199424,Poor,60-75,28-36,AZ,CashOut,PrimaryResidence,MultiUnit,2021
LN0001261,214850,Excellent,>90,28-36,IL,Purchase,PrimaryResidence,SingleFamily,2022
LN0001262,223536,Good,<=60,>43,NY,Purchase,Investment,SingleFamily,2020
LN0001263,186848,Good,<=60,28-36,NV,Purchase,PrimaryResidence,SingleFamily,2021
LN0001264,139933,Poor,75-90,28-36,NV,CashOut,PrimaryResidence,SingleFamily,2022
LN0001265,274224,Good,60-75,<=28,WA,Refinance,PrimaryResidence,MultiUnit,2020
LN0001266,187991,Fair,75-90,<=28,CA,CashOut,PrimaryResidence,Condo,2018
LN0001267,155156,Excellent,<=60,28-36,NV,Refinance,SecondHome,SingleFamily,2019
LN0001268,416647,Poor,75-90,36-43,GA,CashOut,PrimaryResidence,SingleFamily,2021
LN0001269,187089,Good,<=60,<=28,WA,Refinance,PrimaryResidence,Townhouse,2022
LN0001270,343174,Good,<=60,<=28,TX,CashOut,PrimaryResidence,SingleFamily,2021
LN0001271,367110,Poor,60-75,28-36,NV,CashOut,PrimaryResidence,SingleFamily,2020
LN0001272,378448,Good,60-75,28-36,OH,Refinance,PrimaryResidence,Condo,2019
LN0001273,280850,Good,75-90,>43,FL,CashOut,PrimaryResidence,Condo,2021
LN0001274,198726,Good,<=60,<=28,NY,Refinance,PrimaryResidence,SingleFamily,2022
LN0001275,192524,Excellent,<=60,<=28,NY,Refinance,PrimaryResidence,SingleFamily,2019
LN0001276,175947,Good,75-90,28-36,AZ,Refinance,PrimaryResidence,SingleFamily,2020
LN0001277,67275,Excellent,60-75,<=28,IL,Refinance,PrimaryResidence,SingleFamily,2020
LN0001278,284760,Excellent,75-90,<=28,AZ,Refinance,PrimaryResidence,SingleFamily,2019
LN0001279,224635,Poor,75-90,28-36,GA,Refinance,PrimaryResidence,SingleFamily,2020
LN0001280,300367,Good,<=60,28-36,NY,Purchase,PrimaryResidence,SingleFamily,2018
LN0001281,187493,Good,75-90,<=28,IL,Refinance,SecondHome,SingleFamily,2020
LN0001282,277177,Good,60-75,36-43,AZ,CashOut,PrimaryResidence,Condo,2018
LN0001283,99832,Good,60-75,28-36,IL,Refinance,PrimaryResidence,SingleFamily,2020
LN0001284,110787,Fair,<=60,<=28,GA,Purchase,PrimaryResidence,SingleFamily,2022
LN0001285,57635,Poor,75-90,>43,TX,CashOut,SecondHome,SingleFamily,2018
LN0001286,185874,Poor,75-90,28-36,IL,Refinance,PrimaryResidence,SingleFamily,2019
LN0001287,135095,Good,60-75,>43,WA,Purchase,PrimaryResidence,Condo,2021
LN0001288,126539,Good,>90,>43,NY,Refinance,PrimaryResidence,SingleFamily,2022
LN0001289,234996,Good,60-75,28-36,AZ,Refinance,SecondHome,Townhouse,2022
LN0001290,160692,Good,>90,<=28,FL,Refinance,PrimaryResidence,Condo,2018
LN0001291,97095,Good,75-90,36-43,AZ,Purchase,PrimaryResidence,SingleFamily,2019
LN0001292,709547,Fair,>90,28-36,CA,Purchase,PrimaryResidence,Townhouse,2022
LN0001293,195144,Good,>90,<=28,IL,CashOut,PrimaryResidence,SingleFamily,2020
LN0001294,115660,Good,>90,28-36,WA,CashOut,PrimaryResidence,SingleFamily,2022
LN0001295,142213,Good,<=60,28-36,FL,Purchase,PrimaryResidence,SingleFamily,2018
LN0001296,182303,Good,75-90,>43,WA,CashOut,PrimaryResidence,Condo,2018
LN0001297,182111,Excellent,75-90,36-43,NV,Purchase,Investment,Condo,2019
LN0001298,381201,Excellent,75-90,>43,IL,Purchase,PrimaryResidence,Condo,2018
LN0001299,191048,Fair,60-75,36-43,WA,Refinance,PrimaryResidence,Townhouse,2022
LN0001300,502627,Good,>90,36-43,NV,Purchase,PrimaryResidence,Townhouse,2022
LN0001301,160137,Excellent,60-75,28-36,NV,Purchase,PrimaryResidence,SingleFamily,2019
LN0001302,246032,Good,60-75,>43,CA,CashOut,SecondHome,Townhouse,2018
LN0001303,331369,Fair,60-75,>43,OH,Refinance,SecondHome,SingleFamily,2018
LN0001304,361340,Good,<=60,36-43,AZ,Purchase,PrimaryResidence,Townhouse,2019
LN0001305,383055,Fair,75-90,36-43,NV,Purchase,SecondHome,SingleFamily,2021
LN0001306,173510,Poor,<=60,28-36,AZ,Refinance,PrimaryResidence,SingleFamily,2022
LN0001307,198244,Good,75-90,28-36,CA,Refinance,Investment,SingleFamily,2020
LN0001308,57543,Fair,75-90,>43,OH,Purchase,PrimaryResidence,SingleFamily,2022
LN0001309,180231,Excellent,60-75,<=28,AZ,Purchase,SecondHome,MultiUnit,2022
LN0001310,343048,Poor,75-90,<=28,WA,Refinance,PrimaryResidence,SingleFamily,2021
LN0001311,311270,Good,<=60,28-36,CA,Refinance,PrimaryResidence,SingleFamily,2018
LN0001312,190376,Poor,75-90,28-36,TX,CashOut,PrimaryResidence,Townhouse,2022
LN0001313,464896,Good,>90,28-36,FL,Purchase,Investment,Condo,2022
LN0001314,164061,Excellent,<=60,<=28,AZ,CashOut,PrimaryResidence,Condo,2020
LN0001315,138958,Excellent,75-90,<=28,TX,CashOut,PrimaryResidence,Townhouse,2020
LN0001316,157301,Fair,60-75,<=28,OH,Purchase,PrimaryResidence,SingleFamily,2021
LN0001317,113410,Good,60-75,28-36,TX,Purchase,PrimaryResidence,SingleFamily,2020
LN0001318,271358,Excellent,75-90,<=28,AZ,Refinance,PrimaryResidence,SingleFamily,2019
LN0001319,229633,Fair,60-75,36-43,CA,CashOut,PrimaryResidence,SingleFamily,2021
LN0001320,269679,Poor,75-90,<=28,FL,Purchase,Investment,SingleFamily,2021
LN0001321,161589,Good,60-75,28-36,TX,Purchase,PrimaryResidence,Condo,2018
LN0001322,193100,Good,60-75,28-36,WA,Refinance,Investment,SingleFamily,2021
LN0001323,66889,Excellent,>90,28-36,OH,Refinance,PrimaryResidence,Condo,2018
LN0001324,239932,Fair,<=60,>43,IL,Purchase,PrimaryResidence,Condo,2020
LN0001325,208860,Good,75-90,<=28,WA,Purchase,PrimaryResidence,SingleFamily,2018
LN0001326,114661,Poor,<=60,28-36,GA,Purchase,PrimaryResidence,SingleFamily,2022
LN0001327,188654,Good,75-90,36-43,IL,CashOut,PrimaryResidence,SingleFamily,2021
LN0001328,174743,Good,75-90,<=28,OH,Refinance,PrimaryResidence,Condo,2020
LN0001329,480295,Good,60-75,36-43,FL,Purchase,PrimaryResidence,SingleFamily,2020
LN0001330,116942,Excellent,60-75,>43,TX,CashOut,PrimaryResidence,MultiUnit,2021
LN0001331,234617,Fair,60-75,36-43,TX,Refinance,PrimaryResidence,SingleFamily,2018
LN0001332,115221,Good,>90,>43,TX,CashOut,PrimaryResidence,Condo,2020
LN0001333,150401,Good,60-75,28-36,CA,Purchase,PrimaryResidence,SingleFamily,2021
LN0001334,228298,Poor,60-75,28-36,CA,Purchase,Investment,SingleFamily,2019
LN0001335,178852,Poor,75-90,<=28,CA,Purchase,PrimaryResidence,SingleFamily,2020
LN0001336,198194,Poor,60-75,<=28,TX,Purchase,Investment,Condo,2019
LN0001337,234769,Excellent,60-75,<=28,GA,Refinance,Investment,SingleFamily,2018
LN0001338,155306,Good,60-75,28-36,FL,Refinance,SecondHome,MultiUnit,2022
LN0001339,309301,Poor,<=60,28-36,WA,Purchase,PrimaryResidence,SingleFamily,2020
LN0001340,170631,Good,75-90,<=28,CA,Refinance,PrimaryResidence,Townhouse,2019
LN0001341,189325,Excellent,>90,36-43,AZ,Refinance,PrimaryResidence,Townhouse,2019
LN0001342,238149,Fair,>90,<=28,NY,Refinance,PrimaryResidence,SingleFamily,2021
LN0001343,222682,Good,>90,28-36,IL,Purchase,PrimaryResidence,SingleFamily,2018
LN0001344,274337,Good,60-75,<=28,GA,CashOut,PrimaryResidence,SingleFamily,2020
LN0001345,232927,Poor,60-75,36-43,NV,Refinance,PrimaryResidence,SingleFamily,2019
LN0001346,251328,Fair,75-90,28-36,OH,CashOut,SecondHome,SingleFamily,2022
LN0001347,168942,Good,>90,36-43,IL,Refinance,PrimaryResidence,SingleFamily,2021
LN0001348,116496,Good,75-90,<=28,NY,Refinance,Investment,Condo,2021
LN0001349,97360,Good,60-75,28-36,NY,Purchase,SecondHome,SingleFamily,2018
LN0001350,86218,Excellent,75-90,>43,CA,Refinance,SecondHome,Townhouse,2018
LN0001351,479914,Fair,75-90,<=28,NY,Purchase,PrimaryResidence,SingleFamily,2020
LN0001352,65749,Fair,>90,28-36,OH,CashOut,Investment,SingleFamily,2019
LN0001353,361082,Good,75-90,<=28,FL,Purchase,PrimaryResidence,SingleFamily,2021
LN0001354,131869,Good,60-75,<=28,NY,Purchase,SecondHome,Townhouse,2021
LN0001355,359770,Poor,60-75,28-36,CA,Refinance,PrimaryResidence,MultiUnit,2019
LN0001356,66087,Excellent,60-75,<=28,FL,Refinance,PrimaryResidence,SingleFamily,2018
LN0001357,176743,Good,60-75,28-36,CA,Refinance,PrimaryResidence,Condo,2019
LN0001358,411272,Good,>90,>43,IL,Refinance,PrimaryResidence,SingleFamily,2020
LN0001359,283964,Fair,60-75,<=28,FL,Refinance,Investment,SingleFamily,2019
LN0001360,167940,Excellent,60-75,<=28,NV,CashOut,PrimaryResidence,SingleFamily,2019
LN0001361,75245,Fair,60-75,36-43,WA,Purchase,PrimaryResidence,MultiUnit,2019
LN0001362,102616,Good,75-90,28-36,NY,Refinance,PrimaryResidence,SingleFamily,2018
LN0001363,398145,Fair,60-75,>43,WA,CashOut,Investment,SingleFamily,2021
LN0001364,167021,Excellent,<=60,28-36,NV,Purchase,PrimaryResidence,SingleFamily,2022
LN0001365,191776,Good,>90,36-43,TX,Purchase,Investment,Townhouse,2022
LN0001366,229066,Good,60-75,>43,FL,Purchase,SecondHome,Townhouse,2022
LN0001367,103629,Excellent,60-75,<=28,WA,Refinance,PrimaryResidence,SingleFamily,2021
LN0001368,243688,Excellent,60-75,36-43,TX,Refinance,PrimaryResidence,Condo,2021
LN0001369,161166,Excellent,75-90,36-43,WA,Purchase,PrimaryResidence,Condo,2018
LN0001370,230233,Good,75-90,36-43,TX,Purchase,Investment,Townhouse,2019
LN0001371,148891,Excellent,>90,<=28,AZ,Purchase,PrimaryResidence,SingleFamily,2021
LN0001372,90530,Poor,<=60,28-36,OH,Purchase,SecondHome,SingleFamily,2022
LN0001373,160542,Good,>90,<=28,CA,Purchase,Investment,SingleFamily,2022
LN0001374,273864,Fair,75-90,>43,WA,Refinance,PrimaryResidence,Condo,2021
LN0001375,242081,Poor,60-75,<=28,FL,CashOut,PrimaryResidence,SingleFamily,2018
LN0001376,201887,Excellent,60-75,<=28,WA,Refinance,PrimaryResidence,SingleFamily,2022
LN0001377,311472,Fair,60-75,>43,WA,CashOut,PrimaryResidence,MultiUnit,2019
LN0001378,179548,Poor,>90,28-36,NV,CashOut,SecondHome,MultiUnit,2018
LN0001379,204462,Fair,60-75,28-36,TX,Refinance,PrimaryResidence,SingleFamily,2021
LN0001380,156391,Good,60-75,28-36,WA,Refinance,PrimaryResidence,SingleFamily,2018
LN0001381,320715,Good,75-90,36-43,NV,Refinance,PrimaryResidence,SingleFamily,2019
LN0001382,229983,Excellent,>90,<=28,TX,Refinance,SecondHome,SingleFamily,2021
LN0001383,150470,Good,75-90,28-36,FL,Purchase,PrimaryResidence,SingleFamily,2022
LN0001384,94417,Poor,75-90,28-36,OH,Purchase,PrimaryResidence,SingleFamily,2022
LN0001385,345407,Poor,<=60,28-36,TX,Refinance,PrimaryResidence,SingleFamily,2018
LN0001386,137031,Excellent,>90,28-36,FL,CashOut,SecondHome,Townhouse,2018
LN0001387,206082,Fair,60-75,<=28,NV,Refinance,PrimaryResidence,SingleFamily,2022
LN0001388,644544,Good,<=60,36-43,WA,Purchase,PrimaryResidence,SingleFamily,2019
LN0001389,296782,Poor,>90,<=28,CA,Refinance,SecondHome,SingleFamily,2018
LN0001390,444886,Excellent,60-75,28-36,AZ,Refinance,PrimaryResidence,MultiUnit,2020
LN0001391,151893,Poor,<=60,28-36,WA,Refinance,PrimaryResidence,SingleFamily,2021
LN0001392,339587,Fair,75-90,28-36,IL,Purchase,PrimaryResidence,SingleFamily,2022
LN0001393,201457,Excellent,60-75,36-43,NV,Purchase,PrimaryResidence,SingleFamily,2020
LN0001394,238710,Excellent,<=60,28-36,NY,Purchase,PrimaryResidence,SingleFamily,2021
LN0001395,546025,Fair,75-90,>43,NY,CashOut,PrimaryResidence,SingleFamily,2020
LN0001396,172936,Excellent,75-90,36-43,WA,Purchase,PrimaryResidence,Condo,2022
LN0001397,200712,Good,75-90,36-43,FL,CashOut,PrimaryResidence,SingleFamily,2020
LN0001398,126549,Poor,<=60,36-43,TX,Purchase,PrimaryResidence,Condo,2021
LN0001399,309971,Good,75-90,<=28,TX,CashOut,PrimaryResidence,SingleFamily,2022
LN0001400,150194,Good,75-90,>43,NY,Purchase,PrimaryResidence,Condo,2022
LN0001401,331490,Good,<=60,36-43,CA,Refinance,PrimaryResidence,Townhouse,2020
LN0001402,87120,Excellent,60-75,28-36,WA,Refinance,PrimaryResidence,SingleFamily,2020
LN0001403,261533,Poor,<=60,<=28,NV,Refinance,Investment,MultiUnit,2020
LN0001404,144084,Good,60-75,<=28,FL,Refinance,PrimaryResidence,SingleFamily,2018
LN0001405,286432,Excellent,<=60,36-43,CA,Purchase,SecondHome,Condo,2019
LN0001406,197446,Good,75-90,28-36,CA,Purchase,PrimaryResidence,SingleFamily,2021
LN0001407,152105,Poor,>90,36-43,TX,Purchase,PrimaryResidence,Townhouse,2018
LN0001408,163852,Excellent,60-75,28-36,WA,Refinance,PrimaryResidence,SingleFamily,2021
LN0001409,129937,Poor,75-90,28-36,IL,Refinance,PrimaryResidence,SingleFamily,2020
LN0001410,302214,Fair,60-75,<=28,IL,Purchase,Investment,SingleFamily,2020
LN0001411,117674,Fair,<=60,<=28,OH,Refinance,PrimaryResidence,SingleFamily,2022
LN0001412,173939,Poor,75-90,<=28,NY,Purchase,PrimaryResidence,Condo,2019
LN0001413,236243,Fair,60-75,36-43,GA,Purchase,PrimaryResidence,Condo,2021
LN0001414,445408,Poor,>90,28-36,NV,Purchase,PrimaryResidence,SingleFamily,2021
LN0001415,197867,Excellent,60-75,>43,TX,Refinance,PrimaryResidence,Condo,2022
LN0001416,176088,Fair,<=60,36-43,TX,Purchase,PrimaryResidence,SingleFamily,2022
LN0001417,227935,Good,60-75,36-43,FL,CashOut,Investment,Condo,2020
LN0001418,70492,Good,60-75,28-36,TX,Refinance,PrimaryResidence,SingleFamily,2019
LN0001419,109171,Poor,>90,36-43,AZ,Refinance,PrimaryResidence,SingleFamily,2021
LN0001420,164771,Poor,75-90,>43,AZ,Purchase,PrimaryResidence,SingleFamily,2022
LN0001421,139178,Fair,60-75,36-43,WA,Refinance,PrimaryResidence,SingleFamily,2019
LN0001422,89284,Good,60-75,<=28,TX,CashOut,PrimaryResidence,Condo,2019
LN0001423,305250,Good,75-90,36-43,AZ,Refinance,PrimaryResidence,Townhouse,2020
LN0001424,226359,Good,75-90,<=28,NV,Purchase,Investment,SingleFamily,2018
LN0001425,213231,Good,<=60,<=28,IL,Purchase,PrimaryResidence,SingleFamily,2019
LN0001426,140505,Good,<=60,36-43,GA,Purchase,PrimaryResidence,SingleFamily,2018
LN0001427,206839,Excellent,<=60,36-43,GA,Purchase,PrimaryResidence,Condo,2021
LN0001428,257101,Excellent,60-75,<=28,WA,Refinance,PrimaryResidence,SingleFamily,2020
LN0001429,174129,Fair,60-75,<=28,NY,Purchase,PrimaryResidence,Condo,2021
LN0001430,248273,Good,<=60,>43,FL,Refinance,PrimaryResidence,Condo,2018
LN0001431,133515,Poor,60-75,<=28,FL,Purchase,SecondHome,SingleFamily,2020
LN0001432,208718,Fair,60-75,<=28,NY,Refinance,PrimaryResidence,Townhouse,2021
LN0001433,351951,Excellent,<=60,36-43,OH,CashOut,Investment,SingleFamily,2021
LN0001434,368063,Excellent,>90,36-43,AZ,Purchase,Investment,Condo,2021
LN0001435,386077,Excellent,75-90,28-36,TX,Purchase,PrimaryResidence,SingleFamily,2018
LN0001436,229299,Poor,60-75,28-36,CA,Refinance,SecondHome,SingleFamily,2020
LN0001437,201956,Excellent,60-75,28-36,IL,Purchase,PrimaryResidence,SingleFamily,2020
LN0001438,158832,Good,60-75,<=28,OH,Refinance,PrimaryResidence,Condo,2022
LN0001439,80519,Poor,>90,36-43,WA,CashOut,PrimaryResidence,SingleFamily,2021
LN0001440,101473,Poor,75-90,36-43,AZ,Refinance,PrimaryResidence,MultiUnit,2022
LN0001441,182767,Excellent,60-75,28-36,OH,CashOut,PrimaryResidence,SingleFamily,2018
LN0001442,188312,Excellent,>90,28-36,OH,Purchase,SecondHome,SingleFamily,2020
LN0001443,402766,Excellent,75-90,28-36,WA,Purchase,PrimaryResidence,Condo,2021
LN0001444,383616,Excellent,75-90,<=28,CA,Purchase,PrimaryResidence,SingleFamily,2018
LN0001445,141034,Excellent,60-75,28-36,TX,Refinance,PrimaryResidence,SingleFamily,2021
LN0001446,299288,Good,<=60,<=28,OH,Purchase,Investment,SingleFamily,2019
LN0001447,156602,Poor,75-90,36-43,NY,Purchase,PrimaryResidence,SingleFamily,2018
LN0001448,279653,Good,60-75,28-36,OH,CashOut,PrimaryResidence,SingleFamily,2021
LN0001449,297452,Fair,75-90,36-43,NY,Purchase,PrimaryResidence,SingleFamily,2020
LN0001450,369921,Excellent,75-90,28-36,CA,Purchase,Investment,Condo,2020
LN0001451,155387,Fair,60-75,36-43,GA,Purchase,PrimaryResidence,MultiUnit,2019
LN0001452,330100,Fair,60-75,>43,AZ,Purchase,PrimaryResidence,SingleFamily,2021
LN0001453,77932,Poor,60-75,28-36,IL,Purchase,PrimaryResidence,Condo,2021
LN0001454,380068,Poor,60-75,<=28,TX,Purchase,PrimaryResidence,SingleFamily,2021
LN0001455,196318,Good,75-90,36-43,IL,Purchase,PrimaryResidence,SingleFamily,2021
LN0001456,198418,Excellent,75-90,<=28,NV,Refinance,SecondHome,SingleFamily,2021
LN0001457,71774,Excellent,60-75,<=28,NY,Purchase,PrimaryResidence,SingleFamily,2018
LN0001458,163679,Good,75-90,<=28,CA,Refinance,PrimaryResidence,SingleFamily,2018
LN0001459,391499,Poor,60-75,>43,OH,Refinance,Investment,SingleFamily,2022
LN0001460,160596,Good,75-90,<=28,FL,Refinance,PrimaryResidence,SingleFamily,2019
LN0001461,284000,Fair,60-75,28-36,CA,CashOut,PrimaryResidence,SingleFamily,2020
LN0001462,202253,Good,75-90,28-36,GA,Purchase,PrimaryResidence,SingleFamily,2019
LN0001463,338180,Excellent,75-90,36-43,NY,Purchase,PrimaryResidence,SingleFamily,2022
LN0001464,218764,Good,60-75,28-36,TX,Purchase,PrimaryResidence,SingleFamily,2022
LN0001465,124753,Fair,75-90,>43,CA,Purchase,PrimaryResidence,Condo,2020
LN0001466,204479,Fair,>90,36-43,TX,Refinance,PrimaryResidence,SingleFamily,2021
LN0001467,442682,Good,60-75,28-36,TX,Refinance,Investment,SingleFamily,2020
LN0001468,254949,Excellent,75-90,28-36,CA,Purchase,PrimaryResidence,SingleFamily,2021
LN0001469,187545,Fair,>90,36-43,NY,Purchase,PrimaryResidence,SingleFamily,2022
LN0001470,614074,Excellent,>90,36-43,AZ,CashOut,PrimaryResidence,Condo,2021
LN0001471,354905,Poor,60-75,28-36,NY,Refinance,SecondHome,Condo,2018
LN0001472,299050,Excellent,75-90,28-36,CA,Purchase,PrimaryResidence,SingleFamily,2020
LN0001473,232971,Excellent,>90,<=28,AZ,CashOut,PrimaryResidence,SingleFamily,2022
LN0001474,286397,Good,75-90,<=28,GA,Refinance,Investment,SingleFamily,2018
LN0001475,291083,Good,<=60,<=28,NV,Purchase,PrimaryResidence,MultiUnit,2019
LN0001476,66742,Good,<=60,<=28,WA,Purchase,SecondHome,Condo,2019
LN0001477,242187,Good,75-90,<=28,IL,Refinance,PrimaryResidence,SingleFamily,2021
LN0001478,183431,Poor,60-75,>43,WA,Purchase,SecondHome,Townhouse,2018
LN0001479,154834,Good,60-75,36-43,CA,CashOut,PrimaryResidence,SingleFamily,2021
LN0001480,180282,Good,60-75,36-43,NY,Refinance,Investment,Townhouse,2018
LN0001481,91315,Good,75-90,36-43,IL,Refinance,PrimaryResidence,SingleFamily,2022
LN0001482,80635,Excellent,60-75,36-43,FL,Refinance,PrimaryResidence,SingleFamily,2019
LN0001483,370738,Good,>90,<=28,AZ,CashOut,SecondHome,SingleFamily,2020
LN0001484,250466,Excellent,75-90,36-43,NV,Purchase,PrimaryResidence,SingleFamily,2021
LN0001485,59485,Fair,>90,28-36,IL,Purchase,PrimaryResidence,Condo,2019
LN0001486,149015,Excellent,>90,28-36,OH,Refinance,PrimaryResidence,SingleFamily,2018
LN0001487,308746,Poor,60-75,>43,FL,Purchase,PrimaryResidence,SingleFamily,2022
LN0001488,172817,Good,75-90,>43,NV,Refinance,PrimaryResidence,SingleFamily,2018
LN0001489,370460,Poor,<=60,<=28,OH,Refinance,PrimaryResidence,Townhouse,2020
LN0001490,336003,Good,>90,36-43,OH,Purchase,PrimaryResidence,Townhouse,2018
LN0001491,100875,Excellent,60-75,<=28,WA,Purchase,PrimaryResidence,SingleFamily,2021
LN0001492,185041,Fair,75-90,<=28,AZ,Refinance,PrimaryResidence,SingleFamily,2019
LN0001493,158888,Fair,75-90,<=28,WA,Purchase,PrimaryResidence,SingleFamily,2022
LN0001494,99248,Fair,<=60,<=28,NV,Purchase,PrimaryResidence,SingleFamily,2019
LN0001495,96072,Good,75-90,36-43,GA,Purchase,PrimaryResidence,Townhouse,2021
LN0001496,132851,Fair,<=60,28-36,IL,Purchase,PrimaryResidence,Condo,2018
LN0001497,144283,Poor,60-75,<=28,FL,Refinance,PrimaryResidence,Condo,2018
LN0001498,229031,Fair,60-75,>43,NV,CashOut,PrimaryResidence,SingleFamily,2019
LN0001499,335074,Good,60-75,28-36,CA,Refinance,PrimaryResidence,Condo,2022
LN0001500,256997,Fair,75-90,28-36,CA,Refinance,PrimaryResidence,Townhouse,2022
LN0001501,289290,Fair,>90,28-36,CA,Purchase,PrimaryResidence,Townhouse,2021
LN0001502,173979,Poor,60-75,28-36,TX,CashOut,PrimaryResidence,SingleFamily,2019
LN0001503,268740,Good,75-90,28-36,FL,CashOut,PrimaryResidence,SingleFamily,2019
LN0001504,184575,Good,>90,36-43,IL,Refinance,PrimaryResidence,Townhouse,2019
LN0001505,159414,Fair,75-90,>43,FL,Purchase,PrimaryResidence,SingleFamily,2019
LN0001506,513266,Good,<=60,28-36,IL,Purchase,PrimaryResidence,SingleFamily,2020
LN0001507,61992,Fair,>90,28-36,IL,Purchase,Investment,SingleFamily,2021
LN0001508,77912,Good,<=60,<=28,IL,Purchase,PrimaryResidence,SingleFamily,2019
LN0001509,240710,Excellent,75-90,>43,CA,Purchase,PrimaryResidence,MultiUnit,2018
LN0001510,174121,Fair,75-90,28-36,WA,CashOut,SecondHome,Townhouse,2020
LN0001511,96907,Excellent,75-90,28-36,FL,Purchase,PrimaryResidence,Townhouse,2019
LN0001512,117323,Excellent,<=60,>43,WA,Purchase,PrimaryResidence,SingleFamily,2020
LN0001513,125216,Fair,<=60,28-36,CA,CashOut,PrimaryResidence,Townhouse,2021
LN0001514,310571,Fair,75-90,<=28,AZ,CashOut,PrimaryResidence,SingleFamily,2022
LN0001515,364472,Poor,<=60,28-36,OH,Purchase,PrimaryResidence,SingleFamily,2020
LN0001516,451252,Good,60-75,28-36,NY,Purchase,PrimaryResidence,SingleFamily,2022
LN0001517,89813,Excellent,75-90,>43,NY,Refinance,PrimaryResidence,Condo,2019
LN0001518,100351,Poor,75-90,28-36,NY,CashOut,Investment,Townhouse,2021
LN0001519,96972,Excellent,60-75,<=28,NV,Refinance,PrimaryResidence,MultiUnit,2022
LN0001520,378673,Excellent,60-75,28-36,OH,Purchase,SecondHome,Townhouse,2019
LN0001521,244901,Good,>90,28-36,IL,Refinance,PrimaryResidence,SingleFamily,2021
LN0001522,206922,Good,60-75,<=28,GA,Refinance,PrimaryResidence,Condo,2020
LN0001523,222974,Poor,<=60,>43,CA,Purchase,SecondHome,SingleFamily,2022
LN0001524,193225,Fair,60-75,<=28,AZ,Purchase,PrimaryResidence,Condo,2019
LN0001525,113485,Fair,60-75,>43,WA,CashOut,PrimaryResidence,Condo,2022
LN0001526,256937,Excellent,>90,36-43,NY,Refinance,PrimaryResidence,SingleFamily,2021
LN0001527,181122,Good,60-75,<=28,GA,Purchase,PrimaryResidence,SingleFamily,2021
LN0001528,109080,Good,<=60,36-43,CA,Refinance,SecondHome,SingleFamily,2018
LN0001529,264909,Excellent,60-75,36-43,IL,Refinance,PrimaryResidence,MultiUnit,2018
LN0001530,160669,Good,<=60,36-43,NV,Purchase,SecondHome,SingleFamily,2021
LN0001531,222735,Good,60-75,28-36,OH,Purchase,PrimaryResidence,SingleFamily,2020
LN0001532,186747,Excellent,>90,<=28,CA,Purchase,SecondHome,Townhouse,2019
LN0001533,310422,Good,75-90,<=28,WA,CashOut,PrimaryResidence,SingleFamily,2022
LN0001534,221922,Fair,<=60,36-43,GA,Purchase,PrimaryResidence,SingleFamily,2020
LN0001535,127790,Excellent,60-75,<=28,WA,Refinance,SecondHome,Condo,2020
LN0001536,233515,Good,<=60,<=28,NY,Refinance,PrimaryResidence,SingleFamily,2019
LN0001537,237362,Fair,<=60,28-36,GA,CashOut,PrimaryResidence,SingleFamily,2022
LN0001538,256700,Fair,75-90,<=28,IL,CashOut,SecondHome,Condo,2019
LN0001539,333679,Fair,60-75,36-43,NV,CashOut,PrimaryResidence,SingleFamily,2019
LN0001540,146094,Good,75-90,36-43,AZ,CashOut,PrimaryResidence,SingleFamily,2021
LN0001541,277608,Fair,>90,36-43,NV,Purchase,PrimaryResidence,SingleFamily,2018
LN0001542,83917,Excellent,60-75,<=28,IL,Purchase,Investment,MultiUnit,2020
LN0001543,187213,Good,>90,28-36,GA,Purchase,PrimaryResidence,SingleFamily,2020
LN0001544,173281,Excellent,60-75,36-43,TX,Refinance,PrimaryResidence,MultiUnit,2019
LN0001545,410004,Good,60-75,28-36,OH,Purchase,PrimaryResidence,Condo,2021
LN0001546,183842,Good,75-90,36-43,OH,Purchase,PrimaryResidence,SingleFamily,2018
LN0001547,269411,Excellent,<=60,28-36,OH,Purchase,PrimaryResidence,SingleFamily,2022
LN0001548,82381,Fair,75-90,28-36,CA,Refinance,Investment,SingleFamily,2022
LN0001549,166728,Good,75-90,28-36,IL,Purchase,SecondHome,Condo,2018
LN0001550,130199,Good,60-75,36-43,FL,Purchase,Investment,SingleFamily,2020
LN0001551,685398,Excellent,>90,<=28,NV,Refinance,PrimaryResidence,Condo,2018
LN0001552,142429,Good,60-75,>43,WA,Refinance,PrimaryResidence,Condo,2021
LN0001553,206207,Good,75-90,28-36,GA,CashOut,PrimaryResidence,SingleFamily,2019
LN0001554,211776,Good,<=60,<=28,IL,Refinance,PrimaryResidence,MultiUnit,2020
LN0001555,89792,Excellent,<=60,36-43,TX,Refinance,PrimaryResidence,SingleFamily,2022
LN0001556,152814,Fair,60-75,28-36,GA,Purchase,PrimaryResidence,Condo,2021
LN0001557,243380,Poor,>90,<=28,GA,Purchase,PrimaryResidence,SingleFamily,2022
LN0001558,207494,Good,<=60,>43,NY,Refinance,PrimaryResidence,SingleFamily,2021
LN0001559,62931,Fair,>90,36-43,GA,Purchase,PrimaryResidence,Condo,2020
LN0001560,149717,Poor,60-75,28-36,NY,Refinance,PrimaryResidence,SingleFamily,2018
LN0001561,331177,Poor,60-75,36-43,GA,CashOut,Investment,MultiUnit,2018
LN0001562,266761,Fair,60-75,28-36,NY,Purchase,PrimaryResidence,Condo,2020
LN0001563,365498,Poor,<=60,28-36,OH,Refinance,PrimaryResidence,Condo,2020
LN0001564,121440,Poor,>90,<=28,AZ,Purchase,PrimaryResidence,SingleFamily,2020
LN0001565,377175,Fair,60-75,<=28,IL,Purchase,PrimaryResidence,Townhouse,2022
LN0001566,194424,Good,75-90,28-36,CA,Purchase,PrimaryResidence,Townhouse,2018
LN0001567,440696,Excellent,75-90,28-36,GA,Refinance,Investment,SingleFamily,2021
LN0001568,199117,Excellent,60-75,36-43,NV,CashOut,SecondHome,SingleFamily,2021
LN0001569,71414,Good,75-90,28-36,OH,Purchase,PrimaryResidence,Townhouse,2021
LN0001570,303952,Good,>90,28-36,NY,Refinance,PrimaryResidence,SingleFamily,2019
LN0001571,159252,Good,75-90,36-43,WA,Purchase,PrimaryResidence,SingleFamily,2020
LN0001572,164700,Good,60-75,>43,NY,Purchase,Investment,Townhouse,2018
LN0001573,96129,Good,75-90,28-36,OH,Refinance,PrimaryResidence,SingleFamily,2018
LN0001574,447351,Fair,75-90,>43,OH,Refinance,PrimaryResidence,Townhouse,2022
LN0001575,153192,Excellent,60-75,36-43,GA,Refinance,Investment,SingleFamily,2021
LN0001576,436925,Excellent,75-90,<=28,NY,CashOut,PrimaryResidence,SingleFamily,2022
LN0001577,160232,Fair,60-75,28-36,TX,Purchase,PrimaryResidence,SingleFamily,2021
LN0001578,125007,Fair,75-90,<=28,GA,Refinance,PrimaryResidence,SingleFamily,2019
LN0001579,384525,Poor,>90,36-43,NY,Purchase,PrimaryResidence,Townhouse,2022
LN0001580,191632,Poor,>90,28-36,NV,Refinance,PrimaryResidence,Condo,2021
LN0001581,192569,Poor,75-90,28-36,CA,Purchase,PrimaryResidence,Townhouse,2018
LN0001582,104734,Good,75-90,36-43,AZ,Purchase,PrimaryResidence,SingleFamily,2018
LN0001583,158132,Good,75-90,28-36,OH,Refinance,PrimaryResidence,Townhouse,2021
LN0001584,246310,Good,<=60,28-36,WA,Purchase,PrimaryResidence,Condo,2021
LN0001585,103819,Fair,60-75,>43,NV,Refinance,PrimaryResidence,SingleFamily,2018
LN0001586,151820,Poor,60-75,>43,OH,CashOut,PrimaryResidence,SingleFamily,2020
LN0001587,161099,Good,<=60,36-43,CA,Purchase,PrimaryResidence,SingleFamily,2022
LN0001588,205503,Good,>90,<=28,NY,Refinance,PrimaryResidence,SingleFamily,2021
LN0001589,416557,Good,>90,<=28,AZ,CashOut,PrimaryResidence,Townhouse,2022
LN0001590,171103,Excellent,60-75,<=28,OH,Refinance,PrimaryResidence,Townhouse,2019
LN0001591,140751,Excellent,60-75,28-36,TX,Purchase,PrimaryResidence,SingleFamily,2018
LN0001592,784800,Excellent,75-90,<=28,TX,Refinance,PrimaryResidence,SingleFamily,2019
LN0001593,160076,Poor,60-75,>43,NV,Refinance,SecondHome,SingleFamily,2021
LN0001594,180713,Good,75-90,36-43,CA,Refinance,PrimaryResidence,MultiUnit,2022
LN0001595,166221,Fair,>90,28-36,NV,Refinance,PrimaryResidence,Condo,2021
LN0001596,173098,Fair,60-75,28-36,WA,Purchase,PrimaryResidence,SingleFamily,2018
LN0001597,206669,Excellent,60-75,28-36,AZ,Refinance,PrimaryResidence,SingleFamily,2020
LN0001598,315022,Excellent,60-75,28-36,FL,Purchase,PrimaryResidence,Townhouse,2018
LN0001599,243286,Fair,<=60,36-43,NY,CashOut,PrimaryResidence,SingleFamily,2021
LN0001600,340628,Good,60-75,<=28,OH,Refinance,PrimaryResidence,SingleFamily,2020
LN0001601,335043,Poor,<=60,36-43,TX,CashOut,PrimaryResidence,Condo,2020
LN0001602,220637,Excellent,<=60,<=28,TX,Purchase,PrimaryResidence,Townhouse,2020
LN0001603,239942,Fair,60-75,28-36,GA,Purchase,Investment,Condo,2021
LN0001604,346060,Fair,<=60,>43,CA,Purchase,PrimaryResidence,MultiUnit,2018
LN0001605,114050,Excellent,75-90,<=28,NV,Purchase,PrimaryResidence,MultiUnit,2022
LN0001606,693222,Good,<=60,<=28,GA,Purchase,PrimaryResidence,SingleFamily,2020
LN0001607,153846,Poor,>90,36-43,OH,Refinance,PrimaryResidence,Condo,2020
LN0001608,166794,Good,60-75,28-36,WA,Purchase,SecondHome,MultiUnit,2019
LN0001609,108450,Good,<=60,<=28,GA,CashOut,PrimaryResidence,SingleFamily,2018
LN0001610,110075,Good,<=60,<=28,NV,Purchase,PrimaryResidence,Condo,2021
LN0001611,323520,Good,75-90,<=28,CA,Purchase,PrimaryResidence,SingleFamily,2019
LN0001612,618527,Fair,60-75,28-36,FL,Refinance,Investment,MultiUnit,2022
LN0001613,149698,Fair,60-75,<=28,GA,Purchase,PrimaryResidence,SingleFamily,2021
LN0001614,236489,Good,<=60,36-43,TX,Refinance,PrimaryResidence,SingleFamily,2020
LN0001615,221922,Fair,>90,>43,FL,Refinance,PrimaryResidence,Condo,2018
LN0001616,327787,Excellent,<=60,<=28,CA,Refinance,PrimaryResidence,SingleFamily,2020
LN0001617,602809,Excellent,60-75,28-36,CA,Refinance,PrimaryResidence,SingleFamily,2022
LN0001618,425273,Good,>90,<=28,IL,Refinance,PrimaryResidence,SingleFamily,2020
LN0001619,176428,Poor,60-75,28-36,GA,CashOut,Investment,MultiUnit,2021
LN0001620,258948,Excellent,60-75,<=28,TX,Purchase,PrimaryResidence,Townhouse,2018
LN0001621,272128,Excellent,75-90,36-43,NV,Purchase,PrimaryResidence,Condo,2020
LN0001622,196802,Good,60-75,28-36,OH,Refinance,Investment,SingleFamily,2021
LN0001623,114924,Fair,<=60,28-36,GA,Purchase,PrimaryResidence,Condo,2020
LN0001624,133333,Excellent,60-75,36-43,CA,Refinance,PrimaryResidence,Condo,2022
LN0001625,352948,Good,<=60,36-43,WA,Refinance,PrimaryResidence,SingleFamily,2020
LN0001626,371629,Fair,>90,28-36,NV,Purchase,SecondHome,SingleFamily,2022
LN0001627,179192,Good,75-90,<=28,FL,Purchase,PrimaryResidence,SingleFamily,2021
LN0001628,226506,Excellent,75-90,>43,WA,Refinance,PrimaryResidence,SingleFamily,2022
LN0001629,361722,Excellent,60-75,28-36,WA,Purchase,PrimaryResidence,Condo,2020
LN0001630,84784,Good,75-90,36-43,GA,Purchase,PrimaryResidence,SingleFamily,2020
LN0001631,159026,Good,75-90,36-43,NV,Refinance,Investment,SingleFamily,2019
LN0001632,545215,Poor,<=60,28-36,TX,Refinance,PrimaryResidence,SingleFamily,2021
LN0001633,230880,Fair,>90,<=28,CA,Refinance,PrimaryResidence,Condo,2022
LN0001634,113028,Fair,75-90,<=28,CA,Purchase,PrimaryResidence,SingleFamily,2018
LN0001635,210794,Poor,75-90,28-36,FL,Purchase,PrimaryResidence,SingleFamily,2022
LN0001636,331279,Good,60-75,28-36,NY,Refinance,SecondHome,SingleFamily,2022
LN0001637,55644,Good,<=60,36-43,AZ,Purchase,PrimaryResidence,SingleFamily,2021
LN0001638,217106,Poor,75-90,36-43,WA,CashOut,PrimaryResidence,SingleFamily,2020
LN0001639,165015,Excellent,75-90,>43,OH,Refinance,PrimaryResidence,SingleFamily,2022
LN0001640,87465,Fair,60-75,>43,WA,Purchase,Investment,SingleFamily,2019
LN0001641,207101,Fair,<=60,36-43,NV,Refinance,PrimaryResidence,SingleFamily,2021
LN0001642,185676,Excellent,75-90,<=28,NY,CashOut,PrimaryResidence,SingleFamily,2022
LN0001643,196409,Good,60-75,28-36,GA,CashOut,PrimaryResidence,SingleFamily,2022
LN0001644,167020,Excellent,60-75,36-43,FL,Refinance,SecondHome,Condo,2020
LN0001645,119292,Excellent,75-90,28-36,FL,Purchase,Investment,SingleFamily,2019
LN0001646,96047,Good,<=60,<=28,NV,Refinance,PrimaryResidence,Condo,2022
LN0001647,140737,Good,<=60,28-36,CA,Refinance,PrimaryResidence,SingleFamily,2021
LN0001648,305475,Fair,<=60,28-36,FL,Refinance,PrimaryResidence,MultiUnit,2021
LN0001649,223358,Poor,>90,28-36,NY,Purchase,PrimaryResidence,SingleFamily,2021
LN0001650,192031,Fair,60-75,36-43,TX,CashOut,PrimaryResidence,Condo,2022
LN0001651,118197,Good,75-90,28-36,OH,Refinance,PrimaryResidence,SingleFamily,2020
LN0001652,164891,Good,>90,28-36,NY,Purchase,PrimaryResidence,SingleFamily,2020
LN0001653,287385,Good,75-90,28-36,IL,Purchase,PrimaryResidence,Condo,2022
LN0001654,255861,Excellent,60-75,28-36,NY,Purchase,PrimaryResidence,SingleFamily,2020
LN0001655,156592,Poor,60-75,<=28,AZ,Purchase,PrimaryResidence,SingleFamily,2019
LN0001656,53868,Good,60-75,28-36,IL,Purchase,Investment,SingleFamily,2021
LN0001657,141857,Excellent,75-90,28-36,OH,Refinance,PrimaryResidence,Townhouse,2019
LN0001658,156162,Fair,>90,36-43,GA,Purchase,PrimaryResidence,Townhouse,2018
LN0001659,126304,Good,75-90,<=28,NV,Purchase,SecondHome,Condo,2019
LN0001660,161686,Excellent,60-75,>43,GA,Purchase,SecondHome,SingleFamily,2018
LN0001661,299022,Excellent,60-75,36-43,NV,Purchase,SecondHome,SingleFamily,2022
LN0001662,195116,Fair,>90,28-36,GA,Purchase,SecondHome,MultiUnit,2022
LN0001663,326063,Fair,<=60,28-36,CA,Purchase,PrimaryResidence,SingleFamily,2019
LN0001664,93509,Excellent,75-90,28-36,TX,Refinance,PrimaryResidence,SingleFamily,2022
LN0001665,170666,Poor,60-75,36-43,OH,Purchase,SecondHome,MultiUnit,2021
LN0001666,75394,Poor,75-90,36-43,CA,Refinance,PrimaryResidence,SingleFamily,2022
LN0001667,160606,Fair,75-90,36-43,TX,Purchase,PrimaryResidence,MultiUnit,2018
LN0001668,117850,Excellent,60-75,>43,OH,Purchase,PrimaryResidence,Condo,2018
LN0001669,377236,Excellent,<=60,28-36,NY,Purchase,PrimaryResidence,MultiUnit,2022
LN0001670,243983,Poor,75-90,36-43,FL,Purchase,PrimaryResidence,Condo,2019
LN0001671,330187,Good,60-75,28-36,TX,Refinance,PrimaryResidence,SingleFamily,2020
LN0001672,160383,Fair,60-75,36-43,NY,Refinance,PrimaryResidence,Condo,2022
LN0001673,119388,Fair,60-75,28-36,AZ,Refinance,PrimaryResidence,MultiUnit,2019
LN0001674,117502,Excellent,60-75,36-43,IL,Purchase,PrimaryResidence,Condo,2018
LN0001675,227003,Fair,75-90,<=28,NV,Purchase,PrimaryResidence,MultiUnit,2021
LN0001676,491432,Poor,<=60,<=28,OH,CashOut,Investment,Townhouse,2020
LN0001677,244309,Fair,60-75,28-36,FL,Purchase,PrimaryResidence,Condo,2018
LN0001678,164821,Good,>90,>43,TX,Purchase,PrimaryResidence,Townhouse,2019
LN0001679,180884,Poor,<=60,28-36,NV,Purchase,PrimaryResidence,SingleFamily,2020
LN0001680,195702,Good,60-75,28-36,NV,CashOut,PrimaryResidence,Townhouse,2022
LN0001681,547611,Fair,75-90,28-36,TX,CashOut,PrimaryResidence,Townhouse,2019
LN0001682,368355,Fair,>90,28-36,NY,Purchase,PrimaryResidence,SingleFamily,2020
LN0001683,226382,Fair,75-90,>43,OH,Purchase,SecondHome,SingleFamily,2018
LN0001684,210000,Good,75-90,>43,NV,Refinance,PrimaryResidence,SingleFamily,2019
LN0001685,230885,Excellent,60-75,36-43,NV,Purchase,PrimaryResidence,MultiUnit,2019
LN0001686,254520,Excellent,60-75,36-43,FL,Purchase,PrimaryResidence,SingleFamily,2020
LN0001687,161684,Good,>90,<=28,AZ,Purchase,Investment,SingleFamily,2021
LN0001688,130347,Good,>90,28-36,OH,Purchase,SecondHome,SingleFamily,2018
LN0001689,333070,Good,75-90,28-36,IL,Purchase,PrimaryResidence,SingleFamily,2018
LN0001690,200986,Good,60-75,36-43,NY,Refinance,Investment,Townhouse,2021
LN0001691,319452,Fair,60-75,<=28,AZ,Refinance,PrimaryResidence,SingleFamily,2019
LN0001692,452742,Poor,<=60,36-43,AZ,Refinance,PrimaryResidence,SingleFamily,2021
LN0001693,257894,Excellent,>90,<=28,NV,Purchase,SecondHome,MultiUnit,2018
LN0001694,237821,Fair,75-90,28-36,IL,Purchase,SecondHome,SingleFamily,2021
LN0001695,984728,Fair,60-75,28-36,FL,CashOut,PrimaryResidence,SingleFamily,2022
LN0001696,220468,Good,60-75,36-43,AZ,Purchase,PrimaryResidence,SingleFamily,2020
LN0001697,115234,Excellent,60-75,36-43,NY,Purchase,PrimaryResidence,Townhouse,2020
LN0001698,172713,Fair,<=60,28-36,OH,Purchase,PrimaryResidence,MultiUnit,2019
LN0001699,431853,Poor,75-90,36-43,WA,Purchase,SecondHome,Condo,2019
LN0001700,104080,Fair,75-90,36-43,WA,Purchase,PrimaryResidence,SingleFamily,2018
LN0001701,136457,Poor,60-75,28-36,FL,Purchase,PrimaryResidence,SingleFamily,2020
LN0001702,345660,Poor,75-90,36-43,FL,Refinance,PrimaryResidence,SingleFamily,2022
LN0001703,173544,Good,>90,<=28,GA,Purchase,PrimaryResidence,SingleFamily,2018
LN0001704,188127,Fair,<=60,28-36,FL,Refinance,PrimaryResidence,SingleFamily,2020
LN0001705,339995,Good,60-75,<=28,GA,Refinance,PrimaryResidence,SingleFamily,2022
LN0001706,138911,Poor,60-75,28-36,NV,Purchase,PrimaryResidence,Townhouse,2020
LN0001707,95387,Excellent,<=60,28-36,CA,Refinance,PrimaryResidence,Condo,2021
LN0001708,99265,Good,60-75,<=28,NV,CashOut,PrimaryResidence,SingleFamily,2019
LN0001709,265903,Poor,75-90,28-36,TX,Purchase,Investment,Townhouse,2021
LN0001710,226288,Good,<=60,36-43,TX,Refinance,PrimaryResidence,SingleFamily,2022
LN0001711,140605,Fair,<=60,36-43,AZ,Refinance,PrimaryResidence,Condo,2020
LN0001712,111368,Good,>90,<=28,FL,Refinance,Investment,SingleFamily,2021
LN0001713,173635,Poor,60-75,<=28,GA,Purchase,PrimaryResidence,Townhouse,2021
LN0001714,347409,Poor,75-90,28-36,TX,Purchase,PrimaryResidence,SingleFamily,2018
LN0001715,130887,Good,75-90,36-43,CA,Purchase,PrimaryResidence,Townhouse,2018
LN0001716,142722,Fair,75-90,>43,FL,Purchase,PrimaryResidence,Condo,2021
LN0001717,109616,Good,75-90,28-36,WA,Purchase,PrimaryResidence,SingleFamily,2019
LN0001718,165428,Fair,75-90,36-43,FL,CashOut,Investment,SingleFamily,2020
LN0001719,235399,Fair,75-90,28-36,FL,Purchase,PrimaryResidence,MultiUnit,2020
LN0001720,572394,Fair,60-75,>43,AZ,Purchase,PrimaryResidence,SingleFamily,2021
LN0001721,221657,Excellent,60-75,<=28,TX,Purchase,SecondHome,SingleFamily,2022
LN0001722,193524,Excellent,60-75,28-36,CA,Purchase,PrimaryResidence,Condo,2022
LN0001723,306039,Fair,60-75,28-36,TX,Refinance,PrimaryResidence,SingleFamily,2018
LN0001724,281561,Good,<=60,28-36,AZ,Refinance,PrimaryResidence,SingleFamily,2021
LN0001725,148920,Good,60-75,<=28,IL,Purchase,PrimaryResidence,SingleFamily,2021
LN0001726,628461,Excellent,60-75,<=28,NV,Purchase,PrimaryResidence,SingleFamily,2022
LN0001727,196380,Good,<=60,28-36,AZ,Purchase,PrimaryResidence,SingleFamily,2020
LN0001728,223728,Poor,60-75,36-43,FL,CashOut,SecondHome,SingleFamily,2020
LN0001729,261888,Excellent,75-90,36-43,OH,Purchase,Investment,Townhouse,2020
LN0001730,236318,Good,75-90,<=28,IL,Purchase,SecondHome,SingleFamily,2019
LN0001731,426214,Poor,75-90,>43,WA,Purchase,PrimaryResidence,Condo,2019
LN0001732,148011,Excellent,60-75,28-36,WA,Purchase,PrimaryResidence,Condo,2021
LN0001733,294104,Fair,>90,>43,OH,Purchase,PrimaryResidence,Condo,2018
LN0001734,215838,Good,75-90,<=28,FL,CashOut,PrimaryResidence,SingleFamily,2021
LN0001735,324928,Poor,<=60,36-43,CA,Purchase,PrimaryResidence,SingleFamily,2022
LN0001736,178529,Fair,>90,>43,OH,Purchase,PrimaryResidence,SingleFamily,2019
LN0001737,166840,Poor,<=60,36-43,NV,Purchase,PrimaryResidence,Condo,2019
LN0001738,286655,Excellent,75-90,36-43,WA,Purchase,PrimaryResidence,Condo,2020
LN0001739,237755,Good,75-90,28-36,TX,CashOut,PrimaryResidence,SingleFamily,2022
LN0001740,131907,Fair,60-75,36-43,TX,Refinance,Investment,Condo,2018
LN0001741,389572,Excellent,75-90,28-36,WA,CashOut,PrimaryResidence,SingleFamily,2020
LN0001742,286718,Excellent,60-75,28-36,AZ,CashOut,PrimaryResidence,SingleFamily,2019
LN0001743,191548,Excellent,<=60,>43,GA,Refinance,PrimaryResidence,SingleFamily,2022
LN0001744,157295,Poor,<=60,28-36,NY,Refinance,PrimaryResidence,SingleFamily,2022
LN0001745,238485,Fair,<=60,28-36,GA,Refinance,PrimaryResidence,Townhouse,2018
LN0001746,276576,Fair,<=60,>43,TX,Refinance,PrimaryResidence,Condo,2018
LN0001747,89586,Fair,75-90,28-36,IL,Refinance,PrimaryResidence,SingleFamily,2018
LN0001748,239867,Good,60-75,<=28,NV,Refinance,PrimaryResidence,SingleFamily,2022
LN0001749,275481,Good,60-75,28-36,GA,Purchase,PrimaryResidence,Condo,2022
LN0001750,61314,Good,75-90,36-43,TX,Refinance,PrimaryResidence,MultiUnit,2019
LN0001751,219277,Fair,<=60,>43,FL,Purchase,PrimaryResidence,SingleFamily,2018
LN0001752,281335,Excellent,60-75,<=28,CA,Refinance,PrimaryResidence,SingleFamily,2021
LN0001753,265783,Poor,75-90,36-43,IL,Refinance,PrimaryResidence,Condo,2022
LN0001754,296921,Fair,>90,28-36,FL,Refinance,PrimaryResidence,SingleFamily,2022
LN0001755,168757,Good,60-75,36-43,NV,Refinance,PrimaryResidence,SingleFamily,2020
LN0001756,118189,Good,<=60,36-43,NY,Refinance,PrimaryResidence,SingleFamily,2021
LN0001757,80831,Excellent,75-90,>43,CA,Refinance,Investment,SingleFamily,2022
LN0001758,343214,Poor,>90,28-36,IL,Purchase,Investment,SingleFamily,2022
LN0001759,282527,Poor,60-75,28-36,OH,Purchase,SecondHome,SingleFamily,2020
LN0001760,356555,Poor,60-75,28-36,GA,Purchase,PrimaryResidence,SingleFamily,2019
LN0001761,138334,Good,<=60,28-36,NV,Purchase,PrimaryResidence,SingleFamily,2019
LN0001762,297127,Excellent,75-90,28-36,NY,Purchase,PrimaryResidence,Townhouse,2019
LN0001763,93775,Excellent,>90,<=28,WA,Refinance,PrimaryResidence,SingleFamily,2022
LN0001764,128701,Excellent,75-90,<=28,WA,Refinance,PrimaryResidence,SingleFamily,2021
LN0001765,211713,Excellent,60-75,>43,CA,Purchase,Investment,MultiUnit,2022
LN0001766,276953,Excellent,75-90,<=28,CA,CashOut,SecondHome,Townhouse,2021
LN0001767,460241,Poor,75-90,28-36,OH,Purchase,PrimaryResidence,MultiUnit,2020
LN0001768,176304,Excellent,60-75,36-43,NY,Refinance,PrimaryResidence,SingleFamily,2021
LN0001769,128942,Excellent,75-90,<=28,GA,Purchase,SecondHome,Condo,2021
LN0001770,125671,Fair,60-75,<=28,NV,Refinance,Investment,Condo,2021
LN0001771,140938,Good,60-75,28-36,FL,Purchase,PrimaryResidence,Condo,2019
LN0001772,603507,Fair,75-90,28-36,OH,Purchase,PrimaryResidence,SingleFamily,2019
LN0001773,290232,Fair,60-75,28-36,FL,Purchase,PrimaryResidence,SingleFamily,2018
LN0001774,346717,Poor,>90,36-43,OH,Refinance,PrimaryResidence,SingleFamily,2019
LN0001775,176399,Fair,60-75,<=28,TX,CashOut,PrimaryResidence,Condo,2022
LN0001776,198625,Good,60-75,<=28,NY,Refinance,PrimaryResidence,SingleFamily,2022
LN0001777,281991,Fair,60-75,<=28,IL,Refinance,PrimaryResidence,SingleFamily,2018
LN0001778,154368,Good,60-75,28-36,IL,Purchase,PrimaryResidence,Condo,2020
LN0001779,171844,Good,60-75,28-36,CA,Refinance,SecondHome,MultiUnit,2022
LN0001780,141867,Good,75-90,>43,AZ,Refinance,PrimaryResidence,Townhouse,2021
LN0001781,158935,Excellent,60-75,<=28,CA,Purchase,PrimaryResidence,Condo,2021
LN0001782,203717,Fair,60-75,28-36,AZ,Purchase,PrimaryResidence,SingleFamily,2020
LN0001783,131813,Good,75-90,28-36,FL,Purchase,SecondHome,MultiUnit,2019
LN0001784,229346,Excellent,<=60,36-43,OH,Purchase,PrimaryResidence,SingleFamily,2022
LN0001785,229186,Excellent,75-90,36-43,OH,Purchase,PrimaryResidence,SingleFamily,2018
LN0001786,181747,Fair,60-75,<=28,IL,Refinance,PrimaryResidence,SingleFamily,2022
LN0001787,131435,Good,60-75,36-43,WA,Refinance,PrimaryResidence,Condo,2022
LN0001788,209500,Fair,75-90,28-36,CA,Purchase,Investment,SingleFamily,2019
LN0001789,154437,Poor,75-90,36-43,NV,CashOut,PrimaryResidence,SingleFamily,2020
LN0001790,203474,Excellent,75-90,<=28,TX,Refinance,PrimaryResidence,SingleFamily,2022
LN0001791,344229,Fair,60-75,36-43,GA,Refinance,PrimaryResidence,Condo,2020
LN0001792,106247,Good,60-75,36-43,CA,CashOut,PrimaryResidence,Condo,2019
LN0001793,589330,Excellent,75-90,36-43,OH,CashOut,PrimaryResidence,SingleFamily,2018
LN0001794,191709,Fair,75-90,<=28,NY,Purchase,PrimaryResidence,SingleFamily,2020
LN0001795,244243,Poor,75-90,36-43,IL,CashOut,SecondHome,MultiUnit,2019
LN0001796,136437,Good,75-90,36-43,CA,Purchase,PrimaryResidence,SingleFamily,2022
LN0001797,351901,Good,75-90,28-36,FL,Purchase,PrimaryResidence,SingleFamily,2022
LN0001798,186686,Good,<=60,28-36,IL,Purchase,Investment,SingleFamily,2019
LN0001799,163234,Good,75-90,<=28,OH,Refinance,PrimaryResidence,Condo,2019
LN0001800,149080,Fair,<=60,28-36,WA,CashOut,SecondHome,Condo,2019
LN0001801,173816,Fair,60-75,36-43,FL,Purchase,PrimaryResidence,SingleFamily,2020
LN0001802,245039,Fair,75-90,28-36,WA,Refinance,PrimaryResidence,MultiUnit,2021
LN0001803,216729,Excellent,60-75,36-43,FL,Purchase,Investment,SingleFamily,2018
LN0001804,194866,Fair,60-75,36-43,WA,Refinance,PrimaryResidence,Townhouse,2022
LN0001805,139286,Fair,>90,36-43,WA,Purchase,PrimaryResidence,SingleFamily,2021
LN0001806,135322,Fair,75-90,36-43,FL,Refinance,PrimaryResidence,SingleFamily,2018
LN0001807,157875,Excellent,60-75,36-43,FL,Refinance,PrimaryResidence,SingleFamily,2019
LN0001808,250230,Good,>90,28-36,WA,Purchase,PrimaryResidence,SingleFamily,2021
LN0001809,276821,Good,60-75,<=28,WA,CashOut,PrimaryResidence,SingleFamily,2020
LN0001810,296120,Excellent,75-90,36-43,NV,CashOut,Investment,MultiUnit,2020
LN0001811,198643,Excellent,<=60,>43,IL,Purchase,PrimaryResidence,MultiUnit,2018
LN0001812,240814,Good,60-75,28-36,IL,Refinance,PrimaryResidence,SingleFamily,2020
LN0001813,182731,Fair,60-75,>43,IL,Refinance,PrimaryResidence,MultiUnit,2021
LN0001814,83187,Excellent,<=60,>43,AZ,Purchase,PrimaryResidence,MultiUnit,2021
LN0001815,178445,Fair,60-75,28-36,NY,Purchase,PrimaryResidence,Townhouse,2020
LN0001816,164775,Good,<=60,36-43,NY,Refinance,PrimaryResidence,SingleFamily,2020
LN0001817,118240,Fair,75-90,36-43,NY,Refinance,PrimaryResidence,SingleFamily,2019
LN0001818,149687,Good,<=60,<=28,GA,Refinance,SecondHome,Townhouse,2021
LN0001819,212680,Good,<=60,<=28,GA,Refinance,Investment,SingleFamily,2021
LN0001820,112800,Fair,>90,28-36,IL,Refinance,SecondHome,SingleFamily,2021
LN0001821,139330,Poor,75-90,36-43,FL,Purchase,PrimaryResidence,SingleFamily,2021
LN0001822,431037,Good,>90,28-36,GA,Purchase,PrimaryResidence,SingleFamily,2022
LN0001823,89200,Good,60-75,36-43,FL,Purchase,PrimaryResidence,SingleFamily,2022
LN0001824,181390,Fair,<=60,36-43,AZ,Purchase,PrimaryResidence,SingleFamily,2022
LN0001825,110951,Fair,75-90,36-43,GA,Refinance,PrimaryResidence,SingleFamily,2019
LN0001826,136513,Excellent,75-90,28-36,IL,Refinance,PrimaryResidence,SingleFamily,2018
LN0001827,180075,Good,<=60,28-36,FL,Purchase,PrimaryResidence,SingleFamily,2018
LN0001828,121323,Good,>90,<=28,OH,Refinance,PrimaryResidence,SingleFamily,2021
LN0001829,264862,Poor,75-90,<=28,GA,Purchase,PrimaryResidence,SingleFamily,2022
LN0001830,390653,Good,75-90,<=28,AZ,Purchase,Investment,SingleFamily,2021
LN0001831,302803,Good,60-75,<=28,OH,CashOut,PrimaryResidence,SingleFamily,2021
LN0001832,331806,Poor,75-90,<=28,OH,Purchase,PrimaryResidence,MultiUnit,2018
LN0001833,99721,Good,60-75,28-36,CA,Refinance,PrimaryResidence,SingleFamily,2020
LN0001834,176039,Excellent,>90,28-36,CA,Purchase,PrimaryResidence,SingleFamily,2021
LN0001835,251126,Excellent,60-75,28-36,GA,Purchase,Investment,SingleFamily,2018
LN0001836,307304,Excellent,<=60,>43,CA,Refinance,PrimaryResidence,Condo,2021
LN0001837,477670,Excellent,<=60,28-36,AZ,Refinance,PrimaryResidence,SingleFamily,2019
LN0001838,339259,Good,75-90,>43,AZ,Refinance,PrimaryResidence,Condo,2018
LN0001839,311216,Fair,>90,36-43,WA,CashOut,PrimaryResidence,SingleFamily,2021
LN0001840,741772,Fair,>90,<=28,OH,Refinance,PrimaryResidence,SingleFamily,2020
LN0001841,208595,Excellent,75-90,>43,IL,Refinance,Investment,SingleFamily,2020
LN0001842,172038,Good,>90,>43,NV,Purchase,PrimaryResidence,SingleFamily,2020
LN0001843,217222,Excellent,75-90,36-43,CA,Purchase,PrimaryResidence,Condo,2021
LN0001844,125803,Poor,60-75,28-36,FL,Refinance,PrimaryResidence,MultiUnit,2020
LN0001845,205626,Excellent,75-90,28-36,GA,Refinance,Investment,SingleFamily,2022
LN0001846,83832,Fair,<=60,28-36,OH,Purchase,PrimaryResidence,SingleFamily,2022
LN0001847,152548,Good,60-75,36-43,FL,Purchase,PrimaryResidence,Condo,2020
LN0001848,187649,Fair,60-75,28-36,AZ,Purchase,PrimaryResidence,SingleFamily,2018
LN0001849,319597,Good,60-75,<=28,IL,Purchase,PrimaryResidence,SingleFamily,2019
LN0001850,346467,Fair,>90,<=28,AZ,Purchase,PrimaryResidence,SingleFamily,2021
LN0001851,122785,Excellent,>90,<=28,FL,Refinance,PrimaryResidence,SingleFamily,2019
LN0001852,561303,Poor,60-75,28-36,GA,Refinance,SecondHome,Condo,2021
LN0001853,214097,Good,75-90,28-36,FL,CashOut,PrimaryResidence,SingleFamily,2021
LN0001854,224139,Fair,60-75,>43,TX,Refinance,PrimaryResidence,MultiUnit,2020
LN0001855,88535,Fair,<=60,<=28,OH,Purchase,PrimaryResidence,Condo,2018
LN0001856,145797,Poor,60-75,28-36,GA,Refinance,PrimaryResidence,SingleFamily,2020
LN0001857,336015,Excellent,60-75,<=28,FL,Refinance,PrimaryResidence,SingleFamily,2021
LN0001858,216401,Good,60-75,28-36,GA,Refinance,Investment,SingleFamily,2018
LN0001859,209799,Good,60-75,36-43,NV,Purchase,PrimaryResidence,SingleFamily,2022
LN0001860,222701,Good,<=60,28-36,NY,Refinance,PrimaryResidence,SingleFamily,2018
LN0001861,96606,Good,60-75,>43,WA,Purchase,SecondHome,SingleFamily,2020
LN0001862,189415,Poor,>90,>43,FL,Purchase,PrimaryResidence,Condo,2020
LN0001863,401983,Poor,<=60,36-43,WA,Purchase,PrimaryResidence,SingleFamily,2021
LN0001864,342269,Good,60-75,36-43,AZ,Purchase,PrimaryResidence,SingleFamily,2019
LN0001865,186726,Fair,60-75,28-36,GA,CashOut,PrimaryResidence,SingleFamily,2019
LN0001866,434449,Poor,60-75,28-36,TX,Purchase,PrimaryResidence,Condo,2022
LN0001867,105921,Poor,60-75,28-36,OH,Purchase,PrimaryResidence,SingleFamily,2019
LN0001868,122290,Excellent,<=60,36-43,IL,Refinance,PrimaryResidence,Townhouse,2021
LN0001869,504746,Good,75-90,<=28,CA,CashOut,PrimaryResidence,MultiUnit,2019
LN0001870,265398,Fair,75-90,<=28,GA,Refinance,PrimaryResidence,MultiUnit,2018
LN0001871,172052,Good,75-90,<=28,FL,Purchase,Investment,Condo,2020
LN0001872,193366,Good,75-90,36-43,NV,Purchase,PrimaryResidence,MultiUnit,2019
LN0001873,132811,Poor,60-75,36-43,NV,Refinance,PrimaryResidence,SingleFamily,2019
LN0001874,228272,Poor,60-75,<=28,GA,Refinance,PrimaryResidence,Condo,2022
LN0001875,219409,Poor,60-75,28-36,GA,Purchase,PrimaryResidence,SingleFamily,2021
LN0001876,200775,Fair,60-75,28-36,NY,CashOut,PrimaryResidence,SingleFamily,2019
LN0001877,111315,Good,<=60,36-43,CA,Refinance,Investment,Townhouse,2020
LN0001878,226925,Good,60-75,<=28,CA,Refinance,Investment,SingleFamily,2021
LN0001879,152549,Good,75-90,<=28,IL,Purchase,PrimaryResidence,SingleFamily,2018
LN0001880,121420,Good,<=60,36-43,NY,CashOut,PrimaryResidence,SingleFamily,2018
LN0001881,374509,Good,<=60,28-36,NV,Refinance,PrimaryResidence,SingleFamily,2020
LN0001882,588222,Fair,75-90,36-43,FL,Purchase,PrimaryResidence,MultiUnit,2022
LN0001883,525082,Good,60-75,28-36,FL,Purchase,PrimaryResidence,MultiUnit,2022
LN0001884,275147,Fair,75-90,>43,AZ,Purchase,Investment,SingleFamily,2020
LN0001885,174069,Good,>90,28-36,AZ,Purchase,PrimaryResidence,SingleFamily,2021
LN0001886,191917,Good,>90,28-36,NY,Purchase,PrimaryResidence,SingleFamily,2020
LN0001887,243482,Excellent,60-75,>43,CA,Purchase,Investment,Condo,2022
LN0001888,161115,Excellent,60-75,<=28,CA,Purchase,PrimaryResidence,SingleFamily,2020
LN0001889,384386,Poor,75-90,36-43,WA,Refinance,PrimaryResidence,Condo,2022
LN0001890,71835,Good,75-90,<=28,AZ,Refinance,SecondHome,SingleFamily,2019
LN0001891,171465,Excellent,75-90,28-36,NY,Refinance,PrimaryResidence,SingleFamily,2022
LN0001892,296717,Fair,60-75,<=28,CA,Purchase,PrimaryResidence,SingleFamily,2021
LN0001893,130277,Good,<=60,28-36,NY,Purchase,PrimaryResidence,SingleFamily,2021
LN0001894,176297,Excellent,60-75,36-43,CA,Refinance,PrimaryResidence,Condo,2018
LN0001895,267485,Good,<=60,<=28,IL,Refinance,PrimaryResidence,SingleFamily,2022
LN0001896,424698,Excellent,<=60,<=28,IL,Purchase,SecondHome,Townhouse,2018
LN0001897,104092,Fair,>90,28-36,OH,CashOut,PrimaryResidence,SingleFamily,2022
LN0001898,100304,Good,<=60,28-36,CA,Refinance,PrimaryResidence,Townhouse,2018
LN0001899,123869,Excellent,75-90,28-36,IL,CashOut,Investment,SingleFamily,2022
LN0001900,92155,Excellent,>90,>43,TX,Refinance,Investment,SingleFamily,2021
LN0001901,95493,Good,60-75,<=28,IL,Purchase,SecondHome,SingleFamily,2019
LN0001902,122231,Excellent,60-75,28-36,NV,CashOut,SecondHome,SingleFamily,2022
LN0001903,368334,Fair,75-90,28-36,OH,CashOut,Investment,SingleFamily,2019
LN0001904,170069,Excellent,60-75,28-36,AZ,Refinance,SecondHome,SingleFamily,2018
LN0001905,201932,Fair,60-75,28-36,CA,CashOut,PrimaryResidence,SingleFamily,2018
LN0001906,123286,Good,75-90,36-43,OH,CashOut,PrimaryResidence,Condo,2022
LN0001907,272874,Good,75-90,36-43,AZ,Refinance,PrimaryResidence,Condo,2019
LN0001908,507819,Excellent,75-90,36-43,GA,Purchase,PrimaryResidence,MultiUnit,2022
LN0001909,127539,Fair,>90,28-36,OH,Refinance,PrimaryResidence,Condo,2018
LN0001910,470887,Poor,60-75,36-43,CA,Refinance,PrimaryResidence,Townhouse,2018
LN0001911,238520,Excellent,75-90,>43,OH,Refinance,PrimaryResidence,SingleFamily,2022
LN0001912,200472,Excellent,75-90,>43,AZ,Purchase,PrimaryResidence,Townhouse,2018
LN0001913,242816,Poor,75-90,>43,FL,Refinance,PrimaryResidence,SingleFamily,2021
LN0001914,241654,Good,75-90,28-36,IL,CashOut,PrimaryResidence,SingleFamily,2019
LN0001915,503104,Excellent,75-90,>43,IL,Purchase,PrimaryResidence,SingleFamily,2020
LN0001916,257844,Excellent,>90,36-43,CA,Purchase,PrimaryResidence,SingleFamily,2018
LN0001917,260550,Fair,60-75,36-43,TX,Refinance,PrimaryResidence,SingleFamily,2019
LN0001918,161014,Fair,75-90,36-43,NY,Purchase,PrimaryResidence,SingleFamily,2021
LN0001919,302409,Good,60-75,>43,TX,Purchase,PrimaryResidence,Condo,2020
LN0001920,123201,Poor,75-90,28-36,WA,Refinance,SecondHome,MultiUnit,2020
LN0001921,209924,Good,75-90,36-43,CA,CashOut,PrimaryResidence,SingleFamily,2022
LN0001922,840407,Good,75-90,36-43,CA,Purchase,SecondHome,SingleFamily,2020
LN0001923,56834,Good,60-75,36-43,GA,Purchase,SecondHome,Condo,2022
LN0001924,223367,Good,60-75,36-43,FL,Purchase,Investment,SingleFamily,2021
LN0001925,227706,Excellent,60-75,<=28,NY,Refinance,SecondHome,SingleFamily,2020
LN0001926,177363,Excellent,<=60,28-36,NY,Purchase,PrimaryResidence,SingleFamily,2019
LN0001927,179465,Good,60-75,28-36,IL,Purchase,PrimaryResidence,Condo,2019
LN0001928,208085,Fair,>90,36-43,IL,Refinance,PrimaryResidence,SingleFamily,2022
LN0001929,175255,Excellent,60-75,36-43,TX,CashOut,PrimaryResidence,SingleFamily,2019
LN0001930,222123,Good,>90,36-43,CA,Purchase,PrimaryResidence,SingleFamily,2021
LN0001931,155779,Fair,60-75,36-43,IL,Refinance,Investment,SingleFamily,2018
LN0001932,546449,Fair,75-90,28-36,WA,Refinance,PrimaryResidence,SingleFamily,2019
LN0001933,175254,Fair,75-90,<=28,OH,Purchase,PrimaryResidence,SingleFamily,2022
LN0001934,264290,Fair,75-90,36-43,TX,Refinance,Investment,MultiUnit,2020
LN0001935,142270,Fair,75-90,>43,CA,Purchase,PrimaryResidence,SingleFamily,2022
LN0001936,316972,Excellent,75-90,36-43,WA,Purchase,PrimaryResidence,SingleFamily,2019
LN0001937,286855,Good,>90,>43,NV,Purchase,PrimaryResidence,SingleFamily,2021
LN0001938,245151,Fair,75-90,>43,FL,Purchase,PrimaryResidence,Townhouse,2022
LN0001939,118934,Excellent,<=60,28-36,CA,Refinance,PrimaryResidence,SingleFamily,2022
LN0001940,136461,Excellent,60-75,36-43,IL,Refinance,PrimaryResidence,MultiUnit,2020
LN0001941,461892,Excellent,75-90,28-36,WA,Refinance,PrimaryResidence,MultiUnit,2021
LN0001942,135708,Good,60-75,28-36,GA,Refinance,PrimaryResidence,Townhouse,2022
LN0001943,273881,Good,60-75,<=28,TX,Purchase,PrimaryResidence,MultiUnit,2022
LN0001944,123953,Excellent,75-90,<=28,GA,CashOut,PrimaryResidence,SingleFamily,2022
LN0001945,329124,Fair,60-75,<=28,NY,CashOut,PrimaryResidence,SingleFamily,2018
LN0001946,141040,Poor,75-90,36-43,CA,Purchase,PrimaryResidence,Townhouse,2020
LN0001947,122811,Excellent,75-90,<=28,NV,Refinance,SecondHome,Condo,2021
LN0001948,139222,Poor,75-90,28-36,WA,Refinance,PrimaryResidence,Condo,2021
LN0001949,150707,Excellent,75-90,28-36,NY,Purchase,PrimaryResidence,Townhouse,2018
LN0001950,243369,Poor,>90,28-36,AZ,Purchase,PrimaryResidence,Condo,2020
LN0001951,205806,Poor,75-90,>43,OH,Purchase,PrimaryResidence,Condo,2018
LN0001952,114969,Excellent,>90,28-36,FL,CashOut,SecondHome,SingleFamily,2018
LN0001953,196030,Fair,<=60,<=28,NV,Refinance,Investment,SingleFamily,2018
LN0001954,112223,Poor,75-90,>43,WA,Refinance,PrimaryResidence,SingleFamily,2022
LN0001955,274245,Poor,75-90,36-43,FL,CashOut,PrimaryResidence,Condo,2019
LN0001956,300574,Poor,60-75,36-43,IL,Purchase,PrimaryResidence,Townhouse,2020
LN0001957,196423,Good,60-75,36-43,TX,CashOut,PrimaryResidence,Townhouse,2019
LN0001958,227709,Excellent,75-90,<=28,AZ,Refinance,PrimaryResidence,SingleFamily,2022
LN0001959,477377,Fair,60-75,36-43,FL,Refinance,PrimaryResidence,MultiUnit,2022
LN0001960,183725,Fair,>90,<=28,IL,Purchase,SecondHome,SingleFamily,2021
LN0001961,123979,Fair,60-75,28-36,CA,Purchase,PrimaryResidence,SingleFamily,2022
LN0001962,265560,Good,<=60,<=28,NV,Purchase,SecondHome,Townhouse,2018
LN0001963,112834,Good,75-90,36-43,NY,Purchase,PrimaryResidence,Townhouse,2022
LN0001964,178923,Excellent,60-75,<=28,GA,Purchase,Investment,Condo,2020
LN0001965,147341,Fair,<=60,28-36,NY,Purchase,SecondHome,Condo,2020
LN0001966,139956,Excellent,75-90,<=28,WA,Refinance,PrimaryResidence,SingleFamily,2018
LN0001967,175423,Fair,60-75,36-43,WA,CashOut,PrimaryResidence,Condo,2022
LN0001968,311746,Fair,<=60,28-36,FL,Purchase,PrimaryResidence,SingleFamily,2018
LN0001969,345529,Good,75-90,28-36,IL,Purchase,PrimaryResidence,SingleFamily,2022
LN0001970,315875,Good,75-90,28-36,WA,Refinance,PrimaryResidence,MultiUnit,2021
LN0001971,235196,Good,75-90,36-43,FL,Refinance,Investment,SingleFamily,2021
LN0001972,174755,Poor,60-75,<=28,TX,Refinance,SecondHome,Condo,2018
LN0001973,61150,Fair,60-75,>43,TX,CashOut,Investment,SingleFamily,2021
LN0001974,238907,Good,>90,28-36,IL,Purchase,PrimaryResidence,SingleFamily,2022
LN0001975,63597,Excellent,75-90,<=28,FL,Purchase,PrimaryResidence,SingleFamily,2019
LN0001976,75986,Excellent,<=60,<=28,FL,CashOut,PrimaryResidence,SingleFamily,2020
LN0001977,183352,Good,75-90,<=28,GA,Refinance,PrimaryResidence,SingleFamily,2018
LN0001978,226905,Poor,<=60,28-36,GA,Refinance,PrimaryResidence,Condo,2020
LN0001979,158650,Fair,75-90,28-36,NV,CashOut,PrimaryResidence,SingleFamily,2021
LN0001980,428379,Excellent,75-90,>43,OH,Purchase,PrimaryResidence,SingleFamily,2019
LN0001981,250459,Poor,>90,28-36,IL,Purchase,PrimaryResidence,MultiUnit,2021
LN0001982,175482,Good,>90,<=28,NV,Purchase,PrimaryResidence,Condo,2018
LN0001983,397581,Poor,60-75,28-36,NV,Refinance,PrimaryResidence,Condo,2021
LN0001984,434763,Excellent,75-90,<=28,FL,CashOut,PrimaryResidence,SingleFamily,2020
LN0001985,256858,Fair,60-75,<=28,TX,Purchase,SecondHome,Condo,2019
LN0001986,134911,Poor,75-90,28-36,AZ,Purchase,PrimaryResidence,SingleFamily,2019
LN0001987,150974,Good,75-90,<=28,AZ,Refinance,PrimaryResidence,SingleFamily,2019
LN0001988,96435,Fair,<=60,<=28,AZ,Purchase,PrimaryResidence,SingleFamily,2021
LN0001989,194617,Poor,<=60,>43,IL,Refinance,PrimaryResidence,Condo,2021
LN0001990,117592,Excellent,<=60,36-43,AZ,Purchase,PrimaryResidence,SingleFamily,2020
LN0001991,168630,Excellent,<=60,>43,OH,CashOut,PrimaryResidence,Townhouse,2018
LN0001992,226454,Fair,60-75,28-36,OH,Refinance,Investment,SingleFamily,2019
LN0001993,73728,Good,>90,>43,GA,Purchase,PrimaryResidence,SingleFamily,2022
LN0001994,105675,Excellent,60-75,28-36,FL,Refinance,PrimaryResidence,SingleFamily,2020
LN0001995,154287,Good,75-90,<=28,OH,Refinance,PrimaryResidence,MultiUnit,2020
LN0001996,193636,Fair,75-90,36-43,AZ,Purchase,Investment,SingleFamily,2019
LN0001997,155290,Good,75-90,<=28,AZ,Purchase,PrimaryResidence,Condo,2022
LN0001998,173640,Good,60-75,28-36,WA,Refinance,Investment,SingleFamily,2019
LN0001999,139651,Fair,>90,36-43,CA,Refinance,SecondHome,SingleFamily,2021
LN0002000,96307,Good,75-90,36-43,OH,Refinance,SecondHome,Condo,2021
LN0002001,152150,Fair,75-90,28-36,FL,Purchase,PrimaryResidence,MultiUnit,2019
LN0002002,178691,Good,>90,28-36,FL,Refinance,PrimaryResidence,Condo,2018
LN0002003,170212,Poor,75-90,<=28,CA,Refinance,SecondHome,SingleFamily,2019
LN0002004,210217,Fair,60-75,>43,TX,Purchase,Investment,Condo,2019
LN0002005,245106,Excellent,>90,<=28,IL,Purchase,Investment,Condo,2021
LN0002006,279529,Poor,60-75,28-36,FL,Purchase,Investment,Townhouse,2020
LN0002007,144816,Good,75-90,<=28,NY,Refinance,PrimaryResidence,SingleFamily,2020
LN0002008,90409,Excellent,<=60,>43,WA,Purchase,PrimaryResidence,Townhouse,2020
LN0002009,375419,Excellent,<=60,36-43,WA,CashOut,PrimaryResidence,MultiUnit,2022
LN0002010,241041,Fair,60-75,28-36,IL,Purchase,PrimaryResidence,SingleFamily,2022
LN0002011,123336,Excellent,<=60,>43,IL,Refinance,PrimaryResidence,Condo,2018
LN0002012,228399,Good,>90,<=28,AZ,Purchase,PrimaryResidence,SingleFamily,2022
LN0002013,339082,Excellent,<=60,>43,FL,Refinance,PrimaryResidence,SingleFamily,2019
LN0002014,471931,Good,75-90,<=28,CA,Refinance,PrimaryResidence,Condo,2021
LN0002015,225326,Good,60-75,28-36,AZ,Refinance,PrimaryResidence,SingleFamily,2022
LN0002016,337673,Good,>90,<=28,CA,CashOut,PrimaryResidence,SingleFamily,2020
LN0002017,108575,Good,60-75,>43,OH,Purchase,PrimaryResidence,Condo,2021
LN0002018,195252,Excellent,<=60,>43,NY,Purchase,PrimaryResidence,Townhouse,2020
LN0002019,168130,Fair,<=60,28-36,AZ,Purchase,PrimaryResidence,SingleFamily,2018
LN0002020,235928,Good,75-90,<=28,TX,Refinance,PrimaryResidence,SingleFamily,2018
LN0002021,444896,Fair,>90,28-36,TX,Refinance,PrimaryResidence,SingleFamily,2019
LN0002022,225245,Excellent,>90,28-36,IL,Purchase,PrimaryResidence,SingleFamily,2022
LN0002023,124387,Excellent,60-75,28-36,IL,Refinance,PrimaryResidence,Townhouse,2019
LN0002024,105691,Excellent,60-75,<=28,OH,Purchase,PrimaryResidence,SingleFamily,2020
LN0002025,452657,Good,<=60,36-43,GA,CashOut,SecondHome,Condo,2020
LN0002026,257016,Good,60-75,36-43,NV,Purchase,PrimaryResidence,SingleFamily,2019
LN0002027,248709,Fair,75-90,>43,GA,CashOut,SecondHome,Townhouse,2020
LN0002028,167398,Good,60-75,28-36,FL,Refinance,PrimaryResidence,SingleFamily,2021
LN0002029,227278,Good,75-90,28-36,CA,CashOut,PrimaryResidence,Townhouse,2022
LN0002030,121360,Good,>90,28-36,FL,Refinance,Investment,Condo,2021
LN0002031,241252,Excellent,<=60,<=28,NV,Purchase,PrimaryResidence,Townhouse,2022
LN0002032,110477,Good,60-75,36-43,OH,Refinance,PrimaryResidence,SingleFamily,2020
LN0002033,166101,Good,60-75,36-43,OH,Purchase,PrimaryResidence,MultiUnit,2021
LN0002034,144141,Good,<=60,<=28,FL,Purchase,PrimaryResidence,SingleFamily,2018
LN0002035,50000,Excellent,<=60,28-36,IL,Purchase,PrimaryResidence,Condo,2018
LN0002036,167144,Fair,75-90,>43,OH,CashOut,PrimaryResidence,Condo,2022
LN0002037,126825,Poor,<=60,28-36,NV,Refinance,PrimaryResidence,SingleFamily,2021
LN0002038,178939,Excellent,75-90,28-36,WA,Purchase,PrimaryResidence,SingleFamily,2018
LN0002039,198960,Fair,>90,36-43,CA,Refinance,Investment,SingleFamily,2020
LN0002040,481165,Fair,>90,28-36,AZ,Purchase,PrimaryResidence,Townhouse,2022
LN0002041,231504,Good,75-90,<=28,NV,Purchase,Investment,SingleFamily,2018
LN0002042,234933,Fair,<=60,36-43,CA,Purchase,PrimaryResidence,SingleFamily,2020
LN0002043,254691,Fair,<=60,>43,NY,Purchase,PrimaryResidence,Condo,2022
LN0002044,307399,Poor,60-75,<=28,NV,Refinance,PrimaryResidence,Condo,2022
LN0002045,249481,Poor,>90,<=28,NV,Purchase,PrimaryResidence,SingleFamily,2019
LN0002046,228857,Excellent,>90,36-43,NV,Purchase,PrimaryResidence,SingleFamily,2022
LN0002047,283686,Good,60-75,36-43,NV,Purchase,PrimaryResidence,SingleFamily,2021
LN0002048,59082,Good,60-75,28-36,CA,CashOut,PrimaryResidence,MultiUnit,2020
LN0002049,564968,Excellent,60-75,28-36,TX,Refinance,PrimaryResidence,SingleFamily,2021
LN0002050,440147,Good,60-75,36-43,IL,Purchase,PrimaryResidence,SingleFamily,2021
LN0002051,221586,Poor,>90,28-36,GA,Refinance,PrimaryResidence,Condo,2019
LN0002052,98075,Excellent,60-75,<=28,IL,Purchase,PrimaryResidence,SingleFamily,2018
LN0002053,364096,Good,60-75,<=28,FL,CashOut,PrimaryResidence,MultiUnit,2021
LN0002054,140513,Fair,60-75,28-36,FL,Purchase,PrimaryResidence,Condo,2018
LN0002055,259606,Good,<=60,>43,GA,Purchase,PrimaryResidence,MultiUnit,2021
LN0002056,104667,Good,60-75,28-36,NV,Purchase,SecondHome,SingleFamily,2019
LN0002057,605132,Poor,>90,28-36,AZ,Purchase,Investment,SingleFamily,2021
LN0002058,96653,Good,<=60,>43,TX,Purchase,PrimaryResidence,SingleFamily,2021
LN0002059,205765,Excellent,75-90,28-36,TX,Refinance,PrimaryResidence,SingleFamily,2018
LN0002060,68796,Excellent,60-75,28-36,FL,Purchase,Investment,SingleFamily,2018
LN0002061,194733,Poor,<=60,<=28,OH,Purchase,PrimaryResidence,SingleFamily,2021
LN0002062,160710,Good,<=60,36-43,CA,Refinance,PrimaryResidence,SingleFamily,2020
LN0002063,351017,Good,60-75,36-43,OH,Refinance,PrimaryResidence,SingleFamily,2018
LN0002064,160702,Excellent,<=60,36-43,WA,CashOut,PrimaryResidence,SingleFamily,2022
LN0002065,351270,Good,60-75,28-36,GA,Purchase,PrimaryResidence,SingleFamily,2019
LN0002066,119126,Poor,75-90,28-36,AZ,CashOut,Investment,Condo,2022
LN0002067,172649,Good,75-90,<=28,WA,Refinance,PrimaryResidence,SingleFamily,2018
LN0002068,174389,Poor,>90,>43,GA,Refinance,PrimaryResidence,Condo,2019
LN0002069,254687,Good,60-75,<=28,IL,Purchase,PrimaryResidence,Condo,2020
LN0002070,238992,Good,75-90,36-43,GA,Purchase,PrimaryResidence,Condo,2020
LN0002071,285247,Poor,75-90,36-43,NY,Purchase,Investment,Townhouse,2021
LN0002072,227161,Good,60-75,<=28,CA,Refinance,Investment,Townhouse,2018
LN0002073,276691,Good,60-75,28-36,CA,Refinance,SecondHome,SingleFamily,2019
LN0002074,126889,Poor,60-75,<=28,OH,Purchase,PrimaryResidence,SingleFamily,2019
LN0002075,241445,Good,75-90,28-36,GA,Purchase,SecondHome,Condo,2020
LN0002076,444232,Good,60-75,>43,IL,CashOut,PrimaryResidence,Condo,2022
LN0002077,85819,Poor,60-75,28-36,OH,Purchase,PrimaryResidence,SingleFamily,2020
LN0002078,253851,Excellent,>90,>43,IL,Refinance,PrimaryResidence,Townhouse,2022
LN0002079,278839,Good,<=60,<=28,FL,CashOut,PrimaryResidence,MultiUnit,2019
LN0002080,412748,Excellent,>90,28-36,WA,Purchase,PrimaryResidence,MultiUnit,2019
LN0002081,285793,Good,75-90,>43,NY,Refinance,PrimaryResidence,SingleFamily,2018
LN0002082,209014,Excellent,75-90,>43,NV,Refinance,Investment,SingleFamily,2019
LN0002083,246480,Fair,75-90,28-36,OH,Purchase,PrimaryResidence,SingleFamily,2019
LN0002084,137651,Excellent,60-75,36-43,OH,Purchase,PrimaryResidence,SingleFamily,2019
LN0002085,163736,Fair,75-90,>43,GA,CashOut,PrimaryResidence,SingleFamily,2021
LN0002086,101940,Good,75-90,36-43,GA,Purchase,PrimaryResidence,SingleFamily,2020
LN0002087,418116,Good,75-90,36-43,OH,Purchase,PrimaryResidence,MultiUnit,2021
LN0002088,248967,Good,60-75,<=28,IL,Purchase,PrimaryResidence,SingleFamily,2018
LN0002089,125736,Fair,<=60,<=28,AZ,Refinance,PrimaryResidence,Condo,2022
LN0002090,227675,Good,60-75,36-43,CA,Purchase,PrimaryResidence,SingleFamily,2018
LN0002091,354929,Good,60-75,28-36,GA,Purchase,Investment,Townhouse,2018
LN0002092,326568,Poor,75-90,<=28,WA,Purchase,SecondHome,Townhouse,2020
LN0002093,125013,Good,75-90,28-36,CA,Purchase,PrimaryResidence,Condo,2021
LN0002094,50000,Excellent,75-90,28-36,GA,Refinance,PrimaryResidence,SingleFamily,2019
LN0002095,242242,Poor,75-90,28-36,CA,CashOut,PrimaryResidence,SingleFamily,2018
LN0002096,127588,Good,60-75,28-36,OH,Purchase,PrimaryResidence,SingleFamily,2022
LN0002097,271349,Excellent,60-75,28-36,WA,Refinance,SecondHome,MultiUnit,2022
LN0002098,319698,Good,60-75,<=28,GA,Refinance,PrimaryResidence,Townhouse,2021
LN0002099,346908,Excellent,60-75,>43,GA,Refinance,PrimaryResidence,SingleFamily,2019
LN0002100,475617,Excellent,<=60,36-43,NY,Refinance,PrimaryResidence,SingleFamily,2020
LN0002101,368862,Fair,60-75,<=28,GA,Purchase,SecondHome,SingleFamily,2021
LN0002102,476762,Excellent,60-75,28-36,FL,Refinance,SecondHome,SingleFamily,2020
LN0002103,396142,Fair,75-90,28-36,OH,Refinance,PrimaryResidence,Condo,2018
LN0002104,413787,Poor,<=60,36-43,CA,Refinance,Investment,SingleFamily,2022
LN0002105,194768,Fair,60-75,36-43,TX,Purchase,PrimaryResidence,MultiUnit,2022
LN0002106,104332,Fair,<=60,36-43,OH,Purchase,PrimaryResidence,SingleFamily,2018
LN0002107,687718,Fair,75-90,36-43,CA,Purchase,SecondHome,SingleFamily,2021
LN0002108,205145,Poor,75-90,<=28,NV,Purchase,PrimaryResidence,SingleFamily,2022
LN0002109,367454,Good,60-75,28-36,CA,Purchase,PrimaryResidence,MultiUnit,2020
LN0002110,150973,Excellent,<=60,<=28,WA,Purchase,PrimaryResidence,MultiUnit,2018
LN0002111,321888,Good,>90,28-36,NV,Purchase,PrimaryResidence,MultiUnit,2021
LN0002112,58543,Good,75-90,28-36,GA,Purchase,PrimaryResidence,SingleFamily,2022
LN0002113,161907,Excellent,75-90,36-43,GA,CashOut,PrimaryResidence,SingleFamily,2019
LN0002114,189244,Fair,60-75,<=28,GA,Refinance,PrimaryResidence,Condo,2018
LN0002115,250522,Excellent,75-90,36-43,OH,Purchase,PrimaryResidence,Townhouse,2019
LN0002116,339765,Poor,>90,28-36,TX,Refinance,PrimaryResidence,SingleFamily,2022
LN0002117,115027,Good,60-75,28-36,NY,Purchase,PrimaryResidence,SingleFamily,2020
LN0002118,276504,Excellent,75-90,36-43,TX,Purchase,Investment,SingleFamily,2018
LN0002119,367079,Excellent,60-75,<=28,FL,Refinance,PrimaryResidence,Condo,2020
LN0002120,642393,Excellent,75-90,28-36,FL,Purchase,PrimaryResidence,SingleFamily,2022
LN0002121,283031,Good,60-75,28-36,GA,Refinance,PrimaryResidence,SingleFamily,2018
LN0002122,157983,Excellent,<=60,36-43,NV,Purchase,PrimaryResidence,SingleFamily,2020
LN0002123,105252,Good,>90,<=28,WA,Purchase,PrimaryResidence,Condo,2019
LN0002124,496133,Excellent,>90,>43,CA,Purchase,PrimaryResidence,SingleFamily,2018
LN0002125,287411,Good,60-75,>43,GA,Purchase,PrimaryResidence,SingleFamily,2020
LN0002126,196616,Good,>90,36-43,WA,Refinance,Investment,Condo,2021
LN0002127,88440,Good,60-75,28-36,OH,Purchase,PrimaryResidence,SingleFamily,2021
LN0002128,124792,Good,60-75,36-43,NY,Purchase,PrimaryResidence,SingleFamily,2018
LN0002129,272572,Excellent,>90,<=28,IL,Purchase,SecondHome,SingleFamily,2018
LN0002130,237261,Excellent,60-75,>43,GA,Refinance,SecondHome,SingleFamily,2020
LN0002131,75119,Excellent,60-75,28-36,OH,Refinance,PrimaryResidence,SingleFamily,2019
LN0002132,272748,Fair,75-90,<=28,FL,Refinance,PrimaryResidence,SingleFamily,2019
LN0002133,90742,Poor,<=60,28-36,WA,Refinance,PrimaryResidence,SingleFamily,2020
LN0002134,391211,Poor,60-75,36-43,NV,CashOut,PrimaryResidence,Condo,2021
LN0002135,220637,Good,60-75,>43,CA,Purchase,PrimaryResidence,MultiUnit,2020
LN0002136,157674,Good,75-90,28-36,NY,Refinance,PrimaryResidence,SingleFamily,2022
LN0002137,326138,Good,<=60,28-36,WA,Purchase,PrimaryResidence,Condo,2018
LN0002138,237221,Fair,60-75,36-43,NV,Purchase,PrimaryResidence,SingleFamily,2020
LN0002139,385564,Fair,75-90,36-43,NV,Refinance,PrimaryResidence,MultiUnit,2020
LN0002140,206951,Fair,<=60,36-43,WA,CashOut,Investment,SingleFamily,2021
LN0002141,213077,Poor,60-75,28-36,WA,Refinance,PrimaryResidence,SingleFamily,2020
LN0002142,172365,Good,75-90,36-43,IL,Purchase,SecondHome,SingleFamily,2022
LN0002143,226722,Fair,75-90,>43,IL,Refinance,PrimaryResidence,SingleFamily,2022
LN0002144,464620,Fair,<=60,<=28,OH,Purchase,PrimaryResidence,SingleFamily,2021
LN0002145,154603,Good,>90,28-36,WA,Refinance,PrimaryResidence,SingleFamily,2019
LN0002146,274849,Poor,75-90,<=28,WA,Purchase,PrimaryResidence,Condo,2019
LN0002147,127999,Excellent,60-75,28-36,AZ,Purchase,PrimaryResidence,SingleFamily,2020
LN0002148,70730,Poor,75-90,36-43,TX,Purchase,PrimaryResidence,SingleFamily,2020
LN0002149,220516,Fair,75-90,<=28,NV,CashOut,PrimaryResidence,MultiUnit,2018
LN0002150,239235,Excellent,75-90,28-36,OH,Purchase,PrimaryResidence,SingleFamily,2019
LN0002151,188146,Fair,75-90,<=28,WA,Purchase,Investment,SingleFamily,2022
LN0002152,94090,Excellent,75-90,>43,WA,Purchase,PrimaryResidence,SingleFamily,2020
LN0002153,231457,Fair,>90,36-43,WA,Purchase,SecondHome,SingleFamily,2022
LN0002154,227102,Fair,75-90,28-36,WA,Purchase,Investment,MultiUnit,2019
LN0002155,127466,Fair,75-90,36-43,NY,Refinance,PrimaryResidence,SingleFamily,2022
LN0002156,101038,Poor,75-90,<=28,OH,Purchase,PrimaryResidence,SingleFamily,2022
LN0002157,175221,Excellent,>90,36-43,FL,Purchase,PrimaryResidence,MultiUnit,2019
LN0002158,275533,Good,>90,36-43,GA,Purchase,PrimaryResidence,MultiUnit,2021
LN0002159,244831,Good,<=60,<=28,WA,Purchase,SecondHome,Condo,2022
LN0002160,127973,Excellent,<=60,>43,NY,Refinance,SecondHome,SingleFamily,2021
LN0002161,212875,Good,75-90,<=28,AZ,Purchase,PrimaryResidence,SingleFamily,2022
LN0002162,309763,Good,60-75,36-43,NY,Refinance,SecondHome,Townhouse,2018
LN0002163,110599,Good,75-90,<=28,GA,Purchase,PrimaryResidence,SingleFamily,2018
LN0002164,205166,Good,75-90,36-43,FL,Purchase,PrimaryResidence,Townhouse,2018
LN0002165,388411,Poor,>90,<=28,FL,Purchase,PrimaryResidence,Condo,2019
LN0002166,105085,Good,60-75,<=28,WA,Refinance,PrimaryResidence,MultiUnit,2021
LN0002167,354251,Poor,75-90,28-36,NV,Purchase,PrimaryResidence,SingleFamily,2022
LN0002168,446678,Good,<=60,>43,FL,Refinance,PrimaryResidence,Townhouse,2020
LN0002169,177885,Good,60-75,28-36,TX,Refinance,PrimaryResidence,MultiUnit,2020
LN0002170,167459,Good,<=60,36-43,TX,Purchase,Investment,Condo,2022
LN0002171,333216,Good,60-75,28-36,IL,Purchase,PrimaryResidence,Townhouse,2020
LN0002172,181123,Good,60-75,36-43,OH,Purchase,PrimaryResidence,Condo,2020
LN0002173,61293,Good,75-90,28-36,OH,Purchase,PrimaryResidence,SingleFamily,2018
LN0002174,189208,Excellent,75-90,28-36,FL,Purchase,PrimaryResidence,Condo,2019
LN0002175,251500,Good,60-75,>43,AZ,Refinance,PrimaryResidence,MultiUnit,2021
LN0002176,287806,Good,<=60,28-36,TX,Refinance,PrimaryResidence,Condo,2021
LN0002177,127987,Good,<=60,28-36,WA,Refinance,PrimaryResidence,SingleFamily,2020
LN0002178,173702,Fair,>90,>43,AZ,Purchase,PrimaryResidence,SingleFamily,2021
LN0002179,323985,Good,>90,28-36,AZ,Purchase,PrimaryResidence,MultiUnit,2021
LN0002180,192914,Poor,60-75,28-36,OH,Refinance,PrimaryResidence,SingleFamily,2018
LN0002181,92561,Fair,60-75,28-36,NY,Purchase,PrimaryResidence,Condo,2022
LN0002182,369098,Poor,60-75,36-43,OH,Refinance,PrimaryResidence,SingleFamily,2021
LN0002183,178607,Fair,75-90,>43,NY,Refinance,PrimaryResidence,MultiUnit,2019
LN0002184,343042,Excellent,60-75,36-43,NY,Purchase,SecondHome,SingleFamily,2019
LN0002185,98940,Good,<=60,36-43,WA,Purchase,PrimaryResidence,SingleFamily,2022
LN0002186,187120,Excellent,60-75,28-36,GA,Refinance,PrimaryResidence,SingleFamily,2019
LN0002187,256495,Fair,60-75,<=28,FL,Refinance,Investment,Condo,2018
LN0002188,190313,Good,60-75,<=28,NV,Purchase,PrimaryResidence,Condo,2018
LN0002189,110028,Good,<=60,<=28,AZ,Purchase,Investment,Condo,2019
LN0002190,60270,Poor,75-90,<=28,FL,Purchase,PrimaryResidence,SingleFamily,2021
LN0002191,425760,Excellent,60-75,36-43,FL,Refinance,PrimaryResidence,SingleFamily,2020
LN0002192,225036,Good,60-75,<=28,CA,Purchase,Investment,Condo,2021
LN0002193,356254,Fair,75-90,<=28,IL,Refinance,PrimaryResidence,MultiUnit,2019
LN0002194,316264,Excellent,60-75,28-36,TX,CashOut,PrimaryResidence,Condo,2019
LN0002195,267914,Good,75-90,<=28,NV,CashOut,PrimaryResidence,SingleFamily,2020
LN0002196,169283,Fair,>90,<=28,AZ,Purchase,PrimaryResidence,SingleFamily,2021
LN0002197,253947,Excellent,<=60,<=28,AZ,Purchase,PrimaryResidence,Condo,2020
LN0002198,406877,Good,>90,28-36,FL,CashOut,PrimaryResidence,SingleFamily,2021
LN0002199,207213,Good,75-90,28-36,GA,Refinance,Investment,SingleFamily,2018
LN0002200,514448,Fair,75-90,36-43,IL,Purchase,PrimaryResidence,Townhouse,2020
LN0002201,93928,Excellent,60-75,>43,FL,Refinance,PrimaryResidence,MultiUnit,2020
LN0002202,89013,Poor,60-75,36-43,WA,Refinance,PrimaryResidence,SingleFamily,2018
LN0002203,325799,Poor,<=60,36-43,TX,Refinance,PrimaryResidence,SingleFamily,2019
LN0002204,132009,Excellent,>90,>43,NV,CashOut,PrimaryResidence,Condo,2019
LN0002205,552201,Good,75-90,28-36,TX,CashOut,PrimaryResidence,MultiUnit,2020
LN0002206,387965,Good,60-75,36-43,NY,Refinance,Investment,SingleFamily,2018
LN0002207,439672,Fair,60-75,28-36,FL,Purchase,PrimaryResidence,SingleFamily,2019
LN0002208,309346,Good,<=60,28-36,WA,Refinance,PrimaryResidence,SingleFamily,2022
LN0002209,125393,Excellent,<=60,28-36,GA,Refinance,PrimaryResidence,SingleFamily,2018
LN0002210,86710,Excellent,75-90,<=28,NV,Refinance,PrimaryResidence,SingleFamily,2022
LN0002211,419847,Poor,60-75,36-43,NY,Purchase,PrimaryResidence,Townhouse,2020
LN0002212,93921,Good,75-90,<=28,FL,Refinance,PrimaryResidence,SingleFamily,2018
LN0002213,439082,Poor,75-90,36-43,CA,Refinance,PrimaryResidence,SingleFamily,2020
LN0002214,277841,Good,75-90,>43,WA,CashOut,PrimaryResidence,SingleFamily,2020
LN0002215,191352,Poor,75-90,28-36,NV,Refinance,SecondHome,SingleFamily,2019
LN0002216,247960,Excellent,<=60,<=28,CA,Purchase,SecondHome,SingleFamily,2019
LN0002217,250858,Excellent,75-90,28-36,NV,Refinance,PrimaryResidence,SingleFamily,2021
LN0002218,179655,Poor,75-90,28-36,FL,Refinance,PrimaryResidence,SingleFamily,2018
LN0002219,405486,Poor,60-75,>43,NV,Refinance,SecondHome,SingleFamily,2022
LN0002220,398594,Good,<=60,36-43,CA,Purchase,PrimaryResidence,SingleFamily,2019
LN0002221,214878,Good,60-75,36-43,AZ,Refinance,PrimaryResidence,SingleFamily,2019
LN0002222,147267,Good,<=60,28-36,NY,Refinance,PrimaryResidence,Townhouse,2018
LN0002223,381924,Good,60-75,36-43,FL,Purchase,PrimaryResidence,Townhouse,2022
LN0002224,72310,Excellent,<=60,36-43,FL,CashOut,Investment,SingleFamily,2019
LN0002225,248189,Poor,75-90,<=28,TX,CashOut,PrimaryResidence,SingleFamily,2022
LN0002226,287732,Good,<=60,<=28,OH,Refinance,PrimaryResidence,Condo,2019
LN0002227,131376,Fair,<=60,<=28,CA,CashOut,PrimaryResidence,SingleFamily,2018
LN0002228,323480,Excellent,60-75,28-36,IL,Purchase,PrimaryResidence,Condo,2020
LN0002229,196183,Excellent,<=60,>43,NV,CashOut,SecondHome,Condo,2020
LN0002230,151319,Fair,>90,36-43,IL,CashOut,PrimaryResidence,SingleFamily,2020
LN0002231,321776,Good,60-75,28-36,AZ,Refinance,SecondHome,SingleFamily,2022
LN0002232,115515,Fair,60-75,>43,GA,Purchase,PrimaryResidence,MultiUnit,2020
LN0002233,306998,Excellent,<=60,<=28,OH,Purchase,Investment,SingleFamily,2021
LN0002234,73778,Poor,60-75,<=28,NV,Purchase,SecondHome,Condo,2019
LN0002235,229315,Fair,75-90,>43,CA,Refinance,PrimaryResidence,Condo,2018
LN0002236,203195,Poor,75-90,>43,NY,Refinance,Investment,SingleFamily,2020
LN0002237,151774,Excellent,60-75,36-43,NY,Refinance,PrimaryResidence,SingleFamily,2020
LN0002238,241545,Good,75-90,<=28,CA,Refinance,PrimaryResidence,SingleFamily,2020
LN0002239,191035,Good,60-75,>43,TX,Purchase,PrimaryResidence,SingleFamily,2021
LN0002240,336834,Good,75-90,36-43,TX,Purchase,PrimaryResidence,SingleFamily,2022
LN0002241,263043,Good,75-90,36-43,NV,Refinance,Investment,SingleFamily,2018
LN0002242,249283,Excellent,60-75,<=28,AZ,Purchase,SecondHome,Townhouse,2018
LN0002243,230022,Good,75-90,28-36,WA,CashOut,PrimaryResidence,Condo,2019
LN0002244,156986,Good,75-90,36-43,AZ,CashOut,Investment,SingleFamily,2020
LN0002245,170945,Good,60-75,>43,NY,Purchase,PrimaryResidence,Condo,2018
LN0002246,225056,Excellent,>90,28-36,IL,Refinance,PrimaryResidence,Condo,2018
LN0002247,182283,Good,>90,28-36,AZ,Refinance,SecondHome,Condo,2020
LN0002248,346530,Fair,<=60,36-43,TX,CashOut,PrimaryResidence,SingleFamily,2019
LN0002249,208298,Good,75-90,28-36,TX,Refinance,SecondHome,SingleFamily,2022
LN0002250,239901,Good,75-90,28-36,WA,CashOut,PrimaryResidence,SingleFamily,2020
LN0002251,98583,Good,60-75,<=28,FL,Refinance,PrimaryResidence,SingleFamily,2022
LN0002252,318575,Fair,60-75,<=28,GA,Purchase,PrimaryResidence,SingleFamily,2021
LN0002253,148659,Good,>90,36-43,GA,Refinance,PrimaryResidence,SingleFamily,2020
LN0002254,118027,Good,75-90,<=28,NY,Refinance,PrimaryResidence,MultiUnit,2022
LN0002255,452748,Poor,60-75,<=28,TX,CashOut,PrimaryResidence,Townhouse,2022
LN0002256,281759,Good,<=60,>43,CA,Purchase,PrimaryResidence,SingleFamily,2020
LN0002257,324015,Poor,60-75,36-43,IL,Purchase,SecondHome,SingleFamily,2022
LN0002258,249508,Fair,>90,<=28,NY,Refinance,PrimaryResidence,SingleFamily,2019
LN0002259,189742,Excellent,75-90,28-36,CA,CashOut,PrimaryResidence,MultiUnit,2019
LN0002260,172853,Good,<=60,36-43,GA,Refinance,PrimaryResidence,SingleFamily,2021
LN0002261,293477,Fair,>90,28-36,NV,Purchase,PrimaryResidence,Condo,2021
LN0002262,350199,Poor,75-90,28-36,NV,CashOut,PrimaryResidence,MultiUnit,2019
LN0002263,192126,Good,60-75,28-36,TX,Refinance,PrimaryResidence,SingleFamily,2021
LN0002264,560324,Excellent,<=60,<=28,TX,CashOut,PrimaryResidence,Condo,2020
LN0002265,180113,Good,75-90,36-43,IL,Refinance,Investment,SingleFamily,2020
LN0002266,99011,Excellent,<=60,<=28,NV,Purchase,PrimaryResidence,SingleFamily,2022
LN0002267,84056,Fair,60-75,28-36,WA,CashOut,PrimaryResidence,MultiUnit,2018
LN0002268,85486,Good,75-90,<=28,IL,Purchase,PrimaryResidence,SingleFamily,2020
LN0002269,161634,Fair,>90,<=28,NV,CashOut,PrimaryResidence,SingleFamily,2019
LN0002270,177015,Poor,60-75,<=28,GA,Purchase,PrimaryResidence,Condo,2020
LN0002271,279651,Fair,>90,>43,NV,Refinance,PrimaryResidence,Condo,2018
LN0002272,195965,Fair,>90,<=28,AZ,Purchase,PrimaryResidence,Condo,2018
LN0002273,303059,Fair,<=60,28-36,NV,Purchase,SecondHome,SingleFamily,2021
LN0002274,203301,Fair,60-75,<=28,WA,CashOut,PrimaryResidence,Condo,2018
LN0002275,200137,Poor,75-90,36-43,NY,Purchase,Investment,SingleFamily,2020
LN0002276,148931,Excellent,75-90,28-36,CA,Purchase,PrimaryResidence,SingleFamily,2022
LN0002277,404859,Good,60-75,>43,OH,CashOut,PrimaryResidence,SingleFamily,2022
LN0002278,92434,Excellent,75-90,36-43,FL,Purchase,PrimaryResidence,Condo,2018
LN0002279,231111,Poor,75-90,28-36,CA,Refinance,Investment,MultiUnit,2022
LN0002280,181529,Fair,75-90,36-43,AZ,CashOut,PrimaryResidence,SingleFamily,2019
LN0002281,293865,Good,75-90,<=28,IL,Purchase,PrimaryResidence,SingleFamily,2018
LN0002282,196729,Excellent,<=60,>43,WA,Purchase,PrimaryResidence,Condo,2020
LN0002283,199650,Good,<=60,>43,OH,Refinance,Investment,SingleFamily,2020
LN0002284,173977,Fair,<=60,28-36,NY,Refinance,PrimaryResidence,SingleFamily,2019
LN0002285,398964,Excellent,>90,36-43,AZ,Purchase,PrimaryResidence,SingleFamily,2020
LN0002286,199028,Excellent,>90,<=28,WA,Refinance,Investment,SingleFamily,2018
LN0002287,532227,Poor,75-90,28-36,WA,Purchase,SecondHome,SingleFamily,2019
LN0002288,227777,Fair,<=60,36-43,FL,Purchase,PrimaryResidence,Condo,2018
LN0002289,200963,Excellent,75-90,>43,OH,Purchase,PrimaryResidence,SingleFamily,2022
LN0002290,184856,Good,<=60,28-36,FL,CashOut,PrimaryResidence,MultiUnit,2020
LN0002291,263582,Poor,60-75,36-43,GA,Purchase,Investment,Condo,2020
LN0002292,148123,Fair,60-75,36-43,AZ,Purchase,PrimaryResidence,SingleFamily,2020
LN0002293,213816,Fair,75-90,<=28,TX,CashOut,SecondHome,Condo,2022
LN0002294,199599,Good,<=60,36-43,IL,Purchase,PrimaryResidence,Condo,2021
LN0002295,233894,Good,75-90,36-43,GA,CashOut,Investment,Townhouse,2021
LN0002296,236810,Excellent,>90,36-43,FL,CashOut,PrimaryResidence,Condo,2019
LN0002297,243043,Fair,75-90,>43,CA,Purchase,PrimaryResidence,SingleFamily,2019
LN0002298,208449,Excellent,<=60,<=28,IL,Purchase,SecondHome,Condo,2022
LN0002299,435596,Excellent,>90,<=28,IL,Purchase,Investment,Condo,2022
LN0002300,245557,Fair,75-90,<=28,NV,Purchase,Investment,Condo,2019
LN0002301,731602,Poor,60-75,<=28,AZ,Purchase,PrimaryResidence,SingleFamily,2019
LN0002302,203806,Fair,75-90,28-36,TX,Purchase,PrimaryResidence,MultiUnit,2019
LN0002303,321083,Good,>90,>43,FL,Purchase,SecondHome,SingleFamily,2021
LN0002304,138271,Good,60-75,28-36,TX,Refinance,PrimaryResidence,Townhouse,2022
LN0002305,400470,Good,60-75,36-43,NV,Purchase,PrimaryResidence,SingleFamily,2022
LN0002306,139784,Good,60-75,28-36,NY,Purchase,PrimaryResidence,SingleFamily,2022
LN0002307,249680,Good,<=60,28-36,AZ,Purchase,PrimaryResidence,SingleFamily,2019
LN0002308,174169,Good,75-90,36-43,CA,Purchase,PrimaryResidence,Townhouse,2019
LN0002309,249198,Good,<=60,36-43,WA,Refinance,PrimaryResidence,Condo,2022
LN0002310,176769,Poor,60-75,28-36,CA,Refinance,Investment,SingleFamily,2019
LN0002311,133970,Poor,60-75,>43,WA,Purchase,PrimaryResidence,Townhouse,2019
LN0002312,173547,Excellent,60-75,28-36,CA,Refinance,PrimaryResidence,SingleFamily,2022
LN0002313,429677,Good,60-75,<=28,TX,Purchase,PrimaryResidence,SingleFamily,2020
LN0002314,251107,Excellent,75-90,28-36,TX,CashOut,PrimaryResidence,SingleFamily,2018
LN0002315,104357,Good,60-75,36-43,OH,Purchase,SecondHome,SingleFamily,2022
LN0002316,343757,Good,<=60,28-36,GA,Refinance,Investment,SingleFamily,2019
LN0002317,127292,Excellent,>90,36-43,WA,Purchase,PrimaryResidence,SingleFamily,2019
LN0002318,288277,Fair,>90,28-36,TX,Purchase,Investment,SingleFamily,2020
LN0002319,262126,Good,60-75,28-36,FL,Refinance,PrimaryResidence,SingleFamily,2019
LN0002320,270534,Poor,60-75,>43,NY,Purchase,PrimaryResidence,SingleFamily,2022
LN0002321,502120,Excellent,<=60,28-36,NV,Refinance,Investment,SingleFamily,2021
LN0002322,131357,Excellent,<=60,28-36,OH,Refinance,SecondHome,SingleFamily,2020
LN0002323,269789,Good,60-75,<=28,CA,Purchase,PrimaryResidence,SingleFamily,2019
LN0002324,373171,Excellent,>90,28-36,CA,CashOut,PrimaryResidence,SingleFamily,2020
LN0002325,144109,Good,75-90,28-36,NY,Purchase,PrimaryResidence,Condo,2019
LN0002326,136916,Poor,60-75,<=28,FL,CashOut,PrimaryResidence,Condo,2022
LN0002327,172199,Excellent,>90,28-36,IL,Purchase,PrimaryResidence,SingleFamily,2021
LN0002328,233833,Excellent,60-75,<=28,NV,Purchase,PrimaryResidence,SingleFamily,2018
LN0002329,98200,Good,60-75,<=28,TX,Purchase,PrimaryResidence,Townhouse,2020
LN0002330,261895,Good,60-75,28-36,WA,Refinance,PrimaryResidence,Condo,2021
LN0002331,98302,Good,60-75,28-36,IL,Refinance,PrimaryResidence,SingleFamily,2020
LN0002332,379521,Good,>90,36-43,GA,Refinance,PrimaryResidence,MultiUnit,2018
LN0002333,257013,Fair,60-75,36-43,WA,Purchase,PrimaryResidence,SingleFamily,2018
LN0002334,517399,Excellent,75-90,28-36,WA,Purchase,PrimaryResidence,SingleFamily,2021
LN0002335,277726,Good,60-75,<=28,FL,Refinance,SecondHome,Condo,2020
LN0002336,170692,Fair,>90,28-36,NV,CashOut,PrimaryResidence,SingleFamily,2020
LN0002337,133340,Poor,75-90,<=28,FL,Purchase,PrimaryResidence,MultiUnit,2019
LN0002338,224009,Good,60-75,28-36,TX,Refinance,PrimaryResidence,SingleFamily,2019
LN0002339,195805,Good,<=60,36-43,CA,Refinance,PrimaryResidence,SingleFamily,2020
LN0002340,359715,Excellent,>90,36-43,CA,Refinance,PrimaryResidence,SingleFamily,2020
LN0002341,124952,Excellent,60-75,28-36,NY,Refinance,SecondHome,Condo,2020
LN0002342,546041,Excellent,60-75,>43,AZ,Purchase,SecondHome,SingleFamily,2022
LN0002343,376016,Fair,>90,<=28,TX,Purchase,PrimaryResidence,SingleFamily,2018
LN0002344,179555,Good,<=60,>43,CA,Refinance,PrimaryResidence,MultiUnit,2020
LN0002345,488409,Fair,60-75,36-43,WA,CashOut,SecondHome,SingleFamily,2019
LN0002346,134381,Excellent,60-75,28-36,WA,Refinance,PrimaryResidence,SingleFamily,2018
LN0002347,220310,Poor,60-75,<=28,WA,Purchase,PrimaryResidence,SingleFamily,2020
LN0002348,105005,Fair,60-75,<=28,CA,Purchase,PrimaryResidence,SingleFamily,2018
LN0002349,500460,Excellent,60-75,>43,FL,Purchase,PrimaryResidence,SingleFamily,2019
LN0002350,87230,Excellent,<=60,<=28,NY,Refinance,PrimaryResidence,SingleFamily,2021
LN0002351,96739,Excellent,<=60,>43,OH,Purchase,SecondHome,SingleFamily,2019
LN0002352,144732,Poor,<=60,28-36,GA,Purchase,PrimaryResidence,SingleFamily,2021
LN0002353,385062,Excellent,>90,28-36,AZ,Refinance,Investment,Condo,2019
LN0002354,320431,Good,75-90,36-43,WA,Purchase,SecondHome,SingleFamily,2020
LN0002355,211298,Good,60-75,<=28,IL,Purchase,SecondHome,SingleFamily,2022
LN0002356,330864,Fair,60-75,28-36,WA,Refinance,SecondHome,SingleFamily,2019
LN0002357,187642,Good,75-90,>43,NY,Purchase,PrimaryResidence,Townhouse,2020
LN0002358,245539,Good,<=60,<=28,TX,Purchase,PrimaryResidence,Condo,2021
LN0002359,454004,Poor,60-75,>43,WA,Purchase,PrimaryResidence,SingleFamily,2019
LN0002360,175727,Excellent,75-90,>43,FL,Purchase,PrimaryResidence,Condo,2019
LN0002361,135511,Fair,60-75,<=28,FL,CashOut,PrimaryResidence,SingleFamily,2021
LN0002362,251496,Excellent,75-90,28-36,OH,Refinance,SecondHome,SingleFamily,2018
LN0002363,287833,Good,>90,<=28,CA,Purchase,SecondHome,SingleFamily,2019
LN0002364,210075,Poor,75-90,36-43,CA,Purchase,PrimaryResidence,SingleFamily,2020
LN0002365,328302,Fair,<=60,>43,NY,Purchase,PrimaryResidence,SingleFamily,2019
LN0002366,179758,Fair,<=60,>43,WA,CashOut,PrimaryResidence,SingleFamily,2020
LN0002367,211879,Good,<=60,>43,AZ,Refinance,PrimaryResidence,Condo,2021
LN0002368,239734,Good,75-90,<=28,WA,Refinance,Investment,MultiUnit,2022
LN0002369,229505,Good,>90,28-36,FL,Purchase,PrimaryResidence,MultiUnit,2021
LN0002370,445358,Good,>90,<=28,NY,CashOut,PrimaryResidence,SingleFamily,2020
LN0002371,239133,Good,60-75,>43,NY,Refinance,SecondHome,Condo,2021
LN0002372,170765,Good,75-90,<=28,NY,Purchase,PrimaryResidence,SingleFamily,2019
LN0002373,258846,Good,60-75,<=28,GA,Purchase,SecondHome,SingleFamily,2020
LN0002374,329201,Good,75-90,<=28,OH,Purchase,PrimaryResidence,Condo,2022
LN0002375,292762,Good,60-75,<=28,OH,Refinance,PrimaryResidence,SingleFamily,2018
LN0002376,284760,Excellent,<=60,<=28,NY,Purchase,PrimaryResidence,MultiUnit,2019
LN0002377,93992,Poor,<=60,<=28,FL,Purchase,SecondHome,SingleFamily,2019
LN0002378,57167,Fair,>90,>43,CA,Refinance,PrimaryResidence,SingleFamily,2022
LN0002379,376108,Excellent,60-75,36-43,OH,Refinance,SecondHome,SingleFamily,2019
LN0002380,247565,Fair,60-75,28-36,NV,Purchase,SecondHome,MultiUnit,2019
LN0002381,196656,Fair,60-75,36-43,CA,Purchase,SecondHome,SingleFamily,2022
LN0002382,281294,Excellent,60-75,28-36,TX,Purchase,Investment,Condo,2022
LN0002383,521077,Excellent,>90,36-43,FL,Purchase,Investment,SingleFamily,2018
LN0002384,403029,Excellent,<=60,28-36,OH,Refinance,SecondHome,Condo,2022
LN0002385,321614,Excellent,<=60,28-36,FL,Refinance,PrimaryResidence,SingleFamily,2021
LN0002386,127597,Fair,75-90,28-36,CA,CashOut,SecondHome,Townhouse,2022
LN0002387,136162,Poor,60-75,<=28,NY,Refinance,Investment,SingleFamily,2018
LN0002388,60282,Excellent,<=60,28-36,NY,Refinance,PrimaryResidence,SingleFamily,2018
LN0002389,272871,Fair,<=60,36-43,NY,Purchase,PrimaryResidence,SingleFamily,2019
LN0002390,346041,Excellent,60-75,36-43,WA,Purchase,PrimaryResidence,SingleFamily,2022
LN0002391,360442,Good,60-75,28-36,FL,CashOut,SecondHome,MultiUnit,2020
LN0002392,278650,Fair,<=60,28-36,CA,Refinance,Investment,SingleFamily,2021
LN0002393,184050,Good,60-75,36-43,TX,CashOut,PrimaryResidence,Townhouse,2019
LN0002394,149920,Excellent,75-90,<=28,OH,Refinance,Investment,SingleFamily,2019
LN0002395,131573,Good,>90,<=28,GA,Purchase,PrimaryResidence,MultiUnit,2022
LN0002396,183191,Poor,>90,28-36,FL,Purchase,PrimaryResidence,Condo,2020
LN0002397,121915,Good,60-75,<=28,NV,Purchase,Investment,Townhouse,2021
LN0002398,478292,Excellent,60-75,28-36,WA,Refinance,Investment,SingleFamily,2021
LN0002399,103654,Excellent,>90,<=28,OH,CashOut,PrimaryResidence,Condo,2018
LN0002400,180137,Good,75-90,28-36,OH,Refinance,Investment,SingleFamily,2022
LN0002401,75500,Good,60-75,36-43,NY,Refinance,SecondHome,SingleFamily,2022
LN0002402,230562,Fair,60-75,36-43,WA,Purchase,SecondHome,Condo,2021
LN0002403,198552,Fair,60-75,36-43,WA,Purchase,SecondHome,SingleFamily,2020
LN0002404,166309,Poor,60-75,28-36,IL,Purchase,PrimaryResidence,Condo,2020
LN0002405,124692,Fair,60-75,>43,GA,CashOut,PrimaryResidence,SingleFamily,2019
LN0002406,199033,Excellent,<=60,36-43,NY,Refinance,PrimaryResidence,SingleFamily,2021
LN0002407,151413,Good,>90,28-36,CA,Refinance,PrimaryResidence,Condo,2019
LN0002408,185640,Good,75-90,<=28,CA,CashOut,PrimaryResidence,SingleFamily,2018
LN0002409,528984,Good,75-90,36-43,IL,Purchase,PrimaryResidence,Condo,2018
LN0002410,216660,Poor,60-75,28-36,NV,CashOut,PrimaryResidence,Townhouse,2020
LN0002411,259479,Fair,75-90,36-43,FL,Refinance,PrimaryResidence,SingleFamily,2022
LN0002412,157592,Poor,75-90,36-43,WA,Purchase,PrimaryResidence,SingleFamily,2021
LN0002413,134293,Good,<=60,>43,TX,Refinance,PrimaryResidence,SingleFamily,2022
LN0002414,196520,Good,75-90,>43,GA,Purchase,PrimaryResidence,SingleFamily,2021
LN0002415,695205,Good,75-90,36-43,TX,Refinance,PrimaryResidence,Condo,2022
LN0002416,172178,Excellent,75-90,>43,IL,Purchase,PrimaryResidence,Townhouse,2021
LN0002417,238164,Excellent,60-75,>43,AZ,Purchase,Investment,SingleFamily,2022
LN0002418,131373,Good,>90,<=28,NY,Refinance,PrimaryResidence,SingleFamily,2020
LN0002419,50129,Excellent,60-75,36-43,NV,Purchase,PrimaryResidence,SingleFamily,2018
LN0002420,133931,Poor,<=60,<=28,CA,Purchase,Investment,SingleFamily,2019
LN0002421,653667,Excellent,<=60,28-36,CA,Refinance,PrimaryResidence,SingleFamily,2022
LN0002422,267719,Excellent,<=60,28-36,TX,Purchase,PrimaryResidence,Townhouse,2021
LN0002423,451559,Fair,60-75,28-36,FL,Refinance,PrimaryResidence,SingleFamily,2018
LN0002424,167065,Excellent,60-75,<=28,IL,Refinance,PrimaryResidence,Condo,2018
LN0002425,61180,Poor,75-90,<=28,NV,Purchase,PrimaryResidence,SingleFamily,2021
LN0002426,114193,Fair,<=60,<=28,FL,CashOut,SecondHome,MultiUnit,2022
LN0002427,242440,Excellent,>90,36-43,NY,Purchase,PrimaryResidence,MultiUnit,2021
LN0002428,223866,Fair,<=60,>43,CA,Purchase,Investment,MultiUnit,2022
LN0002429,197755,Fair,75-90,>43,OH,Purchase,PrimaryResidence,SingleFamily,2018
LN0002430,152493,Fair,>90,28-36,WA,Refinance,Investment,SingleFamily,2022
LN0002431,318016,Fair,75-90,28-36,CA,Purchase,PrimaryResidence,SingleFamily,2018
LN0002432,154712,Fair,75-90,>43,IL,Purchase,PrimaryResidence,SingleFamily,2022
LN0002433,231864,Good,75-90,<=28,FL,Refinance,PrimaryResidence,Condo,2022
LN0002434,219183,Good,<=60,>43,IL,Refinance,PrimaryResidence,Townhouse,2020
LN0002435,165338,Fair,<=60,36-43,FL,Purchase,PrimaryResidence,Condo,2020
LN0002436,127944,Poor,60-75,28-36,OH,Purchase,Investment,SingleFamily,2020
LN0002437,160545,Good,<=60,<=28,CA,Purchase,PrimaryResidence,SingleFamily,2020
LN0002438,507276,Fair,60-75,<=28,WA,Purchase,PrimaryResidence,Condo,2022
LN0002439,346703,Good,60-75,28-36,OH,Refinance,PrimaryResidence,SingleFamily,2019
LN0002440,331106,Fair,>90,28-36,CA,Purchase,PrimaryResidence,SingleFamily,2019
LN0002441,134157,Poor,>90,36-43,NV,Purchase,PrimaryResidence,SingleFamily,2022
LN0002442,96872,Excellent,75-90,36-43,OH,Purchase,PrimaryResidence,MultiUnit,2022
LN0002443,343948,Excellent,75-90,28-36,FL,Refinance,Investment,SingleFamily,2020
LN0002444,312507,Good,<=60,<=28,IL,Refinance,PrimaryResidence,Townhouse,2019
LN0002445,212909,Good,<=60,28-36,GA,Purchase,Investment,SingleFamily,2022
LN0002446,165169,Good,75-90,<=28,WA,Refinance,PrimaryResidence,Condo,2022
LN0002447,95609,Excellent,75-90,36-43,OH,Refinance,PrimaryResidence,MultiUnit,2019
LN0002448,306722,Good,60-75,36-43,AZ,Purchase,PrimaryResidence,MultiUnit,2020
LN0002449,359715,Good,60-75,36-43,NY,Purchase,PrimaryResidence,SingleFamily,2020
LN0002450,141556,Good,60-75,28-36,TX,Purchase,PrimaryResidence,SingleFamily,2022
LN0002451,135767,Fair,60-75,28-36,IL,Refinance,PrimaryResidence,SingleFamily,2021
LN0002452,369730,Fair,60-75,36-43,WA,Purchase,PrimaryResidence,SingleFamily,2020
LN0002453,144216,Fair,60-75,36-43,OH,Purchase,Investment,SingleFamily,2022
LN0002454,483849,Fair,75-90,36-43,FL,Refinance,Investment,Condo,2021
LN0002455,188240,Fair,>90,28-36,NV,Refinance,PrimaryResidence,SingleFamily,2020
LN0002456,163852,Good,60-75,>43,CA,Refinance,PrimaryResidence,Townhouse,2022
LN0002457,203323,Fair,75-90,<=28,WA,Purchase,PrimaryResidence,MultiUnit,2020
LN0002458,163846,Excellent,75-90,28-36,IL,Purchase,PrimaryResidence,Condo,2020
LN0002459,349097,Good,<=60,36-43,GA,Refinance,PrimaryResidence,Condo,2019
LN0002460,309559,Good,75-90,<=28,FL,Refinance,PrimaryResidence,SingleFamily,2019
LN0002461,342508,Poor,60-75,36-43,NV,CashOut,PrimaryResidence,SingleFamily,2019
LN0002462,218002,Fair,75-90,28-36,CA,Refinance,PrimaryResidence,SingleFamily,2018
LN0002463,158232,Excellent,<=60,<=28,AZ,Purchase,Investment,Townhouse,2021
LN0002464,197890,Good,>90,<=28,IL,Purchase,SecondHome,SingleFamily,2020
LN0002465,160677,Excellent,>90,36-43,WA,CashOut,PrimaryResidence,SingleFamily,2022
LN0002466,413866,Fair,<=60,36-43,NY,Refinance,PrimaryResidence,Condo,2021
LN0002467,328120,Fair,60-75,28-36,NY,Purchase,PrimaryResidence,SingleFamily,2018
LN0002468,189897,Good,<=60,<=28,IL,Purchase,PrimaryResidence,Townhouse,2021
LN0002469,125086,Good,75-90,<=28,NY,Refinance,PrimaryResidence,Townhouse,2018
LN0002470,429518,Good,75-90,<=28,CA,Purchase,PrimaryResidence,SingleFamily,2018
LN0002471,212849,Good,<=60,36-43,IL,Refinance,PrimaryResidence,Condo,2021
LN0002472,186263,Poor,75-90,<=28,IL,Refinance,PrimaryResidence,SingleFamily,2018
LN0002473,431415,Fair,60-75,<=28,OH,Purchase,PrimaryResidence,SingleFamily,2020
LN0002474,154048,Good,60-75,<=28,IL,CashOut,SecondHome,MultiUnit,2022
LN0002475,169487,Good,60-75,28-36,WA,CashOut,Investment,SingleFamily,2019
LN0002476,177126,Excellent,60-75,36-43,IL,Purchase,SecondHome,Townhouse,2021
LN0002477,102920,Excellent,60-75,36-43,IL,Purchase,PrimaryResidence,Townhouse,2019
LN0002478,232784,Excellent,60-75,28-36,OH,CashOut,PrimaryResidence,Condo,2018
LN0002479,135784,Good,60-75,>43,GA,Purchase,PrimaryResidence,SingleFamily,2018
LN0002480,149438,Poor,>90,28-36,NV,CashOut,Investment,SingleFamily,2018
LN0002481,139774,Good,60-75,>43,IL,Purchase,PrimaryResidence,SingleFamily,2018
LN0002482,148221,Excellent,>90,36-43,CA,Refinance,PrimaryResidence,SingleFamily,2018
LN0002483,130684,Excellent,75-90,<=28,WA,Refinance,PrimaryResidence,SingleFamily,2022
LN0002484,224944,Good,75-90,36-43,NY,Purchase,PrimaryResidence,SingleFamily,2022
LN0002485,183910,Fair,60-75,28-36,CA,Refinance,Investment,Condo,2019
LN0002486,203618,Good,75-90,36-43,AZ,Purchase,PrimaryResidence,SingleFamily,2021
LN0002487,644928,Fair,60-75,<=28,GA,Purchase,PrimaryResidence,SingleFamily,2019
LN0002488,183913,Fair,<=60,28-36,GA,Purchase,Investment,Condo,2021
LN0002489,269001,Excellent,<=60,>43,GA,Purchase,PrimaryResidence,SingleFamily,2019
LN0002490,284752,Fair,<=60,<=28,NV,Purchase,PrimaryResidence,SingleFamily,2021
LN0002491,192638,Poor,>90,<=28,GA,Purchase,PrimaryResidence,SingleFamily,2019
LN0002492,227954,Good,>90,28-36,OH,Purchase,PrimaryResidence,SingleFamily,2022
LN0002493,200857,Excellent,75-90,28-36,OH,Purchase,PrimaryResidence,SingleFamily,2022
LN0002494,219977,Poor,<=60,36-43,OH,Purchase,PrimaryResidence,SingleFamily,2019
LN0002495,148262,Poor,>90,36-43,OH,Refinance,PrimaryResidence,SingleFamily,2018
LN0002496,155265,Good,75-90,>43,CA,Purchase,PrimaryResidence,SingleFamily,2019
LN0002497,200478,Good,60-75,28-36,IL,Refinance,PrimaryResidence,SingleFamily,2019
LN0002498,74165,Excellent,60-75,28-36,FL,Purchase,PrimaryResidence,Condo,2020
LN0002499,420011,Fair,75-90,<=28,AZ,Purchase,PrimaryResidence,Condo,2020
LN0002500,585621,Good,<=60,<=28,WA,Purchase,PrimaryResidence,SingleFamily,2022
LN0002501,216463,Excellent,60-75,36-43,WA,Purchase,PrimaryResidence,Townhouse,2018
LN0002502,277266,Fair,75-90,<=28,WA,Refinance,PrimaryResidence,Condo,2020
LN0002503,341303,Poor,<=60,<=28,GA,Refinance,PrimaryResidence,Condo,2018
LN0002504,102504,Fair,60-75,>43,OH,Purchase,PrimaryResidence,SingleFamily,2020
LN0002505,316202,Good,60-75,28-36,FL,Purchase,Investment,SingleFamily,2021
LN0002506,160617,Excellent,75-90,<=28,NV,Refinance,PrimaryResidence,SingleFamily,2022
LN0002507,624909,Poor,>90,36-43,OH,Purchase,SecondHome,SingleFamily,2020
LN0002508,180930,Poor,75-90,28-36,FL,Refinance,PrimaryResidence,Townhouse,2018
LN0002509,313041,Good,75-90,>43,GA,Refinance,SecondHome,Townhouse,2022
LN0002510,181823,Fair,75-90,36-43,IL,Purchase,Investment,SingleFamily,2020
LN0002511,596208,Good,75-90,<=28,NY,Purchase,SecondHome,Townhouse,2020
LN0002512,153864,Good,60-75,<=28,AZ,Purchase,PrimaryResidence,Condo,2021
LN0002513,355949,Excellent,<=60,28-36,FL,Refinance,PrimaryResidence,Condo,2019
LN0002514,271940,Excellent,75-90,36-43,AZ,CashOut,PrimaryResidence,Townhouse,2022
LN0002515,243325,Excellent,75-90,28-36,GA,Purchase,PrimaryResidence,SingleFamily,2018
LN0002516,222905,Fair,60-75,36-43,AZ,CashOut,PrimaryResidence,SingleFamily,2018
LN0002517,142414,Excellent,>90,28-36,OH,Purchase,SecondHome,MultiUnit,2022
LN0002518,54555,Excellent,75-90,28-36,GA,Purchase,PrimaryResidence,SingleFamily,2020
LN0002519,340168,Good,60-75,<=28,TX,Refinance,PrimaryResidence,Condo,2022
LN0002520,155683,Excellent,<=60,<=28,NV,CashOut,Investment,MultiUnit,2022
LN0002521,356753,Excellent,<=60,28-36,GA,Purchase,PrimaryResidence,MultiUnit,2022
LN0002522,237007,Good,60-75,28-36,NY,Refinance,Investment,SingleFamily,2021
LN0002523,362263,Good,60-75,>43,FL,Purchase,SecondHome,Condo,2021
LN0002524,296839,Fair,<=60,<=28,TX,CashOut,PrimaryResidence,SingleFamily,2021
LN0002525,57968,Poor,<=60,36-43,NY,Refinance,PrimaryResidence,MultiUnit,2021
LN0002526,270343,Excellent,60-75,<=28,TX,Refinance,Investment,SingleFamily,2019
LN0002527,167403,Poor,75-90,36-43,AZ,Refinance,PrimaryResidence,Condo,2022
LN0002528,355935,Poor,75-90,<=28,IL,Refinance,Investment,MultiUnit,2018
LN0002529,267160,Fair,60-75,36-43,GA,CashOut,PrimaryResidence,SingleFamily,2020
LN0002530,268735,Fair,<=60,<=28,AZ,Refinance,PrimaryResidence,SingleFamily,2019
LN0002531,173490,Fair,<=60,<=28,NV,Purchase,PrimaryResidence,SingleFamily,2021
LN0002532,125957,Fair,<=60,28-36,IL,CashOut,PrimaryResidence,Condo,2019
LN0002533,160100,Fair,60-75,28-36,CA,Refinance,PrimaryResidence,Condo,2019
LN0002534,80825,Excellent,<=60,28-36,GA,Refinance,PrimaryResidence,MultiUnit,2022
LN0002535,147979,Poor,60-75,28-36,NV,Refinance,PrimaryResidence,SingleFamily,2020
LN0002536,95599,Good,>90,>43,NY,Purchase,PrimaryResidence,SingleFamily,2021
LN0002537,96870,Fair,60-75,28-36,TX,Purchase,SecondHome,SingleFamily,2022
LN0002538,210710,Good,75-90,28-36,OH,Purchase,PrimaryResidence,SingleFamily,2022
LN0002539,259633,Excellent,<=60,>43,GA,CashOut,PrimaryResidence,Condo,2019
LN0002540,195654,Good,60-75,36-43,TX,Refinance,PrimaryResidence,SingleFamily,2018
LN0002541,154910,Good,>90,28-36,CA,Refinance,PrimaryResidence,SingleFamily,2022
LN0002542,123784,Good,60-75,28-36,WA,Purchase,PrimaryResidence,Condo,2019
LN0002543,169634,Good,75-90,<=28,TX,CashOut,Investment,SingleFamily,2021
LN0002544,131779,Excellent,>90,28-36,TX,Purchase,PrimaryResidence,Condo,2021
LN0002545,192641,Good,75-90,28-36,NY,Purchase,Investment,SingleFamily,2020
LN0002546,92895,Good,60-75,36-43,IL,CashOut,SecondHome,SingleFamily,2018
LN0002547,282281,Poor,60-75,36-43,AZ,Refinance,PrimaryResidence,SingleFamily,2020
LN0002548,149714,Excellent,<=60,<=28,IL,CashOut,PrimaryResidence,SingleFamily,2018
LN0002549,239936,Good,<=60,<=28,AZ,Refinance,PrimaryResidence,Condo,2019
LN0002550,309777,Good,<=60,28-36,GA,Purchase,PrimaryResidence,Condo,2019
LN0002551,234201,Good,>90,28-36,NY,Purchase,PrimaryResidence,SingleFamily,2020
LN0002552,296429,Good,75-90,28-36,WA,CashOut,PrimaryResidence,SingleFamily,2018
LN0002553,70733,Fair,60-75,36-43,TX,Purchase,PrimaryResidence,SingleFamily,2022
LN0002554,155371,Poor,60-75,28-36,NV,Refinance,PrimaryResidence,Condo,2018
LN0002555,345082,Good,75-90,>43,NY,Purchase,PrimaryResidence,SingleFamily,2022
LN0002556,256430,Fair,>90,28-36,NV,Purchase,PrimaryResidence,Condo,2019
LN0002557,500935,Excellent,60-75,<=28,GA,Refinance,PrimaryResidence,Condo,2020
LN0002558,466116,Good,60-75,28-36,FL,CashOut,PrimaryResidence,Condo,2022
LN0002559,230912,Good,>90,36-43,IL,Purchase,PrimaryResidence,SingleFamily,2021
LN0002560,175257,Excellent,>90,28-36,TX,Purchase,PrimaryResidence,SingleFamily,2018
LN0002561,123103,Fair,>90,28-36,GA,Purchase,PrimaryResidence,SingleFamily,2021
LN0002562,156701,Fair,60-75,28-36,CA,Purchase,Investment,MultiUnit,2020
LN0002563,162085,Fair,<=60,36-43,GA,Refinance,PrimaryResidence,Condo,2022
LN0002564,147764,Good,60-75,>43,TX,Purchase,PrimaryResidence,SingleFamily,2020
LN0002565,125596,Fair,60-75,28-36,TX,Purchase,PrimaryResidence,SingleFamily,2022
LN0002566,242993,Good,>90,<=28,FL,Refinance,PrimaryResidence,SingleFamily,2020
LN0002567,464315,Excellent,<=60,28-36,CA,Refinance,PrimaryResidence,SingleFamily,2018
LN0002568,316990,Excellent,75-90,28-36,AZ,Purchase,SecondHome,Condo,2020
LN0002569,169192,Fair,>90,>43,NV,CashOut,PrimaryResidence,SingleFamily,2022
LN0002570,330054,Poor,>90,28-36,NV,Purchase,PrimaryResidence,Townhouse,2018
LN0002571,236410,Excellent,75-90,36-43,OH,Purchase,PrimaryResidence,SingleFamily,2019
LN0002572,194784,Good,>90,>43,FL,CashOut,SecondHome,Condo,2018
LN0002573,188799,Fair,<=60,36-43,OH,Purchase,PrimaryResidence,SingleFamily,2022
LN0002574,179877,Fair,60-75,<=28,OH,CashOut,PrimaryResidence,MultiUnit,2020
LN0002575,275276,Good,<=60,36-43,FL,Refinance,SecondHome,MultiUnit,2021
LN0002576,213167,Fair,>90,28-36,AZ,CashOut,PrimaryResidence,SingleFamily,2022
LN0002577,138107,Fair,>90,28-36,NV,Purchase,SecondHome,SingleFamily,2022
LN0002578,134803,Poor,<=60,>43,NY,Purchase,PrimaryResidence,Townhouse,2020
LN0002579,231642,Excellent,<=60,28-36,WA,CashOut,SecondHome,Condo,2022
LN0002580,246304,Poor,60-75,28-36,AZ,Refinance,PrimaryResidence,SingleFamily,2020
LN0002581,169979,Excellent,60-75,<=28,FL,CashOut,PrimaryResidence,Condo,2022
LN0002582,112870,Fair,75-90,<=28,NV,Purchase,PrimaryResidence,SingleFamily,2022
LN0002583,371566,Excellent,<=60,36-43,NY,Refinance,PrimaryResidence,SingleFamily,2019
LN0002584,334135,Excellent,75-90,36-43,NV,Purchase,PrimaryResidence,MultiUnit,2021
LN0002585,73593,Excellent,75-90,36-43,FL,Purchase,PrimaryResidence,Townhouse,2021
LN0002586,388400,Good,60-75,28-36,OH,Refinance,PrimaryResidence,SingleFamily,2021
LN0002587,179066,Good,<=60,<=28,WA,Refinance,PrimaryResidence,SingleFamily,2018
LN0002588,218598,Excellent,>90,28-36,NY,Refinance,PrimaryResidence,SingleFamily,2020
LN0002589,351200,Good,75-90,28-36,IL,Purchase,Investment,MultiUnit,2018
LN0002590,454189,Good,60-75,36-43,FL,Refinance,PrimaryResidence,MultiUnit,2022
LN0002591,328217,Fair,60-75,36-43,GA,CashOut,PrimaryResidence,Townhouse,2022
LN0002592,224249,Poor,>90,>43,NV,Purchase,PrimaryResidence,SingleFamily,2020
LN0002593,99925,Fair,75-90,36-43,WA,Refinance,PrimaryResidence,SingleFamily,2018
LN0002594,72177,Excellent,75-90,28-36,FL,CashOut,PrimaryResidence,SingleFamily,2021
LN0002595,308377,Good,75-90,36-43,GA,Purchase,PrimaryResidence,SingleFamily,2020
LN0002596,388875,Poor,>90,36-43,IL,Refinance,PrimaryResidence,SingleFamily,2021
LN0002597,132280,Excellent,60-75,>43,NV,CashOut,Investment,SingleFamily,2018
LN0002598,173704,Good,75-90,28-36,FL,Refinance,Investment,Condo,2020
LN0002599,150447,Poor,60-75,36-43,WA,Purchase,PrimaryResidence,Condo,2019
LN0002600,148456,Poor,75-90,28-36,IL,Refinance,Investment,Condo,2022
LN0002601,340265,Good,>90,36-43,AZ,Refinance,PrimaryResidence,SingleFamily,2019
LN0002602,221723,Fair,>90,>43,TX,Refinance,PrimaryResidence,Condo,2022
LN0002603,177266,Good,60-75,>43,GA,Purchase,PrimaryResidence,SingleFamily,2022
LN0002604,750698,Fair,75-90,<=28,AZ,Purchase,PrimaryResidence,SingleFamily,2020
LN0002605,97031,Excellent,>90,<=28,NY,Refinance,PrimaryResidence,Condo,2018
LN0002606,261438,Excellent,>90,36-43,WA,Purchase,PrimaryResidence,Condo,2019
LN0002607,117654,Fair,75-90,36-43,FL,CashOut,PrimaryResidence,SingleFamily,2018
LN0002608,183740,Excellent,<=60,>43,IL,Purchase,PrimaryResidence,MultiUnit,2021
LN0002609,214125,Fair,60-75,28-36,NV,Refinance,PrimaryResidence,SingleFamily,2021
LN0002610,303245,Good,>90,36-43,NY,Purchase,Investment,Condo,2019
LN0002611,174452,Poor,75-90,36-43,FL,Refinance,SecondHome,MultiUnit,2021
LN0002612,165466,Fair,75-90,<=28,WA,CashOut,PrimaryResidence,Condo,2020
LN0002613,172898,Good,75-90,<=28,IL,Purchase,PrimaryResidence,SingleFamily,2022
LN0002614,115846,Fair,60-75,36-43,OH,Purchase,PrimaryResidence,SingleFamily,2018
LN0002615,272707,Good,60-75,<=28,CA,CashOut,PrimaryResidence,SingleFamily,2018
LN0002616,228814,Good,75-90,36-43,NV,Refinance,PrimaryResidence,MultiUnit,2022
LN0002617,247108,Excellent,60-75,28-36,OH,Refinance,SecondHome,Townhouse,2019
LN0002618,191995,Poor,75-90,28-36,AZ,Purchase,PrimaryResidence,Condo,2022
LN0002619,180513,Fair,75-90,28-36,IL,CashOut,Investment,Condo,2022
LN0002620,357825,Poor,75-90,>43,IL,Refinance,SecondHome,Condo,2018
LN0002621,331337,Poor,60-75,36-43,NY,Purchase,PrimaryResidence,Condo,2020
LN0002622,403285,Poor,75-90,36-43,AZ,Purchase,Investment,SingleFamily,2021
LN0002623,239497,Excellent,<=60,36-43,CA,Purchase,PrimaryResidence,SingleFamily,2018
LN0002624,390948,Poor,<=60,28-36,WA,Refinance,Investment,SingleFamily,2022
LN0002625,161451,Good,60-75,>43,FL,Refinance,PrimaryResidence,SingleFamily,2018
LN0002626,179795,Good,<=60,28-36,GA,Purchase,PrimaryResidence,SingleFamily,2018
LN0002627,361331,Good,>90,28-36,NV,Purchase,PrimaryResidence,Townhouse,2020
LN0002628,303067,Good,>90,28-36,GA,Purchase,PrimaryResidence,MultiUnit,2019
LN0002629,171918,Good,<=60,28-36,CA,Purchase,SecondHome,MultiUnit,2021
LN0002630,117815,Excellent,75-90,36-43,NY,CashOut,SecondHome,MultiUnit,2019
LN0002631,179515,Excellent,60-75,28-36,CA,Refinance,PrimaryResidence,Condo,2019
LN0002632,141148,Good,75-90,36-43,IL,Purchase,SecondHome,Condo,2022
LN0002633,470829,Poor,>90,>43,TX,Purchase,PrimaryResidence,SingleFamily,2018
LN0002634,290692,Fair,75-90,28-36,GA,Purchase,PrimaryResidence,MultiUnit,2020
LN0002635,135542,Good,<=60,<=28,WA,Refinance,PrimaryResidence,SingleFamily,2018
LN0002636,117889,Good,<=60,36-43,NY,Purchase,SecondHome,Condo,2018
LN0002637,134705,Good,60-75,<=28,AZ,Purchase,PrimaryResidence,SingleFamily,2019
LN0002638,150329,Excellent,>90,36-43,OH,CashOut,PrimaryResidence,SingleFamily,2019
LN0002639,182891,Fair,75-90,28-36,GA,Refinance,PrimaryResidence,SingleFamily,2020
LN0002640,347067,Excellent,60-75,28-36,NY,Refinance,SecondHome,Condo,2020
LN0002641,122607,Fair,<=60,28-36,FL,Purchase,PrimaryResidence,MultiUnit,2018
LN0002642,624538,Fair,>90,28-36,WA,Purchase,PrimaryResidence,SingleFamily,2018
LN0002643,124038,Good,60-75,28-36,OH,CashOut,PrimaryResidence,SingleFamily,2018
LN0002644,98270,Poor,75-90,28-36,AZ,Refinance,PrimaryResidence,Townhouse,2021
LN0002645,462384,Good,75-90,28-36,OH,Refinance,PrimaryResidence,SingleFamily,2022
LN0002646,384857,Poor,60-75,>43,CA,Refinance,SecondHome,Condo,2018
LN0002647,181466,Fair,<=60,<=28,NV,Purchase,PrimaryResidence,MultiUnit,2018
LN0002648,240545,Fair,60-75,28-36,FL,Refinance,SecondHome,Condo,2021
LN0002649,243600,Fair,60-75,<=28,CA,Purchase,Investment,SingleFamily,2021
LN0002650,212852,Fair,75-90,28-36,WA,Purchase,PrimaryResidence,Condo,2021
LN0002651,103959,Poor,75-90,<=28,IL,Refinance,PrimaryResidence,Townhouse,2018
LN0002652,57469,Good,60-75,36-43,TX,Purchase,PrimaryResidence,SingleFamily,2022
LN0002653,130305,Fair,60-75,<=28,FL,Purchase,PrimaryResidence,Condo,2021
LN0002654,492907,Fair,<=60,36-43,FL,Purchase,PrimaryResidence,SingleFamily,2018
LN0002655,502678,Good,60-75,28-36,IL,Purchase,PrimaryResidence,Townhouse,2018
LN0002656,174395,Poor,75-90,28-36,OH,CashOut,SecondHome,SingleFamily,2021
LN0002657,123132,Good,75-90,<=28,GA,CashOut,SecondHome,SingleFamily,2021
LN0002658,228447,Good,75-90,36-43,CA,Purchase,PrimaryResidence,SingleFamily,2021
LN0002659,247580,Excellent,<=60,>43,TX,Purchase,Investment,Townhouse,2020
LN0002660,268433,Excellent,75-90,<=28,GA,Refinance,Investment,SingleFamily,2020
LN0002661,56189,Fair,60-75,>43,AZ,Purchase,PrimaryResidence,SingleFamily,2021
LN0002662,964030,Good,>90,28-36,CA,Refinance,PrimaryResidence,SingleFamily,2018
LN0002663,350192,Good,75-90,28-36,NY,Purchase,SecondHome,MultiUnit,2019
LN0002664,180064,Excellent,>90,36-43,TX,Refinance,Investment,SingleFamily,2018
LN0002665,138796,Good,<=60,<=28,IL,Purchase,PrimaryResidence,Condo,2022
LN0002666,325674,Fair,60-75,28-36,NY,Refinance,PrimaryResidence,Condo,2021
LN0002667,254663,Poor,75-90,<=28,TX,Refinance,PrimaryResidence,Condo,2021
LN0002668,208162,Excellent,60-75,36-43,NV,Purchase,PrimaryResidence,Condo,2020
LN0002669,249987,Good,75-90,28-36,OH,Purchase,SecondHome,MultiUnit,2022
LN0002670,187895,Good,60-75,>43,WA,Refinance,Investment,SingleFamily,2022
LN0002671,243027,Fair,>90,28-36,OH,CashOut,PrimaryResidence,SingleFamily,2021
LN0002672,285838,Good,<=60,>43,NY,Purchase,PrimaryResidence,SingleFamily,2022
LN0002673,236016,Good,>90,<=28,NV,Purchase,PrimaryResidence,SingleFamily,2021
LN0002674,229914,Good,60-75,36-43,IL,Refinance,PrimaryResidence,SingleFamily,2021
LN0002675,398885,Good,60-75,28-36,NY,Purchase,SecondHome,SingleFamily,2019
LN0002676,89451,Good,60-75,<=28,WA,CashOut,PrimaryResidence,Townhouse,2022
LN0002677,133393,Good,60-75,<=28,WA,Refinance,SecondHome,Townhouse,2018
LN0002678,201446,Fair,>90,36-43,GA,Purchase,PrimaryResidence,SingleFamily,2021
LN0002679,138007,Fair,>90,<=28,AZ,Refinance,PrimaryResidence,Condo,2021
LN0002680,163077,Good,>90,28-36,FL,Refinance,PrimaryResidence,Condo,2018
LN0002681,378461,Fair,>90,>43,OH,Purchase,SecondHome,Townhouse,2021
LN0002682,184520,Poor,75-90,28-36,TX,Refinance,PrimaryResidence,SingleFamily,2018
LN0002683,79649,Excellent,60-75,<=28,FL,Purchase,PrimaryResidence,Condo,2020
LN0002684,160866,Good,>90,<=28,IL,Purchase,PrimaryResidence,SingleFamily,2022
LN0002685,204650,Good,<=60,<=28,WA,Refinance,PrimaryResidence,SingleFamily,2018
LN0002686,202773,Fair,75-90,28-36,GA,Refinance,PrimaryResidence,Condo,2019
LN0002687,262503,Excellent,60-75,36-43,TX,Refinance,Investment,SingleFamily,2020
LN0002688,252002,Fair,75-90,28-36,AZ,Purchase,PrimaryResidence,SingleFamily,2022
LN0002689,185458,Good,60-75,<=28,WA,Refinance,PrimaryResidence,Condo,2019
LN0002690,109478,Good,60-75,36-43,WA,Purchase,PrimaryResidence,SingleFamily,2018
LN0002691,159441,Poor,<=60,28-36,OH,Refinance,PrimaryResidence,SingleFamily,2018
LN0002692,145599,Good,60-75,28-36,GA,Purchase,PrimaryResidence,SingleFamily,2018
LN0002693,172378,Poor,60-75,>43,IL,Refinance,PrimaryResidence,Condo,2022
LN0002694,280852,Poor,60-75,28-36,IL,Purchase,PrimaryResidence,Condo,2021
LN0002695,243300,Poor,60-75,28-36,FL,Purchase,PrimaryResidence,Townhouse,2020
LN0002696,300139,Excellent,75-90,36-43,WA,Purchase,PrimaryResidence,SingleFamily,2022
LN0002697,164055,Fair,60-75,36-43,FL,Refinance,PrimaryResidence,SingleFamily,2022
LN0002698,422599,Excellent,75-90,36-43,GA,Purchase,PrimaryResidence,SingleFamily,2022
LN0002699,278290,Good,<=60,36-43,IL,Purchase,PrimaryResidence,SingleFamily,2018
LN0002700,210263,Poor,75-90,28-36,FL,Purchase,PrimaryResidence,SingleFamily,2018
LN0002701,268786,Fair,<=60,28-36,IL,Refinance,PrimaryResidence,Townhouse,2021
LN0002702,141792,Good,60-75,36-43,NV,CashOut,PrimaryResidence,SingleFamily,2019
LN0002703,69260,Good,75-90,36-43,WA,CashOut,PrimaryResidence,SingleFamily,2018
LN0002704,146774,Fair,75-90,36-43,NY,CashOut,PrimaryResidence,MultiUnit,2021
LN0002705,288868,Fair,60-75,28-36,IL,CashOut,PrimaryResidence,Condo,2019
LN0002706,206924,Good,60-75,36-43,GA,Purchase,PrimaryResidence,Condo,2022
LN0002707,185643,Poor,<=60,<=28,TX,Purchase,PrimaryResidence,SingleFamily,2020
LN0002708,130102,Excellent,60-75,<=28,WA,Purchase,PrimaryResidence,SingleFamily,2019
LN0002709,74763,Excellent,60-75,28-36,CA,Purchase,PrimaryResidence,SingleFamily,2022
LN0002710,405316,Fair,75-90,28-36,AZ,Refinance,PrimaryResidence,SingleFamily,2020
LN0002711,179163,Poor,60-75,36-43,GA,CashOut,PrimaryResidence,SingleFamily,2019
LN0002712,160368,Excellent,75-90,<=28,TX,Refinance,Investment,MultiUnit,2018
LN0002713,142084,Excellent,60-75,36-43,IL,CashOut,PrimaryResidence,SingleFamily,2020
LN0002714,372227,Excellent,60-75,28-36,AZ,Refinance,PrimaryResidence,SingleFamily,2021
LN0002715,308869,Poor,60-75,<=28,NV,Purchase,PrimaryResidence,SingleFamily,2022
LN0002716,122562,Excellent,<=60,28-36,TX,Purchase,Investment,MultiUnit,2018
LN0002717,355852,Good,60-75,28-36,FL,CashOut,PrimaryResidence,SingleFamily,2020
LN0002718,184880,Poor,75-90,36-43,TX,Refinance,PrimaryResidence,SingleFamily,2022
LN0002719,146492,Excellent,75-90,28-36,NY,Purchase,PrimaryResidence,Condo,2021
LN0002720,171646,Good,60-75,<=28,AZ,Purchase,PrimaryResidence,SingleFamily,2018
LN0002721,134369,Good,<=60,28-36,OH,Refinance,PrimaryResidence,Condo,2022
LN0002722,102699,Fair,>90,<=28,FL,Refinance,PrimaryResidence,SingleFamily,2021
LN0002723,293040,Good,<=60,<=28,NY,Refinance,PrimaryResidence,Condo,2020
LN0002724,178019,Good,60-75,>43,GA,CashOut,PrimaryResidence,SingleFamily,2021
LN0002725,270656,Excellent,>90,<=28,WA,Purchase,PrimaryResidence,SingleFamily,2021
LN0002726,229488,Fair,60-75,<=28,IL,CashOut,Investment,SingleFamily,2019
LN0002727,261521,Fair,<=60,>43,IL,Refinance,PrimaryResidence,MultiUnit,2021
LN0002728,71468,Excellent,60-75,36-43,NV,Refinance,PrimaryResidence,SingleFamily,2019
LN0002729,128877,Good,75-90,28-36,WA,CashOut,PrimaryResidence,MultiUnit,2019
LN0002730,264258,Poor,<=60,36-43,OH,Refinance,PrimaryResidence,SingleFamily,2020
LN0002731,105091,Excellent,75-90,>43,NV,Purchase,PrimaryResidence,MultiUnit,2018
LN0002732,239553,Good,60-75,<=28,NY,CashOut,PrimaryResidence,SingleFamily,2021
LN0002733,99175,Good,60-75,<=28,OH,Refinance,PrimaryResidence,SingleFamily,2020
LN0002734,200430,Good,60-75,>43,AZ,Purchase,PrimaryResidence,Condo,2021
LN0002735,444628,Good,75-90,36-43,FL,Refinance,PrimaryResidence,SingleFamily,2018
LN0002736,292816,Good,60-75,>43,FL,Purchase,Investment,Townhouse,2020
LN0002737,78796,Excellent,75-90,28-36,TX,Refinance,SecondHome,Townhouse,2020
LN0002738,303818,Good,60-75,>43,GA,Purchase,Investment,SingleFamily,2018
LN0002739,494409,Fair,<=60,28-36,OH,Purchase,PrimaryResidence,Townhouse,2020
LN0002740,804927,Good,60-75,36-43,OH,Purchase,Investment,SingleFamily,2022
LN0002741,252089,Excellent,60-75,>43,NY,Refinance,SecondHome,Condo,2022
LN0002742,100487,Fair,60-75,<=28,OH,Purchase,PrimaryResidence,MultiUnit,2018
LN0002743,247048,Excellent,75-90,<=28,CA,Refinance,PrimaryResidence,SingleFamily,2022
LN0002744,441536,Fair,>90,28-36,GA,Refinance,PrimaryResidence,SingleFamily,2020
LN0002745,181036,Good,75-90,36-43,IL,Purchase,PrimaryResidence,Condo,2018
LN0002746,334889,Fair,75-90,<=28,AZ,Purchase,SecondHome,SingleFamily,2022
LN0002747,130639,Excellent,60-75,>43,NV,Purchase,PrimaryResidence,SingleFamily,2020
LN0002748,239468,Excellent,75-90,28-36,WA,CashOut,PrimaryResidence,Condo,2022
LN0002749,57251,Good,60-75,28-36,GA,CashOut,PrimaryResidence,SingleFamily,2018
LN0002750,123603,Excellent,75-90,28-36,NV,Purchase,PrimaryResidence,SingleFamily,2018
LN0002751,198181,Excellent,>90,>43,NY,Purchase,PrimaryResidence,Townhouse,2022
LN0002752,165764,Fair,60-75,<=28,TX,Refinance,PrimaryResidence,Condo,2019
LN0002753,103745,Fair,>90,28-36,WA,Purchase,Investment,Condo,2020
LN0002754,154843,Excellent,75-90,<=28,NY,Purchase,PrimaryResidence,SingleFamily,2021
LN0002755,234410,Poor,60-75,>43,GA,Purchase,PrimaryResidence,Townhouse,2022
LN0002756,190400,Fair,>90,36-43,OH,Refinance,PrimaryResidence,SingleFamily,2019
LN0002757,204939,Poor,<=60,<=28,WA,Purchase,SecondHome,SingleFamily,2021
LN0002758,286640,Fair,<=60,28-36,NY,CashOut,SecondHome,SingleFamily,2021
LN0002759,167446,Fair,60-75,28-36,WA,Purchase,SecondHome,Condo,2021
LN0002760,392224,Good,75-90,28-36,IL,Purchase,Investment,SingleFamily,2020
LN0002761,121220,Fair,60-75,36-43,TX,CashOut,PrimaryResidence,SingleFamily,2018
LN0002762,521258,Poor,>90,28-36,OH,Purchase,PrimaryResidence,SingleFamily,2019
LN0002763,346805,Excellent,60-75,28-36,NY,Purchase,PrimaryResidence,Condo,2020
LN0002764,166375,Good,60-75,36-43,WA,Purchase,PrimaryResidence,SingleFamily,2020
LN0002765,172015,Excellent,75-90,28-36,NV,Refinance,PrimaryResidence,Condo,2018
LN0002766,220437,Poor,<=60,<=28,TX,Refinance,PrimaryResidence,SingleFamily,2021
LN0002767,268159,Good,75-90,<=28,IL,Refinance,PrimaryResidence,SingleFamily,2020
LN0002768,343613,Fair,60-75,28-36,TX,Purchase,PrimaryResidence,SingleFamily,2021
LN0002769,101692,Fair,>90,36-43,IL,Purchase,PrimaryResidence,Townhouse,2020
LN0002770,247389,Poor,75-90,<=28,NY,Purchase,Investment,Condo,2019
LN0002771,68991,Excellent,<=60,28-36,NV,Purchase,PrimaryResidence,SingleFamily,2018
LN0002772,181924,Fair,<=60,28-36,NY,Purchase,Investment,SingleFamily,2018
LN0002773,411249,Poor,<=60,36-43,GA,Refinance,PrimaryResidence,SingleFamily,2020
LN0002774,97850,Excellent,>90,<=28,TX,Refinance,SecondHome,SingleFamily,2019
LN0002775,89355,Fair,75-90,28-36,IL,Refinance,PrimaryResidence,Condo,2021
LN0002776,221992,Good,60-75,<=28,AZ,Refinance,PrimaryResidence,SingleFamily,2021
LN0002777,397803,Fair,60-75,28-36,GA,Refinance,PrimaryResidence,Townhouse,2019
LN0002778,233911,Good,>90,<=28,FL,Purchase,PrimaryResidence,SingleFamily,2021
LN0002779,76702,Good,60-75,28-36,NV,Refinance,SecondHome,SingleFamily,2020
LN0002780,85685,Excellent,75-90,36-43,AZ,Purchase,PrimaryResidence,SingleFamily,2022
LN0002781,208745,Excellent,75-90,<=28,IL,Refinance,PrimaryResidence,SingleFamily,2022
LN0002782,110235,Excellent,60-75,36-43,NV,Purchase,PrimaryResidence,MultiUnit,2022
LN0002783,212850,Fair,60-75,28-36,TX,Refinance,PrimaryResidence,SingleFamily,2018
LN0002784,219256,Good,60-75,28-36,NY,CashOut,PrimaryResidence,Condo,2020
LN0002785,155612,Excellent,60-75,28-36,NV,Purchase,PrimaryResidence,SingleFamily,2018
LN0002786,492562,Fair,>90,28-36,NV,Purchase,PrimaryResidence,SingleFamily,2022
LN0002787,267061,Fair,75-90,36-43,AZ,CashOut,PrimaryResidence,SingleFamily,2021
LN0002788,364322,Good,75-90,36-43,TX,Purchase,PrimaryResidence,SingleFamily,2019
LN0002789,314988,Poor,60-75,36-43,FL,Purchase,PrimaryResidence,SingleFamily,2021
LN0002790,184418,Good,60-75,28-36,GA,Purchase,Investment,SingleFamily,2020
LN0002791,180371,Fair,75-90,36-43,CA,Purchase,PrimaryResidence,Townhouse,2020
LN0002792,171303,Excellent,60-75,<=28,NV,Refinance,PrimaryResidence,Condo,2020
LN0002793,279442,Fair,<=60,28-36,NV,Refinance,SecondHome,SingleFamily,2022
LN0002794,143604,Poor,60-75,<=28,AZ,Refinance,Investment,Condo,2021
LN0002795,470954,Fair,75-90,<=28,NV,Refinance,SecondHome,SingleFamily,2020
LN0002796,136908,Good,75-90,36-43,FL,Refinance,PrimaryResidence,Condo,2021
LN0002797,221291,Fair,60-75,>43,AZ,Refinance,SecondHome,Townhouse,2018
LN0002798,177275,Good,>90,<=28,FL,Purchase,PrimaryResidence,SingleFamily,2019
LN0002799,158673,Fair,60-75,28-36,TX,Refinance,SecondHome,Townhouse,2018
LN0002800,588995,Fair,60-75,36-43,FL,Purchase,PrimaryResidence,SingleFamily,2022
LN0002801,159607,Poor,<=60,>43,OH,Purchase,PrimaryResidence,SingleFamily,2018
LN0002802,170695,Good,75-90,36-43,NV,Refinance,SecondHome,Condo,2022
LN0002803,142619,Excellent,60-75,<=28,GA,Refinance,PrimaryResidence,Condo,2022
LN0002804,202910,Good,60-75,<=28,FL,CashOut,PrimaryResidence,SingleFamily,2022
LN0002805,188970,Excellent,60-75,36-43,GA,Purchase,Investment,SingleFamily,2021
LN0002806,113592,Excellent,75-90,<=28,WA,Purchase,PrimaryResidence,SingleFamily,2020
LN0002807,160783,Good,75-90,>43,WA,Purchase,PrimaryResidence,SingleFamily,2022
LN0002808,269640,Fair,60-75,>43,NY,Purchase,PrimaryResidence,SingleFamily,2022
LN0002809,332200,Excellent,>90,>43,TX,Purchase,PrimaryResidence,SingleFamily,2022
LN0002810,201189,Excellent,<=60,28-36,NY,Refinance,PrimaryResidence,Townhouse,2021
LN0002811,204740,Excellent,<=60,36-43,AZ,Refinance,PrimaryResidence,Condo,2021
LN0002812,165960,Poor,75-90,36-43,IL,Purchase,SecondHome,Townhouse,2021
LN0002813,154628,Fair,75-90,<=28,CA,Purchase,PrimaryResidence,SingleFamily,2022
LN0002814,125519,Excellent,60-75,28-36,NY,Purchase,Investment,SingleFamily,2020
LN0002815,91278,Excellent,75-90,<=28,IL,Refinance,PrimaryResidence,SingleFamily,2020
LN0002816,139913,Good,60-75,28-36,WA,Purchase,Investment,Condo,2022
LN0002817,312395,Good,75-90,>43,GA,Purchase,PrimaryResidence,Condo,2019
LN0002818,160779,Good,75-90,36-43,IL,Purchase,PrimaryResidence,SingleFamily,2021
LN0002819,167207,Good,>90,28-36,TX,Purchase,PrimaryResidence,MultiUnit,2018
LN0002820,165587,Poor,60-75,28-36,IL,Purchase,SecondHome,SingleFamily,2020
LN0002821,370405,Good,75-90,<=28,CA,Refinance,Investment,SingleFamily,2018
LN0002822,124967,Fair,75-90,28-36,WA,Purchase,Investment,SingleFamily,2022
LN0002823,228325,Excellent,60-75,<=28,IL,Purchase,PrimaryResidence,SingleFamily,2022
LN0002824,192099,Poor,60-75,36-43,NY,Purchase,PrimaryResidence,SingleFamily,2019
LN0002825,205656,Poor,>90,36-43,GA,Purchase,PrimaryResidence,Townhouse,2018
LN0002826,224622,Fair,60-75,36-43,OH,CashOut,PrimaryResidence,SingleFamily,2021
LN0002827,204553,Good,75-90,>43,FL,Refinance,Investment,SingleFamily,2022
LN0002828,295525,Excellent,<=60,<=28,WA,Purchase,PrimaryResidence,SingleFamily,2019
LN0002829,195902,Fair,75-90,36-43,WA,Refinance,SecondHome,SingleFamily,2022
LN0002830,475531,Fair,<=60,<=28,WA,Purchase,Investment,Townhouse,2020
LN0002831,203259,Excellent,>90,28-36,IL,Purchase,PrimaryResidence,MultiUnit,2020
LN0002832,84818,Good,75-90,28-36,FL,Purchase,PrimaryResidence,SingleFamily,2019
LN0002833,273526,Good,<=60,<=28,TX,Refinance,PrimaryResidence,Townhouse,2019
LN0002834,241844,Fair,75-90,<=28,CA,Refinance,SecondHome,SingleFamily,2019
LN0002835,202050,Fair,75-90,28-36,CA,Purchase,PrimaryResidence,MultiUnit,2018
LN0002836,174593,Fair,60-75,<=28,AZ,Refinance,PrimaryResidence,SingleFamily,2019
LN0002837,69057,Fair,60-75,>43,CA,Purchase,PrimaryResidence,MultiUnit,2019
LN0002838,75100,Good,75-90,28-36,AZ,Purchase,PrimaryResidence,Townhouse,2018
LN0002839,453050,Good,75-90,28-36,AZ,Purchase,PrimaryResidence,SingleFamily,2019
LN0002840,148337,Excellent,60-75,>43,FL,Purchase,Investment,SingleFamily,2018
LN0002841,322162,Fair,>90,28-36,IL,Purchase,PrimaryResidence,SingleFamily,2018
LN0002842,89186,Good,60-75,28-36,NY,CashOut,PrimaryResidence,SingleFamily,2021
LN0002843,117779,Good,<=60,>43,NY,Purchase,PrimaryResidence,SingleFamily,2018
LN0002844,279098,Excellent,75-90,<=28,NY,Purchase,SecondHome,SingleFamily,2019
LN0002845,188857,Excellent,<=60,<=28,NY,Purchase,PrimaryResidence,SingleFamily,2021
LN0002846,260103,Good,60-75,28-36,GA,Purchase,PrimaryResidence,SingleFamily,2018
LN0002847,197438,Excellent,60-75,28-36,IL,Purchase,PrimaryResidence,Townhouse,2021
LN0002848,179183,Excellent,60-75,36-43,TX,Purchase,PrimaryResidence,SingleFamily,2018
LN0002849,141489,Fair,60-75,<=28,NY,Purchase,PrimaryResidence,SingleFamily,2018
LN0002850,109425,Good,75-90,36-43,NV,Purchase,SecondHome,SingleFamily,2018
LN0002851,400853,Good,60-75,36-43,NV,Purchase,SecondHome,Townhouse,2022
LN0002852,435240,Good,75-90,>43,CA,Refinance,PrimaryResidence,SingleFamily,2018
LN0002853,118260,Fair,75-90,<=28,WA,CashOut,PrimaryResidence,SingleFamily,2018
LN0002854,114457,Good,60-75,<=28,NV,Purchase,PrimaryResidence,SingleFamily,2022
LN0002855,167060,Fair,60-75,>43,TX,Refinance,PrimaryResidence,SingleFamily,2021
LN0002856,235677,Poor,75-90,36-43,CA,Refinance,PrimaryResidence,Townhouse,2020
LN0002857,181514,Fair,<=60,<=28,FL,Refinance,SecondHome,SingleFamily,2018
LN0002858,255189,Good,60-75,<=28,NY,Refinance,PrimaryResidence,SingleFamily,2019
LN0002859,193953,Fair,75-90,36-43,NV,Refinance,PrimaryResidence,SingleFamily,2020
LN0002860,187715,Good,75-90,28-36,FL,CashOut,PrimaryResidence,SingleFamily,2020
LN0002861,664333,Good,75-90,28-36,NY,Purchase,PrimaryResidence,SingleFamily,2020
LN0002862,152878,Good,<=60,>43,FL,Purchase,PrimaryResidence,SingleFamily,2018
LN0002863,451338,Good,<=60,<=28,NY,Refinance,PrimaryResidence,Condo,2022
LN0002864,409802,Excellent,60-75,<=28,NV,CashOut,SecondHome,SingleFamily,2021
LN0002865,255773,Good,75-90,36-43,CA,Purchase,PrimaryResidence,SingleFamily,2019
LN0002866,75881,Excellent,60-75,>43,IL,CashOut,PrimaryResidence,SingleFamily,2022
LN0002867,201900,Good,<=60,28-36,GA,Refinance,Investment,Condo,2019
LN0002868,153683,Good,<=60,36-43,TX,Refinance,PrimaryResidence,SingleFamily,2018
LN0002869,200796,Poor,75-90,<=28,CA,Refinance,SecondHome,Condo,2022
LN0002870,116834,Excellent,75-90,<=28,NV,Refinance,PrimaryResidence,MultiUnit,2018
LN0002871,290142,Fair,<=60,>43,FL,Refinance,PrimaryResidence,Townhouse,2018
LN0002872,325296,Good,<=60,<=28,FL,Refinance,PrimaryResidence,SingleFamily,2021
LN0002873,356829,Excellent,60-75,<=28,NY,Purchase,SecondHome,Townhouse,2019
LN0002874,164211,Excellent,<=60,36-43,CA,CashOut,SecondHome,Condo,2018
LN0002875,117041,Excellent,60-75,28-36,TX,Refinance,PrimaryResidence,Condo,2018
LN0002876,237005,Excellent,<=60,28-36,CA,Refinance,PrimaryResidence,SingleFamily,2018
LN0002877,478320,Good,75-90,36-43,WA,Purchase,PrimaryResidence,SingleFamily,2022
LN0002878,205807,Good,75-90,<=28,IL,Purchase,PrimaryResidence,SingleFamily,2021
LN0002879,249234,Good,>90,36-43,FL,Purchase,PrimaryResidence,Condo,2022
LN0002880,176758,Excellent,>90,28-36,NV,Purchase,Investment,Townhouse,2021
LN0002881,154548,Excellent,60-75,<=28,NY,Refinance,PrimaryResidence,SingleFamily,2020
LN0002882,276271,Excellent,<=60,36-43,CA,CashOut,PrimaryResidence,Townhouse,2019
LN0002883,188521,Good,60-75,28-36,CA,Refinance,PrimaryResidence,SingleFamily,2022
LN0002884,243229,Good,75-90,>43,OH,Purchase,PrimaryResidence,Townhouse,2022
LN0002885,256210,Good,<=60,>43,WA,CashOut,Investment,SingleFamily,2020
LN0002886,236512,Excellent,60-75,36-43,FL,CashOut,PrimaryResidence,Condo,2018
LN0002887,262741,Excellent,60-75,28-36,FL,Refinance,Investment,SingleFamily,2021
LN0002888,129767,Poor,60-75,<=28,FL,Purchase,PrimaryResidence,Townhouse,2019
LN0002889,125867,Excellent,75-90,>43,IL,Refinance,PrimaryResidence,SingleFamily,2019
LN0002890,194597,Excellent,75-90,28-36,OH,Purchase,PrimaryResidence,SingleFamily,2021
LN0002891,196952,Excellent,60-75,36-43,GA,Purchase,Investment,MultiUnit,2022
LN0002892,153098,Poor,>90,36-43,OH,Refinance,PrimaryResidence,SingleFamily,2021
LN0002893,224246,Fair,<=60,28-36,CA,Refinance,PrimaryResidence,SingleFamily,2018
LN0002894,313047,Fair,<=60,<=28,WA,Purchase,PrimaryResidence,SingleFamily,2020
LN0002895,359962,Poor,60-75,36-43,OH,CashOut,PrimaryResidence,MultiUnit,2022
LN0002896,402774,Excellent,75-90,28-36,FL,CashOut,SecondHome,Townhouse,2021
LN0002897,103011,Poor,75-90,28-36,WA,Refinance,Investment,SingleFamily,2019
LN0002898,111134,Excellent,<=60,28-36,CA,Purchase,PrimaryResidence,Condo,2021
LN0002899,171987,Fair,>90,36-43,NV,Purchase,PrimaryResidence,SingleFamily,2019
LN0002900,206931,Good,60-75,28-36,OH,Refinance,PrimaryResidence,Condo,2022
LN0002901,176449,Good,60-75,<=28,GA,Refinance,PrimaryResidence,SingleFamily,2022
LN0002902,150795,Poor,75-90,36-43,WA,Refinance,PrimaryResidence,SingleFamily,2020
LN0002903,170721,Excellent,>90,36-43,GA,Purchase,PrimaryResidence,SingleFamily,2018
LN0002904,253129,Poor,75-90,>43,IL,Purchase,PrimaryResidence,SingleFamily,2020
LN0002905,102251,Good,>90,<=28,NV,Purchase,SecondHome,Condo,2018
LN0002906,641573,Fair,<=60,>43,FL,Refinance,PrimaryResidence,SingleFamily,2021
LN0002907,200886,Poor,75-90,36-43,AZ,Purchase,SecondHome,Townhouse,2021
LN0002908,336187,Excellent,75-90,36-43,OH,Purchase,SecondHome,MultiUnit,2019
LN0002909,148746,Poor,60-75,28-36,AZ,Refinance,Investment,Condo,2022
LN0002910,264917,Good,60-75,<=28,CA,CashOut,Investment,MultiUnit,2021
LN0002911,208990,Fair,>90,28-36,IL,Purchase,PrimaryResidence,Townhouse,2022
LN0002912,305102,Excellent,<=60,28-36,GA,Purchase,PrimaryResidence,Condo,2019
LN0002913,179993,Good,60-75,28-36,GA,Refinance,SecondHome,Condo,2018
LN0002914,431827,Fair,>90,>43,GA,CashOut,SecondHome,SingleFamily,2020
LN0002915,94275,Good,>90,<=28,GA,Purchase,PrimaryResidence,MultiUnit,2019
LN0002916,319555,Excellent,>90,>43,FL,Purchase,PrimaryResidence,Condo,2021
LN0002917,210946,Excellent,>90,28-36,AZ,Refinance,Investment,SingleFamily,2020
LN0002918,119471,Poor,<=60,36-43,IL,Purchase,PrimaryResidence,SingleFamily,2021
LN0002919,527567,Excellent,>90,28-36,NV,CashOut,PrimaryResidence,SingleFamily,2018
LN0002920,500993,Fair,60-75,36-43,WA,Refinance,PrimaryResidence,Condo,2018
LN0002921,70478,Poor,75-90,28-36,WA,Purchase,PrimaryResidence,MultiUnit,2022
LN0002922,217160,Excellent,60-75,>43,WA,CashOut,PrimaryResidence,SingleFamily,2020
LN0002923,282895,Excellent,75-90,<=28,AZ,Refinance,PrimaryResidence,SingleFamily,2018
LN0002924,247917,Fair,75-90,<=28,NV,Purchase,SecondHome,Townhouse,2022
LN0002925,424117,Excellent,75-90,>43,WA,Purchase,PrimaryResidence,SingleFamily,2018
LN0002926,382244,Good,<=60,<=28,WA,Refinance,SecondHome,Condo,2022
LN0002927,226974,Fair,<=60,36-43,CA,CashOut,PrimaryResidence,SingleFamily,2019
LN0002928,620668,Good,60-75,<=28,CA,Purchase,SecondHome,SingleFamily,2020
LN0002929,317560,Good,<=60,<=28,OH,Purchase,PrimaryResidence,SingleFamily,2019
LN0002930,166756,Fair,75-90,28-36,NY,CashOut,PrimaryResidence,SingleFamily,2018
LN0002931,150817,Good,60-75,28-36,IL,Purchase,PrimaryResidence,SingleFamily,2020
LN0002932,370152,Excellent,75-90,28-36,GA,Purchase,PrimaryResidence,SingleFamily,2019
LN0002933,133722,Good,<=60,28-36,FL,Purchase,PrimaryResidence,Condo,2020
LN0002934,161964,Poor,<=60,36-43,NY,Refinance,PrimaryResidence,Townhouse,2020
LN0002935,176347,Fair,75-90,>43,CA,Refinance,PrimaryResidence,MultiUnit,2021
LN0002936,237477,Good,60-75,28-36,OH,Purchase,PrimaryResidence,SingleFamily,2018
LN0002937,180461,Good,60-75,28-36,WA,Purchase,Investment,SingleFamily,2019
LN0002938,102900,Excellent,60-75,28-36,TX,Refinance,PrimaryResidence,SingleFamily,2022
LN0002939,355414,Excellent,60-75,36-43,WA,Refinance,PrimaryResidence,Condo,2022
LN0002940,162397,Excellent,75-90,28-36,TX,Purchase,Investment,SingleFamily,2020
LN0002941,545778,Poor,<=60,36-43,OH,Purchase,PrimaryResidence,MultiUnit,2019
LN0002942,231421,Excellent,60-75,28-36,FL,Refinance,SecondHome,Condo,2020
LN0002943,374596,Fair,75-90,36-43,FL,Purchase,PrimaryResidence,SingleFamily,2021
LN0002944,272510,Excellent,60-75,36-43,AZ,Purchase,PrimaryResidence,SingleFamily,2019
LN0002945,383666,Good,75-90,28-36,OH,CashOut,SecondHome,Condo,2022
LN0002946,264387,Good,60-75,28-36,GA,CashOut,PrimaryResidence,MultiUnit,2018
LN0002947,223593,Good,>90,28-36,GA,Purchase,PrimaryResidence,SingleFamily,2021
LN0002948,343388,Fair,60-75,28-36,WA,CashOut,PrimaryResidence,Condo,2020
LN0002949,688992,Poor,60-75,28-36,TX,Refinance,PrimaryResidence,SingleFamily,2020
LN0002950,173702,Poor,>90,36-43,NY,CashOut,PrimaryResidence,Townhouse,2020
LN0002951,295807,Excellent,75-90,28-36,NV,CashOut,PrimaryResidence,SingleFamily,2018
LN0002952,198268,Fair,75-90,<=28,NV,Refinance,PrimaryResidence,Condo,2019
LN0002953,256024,Excellent,>90,<=28,OH,Purchase,PrimaryResidence,SingleFamily,2019
LN0002954,203023,Poor,<=60,28-36,AZ,Purchase,Investment,Townhouse,2021
LN0002955,67584,Good,75-90,>43,AZ,Refinance,Investment,Condo,2020
LN0002956,179855,Good,75-90,28-36,NY,Purchase,PrimaryResidence,SingleFamily,2020
LN0002957,327674,Excellent,60-75,28-36,OH,Refinance,SecondHome,SingleFamily,2020
LN0002958,135590,Excellent,60-75,28-36,OH,Purchase,Investment,SingleFamily,2020
LN0002959,315045,Excellent,<=60,>43,TX,Refinance,PrimaryResidence,MultiUnit,2018
LN0002960,217902,Poor,>90,36-43,NV,CashOut,PrimaryResidence,Condo,2022
LN0002961,180638,Fair,<=60,<=28,IL,Purchase,PrimaryResidence,SingleFamily,2022
LN0002962,312671,Poor,60-75,36-43,NY,Refinance,PrimaryResidence,SingleFamily,2019
LN0002963,279432,Excellent,75-90,36-43,IL,Refinance,SecondHome,MultiUnit,2021
LN0002964,245308,Good,75-90,36-43,NY,Refinance,PrimaryResidence,MultiUnit,2019
LN0002965,330363,Good,<=60,28-36,NY,CashOut,PrimaryResidence,SingleFamily,2018
LN0002966,220036,Good,75-90,36-43,WA,Refinance,SecondHome,Condo,2022
LN0002967,87349,Good,60-75,28-36,NV,Purchase,PrimaryResidence,SingleFamily,2019
LN0002968,164545,Good,75-90,<=28,IL,Purchase,Investment,SingleFamily,2019
LN0002969,80643,Good,<=60,<=28,FL,Purchase,Investment,Townhouse,2020
LN0002970,276145,Excellent,<=60,28-36,OH,Purchase,PrimaryResidence,Condo,2020
LN0002971,311171,Good,75-90,<=28,FL,Refinance,PrimaryResidence,SingleFamily,2019
LN0002972,318332,Fair,<=60,28-36,WA,Refinance,PrimaryResidence,SingleFamily,2022
LN0002973,253862,Excellent,60-75,36-43,FL,Purchase,PrimaryResidence,SingleFamily,2019
LN0002974,322533,Poor,<=60,36-43,FL,Purchase,Investment,SingleFamily,2020
LN0002975,90372,Good,75-90,<=28,FL,Purchase,PrimaryResidence,Townhouse,2021
LN0002976,188380,Fair,>90,<=28,NY,Purchase,PrimaryResidence,SingleFamily,2022
LN0002977,97982,Fair,75-90,36-43,NV,Refinance,PrimaryResidence,SingleFamily,2020
LN0002978,166181,Fair,>90,28-36,GA,Purchase,PrimaryResidence,MultiUnit,2020
LN0002979,446023,Fair,>90,<=28,GA,Refinance,PrimaryResidence,SingleFamily,2022
LN0002980,343388,Poor,60-75,36-43,CA,CashOut,PrimaryResidence,SingleFamily,2020
LN0002981,276825,Fair,60-75,<=28,CA,Refinance,PrimaryResidence,Condo,2019
LN0002982,181532,Good,>90,<=28,NY,Refinance,SecondHome,SingleFamily,2018
LN0002983,120958,Excellent,>90,36-43,AZ,CashOut,PrimaryResidence,SingleFamily,2019
LN0002984,218275,Fair,>90,36-43,CA,Purchase,PrimaryResidence,SingleFamily,2018
LN0002985,346396,Excellent,75-90,28-36,OH,Purchase,PrimaryResidence,Townhouse,2019
LN0002986,244002,Excellent,60-75,36-43,AZ,Purchase,SecondHome,MultiUnit,2020
LN0002987,89963,Excellent,>90,>43,FL,Purchase,PrimaryResidence,SingleFamily,2020
LN0002988,209463,Good,>90,<=28,TX,Purchase,PrimaryResidence,SingleFamily,2018
LN0002989,76369,Excellent,75-90,36-43,TX,Refinance,PrimaryResidence,Condo,2020
LN0002990,297179,Fair,>90,<=28,CA,Purchase,PrimaryResidence,SingleFamily,2020
LN0002991,140574,Fair,75-90,28-36,AZ,Purchase,Investment,SingleFamily,2018
LN0002992,107843,Fair,>90,28-36,OH,Purchase,SecondHome,SingleFamily,2019
LN0002993,299229,Good,<=60,28-36,GA,Purchase,PrimaryResidence,SingleFamily,2021
LN0002994,262942,Good,>90,<=28,CA,Refinance,PrimaryResidence,Townhouse,2018
LN0002995,223283,Good,<=60,36-43,NV,Purchase,PrimaryResidence,SingleFamily,2019
LN0002996,594724,Good,60-75,28-36,GA,Purchase,PrimaryResidence,SingleFamily,2020
LN0002997,273074,Fair,<=60,>43,AZ,Purchase,PrimaryResidence,MultiUnit,2018
LN0002998,143993,Excellent,60-75,28-36,NY,Refinance,PrimaryResidence,MultiUnit,2021
LN0002999,257713,Poor,60-75,36-43,TX,Purchase,PrimaryResidence,SingleFamily,2021
LN0003000,172294,Excellent,>90,28-36,AZ,Refinance,PrimaryResidence,Condo,2019
LN0003001,374512,Fair,75-90,28-36,CA,Refinance,PrimaryResidence,MultiUnit,2019
LN0003002,228773,Good,>90,36-43,TX,Purchase,PrimaryResidence,SingleFamily,2021
LN0003003,240376,Excellent,60-75,36-43,TX,Purchase,PrimaryResidence,Condo,2019
LN0003004,96646,Fair,<=60,28-36,CA,Refinance,PrimaryResidence,Condo,2018
LN0003005,204981,Excellent,75-90,28-36,WA,Purchase,PrimaryResidence,SingleFamily,2018
LN0003006,193274,Fair,75-90,28-36,FL,Refinance,PrimaryResidence,Townhouse,2018
LN0003007,119120,Good,60-75,28-36,NV,Refinance,Investment,Townhouse,2022
LN0003008,177948,Excellent,75-90,28-36,NV,Purchase,PrimaryResidence,SingleFamily,2022
LN0003009,247181,Excellent,75-90,36-43,TX,Purchase,PrimaryResidence,SingleFamily,2020
LN0003010,198357,Fair,75-90,28-36,AZ,Refinance,PrimaryResidence,Townhouse,2022
LN0003011,98120,Good,>90,28-36,CA,Refinance,PrimaryResidence,SingleFamily,2021
LN0003012,173406,Poor,75-90,36-43,FL,Purchase,Investment,SingleFamily,2020
LN0003013,157312,Fair,75-90,>43,GA,Refinance,PrimaryResidence,Condo,2021
LN0003014,218984,Fair,60-75,28-36,FL,Purchase,SecondHome,Condo,2020
LN0003015,207475,Good,<=60,<=28,CA,CashOut,PrimaryResidence,SingleFamily,2022
LN0003016,161812,Fair,60-75,<=28,TX,Refinance,PrimaryResidence,SingleFamily,2022
LN0003017,158683,Poor,75-90,36-43,GA,Purchase,PrimaryResidence,MultiUnit,2022
LN0003018,205584,Excellent,75-90,28-36,FL,Purchase,PrimaryResidence,Townhouse,2020
LN0003019,321736,Good,60-75,28-36,FL,Purchase,PrimaryResidence,SingleFamily,2020
LN0003020,228506,Excellent,75-90,<=28,FL,Refinance,PrimaryResidence,SingleFamily,2018
LN0003021,404956,Good,<=60,>43,AZ,Purchase,PrimaryResidence,SingleFamily,2021
LN0003022,350317,Fair,60-75,28-36,AZ,Purchase,PrimaryResidence,SingleFamily,2018
LN0003023,420139,Good,>90,36-43,AZ,Refinance,PrimaryResidence,SingleFamily,2020
LN0003024,394081,Good,60-75,<=28,CA,Purchase,PrimaryResidence,Condo,2018
LN0003025,434293,Good,60-75,<=28,FL,Purchase,SecondHome,SingleFamily,2020
LN0003026,111683,Excellent,60-75,<=28,AZ,Refinance,PrimaryResidence,MultiUnit,2021
LN0003027,274776,Good,60-75,28-36,WA,Refinance,PrimaryResidence,MultiUnit,2019
LN0003028,365550,Poor,75-90,28-36,CA,Refinance,PrimaryResidence,Condo,2021
LN0003029,400117,Fair,>90,<=28,FL,Purchase,PrimaryResidence,SingleFamily,2019
LN0003030,135217,Good,75-90,28-36,AZ,Refinance,PrimaryResidence,Condo,2019
LN0003031,276147,Fair,75-90,<=28,AZ,Refinance,PrimaryResidence,SingleFamily,2018
LN0003032,206406,Excellent,60-75,28-36,IL,Purchase,SecondHome,SingleFamily,2018
LN0003033,500583,Good,75-90,<=28,TX,CashOut,PrimaryResidence,Condo,2019
LN0003034,99345,Excellent,60-75,<=28,CA,Purchase,PrimaryResidence,MultiUnit,2018
LN0003035,135314,Poor,<=60,<=28,FL,Purchase,PrimaryResidence,MultiUnit,2022
LN0003036,80393,Fair,>90,36-43,OH,CashOut,PrimaryResidence,SingleFamily,2021
LN0003037,213695,Fair,60-75,>43,AZ,Purchase,PrimaryResidence,Condo,2019
LN0003038,616565,Excellent,60-75,36-43,FL,CashOut,PrimaryResidence,SingleFamily,2022
LN0003039,194430,Excellent,<=60,<=28,NV,Purchase,PrimaryResidence,Condo,2019
LN0003040,209089,Fair,75-90,>43,AZ,Purchase,PrimaryResidence,SingleFamily,2020
LN0003041,261743,Good,<=60,>43,NV,Purchase,PrimaryResidence,Condo,2021
LN0003042,187560,Poor,60-75,28-36,OH,Purchase,PrimaryResidence,Townhouse,2021
LN0003043,238711,Fair,75-90,<=28,WA,CashOut,PrimaryResidence,SingleFamily,2018
LN0003044,241857,Good,60-75,36-43,NV,CashOut,PrimaryResidence,MultiUnit,2019
LN0003045,130251,Fair,>90,>43,GA,Refinance,PrimaryResidence,Condo,2019
LN0003046,189657,Poor,60-75,36-43,AZ,Purchase,PrimaryResidence,SingleFamily,2020
LN0003047,288072,Good,75-90,36-43,IL,Purchase,PrimaryResidence,SingleFamily,2022
LN0003048,316249,Fair,>90,36-43,FL,Purchase,PrimaryResidence,SingleFamily,2020
LN0003049,380503,Poor,60-75,>43,WA,Purchase,PrimaryResidence,SingleFamily,2020
LN0003050,235088,Excellent,75-90,<=28,IL,Purchase,Investment,SingleFamily,2018
LN0003051,237492,Poor,60-75,<=28,NY,Purchase,SecondHome,Condo,2020
LN0003052,289263,Excellent,75-90,36-43,GA,Purchase,PrimaryResidence,SingleFamily,2020
LN0003053,147652,Fair,>90,<=28,GA,Refinance,PrimaryResidence,SingleFamily,2021
LN0003054,144655,Fair,75-90,28-36,NY,Purchase,Investment,MultiUnit,2022
LN0003055,186764,Fair,>90,28-36,FL,Purchase,PrimaryResidence,Condo,2020
LN0003056,105081,Good,75-90,<=28,WA,Purchase,PrimaryResidence,SingleFamily,2018
LN0003057,243640,Fair,75-90,<=28,NY,Refinance,PrimaryResidence,Condo,2022
LN0003058,335890,Excellent,60-75,28-36,FL,Refinance,PrimaryResidence,SingleFamily,2020
LN0003059,139382,Excellent,75-90,28-36,FL,Purchase,PrimaryResidence,Condo,2020
LN0003060,247106,Good,>90,28-36,GA,CashOut,PrimaryResidence,SingleFamily,2022
LN0003061,145137,Good,75-90,28-36,IL,Refinance,PrimaryResidence,SingleFamily,2020
LN0003062,119576,Good,60-75,>43,NY,Purchase,PrimaryResidence,Townhouse,2021
LN0003063,555587,Excellent,60-75,28-36,TX,Purchase,PrimaryResidence,SingleFamily,2022
LN0003064,120437,Poor,75-90,>43,CA,CashOut,PrimaryResidence,SingleFamily,2020
LN0003065,104855,Good,>90,28-36,GA,Purchase,PrimaryResidence,SingleFamily,2022
LN0003066,221318,Good,<=60,<=28,NV,Purchase,PrimaryResidence,SingleFamily,2018
LN0003067,227353,Good,<=60,36-43,NY,Refinance,PrimaryResidence,MultiUnit,2022
LN0003068,277511,Excellent,60-75,36-43,AZ,Purchase,Investment,SingleFamily,2022
LN0003069,540696,Fair,<=60,<=28,GA,Refinance,PrimaryResidence,SingleFamily,2018
LN0003070,134784,Good,>90,36-43,NY,Refinance,PrimaryResidence,MultiUnit,2018
LN0003071,148862,Excellent,60-75,36-43,WA,Refinance,PrimaryResidence,SingleFamily,2018
LN0003072,444365,Poor,60-75,<=28,TX,Refinance,PrimaryResidence,SingleFamily,2019
LN0003073,317922,Fair,60-75,28-36,NY,Refinance,PrimaryResidence,SingleFamily,2022
LN0003074,296570,Fair,60-75,<=28,OH,Purchase,PrimaryResidence,MultiUnit,2018
LN0003075,148014,Poor,>90,<=28,AZ,CashOut,Investment,SingleFamily,2018
LN0003076,349040,Poor,60-75,>43,FL,Purchase,PrimaryResidence,Condo,2020
LN0003077,297030,Good,<=60,28-36,NV,Purchase,PrimaryResidence,Condo,2019
LN0003078,218549,Fair,60-75,36-43,GA,CashOut,Investment,SingleFamily,2021
LN0003079,148380,Fair,>90,36-43,FL,CashOut,PrimaryResidence,Condo,2021
LN0003080,209682,Good,>90,>43,OH,Refinance,PrimaryResidence,Townhouse,2022
LN0003081,453270,Excellent,60-75,28-36,AZ,Purchase,PrimaryResidence,Condo,2020
LN0003082,115037,Excellent,75-90,28-36,FL,Purchase,PrimaryResidence,MultiUnit,2020
LN0003083,133265,Fair,<=60,28-36,TX,Refinance,PrimaryResidence,SingleFamily,2018
LN0003084,145233,Fair,75-90,36-43,FL,Purchase,SecondHome,SingleFamily,2022
LN0003085,161876,Fair,<=60,28-36,OH,Purchase,PrimaryResidence,Condo,2019
LN0003086,197231,Good,75-90,36-43,CA,Purchase,PrimaryResidence,SingleFamily,2020
LN0003087,321028,Excellent,>90,28-36,FL,CashOut,PrimaryResidence,SingleFamily,2022
LN0003088,250372,Good,<=60,<=28,NY,CashOut,PrimaryResidence,SingleFamily,2021
LN0003089,204929,Good,60-75,>43,CA,CashOut,Investment,SingleFamily,2021
LN0003090,228318,Poor,<=60,36-43,WA,Refinance,PrimaryResidence,MultiUnit,2018
LN0003091,271575,Poor,60-75,28-36,AZ,Purchase,PrimaryResidence,SingleFamily,2021
LN0003092,85746,Poor,<=60,36-43,TX,Purchase,PrimaryResidence,Condo,2018
LN0003093,339691,Poor,60-75,28-36,AZ,Purchase,SecondHome,SingleFamily,2021
LN0003094,131504,Poor,>90,36-43,NV,Purchase,PrimaryResidence,SingleFamily,2020
LN0003095,159252,Good,<=60,28-36,AZ,Refinance,PrimaryResidence,SingleFamily,2020
LN0003096,235677,Excellent,>90,28-36,OH,Purchase,PrimaryResidence,SingleFamily,2021
LN0003097,191433,Excellent,<=60,<=28,IL,CashOut,PrimaryResidence,SingleFamily,2021
LN0003098,253587,Good,60-75,<=28,FL,Purchase,PrimaryResidence,SingleFamily,2019
LN0003099,213397,Good,60-75,36-43,NV,Purchase,PrimaryResidence,SingleFamily,2019
LN0003100,172014,Excellent,>90,28-36,WA,Refinance,SecondHome,Condo,2020
LN0003101,426931,Poor,<=60,<=28,IL,Refinance,Investment,Townhouse,2018
LN0003102,283235,Excellent,<=60,<=28,NY,Purchase,Investment,Condo,2019
LN0003103,231204,Poor,75-90,28-36,FL,Refinance,PrimaryResidence,SingleFamily,2018
LN0003104,281042,Fair,75-90,36-43,NY,Refinance,SecondHome,SingleFamily,2020
LN0003105,139711,Fair,75-90,28-36,OH,Purchase,PrimaryResidence,SingleFamily,2019
LN0003106,589709,Fair,<=60,36-43,WA,Purchase,PrimaryResidence,SingleFamily,2019
LN0003107,115402,Good,60-75,>43,NY,CashOut,Investment,SingleFamily,2022
LN0003108,210361,Fair,75-90,28-36,TX,Purchase,SecondHome,SingleFamily,2018
LN0003109,172264,Excellent,75-90,36-43,IL,Purchase,SecondHome,Condo,2018
LN0003110,169023,Poor,75-90,<=28,FL,Purchase,PrimaryResidence,SingleFamily,2019
LN0003111,158398,Good,60-75,28-36,NY,Refinance,PrimaryResidence,SingleFamily,2018
LN0003112,135150,Good,60-75,<=28,TX,CashOut,Investment,Condo,2022
LN0003113,360112,Fair,>90,<=28,NV,Purchase,Investment,Condo,2022
LN0003114,108841,Fair,75-90,<=28,TX,Refinance,PrimaryResidence,Condo,2022
LN0003115,325065,Good,<=60,<=28,TX,Refinance,PrimaryResidence,SingleFamily,2021
LN0003116,274929,Fair,>90,36-43,GA,Purchase,PrimaryResidence,Condo,2018
LN0003117,164317,Excellent,75-90,28-36,NY,Refinance,PrimaryResidence,Townhouse,2020
LN0003118,259445,Fair,60-75,>43,NV,CashOut,PrimaryResidence,SingleFamily,2018
LN0003119,183698,Good,60-75,28-36,IL,CashOut,Investment,SingleFamily,2019
LN0003120,114633,Good,75-90,36-43,GA,Refinance,PrimaryResidence,SingleFamily,2020
LN0003121,115241,Excellent,60-75,<=28,AZ,Purchase,PrimaryResidence,Condo,2021
LN0003122,275879,Good,75-90,28-36,NV,Purchase,PrimaryResidence,SingleFamily,2019
LN0003123,268816,Good,75-90,28-36,AZ,Purchase,PrimaryResidence,Condo,2019
LN0003124,224359,Good,<=60,>43,WA,Refinance,PrimaryResidence,SingleFamily,2022
LN0003125,163446,Excellent,>90,>43,AZ,Purchase,PrimaryResidence,SingleFamily,2019
LN0003126,180734,Excellent,60-75,<=28,FL,Refinance,SecondHome,SingleFamily,2020
LN0003127,168927,Good,60-75,36-43,AZ,Refinance,PrimaryResidence,SingleFamily,2019
LN0003128,82994,Excellent,75-90,36-43,AZ,Purchase,Investment,MultiUnit,2022
LN0003129,204971,Fair,75-90,28-36,NY,CashOut,PrimaryResidence,SingleFamily,2020
LN0003130,258132,Poor,60-75,<=28,CA,Purchase,Investment,SingleFamily,2018
LN0003131,205623,Good,75-90,36-43,GA,Purchase,PrimaryResidence,MultiUnit,2018
LN0003132,481458,Poor,>90,36-43,TX,Refinance,PrimaryResidence,SingleFamily,2022
LN0003133,120296,Excellent,75-90,28-36,CA,Purchase,PrimaryResidence,SingleFamily,2022
LN0003134,142835,Excellent,75-90,28-36,NV,Purchase,PrimaryResidence,SingleFamily,2021
LN0003135,212460,Fair,60-75,<=28,WA,CashOut,PrimaryResidence,Townhouse,2018
LN0003136,224556,Fair,60-75,>43,GA,CashOut,Investment,SingleFamily,2021
LN0003137,76833,Fair,75-90,<=28,AZ,Refinance,SecondHome,SingleFamily,2021
LN0003138,268699,Excellent,<=60,<=28,NV,Purchase,PrimaryResidence,Condo,2022
LN0003139,225068,Fair,75-90,28-36,NV,Purchase,PrimaryResidence,SingleFamily,2020
LN0003140,68892,Good,60-75,36-43,TX,Purchase,PrimaryResidence,SingleFamily,2020
LN0003141,187520,Good,60-75,36-43,NY,Purchase,SecondHome,SingleFamily,2021
LN0003142,132684,Excellent,60-75,<=28,OH,CashOut,SecondHome,SingleFamily,2018
LN0003143,158472,Poor,60-75,<=28,CA,Purchase,PrimaryResidence,Condo,2021
LN0003144,101818,Excellent,60-75,36-43,FL,Refinance,PrimaryResidence,SingleFamily,2020
LN0003145,244774,Fair,75-90,28-36,WA,Purchase,PrimaryResidence,Condo,2018
LN0003146,479686,Fair,75-90,<=28,NY,Refinance,PrimaryResidence,SingleFamily,2022
LN0003147,226956,Fair,60-75,>43,TX,Purchase,PrimaryResidence,Condo,2019
LN0003148,67528,Fair,60-75,<=28,AZ,Purchase,PrimaryResidence,SingleFamily,2022
LN0003149,229302,Poor,75-90,28-36,IL,Purchase,SecondHome,SingleFamily,2019
LN0003150,180354,Excellent,<=60,<=28,IL,CashOut,PrimaryResidence,SingleFamily,2020
LN0003151,114633,Excellent,60-75,36-43,GA,Refinance,Investment,Condo,2020
LN0003152,237236,Good,60-75,36-43,GA,Refinance,SecondHome,Condo,2021
LN0003153,308625,Good,75-90,28-36,IL,Purchase,PrimaryResidence,SingleFamily,2018
LN0003154,142308,Excellent,>90,36-43,AZ,Refinance,PrimaryResidence,MultiUnit,2019
LN0003155,87389,Excellent,75-90,>43,FL,Refinance,PrimaryResidence,Townhouse,2018
LN0003156,72704,Good,>90,36-43,AZ,Purchase,PrimaryResidence,Townhouse,2019
LN0003157,142508,Excellent,>90,28-36,AZ,Refinance,PrimaryResidence,SingleFamily,2020
LN0003158,183918,Excellent,60-75,28-36,CA,CashOut,Investment,SingleFamily,2020
LN0003159,153583,Poor,60-75,>43,OH,CashOut,SecondHome,Condo,2022
LN0003160,141260,Good,60-75,<=28,TX,CashOut,PrimaryResidence,SingleFamily,2020
LN0003161,264064,Poor,60-75,<=28,IL,Purchase,PrimaryResidence,Condo,2020
LN0003162,250549,Poor,75-90,<=28,NV,Purchase,PrimaryResidence,SingleFamily,2018
LN0003163,219651,Excellent,60-75,36-43,TX,Purchase,PrimaryResidence,Condo,2018
LN0003164,299013,Fair,60-75,<=28,WA,Purchase,PrimaryResidence,SingleFamily,2021
LN0003165,143178,Fair,60-75,28-36,OH,Purchase,SecondHome,MultiUnit,2021
LN0003166,115003,Fair,75-90,36-43,IL,Purchase,PrimaryResidence,Condo,2020
LN0003167,153097,Excellent,75-90,<=28,CA,Refinance,PrimaryResidence,SingleFamily,2020
LN0003168,147908,Excellent,>90,28-36,CA,Refinance,SecondHome,SingleFamily,2020
LN0003169,71278,Excellent,60-75,28-36,WA,Refinance,PrimaryResidence,SingleFamily,2022
LN0003170,151329,Fair,60-75,<=28,CA,CashOut,PrimaryResidence,MultiUnit,2018
LN0003171,345388,Poor,>90,>43,CA,Purchase,PrimaryResidence,SingleFamily,2020
LN0003172,296685,Fair,75-90,<=28,NV,Purchase,PrimaryResidence,SingleFamily,2019
LN0003173,258484,Fair,75-90,36-43,WA,Refinance,PrimaryResidence,SingleFamily,2018
LN0003174,212311,Poor,60-75,28-36,IL,Refinance,PrimaryResidence,Condo,2021
LN0003175,410220,Fair,<=60,<=28,TX,Purchase,PrimaryResidence,SingleFamily,2021
LN0003176,116998,Excellent,>90,<=28,OH,CashOut,PrimaryResidence,Townhouse,2022
LN0003177,122710,Poor,75-90,28-36,WA,Purchase,PrimaryResidence,Condo,2018
LN0003178,348762,Good,75-90,28-36,FL,Refinance,PrimaryResidence,MultiUnit,2018
LN0003179,201551,Excellent,60-75,<=28,OH,CashOut,PrimaryResidence,Condo,2020
LN0003180,142117,Good,60-75,>43,FL,Purchase,PrimaryResidence,SingleFamily,2022
LN0003181,261963,Poor,60-75,28-36,WA,Refinance,Investment,SingleFamily,2022
LN0003182,159654,Good,75-90,>43,WA,Purchase,PrimaryResidence,SingleFamily,2021
LN0003183,130775,Good,60-75,<=28,FL,Purchase,PrimaryResidence,SingleFamily,2022
LN0003184,128968,Excellent,<=60,<=28,AZ,Purchase,Investment,SingleFamily,2022
LN0003185,233462,Excellent,60-75,28-36,OH,Refinance,PrimaryResidence,MultiUnit,2019
LN0003186,220335,Excellent,>90,28-36,FL,Refinance,PrimaryResidence,SingleFamily,2020
LN0003187,424375,Fair,60-75,<=28,TX,CashOut,PrimaryResidence,SingleFamily,2021
LN0003188,171949,Poor,60-75,<=28,NY,Refinance,PrimaryResidence,SingleFamily,2019
LN0003189,170488,Excellent,75-90,<=28,IL,Purchase,Investment,SingleFamily,2022
LN0003190,408324,Good,75-90,36-43,WA,Refinance,Investment,SingleFamily,2021
LN0003191,325404,Excellent,75-90,28-36,IL,Purchase,PrimaryResidence,SingleFamily,2020
LN0003192,213725,Excellent,>90,>43,CA,Refinance,SecondHome,MultiUnit,2020
LN0003193,91080,Good,<=60,<=28,GA,Purchase,SecondHome,Condo,2021
LN0003194,132464,Fair,>90,28-36,NY,Refinance,PrimaryResidence,SingleFamily,2019
LN0003195,117354,Fair,>90,28-36,NY,CashOut,SecondHome,Condo,2019
LN0003196,202445,Good,60-75,28-36,WA,Purchase,PrimaryResidence,SingleFamily,2020
LN0003197,154172,Good,75-90,>43,AZ,Refinance,Investment,SingleFamily,2018
LN0003198,443056,Excellent,60-75,36-43,CA,Refinance,SecondHome,SingleFamily,2020
LN0003199,90606,Excellent,60-75,<=28,NV,Purchase,PrimaryResidence,SingleFamily,2020
LN0003200,111227,Poor,60-75,28-36,GA,Purchase,PrimaryResidence,MultiUnit,2020
LN0003201,224653,Fair,<=60,36-43,WA,Refinance,Investment,MultiUnit,2020
LN0003202,258000,Poor,>90,<=28,CA,Purchase,PrimaryResidence,Condo,2022
LN0003203,54525,Poor,60-75,28-36,OH,Purchase,PrimaryResidence,SingleFamily,2019
LN0003204,83474,Fair,75-90,28-36,OH,Refinance,PrimaryResidence,SingleFamily,2020
LN0003205,174241,Poor,60-75,28-36,WA,Refinance,PrimaryResidence,SingleFamily,2021
LN0003206,391610,Good,60-75,28-36,AZ,Purchase,PrimaryResidence,SingleFamily,2019
LN0003207,510875,Excellent,60-75,28-36,AZ,CashOut,PrimaryResidence,SingleFamily,2021
LN0003208,161579,Excellent,60-75,>43,AZ,CashOut,Investment,SingleFamily,2022
LN0003209,182531,Excellent,75-90,28-36,NY,CashOut,SecondHome,SingleFamily,2019
LN0003210,130818,Excellent,>90,>43,GA,Refinance,SecondHome,SingleFamily,2019
LN0003211,272829,Good,60-75,36-43,CA,Purchase,PrimaryResidence,SingleFamily,2018
LN0003212,426882,Fair,>90,28-36,WA,Purchase,PrimaryResidence,Condo,2018
LN0003213,372506,Fair,75-90,28-36,TX,CashOut,PrimaryResidence,Condo,2019
LN0003214,195927,Good,75-90,28-36,NY,CashOut,PrimaryResidence,Condo,2022
LN0003215,130709,Excellent,60-75,36-43,GA,Refinance,SecondHome,Townhouse,2019
LN0003216,199605,Fair,<=60,<=28,IL,Refinance,PrimaryResidence,Condo,2022
LN0003217,396484,Good,>90,>43,AZ,Purchase,Investment,Condo,2022
LN0003218,162712,Excellent,75-90,28-36,CA,Refinance,Investment,Condo,2021
LN0003219,80200,Good,60-75,36-43,NV,Purchase,PrimaryResidence,MultiUnit,2022
LN0003220,166041,Good,75-90,28-36,OH,Refinance,Investment,SingleFamily,2020
LN0003221,172903,Good,60-75,28-36,IL,Refinance,Investment,SingleFamily,2022
LN0003222,79965,Fair,75-90,36-43,CA,Refinance,PrimaryResidence,SingleFamily,2020
LN0003223,223243,Fair,60-75,36-43,CA,Purchase,PrimaryResidence,SingleFamily,2018
LN0003224,256017,Fair,>90,<=28,IL,Refinance,PrimaryResidence,SingleFamily,2022
LN0003225,503805,Excellent,60-75,28-36,WA,Purchase,SecondHome,Townhouse,2022
LN0003226,102110,Fair,<=60,28-36,WA,Purchase,PrimaryResidence,Condo,2022
LN0003227,286433,Fair,75-90,36-43,FL,Purchase,PrimaryResidence,SingleFamily,2020
LN0003228,322358,Excellent,<=60,28-36,GA,Purchase,PrimaryResidence,SingleFamily,2018
LN0003229,257766,Fair,>90,<=28,GA,Purchase,PrimaryResidence,Condo,2020
LN0003230,120162,Good,75-90,36-43,NY,Purchase,PrimaryResidence,MultiUnit,2022
LN0003231,116720,Good,60-75,28-36,NY,Purchase,PrimaryResidence,Condo,2022
LN0003232,208688,Excellent,60-75,28-36,IL,Purchase,SecondHome,SingleFamily,2021
LN0003233,207957,Good,>90,36-43,OH,Purchase,PrimaryResidence,MultiUnit,2021
LN0003234,150284,Excellent,75-90,36-43,WA,Refinance,PrimaryResidence,Townhouse,2018
LN0003235,379199,Excellent,>90,36-43,TX,Purchase,PrimaryResidence,MultiUnit,2021
LN0003236,162693,Excellent,<=60,<=28,NV,Purchase,Investment,Condo,2018
LN0003237,77122,Poor,>90,<=28,FL,Purchase,Investment,SingleFamily,2021
LN0003238,177721,Good,60-75,36-43,GA,Purchase,Investment,Townhouse,2018
LN0003239,252745,Good,75-90,<=28,CA,Refinance,PrimaryResidence,SingleFamily,2020
LN0003240,235856,Good,60-75,<=28,FL,CashOut,PrimaryResidence,SingleFamily,2022
LN0003241,234946,Poor,<=60,<=28,WA,Purchase,PrimaryResidence,Condo,2018
LN0003242,419573,Good,>90,28-36,AZ,Purchase,PrimaryResidence,SingleFamily,2020
LN0003243,113846,Poor,>90,>43,WA,Purchase,PrimaryResidence,Condo,2018
LN0003244,160836,Good,60-75,<=28,CA,Purchase,PrimaryResidence,Condo,2021
LN0003245,430424,Excellent,>90,28-36,NV,CashOut,PrimaryResidence,SingleFamily,2022
LN0003246,74334,Good,<=60,>43,FL,Refinance,PrimaryResidence,Condo,2018
LN0003247,193523,Good,<=60,>43,NY,Refinance,PrimaryResidence,MultiUnit,2020
LN0003248,367493,Fair,<=60,<=28,TX,CashOut,Investment,MultiUnit,2021
LN0003249,364764,Poor,60-75,>43,GA,Refinance,PrimaryResidence,SingleFamily,2018
LN0003250,276525,Good,<=60,<=28,IL,Purchase,PrimaryResidence,SingleFamily,2020
LN0003251,280048,Poor,60-75,36-43,FL,Refinance,PrimaryResidence,SingleFamily,2018
LN0003252,118123,Good,<=60,<=28,GA,Refinance,PrimaryResidence,Condo,2022
LN0003253,394979,Good,75-90,28-36,TX,Purchase,Investment,Condo,2020
LN0003254,109094,Good,75-90,<=28,WA,Refinance,PrimaryResidence,SingleFamily,2020
LN0003255,112397,Excellent,75-90,36-43,GA,Purchase,PrimaryResidence,SingleFamily,2022
LN0003256,241333,Fair,60-75,<=28,AZ,Purchase,PrimaryResidence,Condo,2021
LN0003257,155358,Excellent,75-90,28-36,GA,Refinance,PrimaryResidence,Condo,2019
LN0003258,220432,Good,60-75,36-43,WA,Purchase,PrimaryResidence,SingleFamily,2021
LN0003259,246565,Good,75-90,<=28,CA,Purchase,PrimaryResidence,SingleFamily,2019
LN0003260,483620,Excellent,75-90,>43,FL,Purchase,PrimaryResidence,SingleFamily,2020
LN0003261,246930,Excellent,60-75,28-36,WA,Refinance,PrimaryResidence,MultiUnit,2022
LN0003262,145908,Fair,<=60,<=28,WA,CashOut,SecondHome,SingleFamily,2022
LN0003263,278798,Excellent,75-90,<=28,WA,Refinance,PrimaryResidence,Condo,2022
LN0003264,131153,Good,>90,28-36,OH,Refinance,PrimaryResidence,SingleFamily,2020
LN0003265,313820,Good,75-90,<=28,NV,Purchase,PrimaryResidence,SingleFamily,2022
LN0003266,205317,Excellent,>90,28-36,WA,Refinance,PrimaryResidence,SingleFamily,2022
LN0003267,242867,Excellent,>90,36-43,TX,Purchase,PrimaryResidence,SingleFamily,2020
LN0003268,81607,Fair,<=60,28-36,IL,Purchase,Investment,SingleFamily,2018
LN0003269,64513,Poor,75-90,28-36,FL,Refinance,PrimaryResidence,SingleFamily,2018
LN0003270,93834,Excellent,60-75,36-43,WA,Purchase,Investment,SingleFamily,2021
LN0003271,475863,Poor,60-75,28-36,WA,CashOut,PrimaryResidence,MultiUnit,2022
LN0003272,111962,Good,<=60,36-43,WA,Purchase,PrimaryResidence,SingleFamily,2022
LN0003273,286689,Fair,>90,>43,WA,Refinance,PrimaryResidence,SingleFamily,2019
LN0003274,144212,Fair,75-90,<=28,NY,Purchase,PrimaryResidence,SingleFamily,2022
LN0003275,176307,Fair,60-75,36-43,TX,Refinance,PrimaryResidence,SingleFamily,2022
LN0003276,194393,Fair,60-75,>43,AZ,Refinance,PrimaryResidence,Condo,2020
LN0003277,452204,Good,60-75,28-36,IL,Purchase,SecondHome,Condo,2019
LN0003278,266266,Good,75-90,>43,FL,CashOut,SecondHome,Condo,2020
LN0003279,240991,Good,>90,28-36,NV,Refinance,PrimaryResidence,MultiUnit,2021
LN0003280,380160,Excellent,60-75,28-36,CA,Purchase,PrimaryResidence,SingleFamily,2022
LN0003281,144842,Fair,60-75,28-36,NY,Refinance,PrimaryResidence,SingleFamily,2018
LN0003282,339141,Excellent,75-90,<=28,OH,Purchase,PrimaryResidence,SingleFamily,2019
LN0003283,311966,Good,60-75,>43,IL,Refinance,PrimaryResidence,SingleFamily,2018
LN0003284,310192,Excellent,60-75,<=28,AZ,Purchase,SecondHome,SingleFamily,2022
LN0003285,183963,Excellent,<=60,>43,NY,Refinance,PrimaryResidence,Condo,2020
LN0003286,159746,Fair,<=60,36-43,GA,Purchase,PrimaryResidence,MultiUnit,2019
LN0003287,128680,Fair,60-75,>43,IL,Refinance,Investment,SingleFamily,2019
LN0003288,132774,Good,>90,>43,IL,CashOut,PrimaryResidence,SingleFamily,2018
LN0003289,125679,Excellent,60-75,28-36,IL,CashOut,SecondHome,MultiUnit,2020
LN0003290,238810,Good,60-75,>43,NV,Refinance,Investment,Condo,2021
LN0003291,177341,Good,75-90,36-43,OH,Refinance,PrimaryResidence,Condo,2019
LN0003292,246643,Fair,>90,28-36,NY,Refinance,PrimaryResidence,SingleFamily,2020
LN0003293,253708,Good,60-75,36-43,IL,Purchase,PrimaryResidence,SingleFamily,2021
LN0003294,117022,Good,<=60,<=28,IL,Refinance,PrimaryResidence,Condo,2019
LN0003295,115279,Good,75-90,<=28,OH,Refinance,Investment,SingleFamily,2021
LN0003296,177312,Poor,60-75,28-36,WA,Purchase,PrimaryResidence,SingleFamily,2019
LN0003297,134920,Fair,75-90,28-36,WA,Refinance,SecondHome,SingleFamily,2020
LN0003298,128001,Good,60-75,<=28,IL,Purchase,PrimaryResidence,Condo,2022
LN0003299,464094,Good,<=60,28-36,NY,Refinance,PrimaryResidence,SingleFamily,2022
LN0003300,92348,Excellent,60-75,36-43,WA,Purchase,PrimaryResidence,SingleFamily,2020
LN0003301,546632,Poor,75-90,36-43,AZ,CashOut,Investment,SingleFamily,2019
LN0003302,229679,Good,60-75,>43,NV,Purchase,PrimaryResidence,SingleFamily,2022
LN0003303,325500,Good,60-75,>43,CA,Purchase,PrimaryResidence,Condo,2020
LN0003304,306865,Poor,60-75,>43,FL,Refinance,Investment,Townhouse,2019
LN0003305,270622,Fair,75-90,36-43,GA,Purchase,PrimaryResidence,SingleFamily,2020
LN0003306,456304,Excellent,<=60,<=28,TX,Purchase,SecondHome,SingleFamily,2020
LN0003307,115704,Excellent,75-90,>43,GA,Refinance,PrimaryResidence,MultiUnit,2022
LN0003308,183838,Excellent,75-90,<=28,IL,CashOut,SecondHome,MultiUnit,2019
LN0003309,129777,Good,60-75,<=28,TX,Refinance,PrimaryResidence,Condo,2018
LN0003310,85132,Excellent,>90,28-36,WA,Purchase,PrimaryResidence,SingleFamily,2020
LN0003311,142825,Poor,>90,28-36,WA,Purchase,PrimaryResidence,SingleFamily,2022
LN0003312,507003,Poor,60-75,36-43,OH,Refinance,PrimaryResidence,Townhouse,2018
LN0003313,182274,Good,<=60,<=28,AZ,Refinance,PrimaryResidence,SingleFamily,2022
LN0003314,535929,Fair,60-75,36-43,NV,CashOut,PrimaryResidence,SingleFamily,2018
LN0003315,564058,Good,60-75,<=28,IL,Purchase,PrimaryResidence,Condo,2020
LN0003316,888744,Excellent,60-75,28-36,GA,Refinance,PrimaryResidence,Condo,2020
LN0003317,515424,Fair,>90,28-36,OH,CashOut,Investment,SingleFamily,2018
LN0003318,646330,Excellent,>90,28-36,NV,Purchase,PrimaryResidence,Townhouse,2021
LN0003319,233884,Excellent,60-75,36-43,GA,CashOut,PrimaryResidence,SingleFamily,2018
LN0003320,222829,Good,60-75,<=28,FL,Purchase,Investment,SingleFamily,2020
LN0003321,230364,Excellent,<=60,<=28,NY,Refinance,PrimaryResidence,SingleFamily,2020
LN0003322,198795,Good,60-75,<=28,FL,Purchase,Investment,SingleFamily,2020
LN0003323,214235,Fair,<=60,36-43,TX,Refinance,PrimaryResidence,SingleFamily,2018
LN0003324,289552,Fair,>90,>43,NY,CashOut,PrimaryResidence,SingleFamily,2020
LN0003325,157485,Fair,>90,36-43,IL,Purchase,SecondHome,SingleFamily,2021
LN0003326,99826,Fair,60-75,28-36,OH,Refinance,PrimaryResidence,SingleFamily,2020
LN0003327,238424,Good,75-90,>43,FL,Purchase,PrimaryResidence,SingleFamily,2021
LN0003328,140589,Fair,75-90,28-36,TX,Purchase,PrimaryResidence,Townhouse,2021
LN0003329,148058,Good,75-90,<=28,TX,Refinance,PrimaryResidence,SingleFamily,2018
LN0003330,185094,Excellent,60-75,28-36,TX,Refinance,PrimaryResidence,MultiUnit,2022
LN0003331,165037,Poor,<=60,28-36,IL,Purchase,SecondHome,SingleFamily,2022
LN0003332,346286,Good,75-90,28-36,IL,Purchase,PrimaryResidence,SingleFamily,2022
LN0003333,182888,Excellent,<=60,28-36,NY,Purchase,PrimaryResidence,SingleFamily,2022
LN0003334,355124,Excellent,75-90,28-36,NY,Purchase,PrimaryResidence,Townhouse,2019
LN0003335,220357,Good,60-75,28-36,IL,Purchase,PrimaryResidence,SingleFamily,2021
LN0003336,190181,Good,75-90,28-36,GA,Purchase,PrimaryResidence,SingleFamily,2020
LN0003337,215154,Good,75-90,<=28,CA,Refinance,PrimaryResidence,SingleFamily,2022
LN0003338,104212,Poor,<=60,>43,AZ,Purchase,PrimaryResidence,Condo,2022
LN0003339,235399,Good,60-75,36-43,NY,CashOut,PrimaryResidence,SingleFamily,2018
LN0003340,303942,Good,75-90,<=28,TX,Purchase,Investment,SingleFamily,2022
LN0003341,326251,Good,<=60,<=28,TX,Purchase,Investment,SingleFamily,2021
LN0003342,101104,Fair,75-90,<=28,WA,Purchase,PrimaryResidence,MultiUnit,2020
LN0003343,93014,Excellent,75-90,<=28,WA,Purchase,PrimaryResidence,MultiUnit,2020
LN0003344,151993,Excellent,60-75,<=28,CA,Refinance,PrimaryResidence,Townhouse,2020
LN0003345,397254,Good,75-90,<=28,IL,Purchase,PrimaryResidence,SingleFamily,2021
LN0003346,222012,Fair,60-75,36-43,FL,Purchase,PrimaryResidence,SingleFamily,2021
LN0003347,134949,Fair,75-90,36-43,NV,Purchase,PrimaryResidence,SingleFamily,2020
LN0003348,96137,Good,<=60,36-43,NY,Refinance,PrimaryResidence,MultiUnit,2022
LN0003349,141210,Fair,<=60,36-43,NV,Purchase,SecondHome,Condo,2019
LN0003350,136519,Good,<=60,36-43,WA,Purchase,SecondHome,Condo,2020
LN0003351,317365,Excellent,>90,36-43,NV,Purchase,PrimaryResidence,SingleFamily,2020
LN0003352,329810,Excellent,>90,>43,WA,Refinance,PrimaryResidence,SingleFamily,2018
LN0003353,117600,Excellent,75-90,36-43,TX,CashOut,PrimaryResidence,SingleFamily,2020
LN0003354,289694,Good,<=60,36-43,GA,Purchase,PrimaryResidence,SingleFamily,2022
LN0003355,275234,Good,60-75,36-43,IL,Purchase,PrimaryResidence,SingleFamily,2021
LN0003356,110211,Good,75-90,28-36,AZ,Purchase,PrimaryResidence,SingleFamily,2021
LN0003357,190630,Good,75-90,<=28,NY,CashOut,PrimaryResidence,SingleFamily,2018
LN0003358,235722,Good,<=60,<=28,TX,Purchase,PrimaryResidence,SingleFamily,2018
LN0003359,215694,Fair,>90,28-36,TX,Refinance,PrimaryResidence,Townhouse,2020
LN0003360,84518,Fair,<=60,<=28,OH,Refinance,PrimaryResidence,Townhouse,2019
LN0003361,212265,Good,<=60,<=28,FL,Purchase,PrimaryResidence,Condo,2018
LN0003362,273247,Good,>90,<=28,GA,Refinance,Investment,MultiUnit,2020
LN0003363,437922,Good,60-75,28-36,TX,Refinance,PrimaryResidence,SingleFamily,2021
LN0003364,142287,Good,60-75,>43,CA,Purchase,Investment,SingleFamily,2021
LN0003365,151338,Good,75-90,28-36,OH,Purchase,PrimaryResidence,SingleFamily,2018
LN0003366,179076,Good,>90,<=28,NY,Purchase,PrimaryResidence,SingleFamily,2021
LN0003367,229947,Fair,<=60,28-36,WA,Purchase,PrimaryResidence,Condo,2019
LN0003368,208669,Fair,75-90,28-36,CA,Refinance,PrimaryResidence,SingleFamily,2018
LN0003369,268915,Excellent,60-75,36-43,TX,Refinance,PrimaryResidence,Townhouse,2020
LN0003370,113256,Good,<=60,36-43,CA,Refinance,PrimaryResidence,Condo,2019
LN0003371,242419,Poor,60-75,<=28,FL,Refinance,PrimaryResidence,SingleFamily,2021
LN0003372,137158,Excellent,60-75,28-36,FL,Purchase,PrimaryResidence,MultiUnit,2021
LN0003373,185041,Poor,60-75,<=28,NY,Purchase,PrimaryResidence,MultiUnit,2021
LN0003374,466963,Excellent,60-75,36-43,FL,Refinance,PrimaryResidence,SingleFamily,2018
LN0003375,98802,Good,75-90,>43,IL,Purchase,PrimaryResidence,SingleFamily,2019
LN0003376,172865,Good,75-90,>43,NV,Purchase,PrimaryResidence,SingleFamily,2020
LN0003377,105101,Excellent,75-90,<=28,CA,Refinance,PrimaryResidence,SingleFamily,2022
LN0003378,214600,Poor,75-90,36-43,AZ,Refinance,PrimaryResidence,Condo,2020
LN0003379,335748,Good,60-75,36-43,IL,Purchase,PrimaryResidence,SingleFamily,2021
LN0003380,216387,Poor,60-75,>43,WA,Refinance,PrimaryResidence,MultiUnit,2019
LN0003381,187520,Good,60-75,28-36,GA,Purchase,PrimaryResidence,SingleFamily,2019
LN0003382,386234,Poor,75-90,28-36,OH,Refinance,PrimaryResidence,Townhouse,2021
LN0003383,234509,Poor,<=60,<=28,NV,Refinance,PrimaryResidence,SingleFamily,2022
LN0003384,299474,Good,60-75,<=28,NV,Refinance,PrimaryResidence,MultiUnit,2018
LN0003385,284255,Excellent,<=60,36-43,CA,Purchase,SecondHome,SingleFamily,2020
LN0003386,50000,Fair,60-75,28-36,IL,Refinance,PrimaryResidence,Condo,2021
LN0003387,191312,Good,>90,<=28,WA,Purchase,PrimaryResidence,MultiUnit,2018
LN0003388,115955,Poor,75-90,36-43,WA,Purchase,PrimaryResidence,SingleFamily,2021
LN0003389,131313,Good,60-75,28-36,NV,CashOut,PrimaryResidence,SingleFamily,2020
LN0003390,415522,Good,75-90,>43,GA,Purchase,PrimaryResidence,Townhouse,2020
LN0003391,164818,Excellent,75-90,36-43,IL,Refinance,SecondHome,Townhouse,2020
LN0003392,512104,Fair,60-75,>43,NV,Purchase,PrimaryResidence,Condo,2022
LN0003393,98337,Poor,60-75,36-43,OH,Refinance,PrimaryResidence,SingleFamily,2018
LN0003394,115631,Excellent,75-90,<=28,OH,Refinance,PrimaryResidence,SingleFamily,2019
LN0003395,291028,Fair,<=60,<=28,GA,Purchase,PrimaryResidence,SingleFamily,2019
LN0003396,167596,Poor,60-75,>43,CA,Refinance,PrimaryResidence,Condo,2022
LN0003397,231807,Excellent,60-75,<=28,NV,CashOut,PrimaryResidence,SingleFamily,2020
LN0003398,187934,Excellent,75-90,28-36,OH,Refinance,PrimaryResidence,SingleFamily,2018
LN0003399,185111,Fair,>90,36-43,TX,CashOut,PrimaryResidence,Townhouse,2018
LN0003400,170737,Fair,75-90,<=28,FL,Purchase,PrimaryResidence,Condo,2022
LN0003401,217454,Excellent,60-75,<=28,NY,CashOut,PrimaryResidence,Condo,2018
LN0003402,273982,Fair,<=60,28-36,FL,Purchase,PrimaryResidence,Townhouse,2018
LN0003403,445615,Good,75-90,28-36,GA,Purchase,PrimaryResidence,SingleFamily,2020
LN0003404,179646,Poor,75-90,36-43,WA,Purchase,SecondHome,SingleFamily,2020
LN0003405,163273,Poor,>90,<=28,FL,Purchase,PrimaryResidence,Townhouse,2019
LN0003406,153088,Fair,75-90,28-36,GA,Refinance,PrimaryResidence,Townhouse,2018
LN0003407,414526,Good,<=60,<=28,FL,Purchase,PrimaryResidence,SingleFamily,2018
LN0003408,280733,Good,75-90,36-43,TX,Refinance,PrimaryResidence,SingleFamily,2020
LN0003409,76917,Good,>90,<=28,NV,Purchase,Investment,SingleFamily,2022
LN0003410,75240,Excellent,75-90,<=28,NY,Purchase,Investment,SingleFamily,2018
LN0003411,131264,Fair,75-90,36-43,FL,CashOut,PrimaryResidence,SingleFamily,2020
LN0003412,223032,Excellent,60-75,<=28,OH,Refinance,PrimaryResidence,SingleFamily,2018
LN0003413,195490,Good,75-90,36-43,OH,Purchase,PrimaryResidence,Condo,2021
LN0003414,257143,Excellent,60-75,28-36,TX,Refinance,SecondHome,SingleFamily,2018
LN0003415,182093,Good,<=60,<=28,CA,CashOut,PrimaryResidence,MultiUnit,2019
LN0003416,399795,Excellent,75-90,28-36,AZ,Purchase,PrimaryResidence,SingleFamily,2018
LN0003417,292451,Fair,>90,>43,WA,Purchase,PrimaryResidence,SingleFamily,2021
LN0003418,206651,Fair,>90,28-36,IL,CashOut,PrimaryResidence,MultiUnit,2021
LN0003419,352451,Excellent,60-75,<=28,IL,Purchase,Investment,Condo,2018
LN0003420,87164,Poor,<=60,28-36,WA,Purchase,PrimaryResidence,Condo,2020
LN0003421,190510,Poor,60-75,28-36,GA,Purchase,Investment,MultiUnit,2019
LN0003422,212937,Good,75-90,36-43,CA,Purchase,PrimaryResidence,MultiUnit,2018
LN0003423,268610,Fair,75-90,>43,FL,CashOut,PrimaryResidence,Condo,2018
LN0003424,84323,Good,>90,28-36,NV,CashOut,PrimaryResidence,Condo,2022
LN0003425,174520,Excellent,60-75,28-36,TX,Refinance,PrimaryResidence,SingleFamily,2021
LN0003426,242857,Good,75-90,28-36,NV,Refinance,Investment,Condo,2021
LN0003427,252352,Excellent,75-90,>43,IL,Refinance,PrimaryResidence,SingleFamily,2019
LN0003428,359714,Poor,60-75,28-36,TX,Refinance,PrimaryResidence,Townhouse,2019
LN0003429,290905,Poor,>90,<=28,WA,Refinance,PrimaryResidence,SingleFamily,2021
LN0003430,192832,Fair,75-90,>43,GA,CashOut,Investment,SingleFamily,2020
LN0003431,278587,Good,<=60,>43,NY,Purchase,PrimaryResidence,SingleFamily,2018
LN0003432,179749,Good,<=60,28-36,OH,Purchase,PrimaryResidence,SingleFamily,2020
LN0003433,213926,Poor,>90,28-36,CA,Refinance,SecondHome,SingleFamily,2020
LN0003434,295788,Excellent,75-90,36-43,TX,Refinance,PrimaryResidence,SingleFamily,2020
LN0003435,194337,Excellent,75-90,36-43,GA,Purchase,SecondHome,Townhouse,2020
LN0003436,238230,Good,75-90,28-36,WA,Purchase,PrimaryResidence,SingleFamily,2022
LN0003437,321468,Good,60-75,28-36,GA,Refinance,SecondHome,Townhouse,2019
LN0003438,283816,Good,75-90,28-36,AZ,Purchase,PrimaryResidence,Condo,2020
LN0003439,368330,Excellent,>90,28-36,NV,CashOut,PrimaryResidence,SingleFamily,2022
LN0003440,636808,Good,<=60,<=28,WA,Refinance,SecondHome,SingleFamily,2022
LN0003441,282508,Good,75-90,36-43,WA,Purchase,PrimaryResidence,Townhouse,2022
LN0003442,157842,Excellent,60-75,<=28,NV,Refinance,PrimaryResidence,MultiUnit,2021
LN0003443,256763,Excellent,60-75,28-36,NV,Refinance,PrimaryResidence,SingleFamily,2018
LN0003444,251301,Good,60-75,36-43,CA,Purchase,PrimaryResidence,SingleFamily,2022
LN0003445,270156,Poor,>90,28-36,WA,Purchase,SecondHome,SingleFamily,2018
LN0003446,419789,Good,<=60,28-36,NV,Purchase,SecondHome,Condo,2020
LN0003447,85643,Fair,60-75,>43,CA,CashOut,PrimaryResidence,SingleFamily,2020
LN0003448,423758,Fair,75-90,<=28,NV,CashOut,PrimaryResidence,SingleFamily,2021
LN0003449,501424,Good,<=60,>43,OH,Purchase,PrimaryResidence,SingleFamily,2021
LN0003450,264087,Fair,75-90,<=28,TX,Refinance,PrimaryResidence,SingleFamily,2021
LN0003451,267284,Fair,>90,28-36,GA,Refinance,Investment,SingleFamily,2019
LN0003452,176165,Good,<=60,36-43,IL,Purchase,PrimaryResidence,Condo,2021
LN0003453,199418,Excellent,<=60,28-36,NY,Purchase,SecondHome,MultiUnit,2021
LN0003454,281806,Excellent,>90,28-36,GA,CashOut,PrimaryResidence,Condo,2018
LN0003455,272876,Poor,<=60,<=28,OH,Purchase,PrimaryResidence,Townhouse,2021
LN0003456,285031,Fair,<=60,28-36,AZ,Refinance,Investment,Condo,2018
LN0003457,271939,Poor,>90,<=28,IL,Refinance,PrimaryResidence,SingleFamily,2020
LN0003458,311512,Poor,>90,36-43,TX,Refinance,PrimaryResidence,SingleFamily,2019
LN0003459,294585,Excellent,75-90,28-36,AZ,Purchase,PrimaryResidence,Condo,2019
LN0003460,119112,Fair,75-90,28-36,NY,Purchase,PrimaryResidence,Condo,2019
LN0003461,301382,Good,>90,<=28,OH,CashOut,PrimaryResidence,Townhouse,2022
LN0003462,503476,Fair,75-90,28-36,OH,Purchase,PrimaryResidence,SingleFamily,2022
LN0003463,196160,Excellent,75-90,28-36,CA,Purchase,PrimaryResidence,SingleFamily,2021
LN0003464,420727,Good,75-90,28-36,IL,Purchase,PrimaryResidence,MultiUnit,2021
LN0003465,125662,Fair,75-90,36-43,CA,Refinance,PrimaryResidence,MultiUnit,2019
LN0003466,195852,Fair,60-75,<=28,GA,Purchase,PrimaryResidence,SingleFamily,2018
LN0003467,144266,Fair,60-75,<=28,OH,Refinance,Investment,SingleFamily,2020
LN0003468,396174,Good,60-75,36-43,WA,Purchase,PrimaryResidence,MultiUnit,2020
LN0003469,451458,Good,60-75,<=28,NY,Refinance,SecondHome,SingleFamily,2019
LN0003470,189170,Poor,60-75,<=28,NV,CashOut,PrimaryResidence,Condo,2019
LN0003471,357014,Good,60-75,36-43,CA,Refinance,PrimaryResidence,Townhouse,2018
LN0003472,453755,Good,75-90,36-43,TX,Refinance,PrimaryResidence,SingleFamily,2022
LN0003473,195543,Good,60-75,<=28,NY,Refinance,PrimaryResidence,SingleFamily,2019
LN0003474,212113,Good,<=60,<=28,NV,Refinance,PrimaryResidence,Townhouse,2022
LN0003475,286876,Good,60-75,28-36,AZ,Purchase,PrimaryResidence,SingleFamily,2021
LN0003476,130448,Good,60-75,28-36,WA,Refinance,SecondHome,SingleFamily,2018
LN0003477,210039,Fair,75-90,28-36,NV,Purchase,Investment,SingleFamily,2018
LN0003478,580354,Poor,60-75,36-43,NV,Purchase,PrimaryResidence,Condo,2020
LN0003479,154816,Poor,60-75,36-43,WA,Purchase,PrimaryResidence,SingleFamily,2018
LN0003480,304648,Good,75-90,>43,TX,Purchase,PrimaryResidence,Condo,2022
LN0003481,258306,Good,<=60,28-36,AZ,Purchase,SecondHome,SingleFamily,2022
LN0003482,183160,Fair,<=60,<=28,GA,Refinance,Investment,SingleFamily,2021
LN0003483,222087,Fair,75-90,28-36,TX,Refinance,PrimaryResidence,SingleFamily,2019
LN0003484,477495,Good,75-90,<=28,AZ,Purchase,PrimaryResidence,SingleFamily,2022
LN0003485,262183,Fair,75-90,28-36,NY,Purchase,SecondHome,MultiUnit,2021
LN0003486,283483,Fair,75-90,>43,OH,Refinance,PrimaryResidence,SingleFamily,2019
LN0003487,442604,Fair,>90,28-36,FL,Refinance,Investment,MultiUnit,2022
LN0003488,172007,Fair,<=60,<=28,CA,Refinance,PrimaryResidence,SingleFamily,2019
LN0003489,117776,Excellent,75-90,28-36,IL,Purchase,Investment,SingleFamily,2020
LN0003490,481265,Good,75-90,>43,IL,Refinance,PrimaryResidence,SingleFamily,2021
LN0003491,212832,Good,60-75,<=28,AZ,Purchase,PrimaryResidence,MultiUnit,2022
LN0003492,310767,Excellent,>90,36-43,TX,Refinance,PrimaryResidence,Condo,2018
LN0003493,135786,Poor,60-75,36-43,NV,Purchase,PrimaryResidence,Condo,2019
LN0003494,241412,Fair,>90,28-36,TX,Purchase,Investment,SingleFamily,2022
LN0003495,114867,Excellent,75-90,36-43,NV,CashOut,PrimaryResidence,Townhouse,2020
LN0003496,205226,Fair,60-75,28-36,OH,CashOut,PrimaryResidence,MultiUnit,2021
LN0003497,143779,Fair,<=60,28-36,NY,Purchase,PrimaryResidence,Townhouse,2021
LN0003498,128177,Fair,>90,28-36,NV,Purchase,PrimaryResidence,SingleFamily,2019
LN0003499,170832,Good,75-90,<=28,NY,CashOut,PrimaryResidence,SingleFamily,2019
LN0003500,63152,Poor,<=60,36-43,GA,Purchase,PrimaryResidence,Condo,2020
LN0003501,111307,Good,<=60,36-43,CA,CashOut,PrimaryResidence,SingleFamily,2018
LN0003502,293962,Good,75-90,28-36,TX,Purchase,PrimaryResidence,Condo,2021
LN0003503,236530,Excellent,<=60,28-36,NY,Purchase,PrimaryResidence,SingleFamily,2018
LN0003504,116181,Fair,75-90,<=28,FL,Purchase,PrimaryResidence,SingleFamily,2022
LN0003505,261433,Fair,75-90,<=28,FL,Refinance,PrimaryResidence,SingleFamily,2021
LN0003506,128141,Good,60-75,36-43,NY,Purchase,PrimaryResidence,SingleFamily,2019
LN0003507,285210,Good,75-90,<=28,GA,Purchase,PrimaryResidence,SingleFamily,2018
LN0003508,187621,Fair,60-75,36-43,TX,CashOut,Investment,Townhouse,2021
LN0003509,168963,Fair,>90,28-36,OH,Purchase,PrimaryResidence,SingleFamily,2020
LN0003510,189940,Good,>90,36-43,AZ,Refinance,PrimaryResidence,SingleFamily,2018
LN0003511,714804,Poor,60-75,28-36,AZ,Purchase,SecondHome,SingleFamily,2020
LN0003512,136025,Fair,60-75,28-36,TX,Refinance,PrimaryResidence,SingleFamily,2022
LN0003513,222632,Poor,60-75,36-43,AZ,Purchase,PrimaryResidence,SingleFamily,2021
LN0003514,293808,Poor,>90,28-36,TX,Refinance,PrimaryResidence,SingleFamily,2021
LN0003515,122859,Poor,60-75,<=28,TX,Refinance,Investment,SingleFamily,2020
LN0003516,89578,Fair,75-90,>43,OH,CashOut,PrimaryResidence,SingleFamily,2018
LN0003517,147185,Fair,>90,28-36,OH,CashOut,PrimaryResidence,Condo,2022
LN0003518,290608,Excellent,<=60,<=28,TX,Purchase,PrimaryResidence,MultiUnit,2021
LN0003519,167543,Good,75-90,28-36,IL,Purchase,PrimaryResidence,Condo,2020
LN0003520,177095,Fair,<=60,28-36,IL,Purchase,PrimaryResidence,SingleFamily,2021
LN0003521,313446,Good,75-90,36-43,OH,Refinance,PrimaryResidence,SingleFamily,2019
LN0003522,132830,Poor,60-75,36-43,WA,Purchase,PrimaryResidence,SingleFamily,2021
LN0003523,190160,Excellent,>90,28-36,GA,Refinance,SecondHome,SingleFamily,2022
LN0003524,93253,Good,60-75,<=28,CA,CashOut,PrimaryResidence,MultiUnit,2019
LN0003525,233365,Good,<=60,28-36,NV,Purchase,PrimaryResidence,SingleFamily,2018
LN0003526,222961,Good,75-90,<=28,WA,Purchase,SecondHome,SingleFamily,2021
LN0003527,295897,Excellent,75-90,36-43,GA,Refinance,PrimaryResidence,MultiUnit,2022
LN0003528,112125,Excellent,75-90,<=28,IL,Purchase,PrimaryResidence,SingleFamily,2022
LN0003529,180602,Fair,75-90,36-43,FL,Purchase,SecondHome,SingleFamily,2022
LN0003530,104900,Good,60-75,28-36,GA,Purchase,PrimaryResidence,Townhouse,2019
LN0003531,175772,Excellent,75-90,36-43,FL,CashOut,PrimaryResidence,SingleFamily,2022
LN0003532,417021,Excellent,<=60,<=28,FL,Refinance,Investment,Condo,2019
LN0003533,169333,Good,<=60,<=28,WA,Purchase,PrimaryResidence,SingleFamily,2020
LN0003534,100412,Excellent,>90,>43,NY,Purchase,PrimaryResidence,Townhouse,2022
LN0003535,141500,Fair,75-90,28-36,AZ,Refinance,PrimaryResidence,Condo,2022
LN0003536,88833,Fair,60-75,28-36,GA,Purchase,PrimaryResidence,SingleFamily,2021
LN0003537,103996,Excellent,<=60,36-43,NY,CashOut,PrimaryResidence,Townhouse,2020
LN0003538,278032,Good,>90,>43,CA,Refinance,PrimaryResidence,SingleFamily,2020
LN0003539,96457,Excellent,<=60,28-36,NY,CashOut,PrimaryResidence,MultiUnit,2022
LN0003540,232388,Good,60-75,>43,TX,Refinance,PrimaryResidence,Condo,2022
LN0003541,201364,Poor,<=60,<=28,FL,CashOut,SecondHome,SingleFamily,2019
LN0003542,152395,Good,<=60,>43,FL,Refinance,PrimaryResidence,SingleFamily,2018
LN0003543,222720,Poor,60-75,<=28,GA,Refinance,PrimaryResidence,SingleFamily,2022
LN0003544,124389,Excellent,>90,28-36,TX,Purchase,PrimaryResidence,SingleFamily,2022
LN0003545,302677,Good,60-75,<=28,TX,Refinance,PrimaryResidence,SingleFamily,2018
LN0003546,140200,Good,60-75,36-43,CA,Refinance,PrimaryResidence,SingleFamily,2020
LN0003547,163868,Good,75-90,>43,NV,Purchase,PrimaryResidence,MultiUnit,2020
LN0003548,154403,Poor,75-90,28-36,NV,Refinance,PrimaryResidence,Townhouse,2018
LN0003549,280614,Excellent,75-90,28-36,FL,Purchase,PrimaryResidence,SingleFamily,2021
LN0003550,260985,Poor,75-90,28-36,IL,Purchase,PrimaryResidence,Condo,2022
LN0003551,53591,Poor,75-90,<=28,NY,Purchase,PrimaryResidence,SingleFamily,2019
LN0003552,225736,Good,75-90,36-43,WA,Purchase,Investment,Townhouse,2021
LN0003553,83091,Good,75-90,<=28,WA,Purchase,PrimaryResidence,MultiUnit,2018
LN0003554,167600,Good,75-90,>43,FL,CashOut,Investment,Townhouse,2019
LN0003555,188322,Good,75-90,>43,GA,Refinance,PrimaryResidence,Condo,2020
LN0003556,166703,Fair,<=60,<=28,CA,CashOut,PrimaryResidence,SingleFamily,2022
LN0003557,255354,Good,75-90,28-36,GA,CashOut,Investment,SingleFamily,2022
LN0003558,284941,Poor,75-90,>43,OH,Purchase,PrimaryResidence,SingleFamily,2022
LN0003559,135032,Fair,60-75,>43,CA,Refinance,SecondHome,SingleFamily,2022
LN0003560,132601,Good,>90,36-43,OH,Purchase,PrimaryResidence,SingleFamily,2021
LN0003561,195245,Fair,60-75,<=28,OH,CashOut,SecondHome,SingleFamily,2019
LN0003562,91870,Good,60-75,<=28,NV,Purchase,PrimaryResidence,Condo,2018
LN0003563,156609,Poor,>90,36-43,AZ,Purchase,PrimaryResidence,Condo,2022
LN0003564,390053,Excellent,60-75,28-36,CA,Purchase,PrimaryResidence,SingleFamily,2018
LN0003565,93605,Poor,60-75,36-43,CA,Refinance,PrimaryResidence,Condo,2020
LN0003566,167701,Fair,60-75,36-43,TX,Purchase,PrimaryResidence,SingleFamily,2021
LN0003567,147834,Poor,>90,28-36,WA,Purchase,PrimaryResidence,SingleFamily,2018
LN0003568,541790,Good,60-75,<=28,OH,CashOut,PrimaryResidence,SingleFamily,2022
LN0003569,151913,Fair,75-90,28-36,GA,Purchase,PrimaryResidence,SingleFamily,2019
LN0003570,156387,Good,75-90,>43,NY,Refinance,SecondHome,SingleFamily,2019
LN0003571,118731,Fair,75-90,28-36,FL,Refinance,PrimaryResidence,SingleFamily,2019
LN0003572,199717,Excellent,>90,<=28,CA,Purchase,PrimaryResidence,SingleFamily,2020
LN0003573,227540,Good,75-90,>43,NY,Purchase,SecondHome,SingleFamily,2020
LN0003574,127655,Good,60-75,36-43,NY,Purchase,PrimaryResidence,SingleFamily,2018
LN0003575,325905,Good,>90,28-36,NY,CashOut,PrimaryResidence,MultiUnit,2018
LN0003576,227642,Good,60-75,36-43,CA,Refinance,PrimaryResidence,SingleFamily,2020
LN0003577,304354,Fair,<=60,28-36,FL,Purchase,PrimaryResidence,SingleFamily,2019
LN0003578,168709,Good,60-75,>43,AZ,Refinance,SecondHome,SingleFamily,2021
LN0003579,224491,Fair,75-90,>43,FL,Purchase,PrimaryResidence,SingleFamily,2022
LN0003580,178697,Excellent,<=60,28-36,AZ,Purchase,PrimaryResidence,SingleFamily,2018
LN0003581,412025,Fair,75-90,28-36,CA,Purchase,PrimaryResidence,SingleFamily,2018
LN0003582,210687,Fair,60-75,28-36,GA,Refinance,Investment,Condo,2021
LN0003583,199661,Good,60-75,36-43,TX,Purchase,PrimaryResidence,Condo,2018
LN0003584,158083,Fair,<=60,36-43,NY,Refinance,Investment,Townhouse,2021
LN0003585,153586,Poor,75-90,28-36,NV,Purchase,PrimaryResidence,Townhouse,2020
LN0003586,223879,Fair,60-75,>43,OH,Refinance,PrimaryResidence,SingleFamily,2020
LN0003587,299477,Good,<=60,28-36,WA,Refinance,PrimaryResidence,SingleFamily,2021
LN0003588,141170,Good,60-75,36-43,GA,Purchase,PrimaryResidence,SingleFamily,2022
LN0003589,211777,Fair,60-75,36-43,GA,Purchase,PrimaryResidence,SingleFamily,2018
LN0003590,217963,Good,75-90,28-36,OH,Refinance,PrimaryResidence,SingleFamily,2018
LN0003591,237799,Fair,60-75,<=28,WA,Purchase,PrimaryResidence,SingleFamily,2021
LN0003592,84647,Good,<=60,36-43,WA,Purchase,SecondHome,Townhouse,2018
LN0003593,125195,Fair,>90,36-43,CA,Refinance,PrimaryResidence,SingleFamily,2020
LN0003594,100416,Excellent,60-75,<=28,NV,Refinance,PrimaryResidence,Townhouse,2020
LN0003595,202084,Excellent,<=60,36-43,WA,Refinance,PrimaryResidence,Townhouse,2019
LN0003596,126691,Poor,75-90,28-36,FL,Purchase,SecondHome,SingleFamily,2020
LN0003597,155108,Poor,75-90,28-36,TX,Purchase,Investment,SingleFamily,2018
LN0003598,109410,Poor,75-90,36-43,GA,Refinance,Investment,SingleFamily,2019
LN0003599,162491,Poor,60-75,28-36,OH,Refinance,Investment,SingleFamily,2018
LN0003600,113317,Good,60-75,36-43,AZ,Purchase,PrimaryResidence,MultiUnit,2022
LN0003601,290382,Good,60-75,36-43,AZ,Purchase,PrimaryResidence,Townhouse,2022
LN0003602,252613,Excellent,<=60,<=28,AZ,Purchase,PrimaryResidence,SingleFamily,2019
LN0003603,214296,Good,60-75,28-36,GA,Purchase,Investment,SingleFamily,2018
LN0003604,170933,Excellent,>90,<=28,NV,CashOut,PrimaryResidence,MultiUnit,2019
LN0003605,71765,Poor,75-90,<=28,CA,Purchase,PrimaryResidence,SingleFamily,2022
LN0003606,158086,Excellent,60-75,36-43,NY,Refinance,PrimaryResidence,Condo,2022
LN0003607,135845,Excellent,60-75,<=28,IL,Purchase,SecondHome,SingleFamily,2021
LN0003608,224950,Excellent,75-90,>43,GA,Purchase,PrimaryResidence,SingleFamily,2022
LN0003609,270994,Excellent,60-75,28-36,FL,Refinance,SecondHome,SingleFamily,2018
LN0003610,233822,Excellent,<=60,28-36,FL,Refinance,Investment,SingleFamily,2020
LN0003611,373816,Fair,<=60,>43,NV,Purchase,PrimaryResidence,SingleFamily,2021
LN0003612,149618,Good,75-90,28-36,GA,Purchase,SecondHome,SingleFamily,2018
LN0003613,146548,Fair,75-90,36-43,GA,Purchase,PrimaryResidence,SingleFamily,2020
LN0003614,334014,Poor,<=60,36-43,TX,Purchase,PrimaryResidence,Condo,2019
LN0003615,216016,Fair,<=60,>43,WA,Refinance,PrimaryResidence,SingleFamily,2018
LN0003616,175694,Fair,75-90,<=28,IL,Purchase,PrimaryResidence,MultiUnit,2019
LN0003617,500448,Good,75-90,<=28,GA,Purchase,PrimaryResidence,SingleFamily,2022
LN0003618,265365,Excellent,75-90,>43,NV,Refinance,PrimaryResidence,Condo,2020
LN0003619,180724,Good,<=60,<=28,FL,CashOut,SecondHome,SingleFamily,2018
LN0003620,141072,Poor,75-90,36-43,AZ,Purchase,PrimaryResidence,MultiUnit,2021
LN0003621,385870,Fair,>90,36-43,GA,Refinance,PrimaryResidence,SingleFamily,2020
LN0003622,220465,Good,75-90,28-36,IL,Purchase,PrimaryResidence,SingleFamily,2019
LN0003623,201240,Good,<=60,36-43,NV,Purchase,PrimaryResidence,Townhouse,2019
LN0003624,278768,Fair,75-90,>43,TX,Purchase,Investment,SingleFamily,2020
LN0003625,308674,Fair,60-75,<=28,GA,Refinance,PrimaryResidence,Condo,2022
LN0003626,261695,Good,<=60,36-43,NY,Purchase,PrimaryResidence,Condo,2021
LN0003627,309275,Poor,60-75,36-43,GA,CashOut,Investment,SingleFamily,2020
LN0003628,249119,Fair,>90,28-36,TX,Purchase,PrimaryResidence,SingleFamily,2019
LN0003629,262352,Fair,60-75,>43,OH,Refinance,PrimaryResidence,MultiUnit,2018
LN0003630,137885,Excellent,>90,28-36,CA,Purchase,SecondHome,Townhouse,2018
LN0003631,491480,Excellent,60-75,<=28,NY,Purchase,PrimaryResidence,SingleFamily,2018
LN0003632,107276,Poor,60-75,>43,NV,Refinance,PrimaryResidence,MultiUnit,2022
LN0003633,232045,Good,<=60,>43,GA,Purchase,SecondHome,MultiUnit,2020
LN0003634,101886,Good,75-90,<=28,IL,Refinance,Investment,SingleFamily,2018
LN0003635,189271,Good,<=60,36-43,NY,Refinance,SecondHome,Condo,2022
LN0003636,149395,Excellent,60-75,<=28,CA,Refinance,SecondHome,SingleFamily,2018
LN0003637,212751,Fair,60-75,<=28,TX,Refinance,SecondHome,SingleFamily,2021
LN0003638,235832,Excellent,60-75,28-36,OH,Purchase,PrimaryResidence,Townhouse,2018
LN0003639,123233,Fair,60-75,>43,FL,Refinance,PrimaryResidence,Condo,2020
LN0003640,195886,Good,<=60,<=28,CA,Refinance,Investment,SingleFamily,2020
LN0003641,399048,Good,60-75,<=28,IL,Refinance,PrimaryResidence,Condo,2022
LN0003642,103142,Excellent,>90,36-43,NY,Refinance,SecondHome,SingleFamily,2020
LN0003643,129699,Fair,<=60,28-36,NV,Refinance,PrimaryResidence,SingleFamily,2020
LN0003644,305705,Excellent,60-75,<=28,FL,Refinance,PrimaryResidence,SingleFamily,2020
LN0003645,206649,Excellent,60-75,<=28,FL,Purchase,SecondHome,SingleFamily,2021
LN0003646,214395,Fair,60-75,36-43,TX,Purchase,SecondHome,SingleFamily,2020
LN0003647,331423,Good,75-90,36-43,TX,Purchase,PrimaryResidence,SingleFamily,2021
LN0003648,133648,Good,60-75,36-43,WA,Purchase,PrimaryResidence,Condo,2020
LN0003649,153327,Excellent,60-75,<=28,FL,Refinance,PrimaryResidence,MultiUnit,2022
LN0003650,144159,Poor,75-90,28-36,OH,Purchase,PrimaryResidence,SingleFamily,2018
LN0003651,167024,Good,60-75,36-43,AZ,Purchase,PrimaryResidence,SingleFamily,2021
LN0003652,388388,Excellent,>90,28-36,IL,CashOut,Investment,Townhouse,2022
LN0003653,84919,Good,>90,<=28,FL,CashOut,Investment,SingleFamily,2021
LN0003654,109413,Excellent,<=60,28-36,AZ,Refinance,PrimaryResidence,SingleFamily,2022
LN0003655,100424,Good,60-75,28-36,NV,Purchase,SecondHome,SingleFamily,2020
LN0003656,400651,Excellent,60-75,<=28,NV,Purchase,PrimaryResidence,Townhouse,2020
LN0003657,146210,Excellent,<=60,>43,NV,Purchase,PrimaryResidence,SingleFamily,2018
LN0003658,168832,Good,60-75,28-36,AZ,Purchase,PrimaryResidence,Townhouse,2019
LN0003659,88670,Poor,75-90,36-43,OH,Purchase,SecondHome,Townhouse,2018
LN0003660,174347,Excellent,60-75,<=28,NV,Refinance,PrimaryResidence,Townhouse,2021
LN0003661,306588,Excellent,60-75,36-43,NY,Purchase,PrimaryResidence,Condo,2021
LN0003662,225590,Poor,60-75,28-36,NV,Purchase,PrimaryResidence,Condo,2018
LN0003663,188352,Poor,>90,>43,CA,Refinance,PrimaryResidence,Townhouse,2022
LN0003664,90903,Fair,>90,28-36,AZ,Purchase,SecondHome,SingleFamily,2019
LN0003665,168724,Excellent,<=60,36-43,NY,Purchase,PrimaryResidence,MultiUnit,2021
LN0003666,213941,Good,75-90,28-36,FL,Purchase,PrimaryResidence,SingleFamily,2022
LN0003667,121065,Excellent,60-75,28-36,GA,Purchase,PrimaryResidence,SingleFamily,2022
LN0003668,275803,Excellent,75-90,>43,TX,Refinance,PrimaryResidence,SingleFamily,2018
LN0003669,309444,Good,75-90,36-43,NV,Purchase,PrimaryResidence,Townhouse,2018
LN0003670,152615,Good,>90,36-43,OH,Purchase,PrimaryResidence,SingleFamily,2018
LN0003671,285762,Good,<=60,>43,CA,Refinance,PrimaryResidence,SingleFamily,2022
LN0003672,188175,Fair,60-75,>43,AZ,Refinance,PrimaryResidence,Condo,2020
LN0003673,352769,Good,>90,<=28,TX,Purchase,Investment,Condo,2018
LN0003674,549671,Good,<=60,<=28,AZ,Refinance,PrimaryResidence,SingleFamily,2020
LN0003675,115055,Fair,<=60,28-36,AZ,Purchase,PrimaryResidence,SingleFamily,2020
LN0003676,292068,Poor,75-90,>43,GA,Purchase,PrimaryResidence,Condo,2020
LN0003677,381735,Good,75-90,28-36,GA,Refinance,PrimaryResidence,Townhouse,2021
LN0003678,122352,Good,75-90,28-36,AZ,Purchase,Investment,Townhouse,2018
LN0003679,149110,Good,75-90,28-36,AZ,Purchase,PrimaryResidence,SingleFamily,2019
LN0003680,148273,Excellent,75-90,<=28,OH,CashOut,Investment,SingleFamily,2021
LN0003681,186019,Fair,<=60,<=28,TX,Purchase,PrimaryResidence,Condo,2022
LN0003682,166344,Excellent,75-90,<=28,GA,Purchase,PrimaryResidence,SingleFamily,2019
LN0003683,180026,Good,75-90,<=28,FL,Purchase,PrimaryResidence,Condo,2020
LN0003684,302245,Good,>90,36-43,CA,CashOut,PrimaryResidence,MultiUnit,2022
LN0003685,77041,Excellent,60-75,28-36,TX,Purchase,PrimaryResidence,SingleFamily,2021
LN0003686,122155,Excellent,<=60,<=28,IL,CashOut,PrimaryResidence,MultiUnit,2019
LN0003687,277885,Good,75-90,28-36,NV,Purchase,PrimaryResidence,SingleFamily,2020
LN0003688,262075,Poor,60-75,28-36,CA,Refinance,PrimaryResidence,Townhouse,2018
LN0003689,117093,Fair,<=60,28-36,CA,Purchase,PrimaryResidence,SingleFamily,2020
LN0003690,262984,Good,75-90,28-36,CA,Purchase,PrimaryResidence,MultiUnit,2020
LN0003691,385938,Excellent,60-75,<=28,TX,Purchase,PrimaryResidence,SingleFamily,2018
LN0003692,193975,Fair,60-75,36-43,WA,Purchase,PrimaryResidence,SingleFamily,2019
LN0003693,120092,Excellent,<=60,<=28,AZ,Purchase,Investment,SingleFamily,2022
LN0003694,307883,Good,<=60,<=28,CA,Purchase,PrimaryResidence,Condo,2021
LN0003695,470486,Fair,75-90,<=28,AZ,Refinance,Investment,Townhouse,2020
LN0003696,127634,Good,60-75,28-36,NV,Refinance,PrimaryResidence,MultiUnit,2019
LN0003697,202729,Good,<=60,<=28,CA,Purchase,Investment,Condo,2018
LN0003698,342860,Excellent,60-75,28-36,IL,Refinance,PrimaryResidence,SingleFamily,2020
LN0003699,210592,Excellent,<=60,<=28,AZ,Refinance,PrimaryResidence,Townhouse,2020
LN0003700,82979,Good,<=60,<=28,GA,CashOut,SecondHome,SingleFamily,2018
LN0003701,248130,Poor,60-75,>43,TX,Purchase,PrimaryResidence,Condo,2022
LN0003702,121856,Excellent,60-75,28-36,TX,Purchase,Investment,SingleFamily,2020
LN0003703,105307,Good,60-75,<=28,IL,CashOut,Investment,MultiUnit,2018
LN0003704,83794,Fair,60-75,28-36,AZ,CashOut,PrimaryResidence,SingleFamily,2018
LN0003705,360484,Excellent,60-75,<=28,NV,CashOut,PrimaryResidence,SingleFamily,2022
LN0003706,130959,Excellent,60-75,36-43,IL,Refinance,PrimaryResidence,SingleFamily,2019
LN0003707,234841,Good,<=60,<=28,WA,Refinance,PrimaryResidence,SingleFamily,2019
LN0003708,265528,Fair,<=60,28-36,WA,CashOut,PrimaryResidence,SingleFamily,2018
LN0003709,215541,Good,<=60,>43,IL,Purchase,PrimaryResidence,Townhouse,2022
LN0003710,230564,Fair,60-75,<=28,GA,Purchase,PrimaryResidence,Condo,2022
LN0003711,240511,Poor,75-90,<=28,FL,CashOut,Investment,Townhouse,2019
LN0003712,213000,Fair,<=60,36-43,WA,Refinance,PrimaryResidence,SingleFamily,2021
LN0003713,135933,Poor,75-90,>43,GA,Purchase,PrimaryResidence,Condo,2020
LN0003714,130005,Fair,75-90,28-36,WA,Purchase,PrimaryResidence,SingleFamily,2018
LN0003715,188623,Poor,<=60,36-43,NV,CashOut,PrimaryResidence,Townhouse,2021
LN0003716,186636,Fair,<=60,<=28,OH,Purchase,PrimaryResidence,SingleFamily,2018
LN0003717,246387,Fair,<=60,36-43,OH,Refinance,PrimaryResidence,SingleFamily,2022
LN0003718,344836,Fair,<=60,28-36,AZ,Purchase,PrimaryResidence,SingleFamily,2018
LN0003719,236086,Poor,60-75,36-43,WA,Purchase,PrimaryResidence,SingleFamily,2019
LN0003720,132529,Good,<=60,<=28,NY,Refinance,PrimaryResidence,MultiUnit,2019
LN0003721,66797,Fair,75-90,28-36,WA,CashOut,Investment,SingleFamily,2019
LN0003722,135338,Good,60-75,<=28,NV,Refinance,PrimaryResidence,Condo,2020
LN0003723,101493,Poor,75-90,36-43,AZ,Purchase,PrimaryResidence,SingleFamily,2021
LN0003724,137973,Good,75-90,36-43,NY,Purchase,PrimaryResidence,SingleFamily,2019
LN0003725,224389,Fair,60-75,36-43,IL,Purchase,PrimaryResidence,Townhouse,2020
LN0003726,207356,Fair,>90,>43,FL,CashOut,PrimaryResidence,Condo,2022
LN0003727,503374,Poor,>90,28-36,CA,Purchase,PrimaryResidence,Townhouse,2020
LN0003728,253100,Excellent,60-75,36-43,NY,CashOut,PrimaryResidence,SingleFamily,2021
LN0003729,516372,Fair,<=60,<=28,TX,CashOut,PrimaryResidence,Condo,2019
LN0003730,284238,Fair,60-75,>43,NY,Purchase,PrimaryResidence,Condo,2018
LN0003731,342098,Poor,60-75,36-43,CA,Purchase,Investment,Condo,2019
LN0003732,166133,Poor,60-75,28-36,NY,CashOut,PrimaryResidence,SingleFamily,2018
LN0003733,116162,Good,60-75,28-36,OH,Purchase,PrimaryResidence,SingleFamily,2022
LN0003734,158818,Good,60-75,36-43,AZ,CashOut,PrimaryResidence,SingleFamily,2018
LN0003735,197612,Excellent,75-90,36-43,AZ,Purchase,PrimaryResidence,Condo,2022
LN0003736,145207,Poor,60-75,36-43,WA,Purchase,PrimaryResidence,Condo,2018
LN0003737,120502,Good,60-75,28-36,WA,Purchase,PrimaryResidence,Condo,2018
LN0003738,244854,Fair,60-75,28-36,NV,Purchase,PrimaryResidence,SingleFamily,2020
LN0003739,120246,Fair,75-90,>43,WA,Refinance,PrimaryResidence,Condo,2018
LN0003740,92341,Good,75-90,36-43,CA,Refinance,PrimaryResidence,SingleFamily,2018
LN0003741,113431,Excellent,<=60,28-36,NV,Purchase,PrimaryResidence,MultiUnit,2021
LN0003742,176808,Excellent,75-90,28-36,GA,Refinance,PrimaryResidence,SingleFamily,2018
LN0003743,121120,Poor,<=60,36-43,GA,Purchase,PrimaryResidence,Condo,2020
LN0003744,177363,Good,75-90,36-43,CA,CashOut,Investment,SingleFamily,2018
LN0003745,268396,Excellent,75-90,28-36,IL,CashOut,PrimaryResidence,SingleFamily,2018
LN0003746,264930,Fair,60-75,>43,IL,Refinance,PrimaryResidence,SingleFamily,2021
LN0003747,142855,Good,75-90,>43,AZ,CashOut,PrimaryResidence,SingleFamily,2019
LN0003748,103572,Poor,>90,28-36,NY,Purchase,PrimaryResidence,SingleFamily,2018
LN0003749,149072,Good,75-90,<=28,NY,Purchase,PrimaryResidence,SingleFamily,2021
LN0003750,275907,Excellent,60-75,28-36,GA,Purchase,PrimaryResidence,SingleFamily,2022
LN0003751,310083,Excellent,75-90,36-43,CA,Refinance,PrimaryResidence,Townhouse,2020
LN0003752,237149,Good,60-75,28-36,OH,Purchase,PrimaryResidence,SingleFamily,2019
LN0003753,362477,Good,75-90,>43,CA,CashOut,PrimaryResidence,SingleFamily,2022
LN0003754,471937,Fair,75-90,<=28,FL,Purchase,PrimaryResidence,SingleFamily,2019
LN0003755,156120,Good,<=60,28-36,IL,Purchase,PrimaryResidence,Condo,2021
LN0003756,418018,Good,60-75,>43,TX,Refinance,SecondHome,SingleFamily,2020
LN0003757,174507,Good,60-75,>43,CA,Refinance,PrimaryResidence,Condo,2021
LN0003758,331016,Good,<=60,28-36,IL,Purchase,PrimaryResidence,Townhouse,2020
LN0003759,283306,Poor,60-75,<=28,OH,Refinance,PrimaryResidence,SingleFamily,2020
LN0003760,73974,Excellent,<=60,28-36,FL,Refinance,PrimaryResidence,SingleFamily,2020
LN0003761,122625,Poor,75-90,28-36,FL,Purchase,PrimaryResidence,SingleFamily,2019
LN0003762,107942,Good,<=60,28-36,GA,Refinance,PrimaryResidence,Townhouse,2020
LN0003763,81550,Excellent,60-75,28-36,NV,Purchase,PrimaryResidence,SingleFamily,2018
LN0003764,308555,Excellent,75-90,28-36,WA,Refinance,PrimaryResidence,SingleFamily,2019
LN0003765,559269,Excellent,60-75,36-43,WA,Purchase,PrimaryResidence,Townhouse,2018
LN0003766,174759,Fair,60-75,36-43,AZ,Refinance,Investment,MultiUnit,2019
LN0003767,304698,Good,75-90,36-43,CA,Purchase,SecondHome,SingleFamily,2019
LN0003768,417613,Good,>90,28-36,NV,Purchase,PrimaryResidence,SingleFamily,2018
LN0003769,220613,Fair,75-90,28-36,IL,Refinance,PrimaryResidence,SingleFamily,2019
LN0003770,196289,Fair,<=60,28-36,NY,Purchase,PrimaryResidence,MultiUnit,2021
LN0003771,175809,Poor,<=60,>43,GA,Refinance,PrimaryResidence,SingleFamily,2022
LN0003772,260089,Poor,>90,28-36,NV,Refinance,PrimaryResidence,SingleFamily,2021
LN0003773,307843,Fair,75-90,36-43,NV,Purchase,SecondHome,Townhouse,2021
LN0003774,250421,Fair,75-90,28-36,OH,Purchase,Investment,Condo,2021
LN0003775,246158,Fair,75-90,>43,IL,Refinance,PrimaryResidence,SingleFamily,2022
LN0003776,193764,Good,<=60,28-36,TX,Purchase,PrimaryResidence,Townhouse,2022
LN0003777,89636,Fair,60-75,28-36,TX,Purchase,PrimaryResidence,Condo,2018
LN0003778,311407,Excellent,75-90,36-43,AZ,Purchase,Investment,Townhouse,2020
LN0003779,104577,Fair,>90,<=28,TX,Purchase,PrimaryResidence,SingleFamily,2022
LN0003780,270950,Poor,60-75,28-36,IL,Refinance,Investment,SingleFamily,2022
LN0003781,290067,Excellent,75-90,28-36,IL,CashOut,PrimaryResidence,Condo,2020
LN0003782,112396,Fair,<=60,>43,OH,Refinance,PrimaryResidence,SingleFamily,2020
LN0003783,146693,Poor,>90,36-43,NY,Refinance,PrimaryResidence,SingleFamily,2018
LN0003784,574202,Excellent,60-75,<=28,OH,Purchase,PrimaryResidence,Condo,2020
LN0003785,191043,Good,75-90,36-43,WA,Refinance,PrimaryResidence,Condo,2020
LN0003786,108000,Poor,60-75,36-43,AZ,Refinance,PrimaryResidence,SingleFamily,2021
LN0003787,296688,Poor,75-90,28-36,TX,Purchase,PrimaryResidence,SingleFamily,2020
LN0003788,135085,Excellent,75-90,<=28,OH,Refinance,PrimaryResidence,Condo,2019
LN0003789,76095,Good,60-75,<=28,OH,Purchase,PrimaryResidence,Condo,2022
LN0003790,257785,Fair,75-90,36-43,AZ,Purchase,PrimaryResidence,SingleFamily,2019
LN0003791,125704,Excellent,>90,28-36,IL,Purchase,PrimaryResidence,SingleFamily,2019
LN0003792,233419,Good,>90,>43,NY,Purchase,PrimaryResidence,SingleFamily,2020
LN0003793,132409,Excellent,60-75,28-36,WA,Purchase,PrimaryResidence,MultiUnit,2019
LN0003794,283113,Excellent,75-90,36-43,NV,Purchase,Investment,MultiUnit,2018
LN0003795,217890,Good,75-90,<=28,TX,Purchase,PrimaryResidence,Condo,2021
LN0003796,54469,Fair,75-90,36-43,GA,Purchase,PrimaryResidence,SingleFamily,2019
LN0003797,240627,Fair,60-75,<=28,FL,Purchase,PrimaryResidence,SingleFamily,2022
LN0003798,171980,Fair,75-90,28-36,OH,Purchase,PrimaryResidence,SingleFamily,2021
LN0003799,403672,Good,<=60,<=28,IL,Refinance,SecondHome,SingleFamily,2020
LN0003800,242220,Good,60-75,36-43,AZ,Refinance,PrimaryResidence,SingleFamily,2020
LN0003801,290128,Excellent,<=60,28-36,TX,Purchase,PrimaryResidence,SingleFamily,2022
LN0003802,139347,Excellent,60-75,36-43,TX,Purchase,Investment,SingleFamily,2018
LN0003803,133915,Good,<=60,<=28,NV,Purchase,PrimaryResidence,Townhouse,2019
LN0003804,196256,Excellent,60-75,28-36,NY,Purchase,PrimaryResidence,SingleFamily,2018
LN0003805,165991,Excellent,75-90,28-36,CA,Purchase,PrimaryResidence,MultiUnit,2018
LN0003806,388094,Excellent,60-75,<=28,AZ,Purchase,PrimaryResidence,Condo,2022
LN0003807,184119,Fair,<=60,<=28,IL,Purchase,PrimaryResidence,MultiUnit,2018
LN0003808,107752,Fair,75-90,28-36,NV,Refinance,PrimaryResidence,SingleFamily,2022
LN0003809,131427,Poor,>90,36-43,IL,Purchase,PrimaryResidence,SingleFamily,2021
LN0003810,322070,Fair,>90,>43,OH,Purchase,PrimaryResidence,Condo,2021
LN0003811,182840,Good,75-90,<=28,WA,Purchase,SecondHome,SingleFamily,2021
LN0003812,178018,Excellent,>90,36-43,IL,CashOut,PrimaryResidence,SingleFamily,2018
LN0003813,337760,Good,75-90,36-43,IL,Refinance,PrimaryResidence,Condo,2018
LN0003814,125821,Excellent,>90,36-43,FL,Refinance,PrimaryResidence,SingleFamily,2019
LN0003815,65017,Good,>90,28-36,OH,CashOut,PrimaryResidence,SingleFamily,2021
LN0003816,129776,Good,60-75,>43,WA,Refinance,PrimaryResidence,Townhouse,2019
LN0003817,224368,Good,>90,28-36,CA,Purchase,PrimaryResidence,SingleFamily,2018
LN0003818,175473,Good,75-90,36-43,NY,Refinance,PrimaryResidence,SingleFamily,2021
LN0003819,91106,Fair,75-90,28-36,IL,Purchase,PrimaryResidence,SingleFamily,2021
LN0003820,330390,Fair,>90,36-43,AZ,Refinance,Investment,Townhouse,2020
LN0003821,215722,Fair,60-75,>43,IL,Purchase,PrimaryResidence,Townhouse,2020
LN0003822,241471,Fair,60-75,>43,WA,Purchase,PrimaryResidence,SingleFamily,2021
LN0003823,245194,Good,75-90,28-36,CA,Purchase,PrimaryResidence,SingleFamily,2021
LN0003824,103853,Excellent,75-90,36-43,NY,Purchase,PrimaryResidence,Condo,2019
LN0003825,231292,Fair,>90,<=28,FL,Refinance,PrimaryResidence,SingleFamily,2018
LN0003826,312927,Good,>90,36-43,IL,Purchase,Investment,SingleFamily,2022
LN0003827,351566,Good,75-90,28-36,AZ,Purchase,PrimaryResidence,SingleFamily,2018
LN0003828,285110,Good,>90,36-43,NV,Purchase,PrimaryResidence,SingleFamily,2020
LN0003829,256931,Poor,<=60,28-36,FL,Refinance,PrimaryResidence,Condo,2022
LN0003830,83390,Fair,>90,<=28,GA,Refinance,SecondHome,SingleFamily,2020
LN0003831,197310,Good,<=60,<=28,NV,Refinance,PrimaryResidence,SingleFamily,2022
LN0003832,123218,Fair,75-90,<=28,FL,Purchase,PrimaryResidence,SingleFamily,2020
LN0003833,377408,Good,<=60,28-36,IL,Purchase,Investment,SingleFamily,2021
LN0003834,349825,Good,75-90,36-43,WA,Purchase,SecondHome,Townhouse,2020
LN0003835,123591,Good,60-75,36-43,CA,Purchase,PrimaryResidence,SingleFamily,2019
LN0003836,194271,Good,<=60,36-43,IL,Purchase,PrimaryResidence,SingleFamily,2022
LN0003837,225089,Fair,75-90,36-43,TX,CashOut,PrimaryResidence,SingleFamily,2020
LN0003838,311886,Excellent,75-90,28-36,NY,Purchase,Investment,MultiUnit,2020
LN0003839,86007,Fair,<=60,28-36,TX,Purchase,PrimaryResidence,Condo,2021
LN0003840,65853,Good,75-90,28-36,OH,Refinance,PrimaryResidence,SingleFamily,2022
LN0003841,202617,Fair,<=60,<=28,AZ,Purchase,PrimaryResidence,SingleFamily,2022
LN0003842,56066,Fair,<=60,28-36,FL,Purchase,PrimaryResidence,SingleFamily,2019
LN0003843,215192,Fair,<=60,36-43,CA,Refinance,PrimaryResidence,Condo,2019
LN0003844,267293,Fair,75-90,36-43,IL,Refinance,PrimaryResidence,SingleFamily,2019
LN0003845,368811,Poor,75-90,36-43,TX,Refinance,PrimaryResidence,SingleFamily,2019
LN0003846,145614,Good,75-90,<=28,IL,CashOut,SecondHome,Condo,2019
LN0003847,215472,Fair,75-90,36-43,WA,Purchase,PrimaryResidence,SingleFamily,2020
LN0003848,275338,Fair,75-90,<=28,IL,Refinance,PrimaryResidence,Condo,2018
LN0003849,110430,Excellent,75-90,>43,WA,CashOut,PrimaryResidence,SingleFamily,2020
LN0003850,314165,Good,>90,<=28,WA,Purchase,PrimaryResidence,Condo,2022
LN0003851,228016,Good,60-75,28-36,TX,Refinance,PrimaryResidence,Condo,2020
LN0003852,146866,Good,<=60,28-36,GA,CashOut,PrimaryResidence,Townhouse,2018
LN0003853,213350,Good,<=60,28-36,GA,Refinance,PrimaryResidence,Condo,2019
LN0003854,185411,Good,75-90,28-36,TX,Purchase,PrimaryResidence,SingleFamily,2019
LN0003855,293618,Fair,60-75,<=28,IL,Purchase,Investment,Condo,2020
LN0003856,166004,Excellent,<=60,28-36,FL,Refinance,SecondHome,MultiUnit,2019
LN0003857,222692,Fair,>90,>43,NY,CashOut,PrimaryResidence,SingleFamily,2019
LN0003858,145733,Good,>90,28-36,OH,Purchase,PrimaryResidence,SingleFamily,2021
LN0003859,124377,Fair,60-75,28-36,WA,Purchase,SecondHome,SingleFamily,2018
LN0003860,216591,Excellent,60-75,>43,NV,Purchase,SecondHome,Condo,2022
LN0003861,126958,Good,60-75,28-36,WA,Purchase,PrimaryResidence,SingleFamily,2019
LN0003862,296644,Excellent,60-75,36-43,CA,Refinance,PrimaryResidence,SingleFamily,2022
LN0003863,267297,Fair,>90,28-36,OH,Refinance,SecondHome,SingleFamily,2018
LN0003864,135597,Good,75-90,28-36,CA,Refinance,SecondHome,Townhouse,2019
LN0003865,221214,Poor,<=60,<=28,NY,Refinance,PrimaryResidence,SingleFamily,2019
LN0003866,135286,Good,60-75,<=28,NV,Refinance,PrimaryResidence,SingleFamily,2020
LN0003867,89129,Good,<=60,36-43,NV,Refinance,SecondHome,Townhouse,2018
LN0003868,147471,Good,60-75,36-43,TX,Purchase,PrimaryResidence,Townhouse,2019
LN0003869,193850,Fair,60-75,<=28,NV,Purchase,PrimaryResidence,SingleFamily,2022
LN0003870,257997,Good,75-90,>43,NV,Refinance,PrimaryResidence,SingleFamily,2022
LN0003871,214215,Good,60-75,28-36,AZ,Purchase,PrimaryResidence,SingleFamily,2020
LN0003872,312962,Excellent,>90,28-36,AZ,Purchase,PrimaryResidence,SingleFamily,2018
LN0003873,121712,Excellent,<=60,>43,CA,Purchase,PrimaryResidence,SingleFamily,2019
LN0003874,164662,Excellent,75-90,>43,TX,Refinance,PrimaryResidence,SingleFamily,2022
LN0003875,452337,Poor,<=60,28-36,GA,Purchase,PrimaryResidence,Condo,2022
LN0003876,75694,Good,60-75,28-36,TX,Refinance,PrimaryResidence,Condo,2022
LN0003877,158581,Excellent,>90,<=28,FL,Purchase,PrimaryResidence,MultiUnit,2022
LN0003878,116337,Poor,75-90,28-36,NV,CashOut,Investment,Condo,2021
LN0003879,180286,Excellent,<=60,36-43,NV,Refinance,Investment,SingleFamily,2021
LN0003880,159975,Good,60-75,28-36,FL,Refinance,PrimaryResidence,SingleFamily,2021
LN0003881,268626,Fair,75-90,36-43,WA,Refinance,PrimaryResidence,MultiUnit,2021
LN0003882,225880,Poor,>90,<=28,WA,Refinance,SecondHome,Condo,2019
LN0003883,103485,Fair,75-90,28-36,FL,Purchase,PrimaryResidence,SingleFamily,2021
LN0003884,148140,Good,<=60,28-36,FL,Purchase,PrimaryResidence,SingleFamily,2019
LN0003885,198777,Poor,60-75,28-36,IL,CashOut,PrimaryResidence,Condo,2021
LN0003886,287704,Excellent,<=60,28-36,GA,CashOut,PrimaryResidence,SingleFamily,2019
LN0003887,670968,Poor,<=60,>43,AZ,CashOut,PrimaryResidence,Condo,2020
LN0003888,282489,Fair,75-90,>43,AZ,CashOut,PrimaryResidence,SingleFamily,2018
LN0003889,119820,Poor,75-90,36-43,CA,Refinance,PrimaryResidence,SingleFamily,2022
LN0003890,189676,Good,<=60,<=28,GA,Refinance,PrimaryResidence,SingleFamily,2021
LN0003891,217616,Excellent,75-90,>43,GA,Refinance,PrimaryResidence,SingleFamily,2018
LN0003892,153323,Fair,75-90,>43,CA,Purchase,PrimaryResidence,MultiUnit,2020
LN0003893,251482,Good,75-90,>43,AZ,Refinance,PrimaryResidence,SingleFamily,2020
LN0003894,63851,Good,60-75,28-36,WA,Refinance,PrimaryResidence,SingleFamily,2022
LN0003895,262124,Poor,60-75,<=28,OH,Refinance,PrimaryResidence,SingleFamily,2021
LN0003896,156655,Fair,<=60,36-43,GA,Purchase,PrimaryResidence,SingleFamily,2022
LN0003897,188178,Good,60-75,28-36,NY,Refinance,Investment,SingleFamily,2020
LN0003898,413685,Good,60-75,28-36,FL,CashOut,PrimaryResidence,SingleFamily,2018
LN0003899,105793,Excellent,60-75,28-36,NY,Purchase,PrimaryResidence,SingleFamily,2021
LN0003900,227831,Excellent,<=60,28-36,OH,Purchase,PrimaryResidence,Condo,2019
LN0003901,295658,Excellent,<=60,28-36,GA,Refinance,PrimaryResidence,MultiUnit,2021
LN0003902,216461,Fair,>90,36-43,GA,Refinance,SecondHome,SingleFamily,2020
LN0003903,88690,Fair,75-90,36-43,TX,Refinance,PrimaryResidence,MultiUnit,2019
LN0003904,390505,Good,60-75,28-36,CA,Refinance,PrimaryResidence,Townhouse,2018
LN0003905,178853,Good,>90,<=28,GA,Purchase,PrimaryResidence,Condo,2021
LN0003906,152699,Fair,60-75,>43,NV,Purchase,PrimaryResidence,Condo,2021
LN0003907,170204,Fair,60-75,28-36,NY,CashOut,PrimaryResidence,SingleFamily,2019
LN0003908,164214,Poor,75-90,28-36,IL,Purchase,PrimaryResidence,SingleFamily,2021
LN0003909,109634,Good,60-75,28-36,NV,Purchase,Investment,Townhouse,2022
LN0003910,215879,Fair,60-75,28-36,FL,Purchase,PrimaryResidence,Townhouse,2021
LN0003911,147470,Good,60-75,36-43,WA,Purchase,PrimaryResidence,SingleFamily,2022
LN0003912,278018,Good,60-75,<=28,CA,Purchase,PrimaryResidence,SingleFamily,2020
LN0003913,257505,Poor,75-90,>43,FL,Refinance,PrimaryResidence,SingleFamily,2019
LN0003914,448128,Good,60-75,<=28,NY,Purchase,PrimaryResidence,SingleFamily,2022
LN0003915,178828,Good,60-75,>43,GA,Refinance,PrimaryResidence,Townhouse,2021
LN0003916,133036,Good,60-75,36-43,NY,Purchase,Investment,SingleFamily,2021
LN0003917,95332,Good,60-75,<=28,IL,CashOut,PrimaryResidence,Condo,2021
LN0003918,595211,Good,60-75,28-36,FL,Purchase,PrimaryResidence,MultiUnit,2022
LN0003919,276800,Fair,>90,28-36,TX,Purchase,PrimaryResidence,SingleFamily,2021
LN0003920,140616,Good,75-90,>43,OH,Purchase,PrimaryResidence,Condo,2022
LN0003921,463507,Excellent,60-75,36-43,GA,CashOut,PrimaryResidence,SingleFamily,2018
LN0003922,391633,Poor,75-90,28-36,GA,Refinance,Investment,SingleFamily,2021
LN0003923,101150,Good,<=60,28-36,WA,Refinance,PrimaryResidence,SingleFamily,2019
LN0003924,136388,Poor,60-75,>43,TX,Purchase,PrimaryResidence,SingleFamily,2018
LN0003925,186062,Excellent,60-75,36-43,WA,Purchase,PrimaryResidence,Condo,2019
LN0003926,116419,Good,60-75,28-36,OH,CashOut,PrimaryResidence,SingleFamily,2022
LN0003927,189417,Good,75-90,28-36,IL,Purchase,PrimaryResidence,MultiUnit,2022
LN0003928,283787,Fair,>90,28-36,OH,Refinance,PrimaryResidence,SingleFamily,2019
LN0003929,100044,Excellent,60-75,36-43,NY,Refinance,PrimaryResidence,Townhouse,2018
LN0003930,230153,Poor,60-75,28-36,WA,Refinance,PrimaryResidence,Condo,2020
LN0003931,356556,Good,75-90,36-43,NY,Purchase,Investment,Condo,2019
LN0003932,242828,Good,60-75,28-36,NV,Purchase,SecondHome,SingleFamily,2020
LN0003933,191413,Good,<=60,28-36,TX,Purchase,PrimaryResidence,SingleFamily,2021
LN0003934,142336,Excellent,>90,28-36,FL,CashOut,Investment,Condo,2019
LN0003935,301167,Good,75-90,36-43,GA,Refinance,PrimaryResidence,Condo,2018
LN0003936,110364,Good,>90,28-36,CA,Purchase,SecondHome,Condo,2018
LN0003937,224447,Good,60-75,>43,WA,CashOut,PrimaryResidence,SingleFamily,2021
LN0003938,201341,Fair,<=60,28-36,CA,Purchase,PrimaryResidence,SingleFamily,2018
LN0003939,348992,Good,60-75,36-43,WA,Purchase,PrimaryResidence,SingleFamily,2019
LN0003940,148542,Excellent,>90,>43,NY,Purchase,PrimaryResidence,SingleFamily,2022
LN0003941,154992,Excellent,<=60,36-43,TX,CashOut,Investment,Condo,2018
LN0003942,106837,Excellent,<=60,28-36,IL,Purchase,PrimaryResidence,SingleFamily,2021
LN0003943,247370,Excellent,<=60,36-43,NY,Purchase,Investment,SingleFamily,2018
LN0003944,160828,Fair,75-90,<=28,CA,Purchase,PrimaryResidence,SingleFamily,2022
LN0003945,129180,Excellent,75-90,<=28,WA,Purchase,PrimaryResidence,Condo,2021
LN0003946,135481,Poor,75-90,36-43,WA,Purchase,PrimaryResidence,SingleFamily,2022
LN0003947,260030,Excellent,<=60,36-43,GA,Purchase,PrimaryResidence,SingleFamily,2021
LN0003948,114521,Excellent,75-90,<=28,NV,Refinance,PrimaryResidence,MultiUnit,2020
LN0003949,119720,Poor,60-75,>43,OH,CashOut,PrimaryResidence,Condo,2022
LN0003950,311196,Good,<=60,28-36,OH,Purchase,SecondHome,SingleFamily,2021
LN0003951,182944,Good,60-75,>43,GA,CashOut,PrimaryResidence,SingleFamily,2018
LN0003952,320527,Poor,60-75,36-43,GA,Refinance,PrimaryResidence,SingleFamily,2020
LN0003953,166096,Poor,60-75,>43,OH,CashOut,PrimaryResidence,Condo,2020
LN0003954,198677,Fair,>90,36-43,GA,Purchase,PrimaryResidence,SingleFamily,2019
LN0003955,214947,Excellent,60-75,>43,WA,Refinance,Investment,SingleFamily,2020
LN0003956,397775,Good,60-75,36-43,OH,Refinance,PrimaryResidence,SingleFamily,2022
LN0003957,381908,Poor,75-90,<=28,NV,Purchase,PrimaryResidence,SingleFamily,2018
LN0003958,353846,Poor,75-90,28-36,IL,Refinance,PrimaryResidence,Condo,2022
LN0003959,145159,Excellent,<=60,36-43,FL,Purchase,PrimaryResidence,MultiUnit,2021
LN0003960,121368,Good,75-90,<=28,IL,Refinance,PrimaryResidence,SingleFamily,2018
LN0003961,290801,Good,60-75,>43,CA,Refinance,PrimaryResidence,SingleFamily,2019
LN0003962,395687,Excellent,60-75,<=28,NY,Purchase,SecondHome,SingleFamily,2022
LN0003963,355545,Fair,75-90,>43,AZ,Purchase,PrimaryResidence,SingleFamily,2021
LN0003964,200090,Good,75-90,28-36,CA,CashOut,PrimaryResidence,SingleFamily,2018
LN0003965,286044,Good,60-75,36-43,AZ,Purchase,PrimaryResidence,SingleFamily,2018
LN0003966,288570,Excellent,<=60,>43,WA,Refinance,PrimaryResidence,MultiUnit,2022
LN0003967,214158,Good,60-75,28-36,NY,Refinance,SecondHome,MultiUnit,2018
LN0003968,218859,Excellent,60-75,36-43,IL,Purchase,Investment,Condo,2021
LN0003969,208792,Good,>90,<=28,AZ,Refinance,PrimaryResidence,SingleFamily,2022
LN0003970,134047,Excellent,60-75,36-43,TX,CashOut,PrimaryResidence,Condo,2018
LN0003971,141064,Poor,>90,36-43,WA,CashOut,PrimaryResidence,SingleFamily,2018
LN0003972,139979,Excellent,60-75,28-36,FL,Purchase,PrimaryResidence,Condo,2022
LN0003973,89355,Good,75-90,<=28,WA,Purchase,PrimaryResidence,SingleFamily,2022
LN0003974,213508,Excellent,<=60,28-36,OH,Purchase,PrimaryResidence,MultiUnit,2020
LN0003975,194797,Excellent,60-75,<=28,NV,Refinance,PrimaryResidence,SingleFamily,2019
LN0003976,290971,Excellent,<=60,36-43,FL,Purchase,PrimaryResidence,SingleFamily,2018
LN0003977,373382,Excellent,<=60,28-36,GA,Purchase,PrimaryResidence,SingleFamily,2022
LN0003978,385442,Excellent,>90,>43,IL,Purchase,Investment,SingleFamily,2021
LN0003979,404025,Good,75-90,>43,WA,CashOut,PrimaryResidence,Townhouse,2022
LN0003980,136142,Fair,75-90,>43,TX,Purchase,PrimaryResidence,Condo,2021
LN0003981,97150,Excellent,60-75,28-36,AZ,Refinance,PrimaryResidence,MultiUnit,2020
LN0003982,316592,Good,75-90,28-36,TX,Purchase,PrimaryResidence,Townhouse,2020
LN0003983,396752,Good,75-90,36-43,CA,Refinance,Investment,SingleFamily,2019
LN0003984,432784,Excellent,75-90,36-43,OH,Refinance,PrimaryResidence,MultiUnit,2021
LN0003985,253342,Good,75-90,>43,IL,CashOut,PrimaryResidence,Townhouse,2018
LN0003986,73251,Excellent,75-90,28-36,CA,Refinance,SecondHome,SingleFamily,2018
LN0003987,238662,Excellent,60-75,<=28,GA,Purchase,PrimaryResidence,SingleFamily,2022
LN0003988,262424,Good,>90,>43,FL,Purchase,PrimaryResidence,SingleFamily,2019
LN0003989,371772,Poor,<=60,36-43,NV,Purchase,PrimaryResidence,Condo,2018
LN0003990,406286,Poor,60-75,<=28,NV,Purchase,PrimaryResidence,Condo,2021
LN0003991,313268,Poor,>90,36-43,WA,CashOut,PrimaryResidence,SingleFamily,2019
LN0003992,148206,Good,<=60,<=28,IL,Purchase,PrimaryResidence,MultiUnit,2019
LN0003993,118829,Excellent,<=60,28-36,IL,CashOut,PrimaryResidence,Condo,2020
LN0003994,259621,Good,60-75,28-36,GA,Purchase,PrimaryResidence,SingleFamily,2020
LN0003995,133758,Excellent,60-75,28-36,NV,CashOut,Investment,Condo,2021
LN0003996,415637,Excellent,>90,<=28,GA,CashOut,PrimaryResidence,MultiUnit,2022
LN0003997,84771,Excellent,75-90,28-36,CA,Refinance,PrimaryResidence,SingleFamily,2022
LN0003998,263931,Good,60-75,28-36,TX,Purchase,PrimaryResidence,SingleFamily,2022
LN0003999,233226,Good,>90,<=28,GA,CashOut,PrimaryResidence,Condo,2020
LN0004000,179264,Excellent,75-90,28-36,NY,CashOut,PrimaryResidence,SingleFamily,2020
LN0004001,125171,Fair,>90,28-36,IL,Purchase,PrimaryResidence,SingleFamily,2018
LN0004002,70906,Good,60-75,36-43,IL,CashOut,PrimaryResidence,MultiUnit,2020
LN0004003,152403,Poor,60-75,36-43,WA,CashOut,PrimaryResidence,SingleFamily,2021
LN0004004,153746,Excellent,<=60,<=28,FL,Purchase,PrimaryResidence,SingleFamily,2022
LN0004005,346579,Good,<=60,<=28,CA,Purchase,PrimaryResidence,MultiUnit,2018
LN0004006,134399,Excellent,75-90,36-43,FL,Purchase,PrimaryResidence,Condo,2022
LN0004007,249293,Good,<=60,>43,GA,Purchase,PrimaryResidence,SingleFamily,2020
LN0004008,104180,Excellent,60-75,>43,GA,CashOut,PrimaryResidence,SingleFamily,2018
LN0004009,252741,Excellent,75-90,>43,AZ,CashOut,PrimaryResidence,SingleFamily,2022
LN0004010,64935,Fair,<=60,36-43,TX,Purchase,PrimaryResidence,SingleFamily,2020
LN0004011,566735,Good,60-75,>43,TX,Refinance,PrimaryResidence,Townhouse,2020
LN0004012,185250,Excellent,75-90,28-36,TX,Refinance,PrimaryResidence,SingleFamily,2018
LN0004013,50000,Poor,>90,36-43,WA,Purchase,PrimaryResidence,SingleFamily,2018
LN0004014,138846,Excellent,60-75,>43,WA,Refinance,PrimaryResidence,Condo,2018
LN0004015,128305,Good,>90,36-43,TX,Refinance,PrimaryResidence,MultiUnit,2019
LN0004016,143213,Good,75-90,28-36,IL,Purchase,PrimaryResidence,Condo,2019
LN0004017,165657,Good,75-90,28-36,CA,Purchase,PrimaryResidence,SingleFamily,2020
LN0004018,142727,Good,60-75,28-36,GA,CashOut,PrimaryResidence,SingleFamily,2021
LN0004019,132163,Excellent,75-90,28-36,WA,Purchase,PrimaryResidence,Townhouse,2022
LN0004020,111375,Fair,75-90,36-43,CA,Purchase,PrimaryResidence,Condo,2021
LN0004021,299807,Excellent,60-75,36-43,CA,CashOut,PrimaryResidence,MultiUnit,2020
LN0004022,362423,Excellent,>90,<=28,OH,CashOut,PrimaryResidence,SingleFamily,2022
LN0004023,175030,Good,>90,36-43,AZ,Refinance,PrimaryResidence,Condo,2020
LN0004024,197043,Poor,60-75,28-36,AZ,Purchase,PrimaryResidence,Townhouse,2020
LN0004025,113191,Fair,75-90,28-36,WA,Refinance,SecondHome,SingleFamily,2019
LN0004026,205975,Poor,60-75,28-36,WA,Refinance,PrimaryResidence,SingleFamily,2020
LN0004027,223012,Fair,75-90,28-36,AZ,Purchase,PrimaryResidence,SingleFamily,2018
LN0004028,178135,Fair,75-90,36-43,AZ,Purchase,Investment,Condo,2018
LN0004029,242325,Good,<=60,36-43,NV,Purchase,PrimaryResidence,SingleFamily,2022
LN0004030,231967,Poor,<=60,36-43,NY,Refinance,PrimaryResidence,SingleFamily,2018
LN0004031,117351,Good,60-75,28-36,IL,CashOut,PrimaryResidence,Condo,2020
LN0004032,360960,Good,>90,36-43,CA,Refinance,PrimaryResidence,Condo,2018
LN0004033,179185,Fair,60-75,<=28,TX,Purchase,Investment,SingleFamily,2021
LN0004034,459450,Good,>90,28-36,NY,Purchase,PrimaryResidence,Townhouse,2022
LN0004035,245293,Excellent,60-75,28-36,AZ,Refinance,Investment,SingleFamily,2020
LN0004036,532568,Good,60-75,36-43,IL,Purchase,SecondHome,SingleFamily,2018
LN0004037,357766,Good,>90,>43,WA,Purchase,Investment,Condo,2018
LN0004038,222703,Fair,75-90,28-36,AZ,CashOut,PrimaryResidence,Condo,2021
LN0004039,138475,Good,60-75,36-43,IL,CashOut,PrimaryResidence,Condo,2018
LN0004040,139974,Fair,<=60,28-36,NY,CashOut,PrimaryResidence,Condo,2019
LN0004041,259501,Good,<=60,28-36,OH,Purchase,PrimaryResidence,Condo,2022
LN0004042,213536,Fair,<=60,36-43,NY,Refinance,SecondHome,MultiUnit,2020
LN0004043,148076,Excellent,60-75,36-43,NY,Refinance,PrimaryResidence,Townhouse,2022
LN0004044,301501,Poor,75-90,>43,AZ,Refinance,PrimaryResidence,Townhouse,2022
LN0004045,202680,Good,60-75,36-43,IL,Purchase,Investment,SingleFamily,2021
LN0004046,302399,Good,<=60,28-36,FL,Purchase,PrimaryResidence,Condo,2022
LN0004047,122059,Excellent,60-75,>43,AZ,Purchase,SecondHome,SingleFamily,2018
LN0004048,327661,Good,60-75,>43,GA,CashOut,PrimaryResidence,Condo,2019
LN0004049,255377,Good,>90,28-36,OH,Refinance,PrimaryResidence,SingleFamily,2019
LN0004050,361777,Fair,60-75,<=28,NY,CashOut,PrimaryResidence,SingleFamily,2022
LN0004051,324070,Poor,<=60,28-36,OH,Refinance,PrimaryResidence,Townhouse,2021
LN0004052,190522,Fair,75-90,36-43,NV,Purchase,SecondHome,Condo,2019
LN0004053,183013,Good,>90,>43,TX,Purchase,PrimaryResidence,SingleFamily,2019
LN0004054,484811,Good,75-90,36-43,TX,Purchase,PrimaryResidence,SingleFamily,2022
LN0004055,171908,Fair,75-90,28-36,WA,CashOut,SecondHome,SingleFamily,2022
LN0004056,289010,Fair,>90,<=28,OH,Purchase,PrimaryResidence,MultiUnit,2018
LN0004057,164276,Good,75-90,28-36,CA,Purchase,PrimaryResidence,SingleFamily,2019
LN0004058,78359,Poor,>90,28-36,WA,Refinance,PrimaryResidence,Condo,2020
LN0004059,107616,Good,<=60,<=28,TX,Refinance,Investment,Condo,2019
LN0004060,243521,Fair,75-90,<=28,NV,Refinance,Investment,SingleFamily,2021
LN0004061,282254,Poor,>90,<=28,OH,Purchase,PrimaryResidence,SingleFamily,2021
LN0004062,243922,Fair,>90,<=28,NV,Refinance,PrimaryResidence,Condo,2022
LN0004063,352559,Excellent,60-75,36-43,FL,Purchase,Investment,Condo,2021
LN0004064,241742,Good,75-90,28-36,OH,Refinance,Investment,SingleFamily,2022
LN0004065,134912,Excellent,<=60,28-36,NY,Refinance,PrimaryResidence,SingleFamily,2019
LN0004066,267573,Fair,75-90,28-36,TX,Purchase,PrimaryResidence,Condo,2019
LN0004067,216382,Good,60-75,>43,IL,Purchase,PrimaryResidence,SingleFamily,2019
LN0004068,149077,Fair,75-90,36-43,IL,Purchase,PrimaryResidence,SingleFamily,2022
LN0004069,251767,Poor,75-90,36-43,WA,Purchase,PrimaryResidence,SingleFamily,2021
LN0004070,206836,Excellent,60-75,36-43,AZ,Refinance,PrimaryResidence,SingleFamily,2019
LN0004071,146898,Good,60-75,36-43,FL,Purchase,PrimaryResidence,MultiUnit,2021
LN0004072,181873,Fair,60-75,36-43,GA,Purchase,SecondHome,Townhouse,2019
LN0004073,403036,Good,75-90,28-36,TX,Refinance,PrimaryResidence,Condo,2019
LN0004074,396504,Excellent,75-90,28-36,AZ,Refinance,SecondHome,SingleFamily,2018
LN0004075,218397,Excellent,75-90,28-36,IL,CashOut,PrimaryResidence,SingleFamily,2022
LN0004076,204563,Good,<=60,28-36,OH,CashOut,Investment,SingleFamily,2019
LN0004077,97098,Fair,75-90,28-36,FL,Purchase,PrimaryResidence,Condo,2021
LN0004078,469621,Good,75-90,28-36,NY,Purchase,PrimaryResidence,SingleFamily,2018
LN0004079,333757,Excellent,<=60,28-36,NV,Refinance,PrimaryResidence,Townhouse,2018
LN0004080,289518,Good,60-75,28-36,TX,Refinance,PrimaryResidence,SingleFamily,2021
LN0004081,63744,Good,60-75,28-36,WA,Purchase,PrimaryResidence,SingleFamily,2018
LN0004082,202898,Good,60-75,<=28,NY,CashOut,PrimaryResidence,SingleFamily,2018
LN0004083,186546,Fair,<=60,28-36,NY,Refinance,PrimaryResidence,SingleFamily,2019
LN0004084,279681,Good,60-75,28-36,GA,Purchase,SecondHome,SingleFamily,2020
LN0004085,158654,Good,<=60,36-43,OH,Refinance,PrimaryResidence,SingleFamily,2018
LN0004086,177042,Poor,<=60,28-36,IL,Purchase,PrimaryResidence,SingleFamily,2018
LN0004087,270954,Good,60-75,<=28,GA,CashOut,PrimaryResidence,SingleFamily,2019
LN0004088,135024,Fair,75-90,<=28,CA,Purchase,PrimaryResidence,SingleFamily,2021
LN0004089,149190,Excellent,60-75,28-36,FL,Refinance,PrimaryResidence,MultiUnit,2018
LN0004090,218964,Excellent,60-75,<=28,OH,Refinance,PrimaryResidence,MultiUnit,2019
LN0004091,388187,Excellent,75-90,28-36,GA,Purchase,PrimaryResidence,SingleFamily,2018
LN0004092,297817,Fair,60-75,28-36,CA,Refinance,PrimaryResidence,SingleFamily,2019
LN0004093,340340,Fair,<=60,>43,AZ,Purchase,PrimaryResidence,MultiUnit,2019
LN0004094,205183,Excellent,60-75,36-43,IL,Purchase,PrimaryResidence,Townhouse,2021
LN0004095,419802,Excellent,60-75,<=28,NY,Purchase,PrimaryResidence,MultiUnit,2018
LN0004096,83233,Good,75-90,28-36,IL,Refinance,PrimaryResidence,SingleFamily,2022
LN0004097,546407,Good,60-75,36-43,NY,CashOut,Investment,MultiUnit,2019
LN0004098,582963,Fair,60-75,28-36,WA,Purchase,PrimaryResidence,Condo,2022
LN0004099,249773,Fair,75-90,>43,TX,Refinance,Investment,SingleFamily,2021
LN0004100,301381,Poor,>90,28-36,TX,CashOut,PrimaryResidence,SingleFamily,2019
LN0004101,195047,Good,60-75,<=28,NV,Purchase,Investment,Townhouse,2019
LN0004102,179013,Fair,60-75,<=28,OH,CashOut,PrimaryResidence,Townhouse,2022
LN0004103,146468,Good,60-75,>43,NY,Purchase,PrimaryResidence,SingleFamily,2022
LN0004104,193976,Good,75-90,>43,AZ,Refinance,PrimaryResidence,Condo,2021
LN0004105,262489,Poor,75-90,>43,OH,Refinance,Investment,SingleFamily,2018
LN0004106,245227,Excellent,75-90,28-36,GA,CashOut,PrimaryResidence,Condo,2022
LN0004107,536757,Fair,60-75,36-43,OH,Purchase,PrimaryResidence,SingleFamily,2020
LN0004108,209009,Fair,60-75,<=28,NV,Purchase,PrimaryResidence,SingleFamily,2018
LN0004109,94427,Poor,75-90,28-36,AZ,Refinance,PrimaryResidence,SingleFamily,2022
LN0004110,452324,Good,60-75,36-43,FL,Refinance,PrimaryResidence,SingleFamily,2018
LN0004111,107960,Good,>90,>43,OH,Refinance,PrimaryResidence,Townhouse,2019
LN0004112,150287,Fair,60-75,28-36,TX,Refinance,PrimaryResidence,MultiUnit,2018
LN0004113,227719,Fair,60-75,28-36,WA,Refinance,SecondHome,SingleFamily,2020
LN0004114,244895,Good,60-75,<=28,CA,Purchase,PrimaryResidence,SingleFamily,2022
LN0004115,96498,Fair,60-75,28-36,TX,Purchase,PrimaryResidence,SingleFamily,2018
LN0004116,136866,Good,75-90,<=28,OH,Purchase,PrimaryResidence,SingleFamily,2018
LN0004117,94807,Good,<=60,>43,NY,Purchase,PrimaryResidence,SingleFamily,2022
LN0004118,271266,Poor,75-90,<=28,TX,Refinance,PrimaryResidence,SingleFamily,2018
LN0004119,359219,Good,75-90,36-43,NV,Purchase,PrimaryResidence,SingleFamily,2018
LN0004120,107913,Good,>90,28-36,NV,Purchase,PrimaryResidence,Townhouse,2020
LN0004121,327037,Poor,75-90,28-36,FL,Purchase,Investment,Condo,2019
LN0004122,316598,Fair,>90,28-36,WA,CashOut,PrimaryResidence,SingleFamily,2022
LN0004123,142980,Poor,>90,28-36,FL,Purchase,PrimaryResidence,Condo,2018
LN0004124,73770,Good,60-75,28-36,AZ,Purchase,SecondHome,SingleFamily,2020
LN0004125,116351,Poor,>90,36-43,GA,Refinance,SecondHome,Condo,2022
LN0004126,147616,Excellent,>90,>43,IL,Purchase,PrimaryResidence,SingleFamily,2021
LN0004127,429696,Good,60-75,28-36,NV,Refinance,PrimaryResidence,SingleFamily,2018
LN0004128,187371,Good,75-90,28-36,OH,Purchase,PrimaryResidence,SingleFamily,2018
LN0004129,120160,Fair,60-75,>43,TX,Refinance,PrimaryResidence,Townhouse,2018
LN0004130,214041,Poor,75-90,28-36,IL,Purchase,PrimaryResidence,Condo,2022
LN0004131,104018,Fair,<=60,>43,AZ,Purchase,PrimaryResidence,Condo,2019
LN0004132,257087,Fair,75-90,>43,WA,Purchase,PrimaryResidence,MultiUnit,2018
LN0004133,121925,Good,60-75,36-43,CA,Refinance,PrimaryResidence,MultiUnit,2019
LN0004134,131102,Good,75-90,28-36,OH,Refinance,PrimaryResidence,MultiUnit,2019
LN0004135,239844,Good,<=60,36-43,IL,Purchase,PrimaryResidence,SingleFamily,2018
LN0004136,476926,Excellent,75-90,28-36,FL,Refinance,PrimaryResidence,SingleFamily,2020
LN0004137,596535,Good,60-75,28-36,AZ,Purchase,PrimaryResidence,Condo,2022
LN0004138,118192,Poor,75-90,>43,AZ,Refinance,PrimaryResidence,Townhouse,2019
LN0004139,147516,Fair,60-75,28-36,WA,CashOut,SecondHome,SingleFamily,2022
LN0004140,257240,Fair,<=60,36-43,OH,Purchase,PrimaryResidence,Townhouse,2021
LN0004141,356608,Good,60-75,28-36,FL,Purchase,Investment,Condo,2019
LN0004142,67370,Good,>90,<=28,OH,Refinance,Investment,SingleFamily,2021
LN0004143,207662,Excellent,60-75,36-43,NV,CashOut,PrimaryResidence,Townhouse,2019
LN0004144,155815,Good,75-90,36-43,FL,Refinance,SecondHome,MultiUnit,2019
LN0004145,75962,Good,<=60,28-36,NV,Purchase,PrimaryResidence,SingleFamily,2019
LN0004146,101866,Good,75-90,36-43,CA,Refinance,PrimaryResidence,Condo,2018
LN0004147,149658,Excellent,60-75,28-36,IL,Purchase,PrimaryResidence,SingleFamily,2021
LN0004148,204721,Fair,60-75,>43,CA,CashOut,PrimaryResidence,Condo,2018
LN0004149,329078,Good,60-75,36-43,IL,Refinance,PrimaryResidence,SingleFamily,2018
LN0004150,237322,Good,<=60,36-43,GA,CashOut,Investment,SingleFamily,2018
LN0004151,319262,Excellent,60-75,28-36,AZ,CashOut,PrimaryResidence,Condo,2018
LN0004152,201463,Good,60-75,28-36,TX,CashOut,SecondHome,SingleFamily,2022
LN0004153,139738,Good,60-75,>43,AZ,Purchase,Investment,SingleFamily,2018
LN0004154,181339,Good,>90,<=28,NV,CashOut,Investment,SingleFamily,2021
LN0004155,281463,Good,60-75,28-36,CA,Purchase,PrimaryResidence,SingleFamily,2019
LN0004156,333127,Excellent,>90,36-43,NV,Purchase,PrimaryResidence,SingleFamily,2018
LN0004157,184621,Poor,60-75,36-43,NV,Purchase,PrimaryResidence,SingleFamily,2019
LN0004158,124921,Excellent,<=60,>43,CA,Purchase,PrimaryResidence,SingleFamily,2018
LN0004159,235114,Good,60-75,36-43,CA,Purchase,PrimaryResidence,SingleFamily,2019
LN0004160,252455,Excellent,60-75,>43,OH,Refinance,PrimaryResidence,Condo,2022
LN0004161,368191,Good,60-75,28-36,IL,Purchase,Investment,Condo,2021
LN0004162,141579,Good,>90,36-43,FL,Purchase,PrimaryResidence,Condo,2022
LN0004163,142358,Poor,75-90,36-43,IL,Purchase,PrimaryResidence,SingleFamily,2021
LN0004164,290128,Good,75-90,36-43,NY,Refinance,PrimaryResidence,Condo,2022
LN0004165,162150,Fair,60-75,<=28,NV,Refinance,PrimaryResidence,SingleFamily,2018
LN0004166,158761,Excellent,60-75,28-36,FL,Refinance,Investment,Condo,2018
LN0004167,372156,Excellent,75-90,28-36,CA,Refinance,PrimaryResidence,SingleFamily,2020
LN0004168,100157,Good,<=60,36-43,AZ,Refinance,PrimaryResidence,Condo,2020
LN0004169,555765,Good,<=60,28-36,AZ,Purchase,PrimaryResidence,Townhouse,2021
LN0004170,146339,Good,60-75,36-43,AZ,Refinance,SecondHome,MultiUnit,2018
LN0004171,306619,Poor,<=60,36-43,NV,Purchase,PrimaryResidence,MultiUnit,2018
LN0004172,188263,Fair,75-90,28-36,CA,Purchase,PrimaryResidence,SingleFamily,2021
LN0004173,227676,Poor,<=60,36-43,OH,CashOut,PrimaryResidence,SingleFamily,2020
LN0004174,174312,Good,<=60,28-36,FL,Purchase,PrimaryResidence,SingleFamily,2020
LN0004175,305067,Fair,>90,<=28,IL,CashOut,Investment,SingleFamily,2019
LN0004176,167098,Good,>90,28-36,IL,Purchase,PrimaryResidence,Condo,2021
LN0004177,149272,Fair,60-75,28-36,NV,Refinance,PrimaryResidence,Condo,2022
LN0004178,492215,Poor,60-75,36-43,WA,Purchase,Investment,Townhouse,2018
LN0004179,201731,Fair,75-90,28-36,FL,CashOut,PrimaryResidence,Townhouse,2018
LN0004180,141797,Poor,<=60,<=28,CA,Refinance,PrimaryResidence,SingleFamily,2021
LN0004181,94358,Fair,60-75,28-36,WA,Purchase,PrimaryResidence,Townhouse,2022
LN0004182,505240,Excellent,<=60,36-43,AZ,Purchase,Investment,MultiUnit,2019
LN0004183,150849,Fair,60-75,28-36,OH,Refinance,Investment,Condo,2021
LN0004184,557333,Good,>90,28-36,NV,Purchase,PrimaryResidence,SingleFamily,2022
LN0004185,242662,Poor,75-90,>43,CA,Purchase,PrimaryResidence,SingleFamily,2018
LN0004186,213510,Fair,>90,<=28,IL,CashOut,PrimaryResidence,SingleFamily,2018
LN0004187,216408,Excellent,75-90,28-36,GA,Refinance,PrimaryResidence,SingleFamily,2018
LN0004188,601977,Excellent,75-90,28-36,AZ,Purchase,PrimaryResidence,SingleFamily,2021
LN0004189,66429,Excellent,75-90,36-43,NY,Purchase,Investment,SingleFamily,2021
LN0004190,221277,Good,75-90,36-43,GA,Purchase,PrimaryResidence,SingleFamily,2018
LN0004191,174102,Excellent,60-75,<=28,FL,Refinance,PrimaryResidence,Condo,2018
LN0004192,178698,Fair,60-75,36-43,WA,Purchase,PrimaryResidence,SingleFamily,2021
LN0004193,214197,Good,60-75,36-43,OH,Purchase,PrimaryResidence,MultiUnit,2022
LN0004194,174010,Fair,60-75,>43,AZ,Purchase,PrimaryResidence,SingleFamily,2021
LN0004195,218396,Good,60-75,>43,IL,CashOut,PrimaryResidence,SingleFamily,2018
LN0004196,196459,Good,<=60,36-43,IL,Purchase,PrimaryResidence,SingleFamily,2019
LN0004197,103075,Excellent,75-90,<=28,AZ,Refinance,Investment,SingleFamily,2018
LN0004198,240549,Poor,60-75,28-36,WA,Purchase,PrimaryResidence,SingleFamily,2019
LN0004199,284368,Excellent,60-75,>43,NY,Refinance,PrimaryResidence,Condo,2020
LN0004200,151594,Excellent,60-75,28-36,FL,Purchase,PrimaryResidence,SingleFamily,2019
LN0004201,505826,Excellent,<=60,28-36,OH,CashOut,PrimaryResidence,SingleFamily,2021
LN0004202,387621,Fair,>90,>43,OH,CashOut,SecondHome,SingleFamily,2019
LN0004203,303147,Excellent,60-75,>43,WA,Purchase,PrimaryResidence,SingleFamily,2020
LN0004204,301314,Fair,60-75,36-43,TX,Purchase,PrimaryResidence,Townhouse,2021
LN0004205,201803,Fair,<=60,>43,TX,CashOut,PrimaryResidence,SingleFamily,2018
LN0004206,351753,Fair,75-90,<=28,FL,Purchase,SecondHome,SingleFamily,2018
LN0004207,435991,Excellent,75-90,36-43,CA,Refinance,SecondHome,Condo,2019
LN0004208,297750,Excellent,60-75,>43,IL,Refinance,PrimaryResidence,Condo,2018
LN0004209,149471,Good,60-75,<=28,IL,Purchase,SecondHome,SingleFamily,2018
LN0004210,194883,Excellent,75-90,<=28,NY,Purchase,SecondHome,Townhouse,2019
LN0004211,264827,Fair,>90,36-43,NV,Purchase,Investment,SingleFamily,2019
LN0004212,302208,Good,60-75,28-36,FL,Refinance,Investment,SingleFamily,2019
LN0004213,191235,Good,<=60,<=28,AZ,Purchase,PrimaryResidence,Condo,2018
LN0004214,149731,Excellent,<=60,28-36,TX,Refinance,PrimaryResidence,Townhouse,2018
LN0004215,438933,Good,<=60,28-36,GA,Refinance,PrimaryResidence,SingleFamily,2022
LN0004216,116289,Excellent,75-90,28-36,AZ,Refinance,SecondHome,SingleFamily,2021
LN0004217,124160,Fair,>90,>43,AZ,Purchase,Investment,Condo,2020
LN0004218,102378,Excellent,>90,36-43,WA,Purchase,PrimaryResidence,Condo,2018
LN0004219,124023,Poor,75-90,36-43,FL,Purchase,PrimaryResidence,SingleFamily,2019
LN0004220,370894,Fair,<=60,<=28,NY,Purchase,PrimaryResidence,Townhouse,2022
LN0004221,377156,Excellent,>90,28-36,IL,Purchase,PrimaryResidence,SingleFamily,2022
LN0004222,191563,Excellent,60-75,28-36,AZ,CashOut,PrimaryResidence,MultiUnit,2021
LN0004223,254780,Good,60-75,>43,NY,Purchase,PrimaryResidence,MultiUnit,2019
LN0004224,197747,Excellent,75-90,>43,AZ,Purchase,PrimaryResidence,SingleFamily,2020
LN0004225,109536,Excellent,<=60,28-36,NV,Refinance,PrimaryResidence,SingleFamily,2018
LN0004226,602626,Poor,75-90,>43,TX,Refinance,PrimaryResidence,SingleFamily,2022
LN0004227,395288,Fair,>90,<=28,NV,Purchase,PrimaryResidence,Condo,2018
LN0004228,237330,Excellent,75-90,28-36,WA,Purchase,SecondHome,SingleFamily,2021
LN0004229,129580,Good,75-90,36-43,GA,Purchase,PrimaryResidence,Condo,2019
LN0004230,177643,Good,60-75,28-36,NY,Purchase,PrimaryResidence,SingleFamily,2020
LN0004231,140615,Poor,<=60,>43,NY,Purchase,PrimaryResidence,SingleFamily,2022
LN0004232,208728,Excellent,75-90,<=28,WA,Purchase,PrimaryResidence,SingleFamily,2019
LN0004233,232108,Fair,75-90,36-43,TX,Refinance,PrimaryResidence,SingleFamily,2018
LN0004234,167617,Fair,>90,<=28,OH,CashOut,PrimaryResidence,SingleFamily,2021
LN0004235,96066,Excellent,<=60,<=28,GA,Purchase,Investment,Townhouse,2020
LN0004236,577249,Excellent,60-75,28-36,CA,Purchase,PrimaryResidence,Condo,2018
LN0004237,223857,Good,60-75,>43,FL,CashOut,PrimaryResidence,SingleFamily,2018
LN0004238,249770,Poor,75-90,28-36,WA,Refinance,Investment,Townhouse,2020
LN0004239,160941,Good,75-90,36-43,OH,Refinance,SecondHome,SingleFamily,2021
LN0004240,91034,Fair,>90,<=28,FL,CashOut,PrimaryResidence,Townhouse,2018
LN0004241,190679,Fair,60-75,<=28,AZ,Refinance,SecondHome,SingleFamily,2020
LN0004242,169124,Fair,60-75,<=28,WA,Refinance,PrimaryResidence,SingleFamily,2020
LN0004243,283443,Good,<=60,36-43,WA,Purchase,SecondHome,MultiUnit,2018
LN0004244,312712,Good,60-75,<=28,TX,CashOut,PrimaryResidence,SingleFamily,2021
LN0004245,291418,Fair,60-75,28-36,GA,Refinance,PrimaryResidence,MultiUnit,2021
LN0004246,325831,Good,75-90,36-43,AZ,Purchase,Investment,Condo,2018
LN0004247,489839,Poor,60-75,28-36,FL,Refinance,SecondHome,SingleFamily,2021
LN0004248,241572,Excellent,60-75,28-36,WA,Purchase,PrimaryResidence,SingleFamily,2019
LN0004249,344416,Excellent,75-90,<=28,CA,Refinance,PrimaryResidence,SingleFamily,2020
LN0004250,254467,Fair,75-90,28-36,FL,Purchase,SecondHome,SingleFamily,2022
LN0004251,76878,Good,60-75,36-43,CA,Refinance,PrimaryResidence,SingleFamily,2022
LN0004252,184008,Excellent,60-75,<=28,OH,Purchase,PrimaryResidence,SingleFamily,2019
LN0004253,128816,Excellent,75-90,36-43,NV,Refinance,PrimaryResidence,SingleFamily,2019
LN0004254,223176,Good,75-90,<=28,CA,Refinance,Investment,SingleFamily,2018
LN0004255,133852,Fair,75-90,>43,OH,Purchase,PrimaryResidence,SingleFamily,2022
LN0004256,269100,Excellent,60-75,>43,WA,Purchase,PrimaryResidence,SingleFamily,2019
LN0004257,324653,Excellent,60-75,<=28,OH,Purchase,PrimaryResidence,SingleFamily,2022
LN0004258,362864,Good,>90,28-36,WA,Refinance,PrimaryResidence,MultiUnit,2022
LN0004259,446694,Poor,60-75,28-36,NV,CashOut,PrimaryResidence,Condo,2020
LN0004260,85990,Good,60-75,36-43,CA,Purchase,PrimaryResidence,SingleFamily,2021
LN0004261,109152,Poor,>90,28-36,TX,Refinance,PrimaryResidence,Condo,2020
LN0004262,859329,Poor,<=60,36-43,FL,CashOut,Investment,SingleFamily,2020
LN0004263,329312,Good,75-90,<=28,OH,Refinance,PrimaryResidence,SingleFamily,2019
LN0004264,222398,Fair,>90,<=28,CA,Purchase,PrimaryResidence,SingleFamily,2022
LN0004265,201999,Fair,<=60,36-43,TX,Purchase,PrimaryResidence,SingleFamily,2018
LN0004266,193217,Good,75-90,36-43,OH,CashOut,Investment,MultiUnit,2021
LN0004267,75593,Good,60-75,36-43,IL,Purchase,PrimaryResidence,SingleFamily,2022
LN0004268,135108,Fair,>90,36-43,OH,Purchase,PrimaryResidence,Condo,2022
LN0004269,187977,Fair,>90,36-43,NY,Refinance,PrimaryResidence,SingleFamily,2021
LN0004270,138977,Fair,>90,28-36,CA,Purchase,PrimaryResidence,SingleFamily,2021
LN0004271,148365,Poor,<=60,>43,WA,Refinance,PrimaryResidence,SingleFamily,2022
LN0004272,714519,Good,75-90,36-43,TX,CashOut,PrimaryResidence,SingleFamily,2022
LN0004273,175285,Fair,>90,>43,IL,CashOut,SecondHome,SingleFamily,2019
LN0004274,228447,Poor,75-90,>43,AZ,Refinance,PrimaryResidence,SingleFamily,2021
LN0004275,224418,Excellent,75-90,28-36,TX,CashOut,SecondHome,SingleFamily,2020
LN0004276,266926,Excellent,<=60,36-43,FL,Refinance,Investment,Townhouse,2019
LN0004277,156585,Good,>90,36-43,NV,CashOut,PrimaryResidence,Condo,2022
LN0004278,370826,Poor,<=60,<=28,NY,CashOut,PrimaryResidence,MultiUnit,2018
LN0004279,248148,Good,60-75,36-43,NY,CashOut,PrimaryResidence,Townhouse,2018
LN0004280,104445,Fair,>90,28-36,GA,Purchase,PrimaryResidence,SingleFamily,2018
LN0004281,188385,Excellent,>90,28-36,TX,Purchase,PrimaryResidence,MultiUnit,2019
LN0004282,182394,Good,>90,<=28,CA,Purchase,PrimaryResidence,Townhouse,2020
LN0004283,178245,Fair,60-75,36-43,AZ,Refinance,PrimaryResidence,SingleFamily,2022
LN0004284,256439,Excellent,<=60,36-43,NV,CashOut,Investment,Condo,2022
LN0004285,273036,Poor,60-75,28-36,NV,CashOut,SecondHome,SingleFamily,2022
LN0004286,257384,Excellent,<=60,<=28,CA,CashOut,PrimaryResidence,SingleFamily,2021
LN0004287,235497,Poor,>90,28-36,WA,Refinance,SecondHome,SingleFamily,2020
LN0004288,207485,Excellent,75-90,<=28,AZ,Refinance,PrimaryResidence,SingleFamily,2021
LN0004289,67805,Poor,60-75,28-36,AZ,Purchase,SecondHome,SingleFamily,2019
LN0004290,293298,Fair,<=60,28-36,NY,Refinance,PrimaryResidence,Condo,2021
LN0004291,253768,Excellent,60-75,>43,IL,Purchase,PrimaryResidence,SingleFamily,2018
LN0004292,121493,Excellent,>90,28-36,TX,Refinance,PrimaryResidence,SingleFamily,2022
LN0004293,228728,Excellent,75-90,28-36,TX,Refinance,SecondHome,SingleFamily,2022
LN0004294,274846,Good,<=60,>43,NY,Purchase,SecondHome,Townhouse,2021
LN0004295,357047,Fair,<=60,28-36,FL,Refinance,Investment,MultiUnit,2018
LN0004296,256568,Good,60-75,>43,NV,Refinance,SecondHome,SingleFamily,2019
LN0004297,233468,Good,<=60,<=28,CA,Refinance,PrimaryResidence,MultiUnit,2021
LN0004298,319140,Good,>90,28-36,WA,Refinance,PrimaryResidence,MultiUnit,2020
LN0004299,170540,Good,75-90,<=28,WA,Purchase,PrimaryResidence,MultiUnit,2020
LN0004300,244263,Fair,<=60,28-36,CA,Refinance,PrimaryResidence,MultiUnit,2020
LN0004301,145720,Good,75-90,>43,IL,Purchase,PrimaryResidence,SingleFamily,2022
LN0004302,346330,Fair,60-75,36-43,NV,Purchase,PrimaryResidence,SingleFamily,2018
LN0004303,88889,Poor,60-75,36-43,TX,Purchase,PrimaryResidence,MultiUnit,2020
LN0004304,299050,Good,75-90,28-36,TX,Refinance,SecondHome,MultiUnit,2019
LN0004305,200557,Excellent,<=60,>43,TX,CashOut,PrimaryResidence,SingleFamily,2021
LN0004306,322124,Excellent,60-75,28-36,CA,Purchase,PrimaryResidence,SingleFamily,2019
LN0004307,134554,Good,75-90,28-36,AZ,Refinance,PrimaryResidence,SingleFamily,2019
LN0004308,207937,Good,>90,>43,CA,CashOut,PrimaryResidence,SingleFamily,2018
LN0004309,204907,Poor,60-75,28-36,FL,CashOut,PrimaryResidence,Condo,2022
LN0004310,246950,Fair,75-90,28-36,AZ,Purchase,PrimaryResidence,SingleFamily,2019
LN0004311,117738,Good,60-75,<=28,NV,Purchase,PrimaryResidence,SingleFamily,2022
LN0004312,273240,Fair,75-90,<=28,TX,Purchase,PrimaryResidence,SingleFamily,2022
LN0004313,78988,Good,60-75,36-43,NY,CashOut,PrimaryResidence,SingleFamily,2022
LN0004314,142354,Fair,75-90,28-36,TX,Purchase,Investment,SingleFamily,2019
LN0004315,91001,Excellent,<=60,>43,TX,Refinance,SecondHome,SingleFamily,2021
LN0004316,300772,Fair,>90,<=28,NV,CashOut,PrimaryResidence,SingleFamily,2022
LN0004317,242817,Poor,>90,36-43,NY,Purchase,PrimaryResidence,SingleFamily,2018
LN0004318,249700,Fair,60-75,36-43,GA,Refinance,PrimaryResidence,SingleFamily,2018
LN0004319,415232,Poor,75-90,36-43,TX,CashOut,PrimaryResidence,SingleFamily,2019
LN0004320,169741,Good,<=60,28-36,FL,Purchase,PrimaryResidence,SingleFamily,2022
LN0004321,269626,Fair,75-90,28-36,NY,Purchase,PrimaryResidence,Condo,2018
LN0004322,205460,Good,60-75,36-43,WA,Purchase,Investment,Condo,2021
LN0004323,190400,Fair,<=60,>43,NV,Refinance,PrimaryResidence,SingleFamily,2022
LN0004324,382052,Excellent,75-90,28-36,FL,Purchase,PrimaryResidence,Condo,2022
LN0004325,562946,Excellent,60-75,28-36,GA,Purchase,PrimaryResidence,SingleFamily,2020
LN0004326,160214,Good,60-75,36-43,IL,Purchase,PrimaryResidence,SingleFamily,2020
LN0004327,301600,Excellent,60-75,28-36,OH,Refinance,SecondHome,SingleFamily,2021
LN0004328,233178,Fair,<=60,<=28,NY,Refinance,PrimaryResidence,Condo,2021
LN0004329,234580,Fair,<=60,>43,IL,Refinance,PrimaryResidence,Condo,2021
LN0004330,224939,Poor,75-90,<=28,GA,Refinance,PrimaryResidence,Condo,2019
LN0004331,168292,Excellent,75-90,<=28,IL,CashOut,PrimaryResidence,Townhouse,2022
LN0004332,50000,Poor,<=60,36-43,OH,Refinance,PrimaryResidence,SingleFamily,2020
LN0004333,428225,Excellent,60-75,<=28,CA,Refinance,PrimaryResidence,Townhouse,2019
LN0004334,140453,Good,75-90,<=28,NY,Purchase,PrimaryResidence,Condo,2021
LN0004335,176172,Fair,75-90,<=28,TX,Purchase,PrimaryResidence,SingleFamily,2021
LN0004336,178056,Excellent,75-90,<=28,TX,Purchase,PrimaryResidence,SingleFamily,2018
LN0004337,134335,Excellent,60-75,28-36,CA,Refinance,PrimaryResidence,SingleFamily,2018
LN0004338,224161,Excellent,60-75,36-43,NY,CashOut,PrimaryResidence,SingleFamily,2018
LN0004339,194433,Good,75-90,28-36,FL,Purchase,PrimaryResidence,SingleFamily,2020
LN0004340,138930,Fair,60-75,28-36,OH,Purchase,PrimaryResidence,SingleFamily,2022
LN0004341,214196,Excellent,<=60,36-43,WA,Refinance,PrimaryResidence,SingleFamily,2019
LN0004342,195531,Excellent,<=60,28-36,OH,CashOut,Investment,SingleFamily,2018
LN0004343,316133,Good,75-90,28-36,AZ,Refinance,Investment,SingleFamily,2022
LN0004344,101702,Excellent,60-75,28-36,OH,Purchase,Investment,Townhouse,2021
LN0004345,132893,Fair,75-90,28-36,IL,Refinance,PrimaryResidence,SingleFamily,2020
LN0004346,285686,Poor,75-90,28-36,NV,Purchase,PrimaryResidence,Townhouse,2018
LN0004347,144369,Fair,60-75,<=28,NY,Refinance,PrimaryResidence,SingleFamily,2021
LN0004348,126538,Poor,75-90,>43,AZ,Refinance,Investment,SingleFamily,2019
LN0004349,147983,Good,75-90,>43,TX,Refinance,Investment,SingleFamily,2019
LN0004350,189001,Fair,<=60,>43,NV,Purchase,PrimaryResidence,SingleFamily,2019
LN0004351,189361,Excellent,75-90,<=28,NY,CashOut,PrimaryResidence,SingleFamily,2018
LN0004352,178978,Excellent,60-75,36-43,GA,Purchase,PrimaryResidence,SingleFamily,2020
LN0004353,118861,Fair,60-75,28-36,NY,Purchase,PrimaryResidence,MultiUnit,2021
LN0004354,292605,Excellent,75-90,<=28,FL,Refinance,PrimaryResidence,SingleFamily,2022
LN0004355,385813,Poor,75-90,>43,NY,Purchase,PrimaryResidence,SingleFamily,2021
LN0004356,76480,Fair,60-75,36-43,GA,Purchase,PrimaryResidence,SingleFamily,2022
LN0004357,91420,Poor,>90,<=28,TX,Purchase,SecondHome,Condo,2022
LN0004358,328216,Good,75-90,>43,TX,Purchase,SecondHome,Townhouse,2019
LN0004359,435782,Good,75-90,<=28,NV,Purchase,SecondHome,SingleFamily,2020
LN0004360,68556,Fair,<=60,28-36,CA,Refinance,PrimaryResidence,SingleFamily,2019
LN0004361,298856,Excellent,60-75,<=28,OH,Purchase,PrimaryResidence,Townhouse,2021
LN0004362,450872,Good,60-75,<=28,NY,CashOut,PrimaryResidence,Townhouse,2022
LN0004363,129158,Fair,75-90,>43,NY,Refinance,PrimaryResidence,Condo,2022
LN0004364,437938,Poor,60-75,28-36,NY,Refinance,Investment,Condo,2018
LN0004365,181861,Fair,75-90,28-36,NY,CashOut,PrimaryResidence,SingleFamily,2020
LN0004366,232656,Excellent,60-75,36-43,OH,Refinance,PrimaryResidence,SingleFamily,2018
LN0004367,138743,Good,75-90,>43,AZ,Purchase,PrimaryResidence,SingleFamily,2019
LN0004368,327916,Good,75-90,>43,NY,CashOut,PrimaryResidence,Condo,2020
LN0004369,301711,Excellent,75-90,>43,TX,Purchase,PrimaryResidence,MultiUnit,2021
LN0004370,470878,Good,75-90,>43,CA,Purchase,PrimaryResidence,SingleFamily,2021
LN0004371,408523,Good,>90,36-43,OH,Refinance,PrimaryResidence,SingleFamily,2022
LN0004372,197881,Excellent,<=60,28-36,NV,Purchase,PrimaryResidence,Condo,2019
LN0004373,940521,Good,75-90,>43,CA,Refinance,PrimaryResidence,SingleFamily,2020
LN0004374,390583,Excellent,>90,<=28,WA,CashOut,PrimaryResidence,Condo,2018
LN0004375,260473,Good,75-90,<=28,FL,Refinance,SecondHome,Condo,2018
LN0004376,120743,Excellent,60-75,28-36,FL,Purchase,PrimaryResidence,SingleFamily,2022
LN0004377,92501,Fair,>90,28-36,AZ,Purchase,PrimaryResidence,SingleFamily,2022
LN0004378,96518,Excellent,<=60,36-43,FL,Purchase,PrimaryResidence,SingleFamily,2022
LN0004379,124637,Poor,60-75,>43,NY,Purchase,PrimaryResidence,SingleFamily,2019
LN0004380,395794,Excellent,<=60,28-36,TX,Refinance,PrimaryResidence,SingleFamily,2021
LN0004381,253607,Good,60-75,28-36,NV,Refinance,PrimaryResidence,Condo,2019
LN0004382,146285,Good,60-75,28-36,NV,Refinance,Investment,SingleFamily,2021
LN0004383,185733,Excellent,60-75,36-43,NV,Refinance,PrimaryResidence,Condo,2020
LN0004384,174752,Good,>90,<=28,FL,Purchase,PrimaryResidence,SingleFamily,2022
LN0004385,296566,Fair,60-75,<=28,TX,Purchase,SecondHome,MultiUnit,2019
LN0004386,128104,Poor,60-75,36-43,NV,Refinance,PrimaryResidence,SingleFamily,2021
LN0004387,236769,Good,>90,28-36,GA,Purchase,PrimaryResidence,Condo,2021
LN0004388,230969,Excellent,75-90,28-36,FL,Purchase,PrimaryResidence,SingleFamily,2021
LN0004389,130035,Fair,60-75,28-36,CA,Refinance,PrimaryResidence,MultiUnit,2018
LN0004390,439768,Good,<=60,<=28,OH,Purchase,PrimaryResidence,SingleFamily,2020
LN0004391,171478,Excellent,75-90,36-43,AZ,Purchase,Investment,Townhouse,2020
LN0004392,121009,Fair,75-90,28-36,CA,Purchase,PrimaryResidence,SingleFamily,2019
LN0004393,304504,Good,75-90,28-36,IL,Purchase,PrimaryResidence,MultiUnit,2022
LN0004394,204280,Fair,60-75,>43,IL,Refinance,Investment,SingleFamily,2022
LN0004395,243826,Good,75-90,36-43,IL,Purchase,PrimaryResidence,SingleFamily,2018
LN0004396,109936,Good,75-90,<=28,NY,CashOut,PrimaryResidence,Condo,2021
LN0004397,298405,Excellent,75-90,36-43,NY,Purchase,Investment,SingleFamily,2022
LN0004398,589019,Fair,>90,<=28,NY,Purchase,PrimaryResidence,Condo,2019
LN0004399,105723,Excellent,75-90,<=28,NV,Purchase,SecondHome,SingleFamily,2021
LN0004400,237305,Fair,75-90,36-43,NV,CashOut,PrimaryResidence,Condo,2021
LN0004401,134234,Fair,75-90,<=28,TX,Refinance,PrimaryResidence,SingleFamily,2018
LN0004402,762839,Fair,75-90,28-36,OH,Refinance,Investment,SingleFamily,2022
LN0004403,369466,Excellent,60-75,>43,WA,CashOut,PrimaryResidence,Condo,2021
LN0004404,228903,Good,60-75,36-43,FL,Purchase,Investment,Condo,2019
LN0004405,107588,Good,75-90,>43,TX,Refinance,SecondHome,Condo,2019
LN0004406,121415,Good,75-90,>43,OH,Refinance,PrimaryResidence,Condo,2021
LN0004407,288698,Poor,60-75,28-36,NY,Refinance,Investment,SingleFamily,2022
LN0004408,100584,Good,<=60,36-43,TX,Purchase,Investment,MultiUnit,2018
LN0004409,102175,Poor,75-90,28-36,NV,CashOut,SecondHome,SingleFamily,2019
LN0004410,199668,Excellent,75-90,36-43,NV,Refinance,PrimaryResidence,SingleFamily,2021
LN0004411,212502,Good,60-75,28-36,IL,CashOut,PrimaryResidence,Condo,2018
LN0004412,240389,Excellent,60-75,<=28,IL,Purchase,PrimaryResidence,SingleFamily,2022
LN0004413,159569,Fair,60-75,<=28,IL,Purchase,PrimaryResidence,Townhouse,2019
LN0004414,314919,Excellent,>90,36-43,TX,Purchase,Investment,Townhouse,2022
LN0004415,129196,Good,>90,<=28,TX,CashOut,Investment,MultiUnit,2018
LN0004416,271936,Fair,75-90,28-36,FL,Purchase,PrimaryResidence,SingleFamily,2022
LN0004417,221252,Good,60-75,>43,NY,Refinance,PrimaryResidence,Condo,2018
LN0004418,268424,Excellent,75-90,36-43,TX,Purchase,Investment,SingleFamily,2021
LN0004419,358971,Excellent,60-75,28-36,CA,Purchase,PrimaryResidence,SingleFamily,2019
LN0004420,158313,Good,>90,<=28,NV,Purchase,PrimaryResidence,Condo,2020
LN0004421,142837,Good,<=60,>43,AZ,Refinance,PrimaryResidence,Condo,2018
LN0004422,85459,Excellent,<=60,28-36,NY,Purchase,PrimaryResidence,SingleFamily,2021
LN0004423,72438,Fair,75-90,28-36,GA,Refinance,Investment,MultiUnit,2021
LN0004424,182045,Excellent,60-75,>43,TX,Refinance,PrimaryResidence,MultiUnit,2019
LN0004425,188384,Good,75-90,<=28,NV,CashOut,PrimaryResidence,SingleFamily,2020
LN0004426,115492,Good,75-90,28-36,AZ,Refinance,SecondHome,SingleFamily,2020
LN0004427,128598,Excellent,<=60,<=28,TX,Refinance,SecondHome,MultiUnit,2021
LN0004428,425800,Excellent,60-75,<=28,FL,Refinance,Investment,SingleFamily,2020
LN0004429,308019,Excellent,75-90,28-36,NY,Purchase,SecondHome,SingleFamily,2018
LN0004430,105788,Excellent,75-90,36-43,CA,Refinance,PrimaryResidence,SingleFamily,2020
LN0004431,159344,Good,60-75,28-36,NY,CashOut,Investment,MultiUnit,2019
LN0004432,243531,Poor,60-75,36-43,GA,Purchase,PrimaryResidence,Condo,2020
LN0004433,145331,Fair,75-90,36-43,OH,Purchase,PrimaryResidence,Condo,2019
LN0004434,132674,Good,60-75,>43,CA,Refinance,PrimaryResidence,MultiUnit,2019
LN0004435,167858,Good,75-90,<=28,NY,Refinance,PrimaryResidence,Condo,2019
LN0004436,342946,Good,75-90,36-43,AZ,Purchase,PrimaryResidence,Condo,2019
LN0004437,358864,Fair,60-75,<=28,AZ,CashOut,Investment,SingleFamily,2021
LN0004438,137623,Excellent,75-90,36-43,WA,Purchase,PrimaryResidence,SingleFamily,2019
LN0004439,250264,Good,60-75,28-36,OH,Purchase,PrimaryResidence,SingleFamily,2021
LN0004440,198152,Good,<=60,36-43,FL,CashOut,Investment,SingleFamily,2020
LN0004441,120076,Excellent,75-90,<=28,AZ,Purchase,SecondHome,SingleFamily,2021
LN0004442,171349,Good,>90,36-43,IL,Refinance,SecondHome,SingleFamily,2018
LN0004443,105649,Poor,75-90,<=28,GA,CashOut,PrimaryResidence,SingleFamily,2019
LN0004444,355587,Poor,60-75,<=28,FL,Purchase,PrimaryResidence,SingleFamily,2022
LN0004445,432023,Excellent,75-90,36-43,TX,Purchase,PrimaryResidence,SingleFamily,2022
LN0004446,161896,Good,60-75,28-36,WA,CashOut,SecondHome,SingleFamily,2018
LN0004447,143696,Good,60-75,36-43,WA,Refinance,Investment,Condo,2022
LN0004448,336817,Good,60-75,36-43,WA,CashOut,PrimaryResidence,MultiUnit,2022
LN0004449,365154,Good,60-75,36-43,AZ,CashOut,PrimaryResidence,Condo,2018
LN0004450,113867,Excellent,60-75,36-43,OH,Refinance,PrimaryResidence,SingleFamily,2019
LN0004451,184605,Fair,>90,36-43,NY,Purchase,PrimaryResidence,Condo,2018
LN0004452,193016,Poor,60-75,>43,IL,Purchase,PrimaryResidence,Condo,2022
LN0004453,135213,Fair,75-90,<=28,CA,Purchase,PrimaryResidence,SingleFamily,2022
LN0004454,241105,Fair,75-90,28-36,OH,Purchase,PrimaryResidence,SingleFamily,2021
LN0004455,140088,Good,60-75,36-43,TX,Refinance,PrimaryResidence,SingleFamily,2019
LN0004456,151731,Good,<=60,<=28,CA,CashOut,PrimaryResidence,SingleFamily,2022
LN0004457,188967,Excellent,60-75,28-36,WA,CashOut,PrimaryResidence,SingleFamily,2022
LN0004458,94416,Good,<=60,28-36,NV,CashOut,PrimaryResidence,SingleFamily,2022
LN0004459,71095,Excellent,75-90,28-36,NY,Purchase,PrimaryResidence,SingleFamily,2019
LN0004460,314624,Fair,>90,28-36,TX,Refinance,PrimaryResidence,SingleFamily,2021
LN0004461,137288,Good,>90,36-43,TX,Purchase,PrimaryResidence,SingleFamily,2021
LN0004462,578059,Good,<=60,36-43,AZ,Refinance,Investment,Townhouse,2018
LN0004463,532809,Good,60-75,36-43,GA,CashOut,PrimaryResidence,SingleFamily,2020
LN0004464,154316,Poor,<=60,28-36,IL,CashOut,SecondHome,Condo,2020
LN0004465,640193,Excellent,>90,36-43,NV,CashOut,PrimaryResidence,SingleFamily,2020
LN0004466,317675,Excellent,60-75,36-43,TX,Purchase,PrimaryResidence,Condo,2019
LN0004467,143967,Excellent,60-75,<=28,GA,Refinance,PrimaryResidence,Condo,2021
LN0004468,54670,Fair,75-90,<=28,NY,Purchase,PrimaryResidence,Condo,2022
LN0004469,280429,Poor,75-90,28-36,FL,Refinance,PrimaryResidence,Condo,2021
LN0004470,201924,Excellent,60-75,>43,NV,Purchase,PrimaryResidence,Condo,2022
LN0004471,246638,Poor,75-90,28-36,NV,Refinance,PrimaryResidence,Condo,2021
LN0004472,177297,Good,<=60,<=28,AZ,Purchase,Investment,SingleFamily,2019
LN0004473,112203,Fair,<=60,<=28,TX,Refinance,PrimaryResidence,SingleFamily,2021
LN0004474,160570,Excellent,<=60,<=28,OH,CashOut,PrimaryResidence,MultiUnit,2021
LN0004475,283032,Good,60-75,28-36,NY,Purchase,PrimaryResidence,SingleFamily,2022
LN0004476,166510,Fair,>90,36-43,NY,Refinance,PrimaryResidence,SingleFamily,2019
LN0004477,166007,Good,60-75,28-36,TX,Refinance,PrimaryResidence,Townhouse,2018
LN0004478,92995,Excellent,75-90,36-43,WA,CashOut,PrimaryResidence,Townhouse,2021
LN0004479,208063,Fair,60-75,<=28,AZ,Purchase,PrimaryResidence,SingleFamily,2021
LN0004480,114009,Poor,75-90,28-36,FL,Refinance,PrimaryResidence,SingleFamily,2021
LN0004481,314664,Good,>90,36-43,WA,Purchase,PrimaryResidence,SingleFamily,2021
LN0004482,137716,Fair,60-75,36-43,GA,Purchase,Investment,SingleFamily,2020
LN0004483,171467,Fair,>90,>43,GA,Purchase,PrimaryResidence,Townhouse,2018
LN0004484,586537,Excellent,75-90,28-36,FL,Refinance,PrimaryResidence,SingleFamily,2022
LN0004485,170537,Poor,75-90,28-36,CA,Purchase,PrimaryResidence,SingleFamily,2019
LN0004486,159486,Good,60-75,36-43,AZ,Refinance,PrimaryResidence,MultiUnit,2019
LN0004487,266415,Fair,75-90,<=28,WA,Purchase,PrimaryResidence,SingleFamily,2022
LN0004488,81419,Excellent,60-75,36-43,OH,Purchase,PrimaryResidence,Townhouse,2021
LN0004489,371537,Good,>90,28-36,WA,Refinance,PrimaryResidence,SingleFamily,2020
LN0004490,326756,Good,>90,<=28,NY,Purchase,PrimaryResidence,SingleFamily,2021
LN0004491,258390,Good,60-75,36-43,FL,Purchase,SecondHome,Townhouse,2018
LN0004492,50000,Poor,>90,36-43,GA,Purchase,PrimaryResidence,SingleFamily,2019
LN0004493,174607,Poor,>90,>43,AZ,Purchase,PrimaryResidence,Condo,2019
LN0004494,105194,Excellent,75-90,>43,NY,Purchase,PrimaryResidence,SingleFamily,2020
LN0004495,348730,Good,<=60,28-36,CA,Refinance,PrimaryResidence,Condo,2019
LN0004496,336475,Good,<=60,36-43,TX,Refinance,Investment,SingleFamily,2018
LN0004497,241350,Good,<=60,>43,WA,Purchase,PrimaryResidence,MultiUnit,2021
LN0004498,108928,Good,<=60,<=28,FL,Purchase,PrimaryResidence,Townhouse,2020
LN0004499,419637,Poor,>90,28-36,AZ,Refinance,PrimaryResidence,SingleFamily,2019
LN0004500,174358,Fair,60-75,>43,FL,Purchase,PrimaryResidence,SingleFamily,2022
LN0004501,490257,Excellent,75-90,<=28,IL,Purchase,PrimaryResidence,Condo,2019
LN0004502,226997,Good,75-90,>43,FL,Purchase,PrimaryResidence,Townhouse,2018
LN0004503,256120,Fair,75-90,28-36,IL,Refinance,PrimaryResidence,SingleFamily,2022
LN0004504,157920,Good,60-75,>43,GA,Refinance,PrimaryResidence,Townhouse,2018
LN0004505,401706,Excellent,75-90,36-43,OH,Purchase,PrimaryResidence,MultiUnit,2018
LN0004506,269471,Good,75-90,36-43,OH,Purchase,PrimaryResidence,Condo,2020
LN0004507,408989,Good,75-90,36-43,WA,Refinance,SecondHome,SingleFamily,2020
LN0004508,217242,Excellent,<=60,<=28,IL,Purchase,PrimaryResidence,SingleFamily,2019
LN0004509,194168,Fair,75-90,36-43,NY,Purchase,PrimaryResidence,Condo,2022
LN0004510,267684,Good,<=60,>43,NV,Refinance,PrimaryResidence,Condo,2019
LN0004511,408918,Good,75-90,>43,OH,Purchase,PrimaryResidence,SingleFamily,2022
LN0004512,330501,Good,60-75,>43,AZ,Purchase,PrimaryResidence,SingleFamily,2021
LN0004513,213013,Poor,60-75,36-43,OH,Refinance,Investment,MultiUnit,2018
LN0004514,78542,Excellent,75-90,36-43,CA,Refinance,SecondHome,SingleFamily,2020
LN0004515,298102,Excellent,<=60,28-36,FL,Purchase,PrimaryResidence,SingleFamily,2018
LN0004516,96823,Good,>90,36-43,IL,Purchase,SecondHome,SingleFamily,2022
LN0004517,202299,Good,>90,36-43,NY,Purchase,PrimaryResidence,SingleFamily,2021
LN0004518,187609,Good,60-75,<=28,NV,Purchase,PrimaryResidence,SingleFamily,2020
LN0004519,97842,Fair,60-75,<=28,IL,Purchase,Investment,SingleFamily,2021
LN0004520,239486,Excellent,<=60,36-43,FL,Purchase,SecondHome,Condo,2021
LN0004521,583709,Excellent,>90,28-36,WA,Purchase,PrimaryResidence,Condo,2020
LN0004522,170024,Good,75-90,28-36,NY,Purchase,SecondHome,SingleFamily,2019
LN0004523,291542,Fair,<=60,<=28,TX,Purchase,PrimaryResidence,SingleFamily,2019
LN0004524,645541,Poor,60-75,36-43,NV,Refinance,PrimaryResidence,MultiUnit,2019
LN0004525,305989,Fair,<=60,>43,NV,Refinance,Investment,SingleFamily,2021
LN0004526,144001,Good,75-90,36-43,OH,CashOut,SecondHome,Townhouse,2020
LN0004527,223799,Fair,60-75,>43,NY,Refinance,PrimaryResidence,Condo,2020
LN0004528,252809,Fair,<=60,>43,AZ,Refinance,PrimaryResidence,Townhouse,2021
LN0004529,407137,Excellent,75-90,<=28,FL,Purchase,Investment,Condo,2020
LN0004530,364771,Good,60-75,<=28,AZ,Refinance,PrimaryResidence,Townhouse,2022
LN0004531,50000,Fair,60-75,<=28,AZ,Refinance,Investment,Condo,2019
LN0004532,129559,Good,75-90,<=28,TX,CashOut,PrimaryResidence,SingleFamily,2018
LN0004533,191949,Fair,>90,28-36,NY,CashOut,PrimaryResidence,MultiUnit,2020
LN0004534,119653,Good,60-75,28-36,GA,Purchase,PrimaryResidence,SingleFamily,2020
LN0004535,50000,Good,>90,>43,FL,CashOut,PrimaryResidence,SingleFamily,2022
LN0004536,138301,Excellent,60-75,36-43,AZ,Refinance,PrimaryResidence,SingleFamily,2021
LN0004537,198430,Fair,>90,28-36,GA,Refinance,PrimaryResidence,Condo,2022
LN0004538,152872,Poor,60-75,>43,FL,Purchase,Investment,Condo,2018
LN0004539,120756,Excellent,75-90,>43,OH,Purchase,PrimaryResidence,MultiUnit,2020
LN0004540,202953,Good,<=60,36-43,CA,Refinance,PrimaryResidence,SingleFamily,2022
LN0004541,235989,Excellent,>90,36-43,NY,Purchase,PrimaryResidence,Townhouse,2020
LN0004542,157267,Excellent,>90,>43,TX,Refinance,PrimaryResidence,MultiUnit,2019
LN0004543,394696,Poor,60-75,36-43,CA,Purchase,PrimaryResidence,SingleFamily,2021
LN0004544,204609,Good,60-75,>43,OH,Purchase,Investment,SingleFamily,2022
LN0004545,128571,Good,75-90,<=28,TX,Refinance,PrimaryResidence,SingleFamily,2019
LN0004546,113292,Good,60-75,28-36,GA,Refinance,PrimaryResidence,SingleFamily,2020
LN0004547,178709,Poor,75-90,28-36,CA,CashOut,PrimaryResidence,Condo,2022
LN0004548,346871,Good,75-90,<=28,AZ,Refinance,PrimaryResidence,SingleFamily,2018
LN0004549,131683,Fair,60-75,<=28,NV,Refinance,PrimaryResidence,SingleFamily,2018
LN0004550,267785,Good,<=60,<=28,NY,CashOut,PrimaryResidence,Condo,2021
LN0004551,208413,Excellent,>90,28-36,IL,Refinance,PrimaryResidence,SingleFamily,2021
LN0004552,538539,Fair,<=60,<=28,GA,Refinance,SecondHome,MultiUnit,2018
LN0004553,241621,Excellent,75-90,28-36,WA,CashOut,PrimaryResidence,SingleFamily,2020
LN0004554,140208,Fair,<=60,36-43,CA,Refinance,PrimaryResidence,SingleFamily,2021
LN0004555,287271,Good,<=60,36-43,NV,Refinance,PrimaryResidence,Townhouse,2022
LN0004556,292146,Fair,<=60,36-43,NV,Refinance,PrimaryResidence,SingleFamily,2022
LN0004557,162998,Fair,60-75,<=28,IL,Refinance,Investment,SingleFamily,2019
LN0004558,111079,Fair,75-90,36-43,WA,Refinance,PrimaryResidence,Townhouse,2020
LN0004559,259891,Excellent,60-75,<=28,TX,Refinance,PrimaryResidence,SingleFamily,2021
LN0004560,205203,Fair,75-90,28-36,OH,Refinance,PrimaryResidence,MultiUnit,2019
LN0004561,93127,Poor,75-90,28-36,WA,Purchase,PrimaryResidence,Townhouse,2018
LN0004562,225767,Excellent,<=60,>43,FL,Purchase,PrimaryResidence,SingleFamily,2020
LN0004563,144567,Good,<=60,>43,NY,Purchase,PrimaryResidence,Condo,2021
LN0004564,93171,Fair,75-90,36-43,CA,Purchase,PrimaryResidence,Condo,2020
LN0004565,166698,Excellent,75-90,36-43,OH,Purchase,Investment,Townhouse,2021
LN0004566,377550,Fair,75-90,28-36,CA,Purchase,PrimaryResidence,SingleFamily,2021
LN0004567,363680,Fair,60-75,36-43,WA,Purchase,PrimaryResidence,Condo,2022
LN0004568,319137,Excellent,75-90,<=28,AZ,Refinance,PrimaryResidence,SingleFamily,2021
LN0004569,227434,Good,<=60,28-36,CA,Refinance,PrimaryResidence,Condo,2018
LN0004570,267773,Good,75-90,>43,TX,Refinance,PrimaryResidence,Condo,2020
LN0004571,208839,Good,<=60,>43,OH,Purchase,PrimaryResidence,Townhouse,2018
LN0004572,114402,Poor,75-90,28-36,AZ,Purchase,Investment,SingleFamily,2021
LN0004573,126405,Excellent,60-75,<=28,CA,Purchase,PrimaryResidence,SingleFamily,2022
LN0004574,146738,Good,75-90,<=28,FL,Purchase,PrimaryResidence,Townhouse,2021
LN0004575,400584,Fair,<=60,28-36,GA,Purchase,PrimaryResidence,Condo,2019
LN0004576,340559,Excellent,75-90,<=28,WA,Refinance,PrimaryResidence,SingleFamily,2021
LN0004577,115851,Fair,<=60,36-43,WA,Purchase,PrimaryResidence,SingleFamily,2018
LN0004578,204167,Excellent,75-90,<=28,FL,Refinance,SecondHome,Townhouse,2019
LN0004579,162542,Good,<=60,<=28,WA,Refinance,SecondHome,Townhouse,2019
LN0004580,183955,Excellent,<=60,28-36,CA,Purchase,PrimaryResidence,SingleFamily,2020
LN0004581,152052,Fair,75-90,36-43,AZ,Refinance,Investment,Condo,2019
LN0004582,401453,Fair,<=60,28-36,WA,Refinance,Investment,SingleFamily,2020
LN0004583,196918,Fair,60-75,28-36,NY,Purchase,PrimaryResidence,SingleFamily,2018
LN0004584,221477,Poor,75-90,36-43,NY,Refinance,PrimaryResidence,Condo,2022
LN0004585,222376,Fair,75-90,36-43,NY,Refinance,SecondHome,SingleFamily,2019
LN0004586,118909,Fair,>90,28-36,IL,Refinance,PrimaryResidence,SingleFamily,2022
LN0004587,209876,Good,60-75,36-43,TX,CashOut,PrimaryResidence,SingleFamily,2018
LN0004588,338120,Poor,60-75,28-36,GA,Purchase,PrimaryResidence,SingleFamily,2022
LN0004589,415129,Fair,75-90,36-43,TX,Purchase,PrimaryResidence,SingleFamily,2021
LN0004590,111981,Poor,<=60,28-36,NY,CashOut,Investment,Townhouse,2019
LN0004591,93032,Excellent,75-90,>43,AZ,Refinance,SecondHome,SingleFamily,2021
LN0004592,205061,Good,<=60,>43,WA,CashOut,Investment,Condo,2021
LN0004593,346138,Fair,>90,36-43,NV,Refinance,PrimaryResidence,SingleFamily,2021
LN0004594,237945,Excellent,75-90,>43,GA,Refinance,SecondHome,MultiUnit,2022
LN0004595,279329,Excellent,60-75,<=28,OH,Refinance,PrimaryResidence,Condo,2022
LN0004596,100697,Poor,60-75,36-43,CA,Purchase,PrimaryResidence,Townhouse,2018
LN0004597,149343,Good,<=60,<=28,WA,Purchase,Investment,SingleFamily,2019
LN0004598,66299,Excellent,60-75,28-36,NY,Purchase,SecondHome,SingleFamily,2018
LN0004599,185119,Good,75-90,28-36,CA,Purchase,PrimaryResidence,SingleFamily,2018
LN0004600,67365,Good,60-75,36-43,CA,Refinance,PrimaryResidence,SingleFamily,2018
LN0004601,387058,Fair,60-75,36-43,TX,Refinance,PrimaryResidence,SingleFamily,2021
LN0004602,432531,Poor,<=60,>43,CA,CashOut,PrimaryResidence,MultiUnit,2021
LN0004603,213271,Poor,75-90,28-36,IL,Purchase,PrimaryResidence,SingleFamily,2018
LN0004604,93312,Fair,60-75,>43,CA,Purchase,PrimaryResidence,Condo,2020
LN0004605,239870,Fair,<=60,>43,AZ,Purchase,SecondHome,Condo,2018
LN0004606,503614,Good,>90,36-43,WA,Refinance,PrimaryResidence,SingleFamily,2018
LN0004607,252172,Poor,60-75,<=28,NV,Purchase,PrimaryResidence,Condo,2018
LN0004608,359508,Excellent,60-75,28-36,CA,Purchase,PrimaryResidence,SingleFamily,2020
LN0004609,155969,Excellent,>90,36-43,CA,Refinance,PrimaryResidence,Townhouse,2018
LN0004610,128591,Poor,60-75,>43,AZ,Purchase,PrimaryResidence,Condo,2021
LN0004611,191869,Poor,>90,<=28,NY,Refinance,PrimaryResidence,MultiUnit,2022
LN0004612,75860,Good,75-90,28-36,OH,Purchase,PrimaryResidence,SingleFamily,2022
LN0004613,616642,Fair,75-90,28-36,TX,Purchase,PrimaryResidence,MultiUnit,2022
LN0004614,213165,Good,60-75,28-36,CA,CashOut,PrimaryResidence,Townhouse,2021
LN0004615,306626,Good,<=60,36-43,IL,Purchase,Investment,SingleFamily,2022
LN0004616,157825,Good,60-75,<=28,WA,Purchase,PrimaryResidence,SingleFamily,2022
LN0004617,91900,Excellent,<=60,28-36,TX,CashOut,PrimaryResidence,MultiUnit,2019
LN0004618,405512,Good,<=60,36-43,CA,Purchase,PrimaryResidence,SingleFamily,2021
LN0004619,113317,Good,75-90,28-36,FL,Purchase,PrimaryResidence,SingleFamily,2019
LN0004620,236669,Good,75-90,<=28,TX,Purchase,PrimaryResidence,Condo,2022
LN0004621,248088,Excellent,<=60,36-43,NV,Refinance,Investment,MultiUnit,2018
LN0004622,206277,Poor,75-90,28-36,NV,Refinance,PrimaryResidence,SingleFamily,2020
LN0004623,134283,Fair,>90,>43,CA,Refinance,PrimaryResidence,SingleFamily,2019
LN0004624,184459,Poor,75-90,36-43,IL,CashOut,PrimaryResidence,SingleFamily,2022
LN0004625,123620,Excellent,75-90,>43,NY,Purchase,SecondHome,SingleFamily,2019
LN0004626,297922,Fair,75-90,<=28,CA,Purchase,PrimaryResidence,SingleFamily,2022
LN0004627,264546,Fair,60-75,36-43,GA,CashOut,PrimaryResidence,Condo,2020
LN0004628,196673,Good,60-75,28-36,AZ,Purchase,PrimaryResidence,MultiUnit,2021
LN0004629,149615,Excellent,>90,36-43,GA,CashOut,SecondHome,Townhouse,2020
LN0004630,570152,Good,75-90,28-36,NV,CashOut,PrimaryResidence,Townhouse,2020
LN0004631,103669,Good,75-90,<=28,GA,CashOut,Investment,Townhouse,2019
LN0004632,91829,Good,>90,<=28,WA,Purchase,SecondHome,SingleFamily,2019
LN0004633,190803,Good,60-75,36-43,NV,Refinance,PrimaryResidence,SingleFamily,2021
LN0004634,174726,Good,60-75,36-43,OH,Refinance,PrimaryResidence,SingleFamily,2019
LN0004635,344135,Fair,75-90,<=28,OH,Purchase,Investment,Condo,2022
LN0004636,274596,Excellent,<=60,36-43,OH,Refinance,PrimaryResidence,Townhouse,2018
LN0004637,201745,Good,75-90,36-43,CA,Purchase,PrimaryResidence,SingleFamily,2019
LN0004638,255293,Fair,75-90,28-36,OH,Purchase,PrimaryResidence,SingleFamily,2018
LN0004639,252984,Excellent,75-90,28-36,OH,CashOut,PrimaryResidence,SingleFamily,2022
LN0004640,569081,Excellent,60-75,>43,IL,CashOut,PrimaryResidence,SingleFamily,2020
LN0004641,225636,Excellent,75-90,36-43,WA,Purchase,SecondHome,MultiUnit,2018
LN0004642,141416,Excellent,<=60,36-43,AZ,Purchase,PrimaryResidence,SingleFamily,2018
LN0004643,219531,Good,>90,36-43,TX,Refinance,PrimaryResidence,SingleFamily,2022
LN0004644,53672,Excellent,<=60,36-43,WA,Purchase,PrimaryResidence,Townhouse,2022
LN0004645,195570,Good,>90,<=28,OH,Refinance,PrimaryResidence,SingleFamily,2019
LN0004646,343345,Poor,60-75,>43,FL,Refinance,PrimaryResidence,SingleFamily,2021
LN0004647,268630,Poor,60-75,28-36,FL,Purchase,PrimaryResidence,Condo,2019
LN0004648,230793,Excellent,60-75,36-43,CA,Refinance,Investment,SingleFamily,2022
LN0004649,275025,Good,60-75,>43,NY,Purchase,SecondHome,Condo,2021
LN0004650,345113,Good,60-75,36-43,NY,Purchase,PrimaryResidence,SingleFamily,2020
LN0004651,405394,Fair,75-90,28-36,NV,Refinance,PrimaryResidence,SingleFamily,2022
LN0004652,248631,Fair,75-90,<=28,CA,Purchase,PrimaryResidence,SingleFamily,2019
LN0004653,169726,Excellent,<=60,28-36,GA,Purchase,PrimaryResidence,MultiUnit,2022
LN0004654,62519,Excellent,75-90,36-43,CA,Refinance,SecondHome,SingleFamily,2019
LN0004655,324190,Good,>90,<=28,OH,Purchase,Investment,Townhouse,2022
LN0004656,257197,Poor,75-90,<=28,IL,Purchase,Investment,SingleFamily,2022
LN0004657,214556,Poor,60-75,>43,IL,Refinance,PrimaryResidence,MultiUnit,2020
LN0004658,140923,Excellent,<=60,28-36,NV,Purchase,PrimaryResidence,Townhouse,2018
LN0004659,322086,Good,>90,28-36,OH,Purchase,PrimaryResidence,SingleFamily,2021
LN0004660,174797,Excellent,60-75,28-36,TX,Purchase,PrimaryResidence,Condo,2021
LN0004661,195397,Fair,60-75,36-43,FL,Refinance,PrimaryResidence,Condo,2022
LN0004662,193301,Poor,75-90,28-36,FL,Purchase,Investment,Condo,2019
LN0004663,248929,Good,60-75,36-43,GA,CashOut,SecondHome,MultiUnit,2019
LN0004664,111936,Excellent,75-90,28-36,AZ,Purchase,Investment,SingleFamily,2019
LN0004665,263359,Good,<=60,<=28,GA,Refinance,PrimaryResidence,Townhouse,2019
LN0004666,138628,Good,75-90,28-36,IL,Refinance,PrimaryResidence,SingleFamily,2018
LN0004667,141082,Fair,>90,<=28,OH,Refinance,PrimaryResidence,SingleFamily,2018
LN0004668,309471,Good,>90,36-43,OH,Refinance,PrimaryResidence,SingleFamily,2020
LN0004669,120871,Poor,>90,<=28,CA,Purchase,PrimaryResidence,SingleFamily,2022
LN0004670,309193,Good,>90,<=28,WA,Purchase,PrimaryResidence,SingleFamily,2018
LN0004671,209124,Excellent,60-75,28-36,OH,Purchase,PrimaryResidence,SingleFamily,2019
LN0004672,87191,Good,>90,<=28,GA,Purchase,PrimaryResidence,MultiUnit,2022
LN0004673,393264,Excellent,>90,28-36,FL,Purchase,Investment,SingleFamily,2018
LN0004674,232147,Good,60-75,28-36,TX,Refinance,PrimaryResidence,SingleFamily,2018
LN0004675,242089,Fair,60-75,>43,FL,Purchase,PrimaryResidence,Townhouse,2022
LN0004676,328936,Excellent,<=60,<=28,NY,CashOut,PrimaryResidence,Townhouse,2019
LN0004677,420672,Excellent,75-90,28-36,NV,Refinance,PrimaryResidence,Condo,2019
LN0004678,219808,Excellent,75-90,36-43,GA,Purchase,PrimaryResidence,SingleFamily,2018
LN0004679,270666,Excellent,60-75,<=28,AZ,Purchase,PrimaryResidence,Townhouse,2020
LN0004680,239328,Poor,60-75,36-43,CA,Refinance,PrimaryResidence,SingleFamily,2022
LN0004681,167471,Poor,75-90,>43,OH,Purchase,SecondHome,SingleFamily,2022
LN0004682,90064,Excellent,<=60,36-43,TX,Purchase,PrimaryResidence,Townhouse,2021
LN0004683,221341,Fair,>90,>43,WA,Refinance,PrimaryResidence,SingleFamily,2021
LN0004684,396118,Fair,60-75,36-43,NY,Refinance,Investment,SingleFamily,2021
LN0004685,266110,Poor,<=60,28-36,AZ,Purchase,SecondHome,SingleFamily,2021
LN0004686,116574,Good,<=60,>43,GA,Purchase,Investment,SingleFamily,2020
LN0004687,344125,Good,>90,<=28,IL,Purchase,SecondHome,SingleFamily,2019
LN0004688,170291,Good,>90,28-36,WA,Purchase,PrimaryResidence,MultiUnit,2022
LN0004689,69841,Poor,<=60,36-43,OH,Purchase,PrimaryResidence,MultiUnit,2022
LN0004690,330695,Fair,<=60,>43,OH,Refinance,PrimaryResidence,Townhouse,2018
LN0004691,123909,Good,60-75,>43,WA,Refinance,PrimaryResidence,SingleFamily,2018
LN0004692,484253,Excellent,<=60,<=28,OH,Purchase,PrimaryResidence,Condo,2021
LN0004693,352881,Fair,75-90,36-43,OH,CashOut,PrimaryResidence,MultiUnit,2018
LN0004694,177389,Poor,<=60,<=28,CA,Refinance,PrimaryResidence,SingleFamily,2022
LN0004695,250115,Good,60-75,36-43,NY,Purchase,SecondHome,SingleFamily,2022
LN0004696,667943,Fair,60-75,36-43,NV,Refinance,PrimaryResidence,SingleFamily,2018
LN0004697,327749,Good,60-75,<=28,NY,Refinance,PrimaryResidence,SingleFamily,2021
LN0004698,223932,Good,60-75,36-43,AZ,Refinance,PrimaryResidence,SingleFamily,2018
LN0004699,842877,Good,<=60,28-36,WA,Purchase,PrimaryResidence,Condo,2019
LN0004700,210826,Fair,60-75,28-36,FL,Refinance,PrimaryResidence,Condo,2020
LN0004701,265908,Poor,<=60,>43,NY,Purchase,PrimaryResidence,SingleFamily,2021
LN0004702,124479,Good,<=60,36-43,IL,Purchase,SecondHome,SingleFamily,2018
LN0004703,86046,Good,>90,28-36,TX,Refinance,PrimaryResidence,SingleFamily,2018
LN0004704,172146,Good,60-75,<=28,NY,Refinance,PrimaryResidence,SingleFamily,2019
LN0004705,202643,Excellent,60-75,<=28,GA,Refinance,PrimaryResidence,Townhouse,2021
LN0004706,234364,Good,<=60,<=28,NV,Purchase,PrimaryResidence,SingleFamily,2020
LN0004707,97744,Excellent,75-90,28-36,NV,Purchase,PrimaryResidence,Condo,2019
LN0004708,276602,Good,>90,28-36,NY,CashOut,PrimaryResidence,SingleFamily,2018
LN0004709,131243,Excellent,75-90,28-36,OH,Refinance,PrimaryResidence,SingleFamily,2022
LN0004710,269511,Good,75-90,36-43,NY,Refinance,PrimaryResidence,MultiUnit,2021
LN0004711,317255,Fair,75-90,<=28,AZ,Purchase,PrimaryResidence,SingleFamily,2022
LN0004712,163120,Excellent,60-75,36-43,NV,CashOut,PrimaryResidence,SingleFamily,2020
LN0004713,122772,Fair,>90,>43,IL,Purchase,PrimaryResidence,Condo,2022
LN0004714,430122,Poor,75-90,<=28,GA,Purchase,PrimaryResidence,SingleFamily,2021
LN0004715,307569,Good,<=60,36-43,AZ,Refinance,Investment,Townhouse,2020
LN0004716,214483,Excellent,60-75,<=28,TX,Purchase,PrimaryResidence,Townhouse,2020
LN0004717,414245,Good,60-75,28-36,FL,Refinance,PrimaryResidence,SingleFamily,2020
LN0004718,207239,Good,<=60,36-43,GA,Refinance,PrimaryResidence,SingleFamily,2020
LN0004719,145764,Good,75-90,<=28,TX,CashOut,PrimaryResidence,Condo,2021
LN0004720,120469,Excellent,<=60,28-36,OH,Purchase,Investment,SingleFamily,2020
LN0004721,188358,Good,75-90,>43,FL,Purchase,PrimaryResidence,SingleFamily,2022
LN0004722,292394,Good,>90,<=28,NY,Refinance,SecondHome,SingleFamily,2022
LN0004723,398267,Good,60-75,36-43,AZ,Refinance,PrimaryResidence,MultiUnit,2020
LN0004724,201139,Fair,60-75,36-43,WA,CashOut,PrimaryResidence,Townhouse,2019
LN0004725,364602,Excellent,75-90,<=28,OH,Purchase,PrimaryResidence,SingleFamily,2021
LN0004726,178593,Good,75-90,36-43,GA,Refinance,SecondHome,SingleFamily,2021
LN0004727,134484,Fair,60-75,28-36,WA,Purchase,Investment,Townhouse,2019
LN0004728,103449,Good,60-75,<=28,WA,Purchase,PrimaryResidence,SingleFamily,2022
LN0004729,154334,Fair,75-90,>43,AZ,Purchase,PrimaryResidence,SingleFamily,2021
LN0004730,105416,Good,>90,28-36,NV,Purchase,PrimaryResidence,SingleFamily,2021
LN0004731,542940,Good,60-75,36-43,CA,Purchase,PrimaryResidence,SingleFamily,2021
LN0004732,247619,Poor,60-75,<=28,WA,Purchase,PrimaryResidence,SingleFamily,2019
LN0004733,189509,Good,>90,<=28,OH,Purchase,PrimaryResidence,SingleFamily,2021
LN0004734,470241,Excellent,<=60,36-43,GA,CashOut,PrimaryResidence,SingleFamily,2018
LN0004735,103659,Poor,<=60,36-43,IL,Purchase,SecondHome,MultiUnit,2021
LN0004736,185614,Fair,75-90,28-36,OH,Refinance,Investment,SingleFamily,2020
LN0004737,540276,Fair,<=60,36-43,IL,CashOut,PrimaryResidence,MultiUnit,2020
LN0004738,184975,Excellent,<=60,28-36,TX,Purchase,PrimaryResidence,Condo,2021
LN0004739,675634,Excellent,75-90,28-36,FL,Refinance,PrimaryResidence,SingleFamily,2019
LN0004740,294431,Fair,75-90,36-43,CA,Purchase,PrimaryResidence,Townhouse,2021
LN0004741,381918,Excellent,60-75,36-43,OH,Purchase,PrimaryResidence,SingleFamily,2018
LN0004742,387490,Excellent,60-75,28-36,NV,Refinance,Investment,SingleFamily,2021
LN0004743,198948,Fair,75-90,36-43,NY,Refinance,PrimaryResidence,SingleFamily,2021
LN0004744,155732,Good,75-90,28-36,OH,Purchase,PrimaryResidence,SingleFamily,2018
LN0004745,187639,Excellent,75-90,>43,NV,CashOut,PrimaryResidence,SingleFamily,2021
LN0004746,121362,Excellent,75-90,36-43,NY,Refinance,PrimaryResidence,Townhouse,2021
LN0004747,192339,Good,75-90,28-36,AZ,Purchase,SecondHome,MultiUnit,2020
LN0004748,198351,Fair,>90,28-36,CA,Purchase,SecondHome,SingleFamily,2021
LN0004749,462599,Poor,75-90,>43,GA,CashOut,PrimaryResidence,SingleFamily,2018
LN0004750,267436,Excellent,<=60,>43,TX,CashOut,PrimaryResidence,SingleFamily,2022
LN0004751,647781,Excellent,>90,<=28,OH,Refinance,Investment,SingleFamily,2022
LN0004752,67523,Good,>90,28-36,CA,Refinance,PrimaryResidence,SingleFamily,2021
LN0004753,108172,Good,60-75,28-36,AZ,Refinance,PrimaryResidence,SingleFamily,2018
LN0004754,166429,Good,<=60,>43,NY,Purchase,PrimaryResidence,SingleFamily,2020
LN0004755,419260,Poor,75-90,>43,FL,CashOut,PrimaryResidence,SingleFamily,2022
LN0004756,188190,Good,60-75,36-43,WA,Refinance,PrimaryResidence,Condo,2021
LN0004757,95424,Good,75-90,28-36,NV,Refinance,PrimaryResidence,SingleFamily,2022
LN0004758,175858,Poor,60-75,>43,TX,Refinance,PrimaryResidence,SingleFamily,2021
LN0004759,109228,Excellent,<=60,<=28,NY,Refinance,PrimaryResidence,Townhouse,2021
LN0004760,99030,Poor,60-75,28-36,GA,Purchase,PrimaryResidence,Condo,2019
LN0004761,540048,Good,>90,28-36,CA,Refinance,PrimaryResidence,SingleFamily,2022
LN0004762,166740,Good,<=60,28-36,NV,Purchase,SecondHome,SingleFamily,2020
LN0004763,216766,Poor,75-90,28-36,WA,Purchase,PrimaryResidence,Condo,2021
LN0004764,189761,Good,60-75,<=28,NV,Purchase,PrimaryResidence,Condo,2019
LN0004765,175299,Good,60-75,<=28,IL,Purchase,PrimaryResidence,SingleFamily,2019
LN0004766,130570,Good,60-75,36-43,AZ,CashOut,SecondHome,Condo,2018
LN0004767,170192,Fair,60-75,<=28,NY,Purchase,PrimaryResidence,SingleFamily,2021
LN0004768,235300,Good,75-90,28-36,IL,Purchase,Investment,SingleFamily,2021
LN0004769,404059,Excellent,75-90,<=28,NY,Refinance,Investment,MultiUnit,2019
LN0004770,319246,Fair,<=60,28-36,WA,CashOut,PrimaryResidence,SingleFamily,2019
LN0004771,108062,Fair,60-75,28-36,FL,Refinance,PrimaryResidence,SingleFamily,2020
LN0004772,325874,Good,75-90,36-43,WA,CashOut,PrimaryResidence,MultiUnit,2021
LN0004773,252134,Excellent,75-90,28-36,AZ,Refinance,PrimaryResidence,SingleFamily,2019
LN0004774,145457,Good,60-75,28-36,TX,Refinance,PrimaryResidence,Townhouse,2020
LN0004775,217738,Excellent,75-90,36-43,OH,Purchase,PrimaryResidence,MultiUnit,2018
LN0004776,264644,Excellent,<=60,<=28,AZ,Purchase,PrimaryResidence,Condo,2022
LN0004777,203521,Good,<=60,36-43,CA,Purchase,PrimaryResidence,Condo,2022
LN0004778,252741,Excellent,75-90,<=28,GA,Refinance,PrimaryResidence,MultiUnit,2021
LN0004779,129123,Good,75-90,>43,IL,Refinance,PrimaryResidence,SingleFamily,2022
LN0004780,538431,Fair,75-90,<=28,GA,Refinance,PrimaryResidence,Condo,2021
LN0004781,75762,Good,<=60,28-36,FL,Refinance,PrimaryResidence,SingleFamily,2022
LN0004782,265382,Poor,60-75,36-43,FL,Refinance,PrimaryResidence,MultiUnit,2020
LN0004783,238800,Poor,75-90,28-36,FL,Purchase,PrimaryResidence,SingleFamily,2019
LN0004784,274161,Good,60-75,36-43,TX,Purchase,PrimaryResidence,Condo,2022
LN0004785,139499,Poor,60-75,<=28,IL,Refinance,PrimaryResidence,SingleFamily,2018
LN0004786,356681,Poor,75-90,28-36,AZ,Purchase,SecondHome,SingleFamily,2020
LN0004787,188341,Good,60-75,>43,OH,CashOut,PrimaryResidence,MultiUnit,2021
LN0004788,109852,Fair,60-75,>43,TX,Purchase,SecondHome,SingleFamily,2021
LN0004789,114989,Excellent,60-75,28-36,WA,Purchase,PrimaryResidence,SingleFamily,2021
LN0004790,211578,Fair,>90,28-36,CA,Refinance,PrimaryResidence,Condo,2020
LN0004791,89477,Good,60-75,36-43,CA,Purchase,PrimaryResidence,SingleFamily,2022
LN0004792,489066,Excellent,<=60,36-43,GA,Refinance,PrimaryResidence,SingleFamily,2019
LN0004793,335863,Good,<=60,>43,NY,Purchase,PrimaryResidence,SingleFamily,2018
LN0004794,495549,Poor,<=60,36-43,OH,Purchase,SecondHome,Townhouse,2021
LN0004795,470105,Good,<=60,28-36,TX,Refinance,PrimaryResidence,SingleFamily,2019
LN0004796,166715,Excellent,75-90,36-43,TX,Purchase,PrimaryResidence,SingleFamily,2020
LN0004797,128712,Excellent,<=60,28-36,OH,Refinance,PrimaryResidence,Townhouse,2020
LN0004798,52110,Good,60-75,<=28,FL,Purchase,PrimaryResidence,MultiUnit,2019
LN0004799,162248,Fair,<=60,36-43,CA,Refinance,PrimaryResidence,Condo,2022
LN0004800,480617,Fair,60-75,36-43,OH,Purchase,PrimaryResidence,SingleFamily,2019
LN0004801,131409,Good,<=60,<=28,OH,Purchase,PrimaryResidence,MultiUnit,2021
LN0004802,178981,Excellent,75-90,36-43,NV,Refinance,PrimaryResidence,Townhouse,2018
LN0004803,150650,Excellent,75-90,28-36,WA,Refinance,PrimaryResidence,Townhouse,2022
LN0004804,239784,Good,75-90,<=28,IL,CashOut,PrimaryResidence,Condo,2022
LN0004805,378148,Fair,60-75,36-43,GA,Refinance,PrimaryResidence,Condo,2018
LN0004806,92078,Fair,>90,36-43,OH,Refinance,PrimaryResidence,Condo,2021
LN0004807,101327,Good,75-90,28-36,GA,Purchase,SecondHome,MultiUnit,2020
LN0004808,418030,Good,<=60,<=28,NY,Refinance,SecondHome,Condo,2018
LN0004809,286798,Good,60-75,28-36,AZ,Refinance,PrimaryResidence,SingleFamily,2021
LN0004810,174609,Good,75-90,<=28,OH,Refinance,PrimaryResidence,Condo,2021
LN0004811,466746,Good,60-75,>43,AZ,Refinance,PrimaryResidence,SingleFamily,2022
LN0004812,100457,Fair,60-75,28-36,WA,Purchase,SecondHome,SingleFamily,2021
LN0004813,316667,Good,75-90,>43,IL,Refinance,PrimaryResidence,SingleFamily,2021
LN0004814,192121,Poor,<=60,<=28,AZ,Refinance,PrimaryResidence,SingleFamily,2021
LN0004815,269216,Good,>90,<=28,GA,Purchase,PrimaryResidence,SingleFamily,2021
LN0004816,60260,Excellent,<=60,28-36,OH,Refinance,SecondHome,SingleFamily,2020
LN0004817,174494,Excellent,<=60,36-43,AZ,Refinance,Investment,Condo,2021
LN0004818,287333,Good,<=60,>43,FL,Refinance,PrimaryResidence,Townhouse,2018
LN0004819,192593,Good,60-75,28-36,TX,CashOut,PrimaryResidence,SingleFamily,2021
LN0004820,372372,Good,>90,28-36,TX,Purchase,PrimaryResidence,SingleFamily,2019
LN0004821,366188,Fair,75-90,<=28,WA,Purchase,PrimaryResidence,SingleFamily,2020
LN0004822,123095,Good,>90,28-36,AZ,Purchase,PrimaryResidence,MultiUnit,2021
LN0004823,300137,Fair,60-75,28-36,NV,CashOut,PrimaryResidence,SingleFamily,2018
LN0004824,121014,Fair,60-75,>43,CA,Purchase,PrimaryResidence,SingleFamily,2021
LN0004825,204231,Good,60-75,28-36,CA,Refinance,Investment,SingleFamily,2019
LN0004826,275974,Good,<=60,36-43,GA,Refinance,PrimaryResidence,SingleFamily,2021
LN0004827,130922,Excellent,>90,36-43,FL,Refinance,PrimaryResidence,Condo,2021
LN0004828,294626,Good,60-75,<=28,IL,Purchase,PrimaryResidence,Condo,2018
LN0004829,154403,Fair,60-75,28-36,CA,Purchase,PrimaryResidence,SingleFamily,2019
LN0004830,148694,Poor,60-75,>43,CA,CashOut,PrimaryResidence,SingleFamily,2022
LN0004831,283034,Good,75-90,28-36,WA,Refinance,PrimaryResidence,Condo,2019
LN0004832,130877,Good,60-75,28-36,GA,Purchase,SecondHome,Townhouse,2020
LN0004833,127590,Fair,75-90,>43,AZ,Purchase,PrimaryResidence,Condo,2018
LN0004834,334562,Fair,75-90,<=28,IL,Refinance,PrimaryResidence,MultiUnit,2021
LN0004835,209877,Good,75-90,>43,GA,CashOut,PrimaryResidence,Townhouse,2018
LN0004836,96080,Fair,<=60,28-36,AZ,Refinance,PrimaryResidence,SingleFamily,2019
LN0004837,304924,Excellent,<=60,28-36,IL,Purchase,PrimaryResidence,SingleFamily,2020
LN0004838,162218,Excellent,60-75,28-36,FL,Refinance,PrimaryResidence,Condo,2021
LN0004839,98567,Excellent,>90,28-36,AZ,Purchase,PrimaryResidence,SingleFamily,2020
LN0004840,56746,Excellent,>90,<=28,CA,CashOut,PrimaryResidence,SingleFamily,2022
LN0004841,312296,Poor,75-90,<=28,FL,Purchase,PrimaryResidence,Condo,2020
LN0004842,129319,Good,60-75,28-36,TX,Purchase,Investment,SingleFamily,2019
LN0004843,106732,Good,<=60,28-36,GA,Purchase,SecondHome,SingleFamily,2018
LN0004844,273676,Good,75-90,36-43,FL,Purchase,PrimaryResidence,SingleFamily,2021
LN0004845,297418,Good,60-75,<=28,NY,Purchase,SecondHome,SingleFamily,2020
LN0004846,134114,Good,75-90,<=28,GA,Refinance,PrimaryResidence,SingleFamily,2021
LN0004847,313740,Excellent,75-90,<=28,FL,Purchase,Investment,SingleFamily,2019
LN0004848,555401,Fair,60-75,28-36,NY,Refinance,PrimaryResidence,SingleFamily,2019
LN0004849,389777,Excellent,60-75,<=28,IL,Purchase,PrimaryResidence,Townhouse,2020
LN0004850,360601,Fair,<=60,<=28,TX,Purchase,PrimaryResidence,SingleFamily,2019
LN0004851,232597,Excellent,60-75,28-36,NV,Refinance,Investment,MultiUnit,2022
LN0004852,159235,Fair,75-90,36-43,NV,Refinance,Investment,Townhouse,2021
LN0004853,193311,Fair,60-75,36-43,OH,Purchase,PrimaryResidence,SingleFamily,2022
LN0004854,247798,Excellent,<=60,28-36,TX,Refinance,PrimaryResidence,SingleFamily,2019
LN0004855,106005,Excellent,<=60,>43,IL,Purchase,PrimaryResidence,MultiUnit,2018
LN0004856,135308,Poor,<=60,36-43,NY,Purchase,SecondHome,SingleFamily,2018
LN0004857,97355,Good,75-90,36-43,TX,Purchase,PrimaryResidence,SingleFamily,2022
LN0004858,223595,Fair,75-90,<=28,AZ,Refinance,PrimaryResidence,SingleFamily,2022
LN0004859,207218,Excellent,60-75,<=28,IL,Purchase,PrimaryResidence,Condo,2021
LN0004860,143436,Good,60-75,28-36,GA,Purchase,PrimaryResidence,MultiUnit,2020
LN0004861,299613,Good,<=60,<=28,GA,Purchase,PrimaryResidence,Condo,2019
LN0004862,117912,Poor,60-75,36-43,NY,Purchase,SecondHome,SingleFamily,2021
LN0004863,140798,Good,<=60,28-36,NY,Purchase,Investment,SingleFamily,2020
LN0004864,293685,Fair,>90,<=28,NV,Refinance,PrimaryResidence,SingleFamily,2021
LN0004865,316287,Fair,<=60,<=28,AZ,Refinance,Investment,Condo,2018
LN0004866,133537,Excellent,60-75,<=28,WA,Purchase,PrimaryResidence,Townhouse,2020
LN0004867,223244,Good,<=60,28-36,WA,Purchase,PrimaryResidence,SingleFamily,2021
LN0004868,134671,Excellent,75-90,<=28,CA,Purchase,PrimaryResidence,SingleFamily,2021
LN0004869,180111,Good,<=60,28-36,FL,CashOut,PrimaryResidence,SingleFamily,2018
LN0004870,213612,Fair,>90,28-36,CA,Refinance,Investment,Condo,2018
LN0004871,263072,Good,<=60,28-36,AZ,Purchase,PrimaryResidence,Townhouse,2022
LN0004872,232996,Excellent,75-90,>43,NV,CashOut,PrimaryResidence,SingleFamily,2019
LN0004873,227881,Fair,75-90,>43,TX,Purchase,PrimaryResidence,SingleFamily,2020
LN0004874,115931,Good,60-75,28-36,FL,Purchase,PrimaryResidence,Townhouse,2021
LN0004875,241382,Good,60-75,28-36,NY,CashOut,PrimaryResidence,SingleFamily,2020
LN0004876,261851,Good,60-75,36-43,AZ,Refinance,PrimaryResidence,MultiUnit,2022
LN0004877,280538,Excellent,75-90,>43,IL,Refinance,SecondHome,Townhouse,2022
LN0004878,138723,Fair,>90,28-36,CA,Refinance,PrimaryResidence,Condo,2019
LN0004879,314202,Good,<=60,<=28,WA,CashOut,PrimaryResidence,SingleFamily,2018
LN0004880,102886,Good,60-75,36-43,TX,Purchase,PrimaryResidence,Condo,2022
LN0004881,160266,Excellent,60-75,<=28,GA,Purchase,PrimaryResidence,SingleFamily,2021
LN0004882,173206,Good,<=60,36-43,AZ,Purchase,PrimaryResidence,SingleFamily,2021
LN0004883,105746,Fair,75-90,<=28,CA,CashOut,PrimaryResidence,SingleFamily,2020
LN0004884,171895,Good,60-75,<=28,NV,Purchase,SecondHome,SingleFamily,2020
LN0004885,222068,Poor,60-75,36-43,GA,Purchase,PrimaryResidence,Townhouse,2018
LN0004886,79786,Fair,>90,36-43,CA,Purchase,SecondHome,Condo,2020
LN0004887,163187,Excellent,75-90,28-36,FL,Purchase,Investment,SingleFamily,2020
LN0004888,82933,Fair,75-90,36-43,TX,Refinance,PrimaryResidence,SingleFamily,2018
LN0004889,551705,Good,<=60,>43,AZ,Purchase,PrimaryResidence,Condo,2021
LN0004890,221072,Poor,>90,28-36,OH,Refinance,PrimaryResidence,SingleFamily,2021
LN0004891,211697,Excellent,75-90,>43,NY,Refinance,PrimaryResidence,SingleFamily,2022
LN0004892,223247,Good,60-75,28-36,WA,Purchase,PrimaryResidence,SingleFamily,2018
LN0004893,268944,Good,<=60,<=28,NY,Refinance,PrimaryResidence,MultiUnit,2019
LN0004894,324187,Good,>90,36-43,IL,Purchase,PrimaryResidence,SingleFamily,2020
LN0004895,90964,Fair,60-75,28-36,GA,Refinance,PrimaryResidence,MultiUnit,2022
LN0004896,382731,Good,75-90,>43,TX,Refinance,PrimaryResidence,Condo,2019
LN0004897,370612,Excellent,75-90,<=28,OH,Purchase,PrimaryResidence,SingleFamily,2022
LN0004898,192302,Good,75-90,<=28,NV,Purchase,SecondHome,SingleFamily,2022
LN0004899,187331,Poor,75-90,<=28,NV,Refinance,SecondHome,SingleFamily,2018
LN0004900,50000,Fair,>90,36-43,TX,Refinance,Investment,SingleFamily,2019
LN0004901,106724,Good,60-75,36-43,IL,Refinance,PrimaryResidence,SingleFamily,2019
LN0004902,257667,Good,60-75,28-36,FL,Purchase,PrimaryResidence,MultiUnit,2020
LN0004903,362329,Excellent,75-90,<=28,GA,Purchase,PrimaryResidence,SingleFamily,2022
LN0004904,286192,Poor,60-75,28-36,NY,CashOut,PrimaryResidence,SingleFamily,2019
LN0004905,191404,Fair,75-90,28-36,NY,Purchase,PrimaryResidence,SingleFamily,2021
LN0004906,520703,Good,75-90,36-43,TX,CashOut,SecondHome,SingleFamily,2018
LN0004907,328597,Poor,60-75,36-43,WA,Refinance,Investment,Townhouse,2020
LN0004908,163257,Excellent,75-90,<=28,WA,Refinance,Investment,SingleFamily,2019
LN0004909,591877,Fair,60-75,28-36,WA,Purchase,PrimaryResidence,SingleFamily,2022
LN0004910,114911,Excellent,>90,36-43,NY,CashOut,PrimaryResidence,Condo,2021
LN0004911,95232,Excellent,<=60,28-36,OH,CashOut,PrimaryResidence,SingleFamily,2019
LN0004912,161046,Good,75-90,28-36,GA,Refinance,SecondHome,SingleFamily,2021
LN0004913,136036,Good,>90,36-43,TX,Refinance,PrimaryResidence,Condo,2019
LN0004914,165633,Poor,60-75,28-36,NY,Purchase,SecondHome,MultiUnit,2020
LN0004915,296275,Good,60-75,<=28,GA,Purchase,Investment,Condo,2020
LN0004916,195440,Fair,60-75,<=28,TX,CashOut,PrimaryResidence,SingleFamily,2022
LN0004917,197966,Fair,75-90,36-43,NY,Purchase,PrimaryResidence,SingleFamily,2019
LN0004918,204721,Fair,60-75,<=28,AZ,Purchase,SecondHome,SingleFamily,2018
LN0004919,62557,Poor,<=60,36-43,IL,Purchase,PrimaryResidence,SingleFamily,2018
LN0004920,93187,Good,>90,28-36,WA,Refinance,PrimaryResidence,Townhouse,2022
LN0004921,163954,Good,60-75,28-36,GA,Refinance,PrimaryResidence,SingleFamily,2019
LN0004922,130422,Excellent,60-75,36-43,NY,Refinance,PrimaryResidence,SingleFamily,2018
LN0004923,177035,Good,75-90,28-36,AZ,Purchase,Investment,SingleFamily,2020
LN0004924,401139,Poor,<=60,<=28,CA,Purchase,PrimaryResidence,SingleFamily,2022
LN0004925,191525,Good,<=60,<=28,IL,Purchase,PrimaryResidence,SingleFamily,2022
LN0004926,102633,Good,>90,36-43,WA,CashOut,Investment,SingleFamily,2022
LN0004927,133712,Excellent,75-90,28-36,FL,Purchase,PrimaryResidence,MultiUnit,2021
LN0004928,467562,Good,<=60,36-43,OH,CashOut,PrimaryResidence,SingleFamily,2022
LN0004929,427729,Fair,75-90,28-36,CA,Purchase,Investment,SingleFamily,2021
LN0004930,267784,Good,60-75,28-36,GA,CashOut,PrimaryResidence,Condo,2018
LN0004931,91013,Fair,<=60,28-36,GA,Refinance,PrimaryResidence,SingleFamily,2020
LN0004932,231747,Fair,75-90,<=28,OH,Refinance,PrimaryResidence,SingleFamily,2020
LN0004933,240830,Fair,60-75,36-43,FL,Refinance,PrimaryResidence,SingleFamily,2020
LN0004934,201343,Good,60-75,<=28,TX,Refinance,PrimaryResidence,MultiUnit,2022
LN0004935,149491,Fair,>90,>43,WA,Refinance,PrimaryResidence,SingleFamily,2022
LN0004936,165824,Excellent,60-75,<=28,NV,Purchase,PrimaryResidence,SingleFamily,2020
LN0004937,144371,Good,60-75,28-36,OH,CashOut,SecondHome,SingleFamily,2018
LN0004938,112135,Fair,60-75,<=28,FL,Refinance,PrimaryResidence,SingleFamily,2019
LN0004939,393562,Fair,75-90,36-43,IL,Purchase,PrimaryResidence,Condo,2018
LN0004940,309018,Excellent,75-90,<=28,FL,Purchase,PrimaryResidence,SingleFamily,2020
LN0004941,172393,Poor,>90,28-36,OH,Refinance,PrimaryResidence,SingleFamily,2019
LN0004942,237064,Excellent,60-75,>43,WA,CashOut,PrimaryResidence,Townhouse,2018
LN0004943,241554,Good,75-90,36-43,IL,Refinance,PrimaryResidence,Condo,2018
LN0004944,641421,Poor,75-90,<=28,CA,Purchase,Investment,SingleFamily,2020
LN0004945,307516,Good,60-75,36-43,GA,Refinance,SecondHome,Condo,2018
LN0004946,301759,Fair,<=60,28-36,IL,Purchase,PrimaryResidence,SingleFamily,2018
LN0004947,202600,Good,75-90,<=28,CA,Purchase,PrimaryResidence,SingleFamily,2019
LN0004948,159977,Fair,60-75,28-36,TX,Refinance,PrimaryResidence,SingleFamily,2021
LN0004949,396866,Fair,75-90,36-43,OH,Purchase,PrimaryResidence,SingleFamily,2021
LN0004950,275443,Fair,60-75,28-36,OH,Purchase,PrimaryResidence,SingleFamily,2019
LN0004951,131298,Excellent,<=60,36-43,IL,Purchase,SecondHome,Condo,2021
LN0004952,249429,Fair,>90,36-43,OH,Purchase,Investment,SingleFamily,2018
LN0004953,302154,Excellent,75-90,28-36,OH,Purchase,PrimaryResidence,Townhouse,2021
LN0004954,69708,Poor,60-75,28-36,GA,Purchase,PrimaryResidence,SingleFamily,2018
LN0004955,125342,Excellent,75-90,36-43,FL,Purchase,PrimaryResidence,SingleFamily,2018
LN0004956,238323,Excellent,60-75,28-36,IL,CashOut,PrimaryResidence,Condo,2022
LN0004957,75945,Poor,75-90,<=28,AZ,Purchase,PrimaryResidence,SingleFamily,2020
LN0004958,82201,Excellent,<=60,28-36,NY,CashOut,PrimaryResidence,SingleFamily,2020
LN0004959,173645,Good,60-75,>43,GA,Refinance,PrimaryResidence,SingleFamily,2019
LN0004960,254173,Fair,60-75,28-36,AZ,Purchase,PrimaryResidence,SingleFamily,2021
LN0004961,260118,Excellent,60-75,<=28,WA,Purchase,SecondHome,SingleFamily,2021
LN0004962,438537,Excellent,60-75,<=28,WA,Purchase,PrimaryResidence,SingleFamily,2021
LN0004963,207136,Good,<=60,<=28,TX,Refinance,PrimaryResidence,SingleFamily,2019
LN0004964,164995,Excellent,>90,>43,IL,Refinance,PrimaryResidence,SingleFamily,2021
LN0004965,103395,Excellent,<=60,28-36,CA,Purchase,PrimaryResidence,SingleFamily,2021
LN0004966,164010,Excellent,<=60,36-43,TX,Purchase,PrimaryResidence,SingleFamily,2020
LN0004967,283159,Good,60-75,36-43,WA,Purchase,PrimaryResidence,Townhouse,2019
LN0004968,289630,Good,75-90,28-36,FL,Refinance,SecondHome,Condo,2021
LN0004969,226910,Excellent,<=60,36-43,NY,Purchase,PrimaryResidence,SingleFamily,2020
LN0004970,261334,Fair,60-75,>43,NY,Refinance,SecondHome,SingleFamily,2019
LN0004971,376318,Fair,75-90,36-43,IL,Refinance,PrimaryResidence,SingleFamily,2022
LN0004972,206413,Excellent,<=60,36-43,GA,Refinance,PrimaryResidence,SingleFamily,2020
LN0004973,393824,Good,>90,28-36,IL,Purchase,PrimaryResidence,Townhouse,2020
LN0004974,138230,Poor,60-75,36-43,AZ,Purchase,PrimaryResidence,SingleFamily,2019
LN0004975,191636,Good,75-90,<=28,IL,Purchase,PrimaryResidence,MultiUnit,2021
LN0004976,156307,Good,<=60,36-43,NV,Refinance,PrimaryResidence,MultiUnit,2022
LN0004977,295478,Good,75-90,28-36,NV,Purchase,PrimaryResidence,Condo,2021
LN0004978,119701,Excellent,75-90,28-36,IL,Purchase,PrimaryResidence,SingleFamily,2020
LN0004979,169247,Fair,<=60,>43,OH,Purchase,PrimaryResidence,SingleFamily,2021
LN0004980,78445,Poor,<=60,36-43,IL,Refinance,PrimaryResidence,MultiUnit,2019
LN0004981,267583,Poor,60-75,<=28,AZ,Refinance,SecondHome,MultiUnit,2018
LN0004982,370791,Excellent,<=60,36-43,OH,Refinance,PrimaryResidence,SingleFamily,2021
LN0004983,313437,Good,>90,>43,NY,Refinance,PrimaryResidence,SingleFamily,2018
LN0004984,298436,Excellent,75-90,36-43,NY,CashOut,Investment,SingleFamily,2018
LN0004985,302458,Good,75-90,>43,AZ,CashOut,PrimaryResidence,SingleFamily,2021
LN0004986,282052,Good,>90,36-43,WA,Purchase,PrimaryResidence,SingleFamily,2020
LN0004987,270275,Fair,75-90,>43,GA,Purchase,PrimaryResidence,SingleFamily,2022
LN0004988,279136,Excellent,75-90,28-36,GA,CashOut,PrimaryResidence,MultiUnit,2022
LN0004989,143223,Poor,60-75,28-36,TX,Refinance,SecondHome,Condo,2018
LN0004990,179854,Excellent,60-75,36-43,FL,CashOut,PrimaryResidence,Condo,2021
LN0004991,205895,Excellent,60-75,>43,NV,Purchase,PrimaryResidence,Condo,2019
LN0004992,168071,Poor,60-75,<=28,FL,CashOut,PrimaryResidence,Condo,2021
LN0004993,90839,Fair,60-75,<=28,AZ,Purchase,PrimaryResidence,SingleFamily,2018
LN0004994,107204,Good,<=60,28-36,NY,Refinance,PrimaryResidence,MultiUnit,2020
LN0004995,223013,Good,60-75,36-43,AZ,Purchase,PrimaryResidence,SingleFamily,2021
LN0004996,312665,Excellent,60-75,>43,WA,Purchase,Investment,Townhouse,2020
LN0004997,199719,Excellent,60-75,28-36,CA,Purchase,PrimaryResidence,SingleFamily,2020
LN0004998,792074,Good,<=60,<=28,FL,Purchase,PrimaryResidence,Condo,2018
LN0004999,125507,Good,60-75,28-36,NV,Purchase,SecondHome,SingleFamily,2018
LN0005000,248319,Fair,60-75,>43,FL,CashOut,PrimaryResidence,SingleFamily,2020
