loan_id,month_index,reporting_month,current_status,days_past_due,last_updated_at,servicer_name,source_system,conflict_flag
LN0000001,14,2024-02,60DPD,65,2024-02,ServicerC,SERVICER_FEED,1
LN0000002,16,2023-08,Default,120,2023-08,ServicerD,SERVICER_FEED,1
LN0000003,1,2020-06,30DPD,35,2020-06,ServicerA,SERVICER_FEED,1
LN0000004,13,2020-10,30DPD,35,2020-10,ServicerD,SERVICER_FEED,1
LN0000004,7,2020-04,90DPD,95,2020-04,ServicerD,SERVICER_FEED,1
LN0000005,1,2020-06,60DPD,65,2020-06,ServicerB,SERVICER_FEED,1
LN0000006,1,2022-11,30DPD,35,2022-11,ServicerA,SERVICER_FEED,1
LN0000007,8,2019-10,Prepaid,0,2019-10,ServicerA,SERVICER_FEED,1
LN0000008,8,2022-02,Prepaid,0,2022-02,ServicerC,SERVICER_FEED,1
LN0000009,22,2024-05,30DPD,35,2024-05,ServicerC,SERVICER_FEED,1
LN0000010,11,2022-09,90DPD,95,2022-09,ServicerC,SERVICER_FEED,1
LN0000010,6,2022-04,30DPD,35,2022-04,ServicerB,SERVICER_FEED,1
LN0000011,13,2023-06,Default,120,2023-06,ServicerC,SERVICER_FEED,1
LN0000012,3,2022-12,Default,120,2022-12,ServicerA,SERVICER_FEED,1
LN0000013,1,2018-05,Default,120,2018-05,ServicerD,SERVICER_FEED,1
LN0000014,5,2019-08,Default,120,2019-08,ServicerD,SERVICER_FEED,1
LN0000015,24,2020-09,Closed,0,2020-09,ServicerD,SERVICER_FEED,1
LN0000016,24,2022-11,Default,120,2022-11,ServicerC,SERVICER_FEED,1
LN0000017,8,2020-09,Default,120,2020-09,ServicerD,SERVICER_FEED,1
LN0000018,1,2018-04,Prepaid,0,2018-04,ServicerA,SERVICER_FEED,1
LN0000019,22,2022-08,Closed,0,2022-08,ServicerD,SERVICER_FEED,1
LN0000019,27,2023-01,90DPD,95,2023-01,ServicerD,SERVICER_FEED,1
LN0000020,30,2021-01,Closed,0,2021-01,ServicerB,SERVICER_FEED,1
LN0000020,1,2018-08,Default,120,2018-08,ServicerB,SERVICER_FEED,1
LN0000021,2,2020-03,Closed,0,2020-03,ServicerC,SERVICER_FEED,1
LN0000022,3,2020-02,90DPD,95,2020-02,ServicerD,SERVICER_FEED,1
LN0000023,2,2022-08,Default,120,2022-08,ServicerC,SERVICER_FEED,1
LN0000024,2,2021-07,60DPD,65,2021-07,ServicerD,SERVICER_FEED,1
LN0000025,5,2021-07,Closed,0,2021-07,ServicerD,SERVICER_FEED,1
LN0000026,7,2022-09,Closed,0,2022-09,ServicerA,SERVICER_FEED,1
LN0000027,3,2019-02,Default,120,2019-02,ServicerD,SERVICER_FEED,1
LN0000028,3,2019-07,90DPD,95,2019-07,ServicerA,SERVICER_FEED,1
LN0000029,5,2022-03,Prepaid,0,2022-03,ServicerC,SERVICER_FEED,1
LN0000030,4,2022-01,Default,120,2022-01,ServicerD,SERVICER_FEED,1
LN0000031,7,2018-09,90DPD,95,2018-09,ServicerD,SERVICER_FEED,1
LN0000032,7,2019-09,Default,120,2019-09,ServicerD,SERVICER_FEED,1
LN0000033,2,2019-04,60DPD,65,2019-04,ServicerA,SERVICER_FEED,1
LN0000034,1,2018-02,30DPD,35,2018-02,ServicerB,SERVICER_FEED,1
LN0000035,13,2022-05,90DPD,95,2022-05,ServicerC,SERVICER_FEED,1
LN0000036,25,2020-05,90DPD,95,2020-05,ServicerB,SERVICER_FEED,1
LN0000036,42,2021-10,Closed,0,2021-10,ServicerA,SERVICER_FEED,1
LN0000037,16,2023-07,30DPD,35,2023-07,ServicerC,SERVICER_FEED,1
LN0000038,7,2021-07,30DPD,35,2021-07,ServicerD,SERVICER_FEED,1
LN0000039,22,2023-08,Closed,0,2023-08,ServicerA,SERVICER_FEED,1
LN0000040,6,2020-12,90DPD,95,2020-12,ServicerD,SERVICER_FEED,1
LN0000041,29,2025-04,Closed,0,2025-04,ServicerD,SERVICER_FEED,1
LN0000041,12,2023-11,Current,0,2023-11,ServicerC,SERVICER_FEED,1
LN0000042,2,2019-07,Current,0,2019-07,ServicerB,SERVICER_FEED,1
LN0000043,4,2021-02,Closed,0,2021-02,ServicerD,SERVICER_FEED,1
LN0000044,9,2018-10,90DPD,95,2018-10,ServicerB,SERVICER_FEED,1
LN0000045,9,2022-12,90DPD,95,2022-12,ServicerC,SERVICER_FEED,1
LN0000046,3,2021-02,90DPD,95,2021-02,ServicerA,SERVICER_FEED,1
LN0000047,5,2019-04,Closed,0,2019-04,ServicerC,SERVICER_FEED,1
LN0000048,5,2022-07,90DPD,95,2022-07,ServicerB,SERVICER_FEED,1
LN0000049,1,2023-01,30DPD,35,2023-01,ServicerD,SERVICER_FEED,1
LN0000050,21,2020-02,Closed,0,2020-02,ServicerD,SERVICER_FEED,1
LN0000051,15,2023-06,Closed,0,2023-06,ServicerB,SERVICER_FEED,1
LN0000052,20,2023-05,Closed,0,2023-05,ServicerC,SERVICER_FEED,1
LN0000052,8,2022-05,90DPD,95,2022-05,ServicerB,SERVICER_FEED,1
LN0000053,7,2020-05,Default,120,2020-05,ServicerA,SERVICER_FEED,1
LN0000054,7,2021-10,Closed,0,2021-10,ServicerA,SERVICER_FEED,1
LN0000055,9,2022-09,30DPD,35,2022-09,ServicerD,SERVICER_FEED,1
LN0000056,4,2020-09,90DPD,95,2020-09,ServicerB,SERVICER_FEED,1
LN0000057,6,2021-11,90DPD,95,2021-11,ServicerA,SERVICER_FEED,1
LN0000058,6,2018-09,Default,120,2018-09,ServicerD,SERVICER_FEED,1
LN0000058,24,2020-03,Prepaid,0,2020-03,ServicerB,SERVICER_FEED,1
LN0000059,6,2023-02,Default,120,2023-02,ServicerD,SERVICER_FEED,1
LN0000059,12,2023-08,Prepaid,0,2023-08,ServicerD,SERVICER_FEED,1
LN0000060,5,2023-01,90DPD,95,2023-01,ServicerA,SERVICER_FEED,1
LN0000061,8,2019-09,Prepaid,0,2019-09,ServicerB,SERVICER_FEED,1
LN0000062,1,2020-06,Closed,0,2020-06,ServicerD,SERVICER_FEED,1
LN0000063,6,2019-09,Closed,0,2019-09,ServicerA,SERVICER_FEED,1
LN0000064,12,2020-12,60DPD,65,2020-12,ServicerC,SERVICER_FEED,1
LN0000065,4,2019-09,60DPD,65,2019-09,ServicerA,SERVICER_FEED,1
LN0000066,13,2023-05,Prepaid,0,2023-05,ServicerA,SERVICER_FEED,1
LN0000067,9,2022-03,Closed,0,2022-03,ServicerB,SERVICER_FEED,1
LN0000068,9,2022-12,Closed,0,2022-12,ServicerB,SERVICER_FEED,1
LN0000069,14,2023-02,60DPD,65,2023-02,ServicerB,SERVICER_FEED,1
LN0000070,8,2022-04,30DPD,35,2022-04,ServicerA,SERVICER_FEED,1
LN0000071,2,2019-01,Default,120,2019-01,ServicerB,SERVICER_FEED,1
LN0000072,22,2023-12,30DPD,35,2023-12,ServicerD,SERVICER_FEED,1
LN0000073,5,2022-04,Prepaid,0,2022-04,ServicerB,SERVICER_FEED,1
LN0000074,19,2020-03,30DPD,35,2020-03,ServicerC,SERVICER_FEED,1
LN0000075,9,2019-03,90DPD,95,2019-03,ServicerC,SERVICER_FEED,1
LN0000075,16,2019-10,90DPD,95,2019-10,ServicerD,SERVICER_FEED,1
LN0000076,10,2022-08,30DPD,35,2022-08,ServicerB,SERVICER_FEED,1
LN0000077,3,2020-03,90DPD,95,2020-03,ServicerA,SERVICER_FEED,1
LN0000078,4,2019-12,60DPD,65,2019-12,ServicerA,SERVICER_FEED,1
LN0000079,28,2022-04,Default,120,2022-04,ServicerC,SERVICER_FEED,1
LN0000079,41,2023-05,60DPD,65,2023-05,ServicerC,SERVICER_FEED,1
LN0000080,11,2023-04,Closed,0,2023-04,ServicerC,SERVICER_FEED,1
LN0000081,7,2020-05,30DPD,35,2020-05,ServicerD,SERVICER_FEED,1
LN0000082,3,2020-02,Prepaid,0,2020-02,ServicerB,SERVICER_FEED,1
LN0000082,33,2022-08,30DPD,35,2022-08,ServicerD,SERVICER_FEED,1
LN0000083,6,2020-06,30DPD,35,2020-06,ServicerA,SERVICER_FEED,1
LN0000084,15,2019-07,90DPD,95,2019-07,ServicerC,SERVICER_FEED,1
LN0000085,5,2018-08,30DPD,35,2018-08,ServicerA,SERVICER_FEED,1
LN0000086,2,2020-03,30DPD,35,2020-03,ServicerD,SERVICER_FEED,1
LN0000087,9,2018-10,Default,120,2018-10,ServicerD,SERVICER_FEED,1
LN0000088,3,2022-01,Default,120,2022-01,ServicerC,SERVICER_FEED,1
LN0000089,5,2020-07,30DPD,35,2020-07,ServicerA,SERVICER_FEED,1
LN0000090,4,2020-11,90DPD,95,2020-11,ServicerA,SERVICER_FEED,1
LN0000091,5,2020-02,Default,120,2020-02,ServicerC,SERVICER_FEED,1
LN0000092,4,2022-02,90DPD,95,2022-02,ServicerD,SERVICER_FEED,1
LN0000093,7,2020-09,90DPD,95,2020-09,ServicerB,SERVICER_FEED,1
LN0000093,34,2022-12,Default,120,2022-12,ServicerA,SERVICER_FEED,1
LN0000094,3,2018-06,90DPD,95,2018-06,ServicerC,SERVICER_FEED,1
LN0000095,8,2021-02,Current,0,2021-02,ServicerD,SERVICER_FEED,1
LN0000096,8,2019-07,90DPD,95,2019-07,ServicerB,SERVICER_FEED,1
LN0000097,8,2021-08,30DPD,35,2021-08,ServicerC,SERVICER_FEED,1
LN0000098,6,2021-04,Closed,0,2021-04,ServicerB,SERVICER_FEED,1
LN0000099,3,2020-08,60DPD,65,2020-08,ServicerD,SERVICER_FEED,1
LN0000100,2,2020-02,Closed,0,2020-02,ServicerB,SERVICER_FEED,1
LN0000101,2,2021-02,30DPD,35,2021-02,ServicerA,SERVICER_FEED,1
LN0000102,5,2021-10,Current,0,2021-10,ServicerC,SERVICER_FEED,1
LN0000103,5,2022-10,30DPD,35,2022-10,ServicerD,SERVICER_FEED,1
LN0000104,2,2022-12,Closed,0,2022-12,ServicerA,SERVICER_FEED,1
LN0000105,3,2018-09,Current,0,2018-09,ServicerC,SERVICER_FEED,1
LN0000106,22,2023-02,Current,0,2023-02,ServicerA,SERVICER_FEED,1
LN0000107,19,2020-01,30DPD,35,2020-01,ServicerD,SERVICER_FEED,1
LN0000108,19,2021-09,60DPD,65,2021-09,ServicerD,SERVICER_FEED,1
LN0000109,8,2022-05,Default,120,2022-05,ServicerD,SERVICER_FEED,1
LN0000110,2,2020-11,30DPD,35,2020-11,ServicerA,SERVICER_FEED,1
LN0000111,2,2022-03,60DPD,65,2022-03,ServicerD,SERVICER_FEED,1
LN0000112,13,2023-08,Closed,0,2023-08,ServicerB,SERVICER_FEED,1
LN0000113,22,2024-09,Prepaid,0,2024-09,ServicerC,SERVICER_FEED,1
LN0000114,1,2021-06,90DPD,95,2021-06,ServicerD,SERVICER_FEED,1
LN0000115,8,2022-01,Closed,0,2022-01,ServicerB,SERVICER_FEED,1
LN0000116,18,2023-07,Current,0,2023-07,ServicerD,SERVICER_FEED,1
LN0000117,1,2019-04,30DPD,35,2019-04,ServicerB,SERVICER_FEED,1
LN0000118,4,2019-11,Default,120,2019-11,ServicerC,SERVICER_FEED,1
LN0000119,2,2019-11,Default,120,2019-11,ServicerB,SERVICER_FEED,1
LN0000120,15,2022-12,30DPD,35,2022-12,ServicerD,SERVICER_FEED,1
LN0000121,6,2020-04,Closed,0,2020-04,ServicerD,SERVICER_FEED,1
LN0000122,4,2019-01,Current,0,2019-01,ServicerA,SERVICER_FEED,1
LN0000123,29,2024-05,Prepaid,0,2024-05,ServicerD,SERVICER_FEED,1
LN0000124,8,2022-05,30DPD,35,2022-05,ServicerC,SERVICER_FEED,1
LN0000125,10,2021-10,90DPD,95,2021-10,ServicerA,SERVICER_FEED,1
LN0000126,6,2022-11,Closed,0,2022-11,ServicerA,SERVICER_FEED,1
LN0000126,30,2024-11,90DPD,95,2024-11,ServicerD,SERVICER_FEED,1
LN0000127,11,2022-11,90DPD,95,2022-11,ServicerD,SERVICER_FEED,1
LN0000128,5,2022-12,Prepaid,0,2022-12,ServicerB,SERVICER_FEED,1
LN0000129,8,2019-12,60DPD,65,2019-12,ServicerA,SERVICER_FEED,1
LN0000130,1,2018-09,90DPD,95,2018-09,ServicerB,SERVICER_FEED,1
LN0000131,9,2020-06,90DPD,95,2020-06,ServicerD,SERVICER_FEED,1
LN0000132,27,2024-05,Default,120,2024-05,ServicerC,SERVICER_FEED,1
LN0000132,20,2023-10,60DPD,65,2023-10,ServicerB,SERVICER_FEED,1
LN0000133,17,2024-01,Closed,0,2024-01,ServicerA,SERVICER_FEED,1
LN0000134,3,2018-10,Default,120,2018-10,ServicerB,SERVICER_FEED,1
LN0000135,5,2022-09,Prepaid,0,2022-09,ServicerB,SERVICER_FEED,1
LN0000136,6,2020-11,Closed,0,2020-11,ServicerC,SERVICER_FEED,1
LN0000137,11,2023-01,Prepaid,0,2023-01,ServicerA,SERVICER_FEED,1
LN0000138,16,2022-09,Default,120,2022-09,ServicerA,SERVICER_FEED,1
LN0000139,2,2018-06,90DPD,95,2018-06,ServicerC,SERVICER_FEED,1
LN0000140,3,2020-09,90DPD,95,2020-09,ServicerD,SERVICER_FEED,1
LN0000141,2,2018-08,30DPD,35,2018-08,ServicerD,SERVICER_FEED,1
LN0000142,10,2020-07,90DPD,95,2020-07,ServicerB,SERVICER_FEED,1
LN0000143,13,2022-11,30DPD,35,2022-11,ServicerA,SERVICER_FEED,1
LN0000144,7,2022-01,Closed,0,2022-01,ServicerC,SERVICER_FEED,1
LN0000145,3,2021-10,Default,120,2021-10,ServicerB,SERVICER_FEED,1
LN0000146,5,2021-09,Default,120,2021-09,ServicerC,SERVICER_FEED,1
LN0000147,20,2019-09,90DPD,95,2019-09,ServicerC,SERVICER_FEED,1
LN0000148,8,2021-07,Prepaid,0,2021-07,ServicerB,SERVICER_FEED,1
LN0000148,6,2021-05,Default,120,2021-05,ServicerB,SERVICER_FEED,1
LN0000149,4,2020-10,Prepaid,0,2020-10,ServicerD,SERVICER_FEED,1
LN0000150,1,2020-09,30DPD,35,2020-09,ServicerD,SERVICER_FEED,1
LN0000151,28,2021-05,Prepaid,0,2021-05,ServicerB,SERVICER_FEED,1
LN0000152,1,2021-08,60DPD,65,2021-08,ServicerB,SERVICER_FEED,1
LN0000153,4,2021-05,30DPD,35,2021-05,ServicerB,SERVICER_FEED,1
LN0000154,4,2020-05,30DPD,35,2020-05,ServicerA,SERVICER_FEED,1
LN0000155,17,2019-09,Current,0,2019-09,ServicerC,SERVICER_FEED,1
LN0000156,38,2021-07,Prepaid,0,2021-07,ServicerA,SERVICER_FEED,1
LN0000156,10,2019-03,Default,120,2019-03,ServicerA,SERVICER_FEED,1
LN0000157,2,2019-12,90DPD,95,2019-12,ServicerC,SERVICER_FEED,1
LN0000158,6,2021-03,90DPD,95,2021-03,ServicerB,SERVICER_FEED,1
LN0000159,14,2024-02,90DPD,95,2024-02,ServicerA,SERVICER_FEED,1
LN0000160,4,2021-12,60DPD,65,2021-12,ServicerC,SERVICER_FEED,1
LN0000161,8,2021-02,30DPD,35,2021-02,ServicerB,SERVICER_FEED,1
LN0000161,31,2023-01,Closed,0,2023-01,ServicerA,SERVICER_FEED,1
LN0000162,1,2019-07,Prepaid,0,2019-07,ServicerD,SERVICER_FEED,1
LN0000163,3,2019-02,90DPD,95,2019-02,ServicerB,SERVICER_FEED,1
LN0000164,5,2019-02,Default,120,2019-02,ServicerB,SERVICER_FEED,1
LN0000165,10,2019-03,Prepaid,0,2019-03,ServicerA,SERVICER_FEED,1
LN0000166,8,2023-03,Default,120,2023-03,ServicerC,SERVICER_FEED,1
LN0000167,15,2019-04,30DPD,35,2019-04,ServicerC,SERVICER_FEED,1
LN0000167,27,2020-04,30DPD,35,2020-04,ServicerD,SERVICER_FEED,1
LN0000168,20,2023-12,90DPD,95,2023-12,ServicerA,SERVICER_FEED,1
LN0000169,18,2022-05,Prepaid,0,2022-05,ServicerA,SERVICER_FEED,1
LN0000170,5,2021-07,90DPD,95,2021-07,ServicerC,SERVICER_FEED,1
LN0000171,21,2024-07,Current,0,2024-07,ServicerB,SERVICER_FEED,1
LN0000172,27,2024-03,Closed,0,2024-03,ServicerA,SERVICER_FEED,1
LN0000172,24,2023-12,Default,120,2023-12,ServicerB,SERVICER_FEED,1
LN0000173,7,2019-04,Default,120,2019-04,ServicerB,SERVICER_FEED,1
LN0000174,1,2022-12,Closed,0,2022-12,ServicerA,SERVICER_FEED,1
LN0000175,4,2019-03,90DPD,95,2019-03,ServicerB,SERVICER_FEED,1
LN0000176,19,2022-06,90DPD,95,2022-06,ServicerC,SERVICER_FEED,1
LN0000177,1,2021-04,Prepaid,0,2021-04,ServicerB,SERVICER_FEED,1
LN0000178,7,2019-10,60DPD,65,2019-10,ServicerB,SERVICER_FEED,1
LN0000179,5,2021-07,Default,120,2021-07,ServicerC,SERVICER_FEED,1
LN0000180,5,2021-08,30DPD,35,2021-08,ServicerC,SERVICER_FEED,1
LN0000181,8,2023-07,Closed,0,2023-07,ServicerD,SERVICER_FEED,1
LN0000182,7,2023-02,Current,0,2023-02,ServicerA,SERVICER_FEED,1
LN0000183,5,2020-05,60DPD,65,2020-05,ServicerD,SERVICER_FEED,1
LN0000184,2,2021-08,Default,120,2021-08,ServicerD,SERVICER_FEED,1
LN0000185,4,2022-06,Current,0,2022-06,ServicerD,SERVICER_FEED,1
LN0000186,1,2018-03,30DPD,35,2018-03,ServicerD,SERVICER_FEED,1
LN0000187,4,2021-10,Closed,0,2021-10,ServicerD,SERVICER_FEED,1
LN0000188,4,2022-12,30DPD,35,2022-12,ServicerB,SERVICER_FEED,1
LN0000189,6,2019-02,Closed,0,2019-02,ServicerD,SERVICER_FEED,1
LN0000190,4,2022-02,Default,120,2022-02,ServicerD,SERVICER_FEED,1
LN0000191,1,2018-05,Default,120,2018-05,ServicerC,SERVICER_FEED,1
LN0000192,27,2022-04,60DPD,65,2022-04,ServicerD,SERVICER_FEED,1
LN0000192,1,2020-02,90DPD,95,2020-02,ServicerC,SERVICER_FEED,1
LN0000193,37,2025-03,Closed,0,2025-03,ServicerA,SERVICER_FEED,1
LN0000194,5,2023-05,Prepaid,0,2023-05,ServicerB,SERVICER_FEED,1
LN0000195,2,2021-10,Prepaid,0,2021-10,ServicerC,SERVICER_FEED,1
LN0000196,2,2021-10,Closed,0,2021-10,ServicerD,SERVICER_FEED,1
LN0000197,4,2019-08,Closed,0,2019-08,ServicerD,SERVICER_FEED,1
LN0000198,2,2022-04,Default,120,2022-04,ServicerA,SERVICER_FEED,1
LN0000199,3,2021-07,30DPD,35,2021-07,ServicerB,SERVICER_FEED,1
LN0000200,15,2023-12,Current,0,2023-12,ServicerC,SERVICER_FEED,1
LN0000201,11,2021-12,Closed,0,2021-12,ServicerC,SERVICER_FEED,1
LN0000202,15,2019-06,Current,0,2019-06,ServicerB,SERVICER_FEED,1
LN0000203,10,2021-05,Closed,0,2021-05,ServicerB,SERVICER_FEED,1
LN0000204,4,2022-03,Closed,0,2022-03,ServicerA,SERVICER_FEED,1
LN0000205,2,2022-02,Default,120,2022-02,ServicerA,SERVICER_FEED,1
LN0000206,5,2020-05,Closed,0,2020-05,ServicerA,SERVICER_FEED,1
LN0000207,1,2018-12,Closed,0,2018-12,ServicerB,SERVICER_FEED,1
LN0000208,1,2022-06,90DPD,95,2022-06,ServicerA,SERVICER_FEED,1
LN0000209,7,2022-09,Prepaid,0,2022-09,ServicerD,SERVICER_FEED,1
LN0000210,6,2022-11,60DPD,65,2022-11,ServicerB,SERVICER_FEED,1
LN0000211,6,2021-11,60DPD,65,2021-11,ServicerD,SERVICER_FEED,1
LN0000212,1,2022-03,60DPD,65,2022-03,ServicerD,SERVICER_FEED,1
LN0000213,6,2020-07,Default,120,2020-07,ServicerD,SERVICER_FEED,1
LN0000214,10,2022-09,30DPD,35,2022-09,ServicerC,SERVICER_FEED,1
LN0000215,6,2020-12,Prepaid,0,2020-12,ServicerD,SERVICER_FEED,1
LN0000216,2,2022-02,30DPD,35,2022-02,ServicerD,SERVICER_FEED,1
LN0000217,33,2021-06,90DPD,95,2021-06,ServicerD,SERVICER_FEED,1
LN0000218,4,2019-10,30DPD,35,2019-10,ServicerA,SERVICER_FEED,1
LN0000219,14,2020-03,90DPD,95,2020-03,ServicerD,SERVICER_FEED,1
LN0000219,27,2021-04,30DPD,35,2021-04,ServicerB,SERVICER_FEED,1
LN0000220,6,2020-07,Default,120,2020-07,ServicerC,SERVICER_FEED,1
LN0000221,10,2022-11,90DPD,95,2022-11,ServicerD,SERVICER_FEED,1
LN0000222,13,2019-08,60DPD,65,2019-08,ServicerD,SERVICER_FEED,1
LN0000222,28,2020-11,90DPD,95,2020-11,ServicerC,SERVICER_FEED,1
LN0000223,2,2021-10,Closed,0,2021-10,ServicerD,SERVICER_FEED,1
LN0000224,31,2024-09,Prepaid,0,2024-09,ServicerD,SERVICER_FEED,1
LN0000225,6,2021-11,Closed,0,2021-11,ServicerA,SERVICER_FEED,1
LN0000226,4,2021-07,90DPD,95,2021-07,ServicerA,SERVICER_FEED,1
LN0000227,19,2020-04,60DPD,65,2020-04,ServicerB,SERVICER_FEED,1
LN0000227,10,2019-07,Closed,0,2019-07,ServicerB,SERVICER_FEED,1
LN0000228,8,2021-09,Prepaid,0,2021-09,ServicerC,SERVICER_FEED,1
LN0000229,7,2019-09,Default,120,2019-09,ServicerB,SERVICER_FEED,1
LN0000230,3,2019-06,Closed,0,2019-06,ServicerC,SERVICER_FEED,1
LN0000231,3,2022-07,Closed,0,2022-07,ServicerB,SERVICER_FEED,1
LN0000232,6,2021-07,90DPD,95,2021-07,ServicerA,SERVICER_FEED,1
LN0000233,8,2023-08,Current,0,2023-08,ServicerC,SERVICER_FEED,1
LN0000234,7,2020-11,90DPD,95,2020-11,ServicerC,SERVICER_FEED,1
LN0000235,1,2019-11,90DPD,95,2019-11,ServicerB,SERVICER_FEED,1
LN0000236,5,2023-05,Default,120,2023-05,ServicerA,SERVICER_FEED,1
LN0000237,5,2021-07,30DPD,35,2021-07,ServicerC,SERVICER_FEED,1
LN0000238,1,2022-05,30DPD,35,2022-05,ServicerC,SERVICER_FEED,1
LN0000239,15,2019-06,Closed,0,2019-06,ServicerC,SERVICER_FEED,1
LN0000239,19,2019-10,Prepaid,0,2019-10,ServicerA,SERVICER_FEED,1
LN0000240,9,2021-05,60DPD,65,2021-05,ServicerC,SERVICER_FEED,1
LN0000241,2,2022-03,Default,120,2022-03,ServicerB,SERVICER_FEED,1
LN0000242,10,2022-11,90DPD,95,2022-11,ServicerD,SERVICER_FEED,1
LN0000243,36,2024-07,Default,120,2024-07,ServicerD,SERVICER_FEED,1
LN0000244,2,2018-12,Current,0,2018-12,ServicerC,SERVICER_FEED,1
LN0000245,2,2020-11,30DPD,35,2020-11,ServicerB,SERVICER_FEED,1
LN0000246,1,2018-08,Closed,0,2018-08,ServicerA,SERVICER_FEED,1
LN0000247,4,2022-05,30DPD,35,2022-05,ServicerB,SERVICER_FEED,1
LN0000248,8,2021-10,Default,120,2021-10,ServicerB,SERVICER_FEED,1
LN0000249,20,2020-08,30DPD,35,2020-08,ServicerD,SERVICER_FEED,1
LN0000249,36,2021-12,30DPD,35,2021-12,ServicerD,SERVICER_FEED,1
LN0000250,7,2022-03,90DPD,95,2022-03,ServicerB,SERVICER_FEED,1
LN0000251,9,2022-05,30DPD,35,2022-05,ServicerB,SERVICER_FEED,1
LN0000252,10,2019-02,90DPD,95,2019-02,ServicerB,SERVICER_FEED,1
LN0000253,9,2019-03,60DPD,65,2019-03,ServicerC,SERVICER_FEED,1
LN0000254,9,2019-10,Prepaid,0,2019-10,ServicerB,SERVICER_FEED,1
LN0000255,4,2018-09,60DPD,65,2018-09,ServicerA,SERVICER_FEED,1
LN0000256,2,2020-11,Closed,0,2020-11,ServicerA,SERVICER_FEED,1
LN0000257,3,2022-08,90DPD,95,2022-08,ServicerD,SERVICER_FEED,1
LN0000258,4,2018-08,Closed,0,2018-08,ServicerC,SERVICER_FEED,1
LN0000259,1,2021-02,Closed,0,2021-02,ServicerD,SERVICER_FEED,1
LN0000260,39,2023-05,30DPD,35,2023-05,ServicerB,SERVICER_FEED,1
LN0000260,8,2020-10,90DPD,95,2020-10,ServicerC,SERVICER_FEED,1
LN0000261,7,2022-10,30DPD,35,2022-10,ServicerC,SERVICER_FEED,1
LN0000262,3,2020-08,90DPD,95,2020-08,ServicerD,SERVICER_FEED,1
LN0000263,21,2023-02,Default,120,2023-02,ServicerD,SERVICER_FEED,1
LN0000264,2,2022-10,Default,120,2022-10,ServicerC,SERVICER_FEED,1
LN0000265,6,2019-03,Prepaid,0,2019-03,ServicerA,SERVICER_FEED,1
LN0000266,4,2019-11,60DPD,65,2019-11,ServicerB,SERVICER_FEED,1
LN0000267,5,2019-10,90DPD,95,2019-10,ServicerA,SERVICER_FEED,1
LN0000268,14,2020-01,Prepaid,0,2020-01,ServicerB,SERVICER_FEED,1
LN0000269,4,2021-07,90DPD,95,2021-07,ServicerB,SERVICER_FEED,1
LN0000270,26,2020-03,Default,120,2020-03,ServicerC,SERVICER_FEED,1
LN0000270,38,2021-03,90DPD,95,2021-03,ServicerB,SERVICER_FEED,1
LN0000271,9,2020-09,60DPD,65,2020-09,ServicerB,SERVICER_FEED,1
LN0000272,3,2018-11,30DPD,35,2018-11,ServicerC,SERVICER_FEED,1
LN0000273,1,2021-02,Closed,0,2021-02,ServicerB,SERVICER_FEED,1
LN0000274,37,2024-11,90DPD,95,2024-11,ServicerD,SERVICER_FEED,1
LN0000275,6,2020-11,Prepaid,0,2020-11,ServicerD,SERVICER_FEED,1
LN0000276,8,2020-11,Default,120,2020-11,ServicerB,SERVICER_FEED,1
LN0000277,6,2020-09,Current,0,2020-09,ServicerB,SERVICER_FEED,1
LN0000278,8,2019-08,Prepaid,0,2019-08,ServicerC,SERVICER_FEED,1
LN0000279,35,2022-10,Default,120,2022-10,ServicerC,SERVICER_FEED,1
LN0000279,14,2021-01,60DPD,65,2021-01,ServicerD,SERVICER_FEED,1
LN0000280,9,2023-05,30DPD,35,2023-05,ServicerA,SERVICER_FEED,1
LN0000281,18,2019-09,90DPD,95,2019-09,ServicerC,SERVICER_FEED,1
LN0000282,5,2022-05,90DPD,95,2022-05,ServicerD,SERVICER_FEED,1
LN0000283,2,2018-12,Current,0,2018-12,ServicerC,SERVICER_FEED,1
LN0000284,1,2018-08,60DPD,65,2018-08,ServicerB,SERVICER_FEED,1
LN0000285,11,2020-05,Closed,0,2020-05,ServicerA,SERVICER_FEED,1
LN0000286,7,2019-12,30DPD,35,2019-12,ServicerB,SERVICER_FEED,1
LN0000287,25,2021-09,90DPD,95,2021-09,ServicerB,SERVICER_FEED,1
LN0000288,4,2022-07,60DPD,65,2022-07,ServicerB,SERVICER_FEED,1
LN0000289,12,2023-07,60DPD,65,2023-07,ServicerC,SERVICER_FEED,1
LN0000289,20,2024-03,Closed,0,2024-03,ServicerD,SERVICER_FEED,1
LN0000290,3,2021-09,90DPD,95,2021-09,ServicerD,SERVICER_FEED,1
LN0000291,4,2019-01,90DPD,95,2019-01,ServicerA,SERVICER_FEED,1
LN0000292,3,2022-12,30DPD,35,2022-12,ServicerA,SERVICER_FEED,1
LN0000293,5,2022-08,90DPD,95,2022-08,ServicerA,SERVICER_FEED,1
LN0000294,14,2019-07,Prepaid,0,2019-07,ServicerC,SERVICER_FEED,1
LN0000295,5,2020-05,90DPD,95,2020-05,ServicerB,SERVICER_FEED,1
LN0000296,7,2022-06,30DPD,35,2022-06,ServicerC,SERVICER_FEED,1
LN0000297,5,2018-11,90DPD,95,2018-11,ServicerB,SERVICER_FEED,1
LN0000298,27,2020-08,Default,120,2020-08,ServicerD,SERVICER_FEED,1
LN0000299,3,2021-04,Closed,0,2021-04,ServicerD,SERVICER_FEED,1
LN0000300,6,2020-03,Prepaid,0,2020-03,ServicerC,SERVICER_FEED,1
LN0000301,13,2021-04,Closed,0,2021-04,ServicerC,SERVICER_FEED,1
LN0000302,37,2024-11,60DPD,65,2024-11,ServicerC,SERVICER_FEED,1
LN0000302,9,2022-07,30DPD,35,2022-07,ServicerA,SERVICER_FEED,1
LN0000303,8,2021-05,Closed,0,2021-05,ServicerD,SERVICER_FEED,1
LN0000304,9,2022-04,30DPD,35,2022-04,ServicerD,SERVICER_FEED,1
LN0000305,7,2019-03,60DPD,65,2019-03,ServicerB,SERVICER_FEED,1
LN0000306,2,2018-03,Prepaid,0,2018-03,ServicerD,SERVICER_FEED,1
LN0000307,28,2021-08,Closed,0,2021-08,ServicerB,SERVICER_FEED,1
LN0000307,18,2020-10,90DPD,95,2020-10,ServicerA,SERVICER_FEED,1
LN0000308,9,2019-10,Default,120,2019-10,ServicerA,SERVICER_FEED,1
LN0000309,4,2019-12,Current,0,2019-12,ServicerB,SERVICER_FEED,1
LN0000310,21,2023-08,Prepaid,0,2023-08,ServicerB,SERVICER_FEED,1
LN0000311,9,2019-07,Prepaid,0,2019-07,ServicerC,SERVICER_FEED,1
LN0000311,10,2019-08,30DPD,35,2019-08,ServicerB,SERVICER_FEED,1
LN0000312,16,2019-12,Closed,0,2019-12,ServicerB,SERVICER_FEED,1
LN0000313,6,2019-07,Prepaid,0,2019-07,ServicerA,SERVICER_FEED,1
LN0000314,2,2019-10,Closed,0,2019-10,ServicerB,SERVICER_FEED,1
LN0000315,1,2019-01,60DPD,65,2019-01,ServicerC,SERVICER_FEED,1
LN0000316,8,2019-08,Closed,0,2019-08,ServicerB,SERVICER_FEED,1
LN0000317,7,2021-06,Default,120,2021-06,ServicerB,SERVICER_FEED,1
LN0000318,3,2018-10,30DPD,35,2018-10,ServicerC,SERVICER_FEED,1
LN0000319,9,2019-07,30DPD,35,2019-07,ServicerC,SERVICER_FEED,1
LN0000320,6,2022-09,Current,0,2022-09,ServicerB,SERVICER_FEED,1
LN0000321,4,2018-06,Current,0,2018-06,ServicerC,SERVICER_FEED,1
LN0000322,7,2018-11,30DPD,35,2018-11,ServicerA,SERVICER_FEED,1
LN0000323,9,2019-02,90DPD,95,2019-02,ServicerA,SERVICER_FEED,1
LN0000324,4,2021-01,Prepaid,0,2021-01,ServicerB,SERVICER_FEED,1
LN0000325,2,2021-08,90DPD,95,2021-08,ServicerA,SERVICER_FEED,1
LN0000326,7,2022-01,30DPD,35,2022-01,ServicerD,SERVICER_FEED,1
LN0000327,1,2021-07,60DPD,65,2021-07,ServicerA,SERVICER_FEED,1
LN0000328,5,2018-09,30DPD,35,2018-09,ServicerC,SERVICER_FEED,1
LN0000329,4,2020-01,Prepaid,0,2020-01,ServicerA,SERVICER_FEED,1
LN0000330,10,2022-01,30DPD,35,2022-01,ServicerA,SERVICER_FEED,1
LN0000331,7,2021-12,30DPD,35,2021-12,ServicerB,SERVICER_FEED,1
LN0000332,12,2020-09,Closed,0,2020-09,ServicerC,SERVICER_FEED,1
LN0000332,2,2019-11,30DPD,35,2019-11,ServicerC,SERVICER_FEED,1
LN0000333,2,2022-05,90DPD,95,2022-05,ServicerD,SERVICER_FEED,1
LN0000334,4,2022-07,90DPD,95,2022-07,ServicerD,SERVICER_FEED,1
LN0000335,3,2022-01,Closed,0,2022-01,ServicerC,SERVICER_FEED,1
LN0000336,4,2022-04,Closed,0,2022-04,ServicerB,SERVICER_FEED,1
LN0000337,1,2022-12,Prepaid,0,2022-12,ServicerD,SERVICER_FEED,1
LN0000338,2,2022-02,90DPD,95,2022-02,ServicerC,SERVICER_FEED,1
LN0000339,32,2023-08,60DPD,65,2023-08,ServicerC,SERVICER_FEED,1
LN0000339,6,2021-06,Default,120,2021-06,ServicerB,SERVICER_FEED,1
LN0000340,5,2020-05,Current,0,2020-05,ServicerA,SERVICER_FEED,1
LN0000341,16,2021-02,60DPD,65,2021-02,ServicerB,SERVICER_FEED,1
LN0000342,1,2022-03,Default,120,2022-03,ServicerA,SERVICER_FEED,1
LN0000343,13,2020-07,60DPD,65,2020-07,ServicerC,SERVICER_FEED,1
LN0000344,1,2021-03,Default,120,2021-03,ServicerB,SERVICER_FEED,1
LN0000345,12,2021-07,Closed,0,2021-07,ServicerC,SERVICER_FEED,1
LN0000346,7,2020-06,30DPD,35,2020-06,ServicerD,SERVICER_FEED,1
LN0000347,9,2021-01,30DPD,35,2021-01,ServicerB,SERVICER_FEED,1
LN0000348,24,2020-05,60DPD,65,2020-05,ServicerD,SERVICER_FEED,1
LN0000349,7,2022-02,Default,120,2022-02,ServicerD,SERVICER_FEED,1
LN0000350,9,2019-02,Default,120,2019-02,ServicerB,SERVICER_FEED,1
LN0000351,2,2018-07,60DPD,65,2018-07,ServicerD,SERVICER_FEED,1
LN0000352,1,2019-05,30DPD,35,2019-05,ServicerA,SERVICER_FEED,1
LN0000353,30,2023-02,Closed,0,2023-02,ServicerB,SERVICER_FEED,1
LN0000354,15,2020-10,Closed,0,2020-10,ServicerA,SERVICER_FEED,1
LN0000355,2,2022-07,Prepaid,0,2022-07,ServicerB,SERVICER_FEED,1
LN0000356,4,2022-12,Closed,0,2022-12,ServicerC,SERVICER_FEED,1
LN0000357,4,2020-04,90DPD,95,2020-04,ServicerB,SERVICER_FEED,1
LN0000358,3,2023-03,Prepaid,0,2023-03,ServicerD,SERVICER_FEED,1
LN0000359,1,2018-07,Default,120,2018-07,ServicerC,SERVICER_FEED,1
LN0000360,7,2019-04,30DPD,35,2019-04,ServicerC,SERVICER_FEED,1
LN0000361,19,2021-04,30DPD,35,2021-04,ServicerB,SERVICER_FEED,1
LN0000362,1,2022-10,Prepaid,0,2022-10,ServicerD,SERVICER_FEED,1
LN0000363,21,2022-04,Prepaid,0,2022-04,ServicerA,SERVICER_FEED,1
LN0000364,21,2023-04,Closed,0,2023-04,ServicerD,SERVICER_FEED,1
LN0000365,10,2022-02,60DPD,65,2022-02,ServicerC,SERVICER_FEED,1
LN0000366,8,2021-02,Closed,0,2021-02,ServicerB,SERVICER_FEED,1
LN0000366,6,2020-12,Default,120,2020-12,ServicerC,SERVICER_FEED,1
LN0000367,14,2023-10,Prepaid,0,2023-10,ServicerD,SERVICER_FEED,1
LN0000368,6,2023-04,90DPD,95,2023-04,ServicerD,SERVICER_FEED,1
LN0000369,24,2022-03,60DPD,65,2022-03,ServicerC,SERVICER_FEED,1
LN0000370,7,2022-02,Current,0,2022-02,ServicerD,SERVICER_FEED,1
LN0000371,13,2022-03,Prepaid,0,2022-03,ServicerA,SERVICER_FEED,1
LN0000372,3,2021-03,Default,120,2021-03,ServicerA,SERVICER_FEED,1
LN0000373,1,2018-08,30DPD,35,2018-08,ServicerB,SERVICER_FEED,1
LN0000374,2,2019-03,Prepaid,0,2019-03,ServicerA,SERVICER_FEED,1
LN0000375,2,2023-02,Default,120,2023-02,ServicerB,SERVICER_FEED,1
LN0000376,2,2019-05,Prepaid,0,2019-05,ServicerB,SERVICER_FEED,1
LN0000377,3,2021-07,Closed,0,2021-07,ServicerB,SERVICER_FEED,1
LN0000378,27,2024-10,90DPD,95,2024-10,ServicerA,SERVICER_FEED,1
LN0000378,13,2023-08,Default,120,2023-08,ServicerD,SERVICER_FEED,1
LN0000379,14,2022-03,Prepaid,0,2022-03,ServicerD,SERVICER_FEED,1
LN0000380,10,2019-11,60DPD,65,2019-11,ServicerC,SERVICER_FEED,1
LN0000381,1,2022-05,60DPD,65,2022-05,ServicerC,SERVICER_FEED,1
LN0000381,21,2024-01,Prepaid,0,2024-01,ServicerA,SERVICER_FEED,1
LN0000382,3,2018-05,Prepaid,0,2018-05,ServicerC,SERVICER_FEED,1
LN0000383,36,2024-08,30DPD,35,2024-08,ServicerA,SERVICER_FEED,1
LN0000383,18,2023-02,Prepaid,0,2023-02,ServicerB,SERVICER_FEED,1
LN0000384,10,2020-03,60DPD,65,2020-03,ServicerB,SERVICER_FEED,1
LN0000384,36,2022-05,60DPD,65,2022-05,ServicerD,SERVICER_FEED,1
LN0000385,2,2021-05,60DPD,65,2021-05,ServicerD,SERVICER_FEED,1
LN0000386,14,2021-07,Default,120,2021-07,ServicerA,SERVICER_FEED,1
LN0000387,17,2022-04,60DPD,65,2022-04,ServicerD,SERVICER_FEED,1
LN0000387,25,2022-12,Default,120,2022-12,ServicerD,SERVICER_FEED,1
LN0000388,8,2020-07,60DPD,65,2020-07,ServicerB,SERVICER_FEED,1
LN0000389,15,2021-11,Prepaid,0,2021-11,ServicerB,SERVICER_FEED,1
LN0000390,7,2023-04,90DPD,95,2023-04,ServicerB,SERVICER_FEED,1
LN0000391,25,2024-03,Prepaid,0,2024-03,ServicerD,SERVICER_FEED,1
LN0000392,1,2020-03,90DPD,95,2020-03,ServicerD,SERVICER_FEED,1
LN0000393,7,2023-04,30DPD,35,2023-04,ServicerC,SERVICER_FEED,1
LN0000394,4,2022-10,90DPD,95,2022-10,ServicerB,SERVICER_FEED,1
LN0000395,7,2021-09,Prepaid,0,2021-09,ServicerC,SERVICER_FEED,1
LN0000396,1,2021-01,Default,120,2021-01,ServicerB,SERVICER_FEED,1
LN0000397,1,2018-04,60DPD,65,2018-04,ServicerB,SERVICER_FEED,1
LN0000398,9,2021-05,30DPD,35,2021-05,ServicerD,SERVICER_FEED,1
LN0000399,2,2019-03,Default,120,2019-03,ServicerA,SERVICER_FEED,1
LN0000400,3,2019-01,90DPD,95,2019-01,ServicerD,SERVICER_FEED,1
LN0000401,20,2023-12,Prepaid,0,2023-12,ServicerC,SERVICER_FEED,1
LN0000402,9,2020-02,30DPD,35,2020-02,ServicerB,SERVICER_FEED,1
LN0000402,3,2019-08,90DPD,95,2019-08,ServicerC,SERVICER_FEED,1
LN0000403,10,2021-11,Default,120,2021-11,ServicerD,SERVICER_FEED,1
LN0000404,4,2022-09,60DPD,65,2022-09,ServicerB,SERVICER_FEED,1
LN0000405,1,2021-01,Closed,0,2021-01,ServicerC,SERVICER_FEED,1
LN0000406,13,2022-12,Current,0,2022-12,ServicerB,SERVICER_FEED,1
LN0000407,2,2022-01,60DPD,65,2022-01,ServicerD,SERVICER_FEED,1
LN0000408,11,2021-02,60DPD,65,2021-02,ServicerC,SERVICER_FEED,1
LN0000409,2,2022-10,Prepaid,0,2022-10,ServicerA,SERVICER_FEED,1
LN0000410,3,2022-10,Prepaid,0,2022-10,ServicerA,SERVICER_FEED,1
LN0000411,2,2019-11,Prepaid,0,2019-11,ServicerB,SERVICER_FEED,1
LN0000412,3,2022-05,30DPD,35,2022-05,ServicerD,SERVICER_FEED,1
LN0000413,3,2019-03,60DPD,65,2019-03,ServicerA,SERVICER_FEED,1
LN0000414,10,2019-05,Prepaid,0,2019-05,ServicerD,SERVICER_FEED,1
LN0000415,1,2020-09,90DPD,95,2020-09,ServicerA,SERVICER_FEED,1
LN0000416,4,2021-05,Default,120,2021-05,ServicerA,SERVICER_FEED,1
LN0000417,25,2022-12,30DPD,35,2022-12,ServicerA,SERVICER_FEED,1
LN0000418,6,2022-06,60DPD,65,2022-06,ServicerC,SERVICER_FEED,1
LN0000419,5,2020-05,90DPD,95,2020-05,ServicerC,SERVICER_FEED,1
LN0000420,4,2022-05,Default,120,2022-05,ServicerC,SERVICER_FEED,1
LN0000421,10,2023-05,Prepaid,0,2023-05,ServicerB,SERVICER_FEED,1
LN0000421,5,2022-12,30DPD,35,2022-12,ServicerB,SERVICER_FEED,1
LN0000422,22,2020-04,Default,120,2020-04,ServicerD,SERVICER_FEED,1
LN0000423,6,2020-09,Current,0,2020-09,ServicerC,SERVICER_FEED,1
LN0000424,5,2019-07,90DPD,95,2019-07,ServicerD,SERVICER_FEED,1
LN0000425,5,2021-09,90DPD,95,2021-09,ServicerD,SERVICER_FEED,1
LN0000426,25,2022-02,Closed,0,2022-02,ServicerC,SERVICER_FEED,1
LN0000427,2,2019-07,Prepaid,0,2019-07,ServicerC,SERVICER_FEED,1
LN0000428,6,2019-10,Current,0,2019-10,ServicerA,SERVICER_FEED,1
LN0000429,4,2020-02,Prepaid,0,2020-02,ServicerA,SERVICER_FEED,1
LN0000430,9,2019-04,Prepaid,0,2019-04,ServicerB,SERVICER_FEED,1
LN0000430,24,2020-07,90DPD,95,2020-07,ServicerC,SERVICER_FEED,1
LN0000431,28,2020-11,90DPD,95,2020-11,ServicerA,SERVICER_FEED,1
LN0000432,37,2024-03,30DPD,35,2024-03,ServicerD,SERVICER_FEED,1
LN0000432,21,2022-11,30DPD,35,2022-11,ServicerC,SERVICER_FEED,1
LN0000433,12,2023-09,60DPD,65,2023-09,ServicerA,SERVICER_FEED,1
LN0000434,4,2020-11,30DPD,35,2020-11,ServicerC,SERVICER_FEED,1
LN0000435,3,2022-11,Prepaid,0,2022-11,ServicerC,SERVICER_FEED,1
LN0000436,1,2018-11,60DPD,65,2018-11,ServicerC,SERVICER_FEED,1
LN0000437,1,2022-12,90DPD,95,2022-12,ServicerA,SERVICER_FEED,1
LN0000438,4,2021-04,60DPD,65,2021-04,ServicerA,SERVICER_FEED,1
LN0000439,5,2022-02,Current,0,2022-02,ServicerB,SERVICER_FEED,1
LN0000440,9,2019-01,30DPD,35,2019-01,ServicerD,SERVICER_FEED,1
LN0000441,18,2022-07,Prepaid,0,2022-07,ServicerC,SERVICER_FEED,1
LN0000442,10,2020-10,Closed,0,2020-10,ServicerD,SERVICER_FEED,1
LN0000443,4,2022-10,30DPD,35,2022-10,ServicerB,SERVICER_FEED,1
LN0000444,1,2022-01,Prepaid,0,2022-01,ServicerD,SERVICER_FEED,1
LN0000445,3,2022-07,Prepaid,0,2022-07,ServicerD,SERVICER_FEED,1
LN0000446,7,2023-01,Default,120,2023-01,ServicerC,SERVICER_FEED,1
LN0000447,9,2022-05,30DPD,35,2022-05,ServicerD,SERVICER_FEED,1
LN0000448,5,2019-08,Closed,0,2019-08,ServicerB,SERVICER_FEED,1
LN0000449,7,2020-01,60DPD,65,2020-01,ServicerB,SERVICER_FEED,1
LN0000450,20,2023-12,Closed,0,2023-12,ServicerB,SERVICER_FEED,1
LN0000451,4,2021-05,Closed,0,2021-05,ServicerD,SERVICER_FEED,1
LN0000452,3,2022-09,30DPD,35,2022-09,ServicerD,SERVICER_FEED,1
LN0000453,3,2022-03,Default,120,2022-03,ServicerD,SERVICER_FEED,1
LN0000454,1,2021-02,Prepaid,0,2021-02,ServicerA,SERVICER_FEED,1
LN0000455,5,2019-03,60DPD,65,2019-03,ServicerD,SERVICER_FEED,1
LN0000456,3,2023-02,Prepaid,0,2023-02,ServicerB,SERVICER_FEED,1
LN0000457,4,2019-07,60DPD,65,2019-07,ServicerD,SERVICER_FEED,1
LN0000458,6,2019-09,Closed,0,2019-09,ServicerA,SERVICER_FEED,1
LN0000459,5,2019-02,Prepaid,0,2019-02,ServicerB,SERVICER_FEED,1
LN0000460,5,2018-10,90DPD,95,2018-10,ServicerA,SERVICER_FEED,1
LN0000461,10,2020-09,Current,0,2020-09,ServicerB,SERVICER_FEED,1
LN0000462,6,2022-09,Prepaid,0,2022-09,ServicerB,SERVICER_FEED,1
LN0000463,1,2022-05,30DPD,35,2022-05,ServicerB,SERVICER_FEED,1
LN0000464,4,2020-10,Prepaid,0,2020-10,ServicerC,SERVICER_FEED,1
LN0000465,18,2021-01,90DPD,95,2021-01,ServicerA,SERVICER_FEED,1
LN0000466,5,2020-02,30DPD,35,2020-02,ServicerC,SERVICER_FEED,1
LN0000467,4,2022-12,60DPD,65,2022-12,ServicerA,SERVICER_FEED,1
LN0000468,18,2019-10,30DPD,35,2019-10,ServicerA,SERVICER_FEED,1
LN0000468,1,2018-05,Default,120,2018-05,ServicerB,SERVICER_FEED,1
LN0000469,14,2019-06,Default,120,2019-06,ServicerA,SERVICER_FEED,1
LN0000470,1,2018-05,Prepaid,0,2018-05,ServicerC,SERVICER_FEED,1
LN0000471,6,2022-12,90DPD,95,2022-12,ServicerB,SERVICER_FEED,1
LN0000472,19,2020-01,Default,120,2020-01,ServicerA,SERVICER_FEED,1
LN0000472,3,2018-09,Default,120,2018-09,ServicerB,SERVICER_FEED,1
LN0000473,6,2023-03,Prepaid,0,2023-03,ServicerB,SERVICER_FEED,1
LN0000474,4,2019-04,Current,0,2019-04,ServicerC,SERVICER_FEED,1
LN0000475,8,2021-05,Prepaid,0,2021-05,ServicerA,SERVICER_FEED,1
LN0000476,4,2023-03,60DPD,65,2023-03,ServicerA,SERVICER_FEED,1
LN0000477,1,2018-08,90DPD,95,2018-08,ServicerC,SERVICER_FEED,1
LN0000478,9,2020-02,30DPD,35,2020-02,ServicerB,SERVICER_FEED,1
LN0000479,10,2022-06,Current,0,2022-06,ServicerA,SERVICER_FEED,1
LN0000480,11,2022-12,60DPD,65,2022-12,ServicerA,SERVICER_FEED,1
LN0000481,19,2024-02,90DPD,95,2024-02,ServicerA,SERVICER_FEED,1
LN0000481,17,2023-12,Default,120,2023-12,ServicerD,SERVICER_FEED,1
LN0000482,3,2018-05,Closed,0,2018-05,ServicerD,SERVICER_FEED,1
LN0000483,2,2022-01,60DPD,65,2022-01,ServicerB,SERVICER_FEED,1
LN0000484,13,2020-09,Closed,0,2020-09,ServicerC,SERVICER_FEED,1
LN0000485,13,2021-11,Current,0,2021-11,ServicerC,SERVICER_FEED,1
LN0000486,9,2023-04,90DPD,95,2023-04,ServicerB,SERVICER_FEED,1
LN0000487,21,2024-04,Prepaid,0,2024-04,ServicerC,SERVICER_FEED,1
LN0000488,20,2020-08,Prepaid,0,2020-08,ServicerB,SERVICER_FEED,1
LN0000489,2,2020-07,Prepaid,0,2020-07,ServicerB,SERVICER_FEED,1
LN0000490,3,2019-09,Closed,0,2019-09,ServicerA,SERVICER_FEED,1
LN0000491,5,2021-06,Default,120,2021-06,ServicerD,SERVICER_FEED,1
LN0000492,19,2023-09,Closed,0,2023-09,ServicerC,SERVICER_FEED,1
LN0000493,2,2019-10,Default,120,2019-10,ServicerC,SERVICER_FEED,1
LN0000494,7,2019-03,Prepaid,0,2019-03,ServicerD,SERVICER_FEED,1
LN0000495,3,2018-07,Default,120,2018-07,ServicerD,SERVICER_FEED,1
LN0000496,15,2019-07,Default,120,2019-07,ServicerC,SERVICER_FEED,1
LN0000497,12,2020-10,Prepaid,0,2020-10,ServicerD,SERVICER_FEED,1
LN0000498,2,2022-12,30DPD,35,2022-12,ServicerC,SERVICER_FEED,1
LN0000499,5,2019-09,90DPD,95,2019-09,ServicerD,SERVICER_FEED,1
LN0000500,3,2020-04,30DPD,35,2020-04,ServicerA,SERVICER_FEED,1
LN0000501,30,2023-11,90DPD,95,2023-11,ServicerB,SERVICER_FEED,1
LN0000502,1,2021-05,90DPD,95,2021-05,ServicerB,SERVICER_FEED,1
LN0000503,7,2019-12,Closed,0,2019-12,ServicerD,SERVICER_FEED,1
LN0000503,31,2021-12,90DPD,95,2021-12,ServicerC,SERVICER_FEED,1
LN0000504,3,2018-11,Prepaid,0,2018-11,ServicerA,SERVICER_FEED,1
LN0000505,6,2019-04,Prepaid,0,2019-04,ServicerC,SERVICER_FEED,1
LN0000506,4,2019-06,30DPD,35,2019-06,ServicerB,SERVICER_FEED,1
LN0000507,11,2019-05,60DPD,65,2019-05,ServicerD,SERVICER_FEED,1
LN0000508,1,2020-05,Prepaid,0,2020-05,ServicerA,SERVICER_FEED,1
LN0000508,7,2020-11,Prepaid,0,2020-11,ServicerC,SERVICER_FEED,1
LN0000509,5,2021-08,90DPD,95,2021-08,ServicerD,SERVICER_FEED,1
LN0000510,6,2021-11,30DPD,35,2021-11,ServicerB,SERVICER_FEED,1
LN0000511,1,2022-08,30DPD,35,2022-08,ServicerC,SERVICER_FEED,1
LN0000512,6,2019-12,Prepaid,0,2019-12,ServicerB,SERVICER_FEED,1
LN0000513,14,2022-06,Closed,0,2022-06,ServicerC,SERVICER_FEED,1
LN0000514,8,2023-02,30DPD,35,2023-02,ServicerA,SERVICER_FEED,1
LN0000515,17,2019-07,90DPD,95,2019-07,ServicerA,SERVICER_FEED,1
LN0000516,34,2024-09,60DPD,65,2024-09,ServicerD,SERVICER_FEED,1
LN0000516,31,2024-06,Closed,0,2024-06,ServicerA,SERVICER_FEED,1
LN0000517,3,2018-09,90DPD,95,2018-09,ServicerD,SERVICER_FEED,1
LN0000518,6,2021-04,90DPD,95,2021-04,ServicerB,SERVICER_FEED,1
LN0000519,10,2022-12,60DPD,65,2022-12,ServicerC,SERVICER_FEED,1
LN0000520,15,2021-07,60DPD,65,2021-07,ServicerC,SERVICER_FEED,1
LN0000521,1,2020-11,Closed,0,2020-11,ServicerB,SERVICER_FEED,1
LN0000522,1,2021-03,90DPD,95,2021-03,ServicerB,SERVICER_FEED,1
LN0000523,6,2021-05,60DPD,65,2021-05,ServicerD,SERVICER_FEED,1
LN0000524,7,2022-03,60DPD,65,2022-03,ServicerC,SERVICER_FEED,1
LN0000525,5,2022-09,Default,120,2022-09,ServicerC,SERVICER_FEED,1
LN0000526,10,2019-07,Prepaid,0,2019-07,ServicerB,SERVICER_FEED,1
LN0000527,2,2020-03,90DPD,95,2020-03,ServicerC,SERVICER_FEED,1
LN0000528,2,2022-06,30DPD,35,2022-06,ServicerB,SERVICER_FEED,1
LN0000529,13,2020-12,Default,120,2020-12,ServicerB,SERVICER_FEED,1
LN0000530,6,2020-12,Default,120,2020-12,ServicerA,SERVICER_FEED,1
LN0000531,3,2021-12,30DPD,35,2021-12,ServicerA,SERVICER_FEED,1
LN0000532,2,2022-11,90DPD,95,2022-11,ServicerC,SERVICER_FEED,1
LN0000533,8,2019-12,30DPD,35,2019-12,ServicerB,SERVICER_FEED,1
LN0000534,6,2023-04,90DPD,95,2023-04,ServicerA,SERVICER_FEED,1
LN0000535,9,2022-04,Current,0,2022-04,ServicerD,SERVICER_FEED,1
LN0000536,9,2018-11,30DPD,35,2018-11,ServicerA,SERVICER_FEED,1
LN0000537,16,2023-08,30DPD,35,2023-08,ServicerB,SERVICER_FEED,1
LN0000538,6,2020-06,60DPD,65,2020-06,ServicerA,SERVICER_FEED,1
LN0000539,16,2020-09,60DPD,65,2020-09,ServicerD,SERVICER_FEED,1
LN0000540,6,2021-02,30DPD,35,2021-02,ServicerD,SERVICER_FEED,1
LN0000541,7,2021-06,Prepaid,0,2021-06,ServicerD,SERVICER_FEED,1
LN0000542,3,2020-12,30DPD,35,2020-12,ServicerD,SERVICER_FEED,1
LN0000543,3,2018-07,60DPD,65,2018-07,ServicerC,SERVICER_FEED,1
LN0000544,2,2022-04,60DPD,65,2022-04,ServicerD,SERVICER_FEED,1
LN0000545,4,2020-01,Default,120,2020-01,ServicerB,SERVICER_FEED,1
LN0000546,36,2021-09,30DPD,35,2021-09,ServicerC,SERVICER_FEED,1
LN0000547,8,2021-06,30DPD,35,2021-06,ServicerC,SERVICER_FEED,1
LN0000548,1,2021-03,90DPD,95,2021-03,ServicerD,SERVICER_FEED,1
LN0000549,27,2020-10,Default,120,2020-10,ServicerC,SERVICER_FEED,1
LN0000549,35,2021-06,Prepaid,0,2021-06,ServicerC,SERVICER_FEED,1
LN0000550,5,2023-02,Closed,0,2023-02,ServicerD,SERVICER_FEED,1
LN0000551,3,2021-04,30DPD,35,2021-04,ServicerC,SERVICER_FEED,1
LN0000552,1,2023-01,30DPD,35,2023-01,ServicerA,SERVICER_FEED,1
LN0000553,15,2022-08,Prepaid,0,2022-08,ServicerA,SERVICER_FEED,1
LN0000554,5,2018-06,Default,120,2018-06,ServicerA,SERVICER_FEED,1
LN0000555,1,2019-02,Closed,0,2019-02,ServicerC,SERVICER_FEED,1
LN0000556,1,2022-12,Closed,0,2022-12,ServicerA,SERVICER_FEED,1
LN0000557,22,2022-08,Closed,0,2022-08,ServicerC,SERVICER_FEED,1
LN0000558,2,2018-10,Closed,0,2018-10,ServicerA,SERVICER_FEED,1
LN0000559,10,2019-03,Closed,0,2019-03,ServicerA,SERVICER_FEED,1
LN0000559,25,2020-06,Closed,0,2020-06,ServicerD,SERVICER_FEED,1
LN0000560,3,2020-12,60DPD,65,2020-12,ServicerD,SERVICER_FEED,1
LN0000561,3,2021-03,Default,120,2021-03,ServicerC,SERVICER_FEED,1
LN0000562,3,2019-06,60DPD,65,2019-06,ServicerD,SERVICER_FEED,1
LN0000563,4,2019-04,90DPD,95,2019-04,ServicerB,SERVICER_FEED,1
LN0000564,5,2021-06,Prepaid,0,2021-06,ServicerD,SERVICER_FEED,1
LN0000565,21,2021-12,Default,120,2021-12,ServicerD,SERVICER_FEED,1
LN0000566,1,2018-04,30DPD,35,2018-04,ServicerD,SERVICER_FEED,1
LN0000567,19,2019-11,30DPD,35,2019-11,ServicerD,SERVICER_FEED,1
LN0000568,1,2019-04,60DPD,65,2019-04,ServicerA,SERVICER_FEED,1
LN0000569,1,2020-11,60DPD,65,2020-11,ServicerC,SERVICER_FEED,1
LN0000569,25,2022-11,Closed,0,2022-11,ServicerA,SERVICER_FEED,1
LN0000570,1,2019-08,Default,120,2019-08,ServicerC,SERVICER_FEED,1
LN0000571,28,2020-05,Default,120,2020-05,ServicerD,SERVICER_FEED,1
LN0000572,27,2024-10,Default,120,2024-10,ServicerB,SERVICER_FEED,1
LN0000573,4,2021-10,90DPD,95,2021-10,ServicerB,SERVICER_FEED,1
LN0000574,4,2021-04,Current,0,2021-04,ServicerB,SERVICER_FEED,1
LN0000575,6,2019-09,30DPD,35,2019-09,ServicerD,SERVICER_FEED,1
LN0000576,9,2022-04,90DPD,95,2022-04,ServicerA,SERVICER_FEED,1
LN0000577,3,2022-12,Closed,0,2022-12,ServicerB,SERVICER_FEED,1
LN0000578,11,2022-04,Prepaid,0,2022-04,ServicerA,SERVICER_FEED,1
LN0000579,7,2020-01,Prepaid,0,2020-01,ServicerD,SERVICER_FEED,1
LN0000580,6,2020-06,Closed,0,2020-06,ServicerC,SERVICER_FEED,1
LN0000581,1,2022-09,Prepaid,0,2022-09,ServicerD,SERVICER_FEED,1
LN0000582,18,2019-07,Closed,0,2019-07,ServicerB,SERVICER_FEED,1
LN0000583,25,2021-03,Current,0,2021-03,ServicerA,SERVICER_FEED,1
LN0000584,10,2019-05,60DPD,65,2019-05,ServicerD,SERVICER_FEED,1
LN0000585,6,2021-09,60DPD,65,2021-09,ServicerC,SERVICER_FEED,1
LN0000586,8,2020-12,Default,120,2020-12,ServicerB,SERVICER_FEED,1
LN0000587,20,2020-05,Closed,0,2020-05,ServicerB,SERVICER_FEED,1
LN0000587,42,2022-03,30DPD,35,2022-03,ServicerC,SERVICER_FEED,1
LN0000588,7,2023-04,30DPD,35,2023-04,ServicerA,SERVICER_FEED,1
LN0000589,19,2022-05,Prepaid,0,2022-05,ServicerB,SERVICER_FEED,1
LN0000589,1,2020-11,30DPD,35,2020-11,ServicerC,SERVICER_FEED,1
LN0000590,14,2020-05,Closed,0,2020-05,ServicerB,SERVICER_FEED,1
LN0000591,7,2023-04,90DPD,95,2023-04,ServicerD,SERVICER_FEED,1
LN0000592,7,2022-01,60DPD,65,2022-01,ServicerB,SERVICER_FEED,1
LN0000593,3,2018-11,30DPD,35,2018-11,ServicerD,SERVICER_FEED,1
LN0000594,1,2022-03,90DPD,95,2022-03,ServicerD,SERVICER_FEED,1
LN0000595,5,2018-09,Closed,0,2018-09,ServicerA,SERVICER_FEED,1
LN0000596,14,2023-09,60DPD,65,2023-09,ServicerD,SERVICER_FEED,1
LN0000597,16,2021-04,Prepaid,0,2021-04,ServicerD,SERVICER_FEED,1
LN0000598,1,2019-07,Default,120,2019-07,ServicerA,SERVICER_FEED,1
LN0000599,2,2018-06,90DPD,95,2018-06,ServicerD,SERVICER_FEED,1
LN0000600,2,2022-10,60DPD,65,2022-10,ServicerC,SERVICER_FEED,1
LN0000601,12,2021-10,Default,120,2021-10,ServicerD,SERVICER_FEED,1
LN0000602,3,2021-04,Prepaid,0,2021-04,ServicerB,SERVICER_FEED,1
LN0000603,1,2022-05,Closed,0,2022-05,ServicerD,SERVICER_FEED,1
LN0000604,10,2021-05,Current,0,2021-05,ServicerA,SERVICER_FEED,1
LN0000605,13,2020-07,60DPD,65,2020-07,ServicerD,SERVICER_FEED,1
LN0000606,6,2022-05,90DPD,95,2022-05,ServicerA,SERVICER_FEED,1
LN0000607,2,2020-10,60DPD,65,2020-10,ServicerB,SERVICER_FEED,1
LN0000608,17,2020-08,Prepaid,0,2020-08,ServicerB,SERVICER_FEED,1
LN0000609,8,2022-11,Closed,0,2022-11,ServicerC,SERVICER_FEED,1
LN0000610,3,2022-04,Default,120,2022-04,ServicerA,SERVICER_FEED,1
LN0000611,5,2019-08,Default,120,2019-08,ServicerC,SERVICER_FEED,1
LN0000612,8,2021-12,90DPD,95,2021-12,ServicerD,SERVICER_FEED,1
LN0000613,12,2023-08,Default,120,2023-08,ServicerD,SERVICER_FEED,1
LN0000614,9,2022-09,Prepaid,0,2022-09,ServicerB,SERVICER_FEED,1
LN0000615,4,2019-04,Closed,0,2019-04,ServicerD,SERVICER_FEED,1
LN0000616,9,2023-01,90DPD,95,2023-01,ServicerC,SERVICER_FEED,1
LN0000617,4,2018-08,Default,120,2018-08,ServicerA,SERVICER_FEED,1
LN0000618,3,2021-04,Closed,0,2021-04,ServicerD,SERVICER_FEED,1
LN0000619,9,2021-04,Prepaid,0,2021-04,ServicerD,SERVICER_FEED,1
LN0000620,9,2018-12,Default,120,2018-12,ServicerD,SERVICER_FEED,1
LN0000621,5,2022-01,Current,0,2022-01,ServicerA,SERVICER_FEED,1
LN0000622,2,2019-08,90DPD,95,2019-08,ServicerB,SERVICER_FEED,1
LN0000623,4,2022-08,Default,120,2022-08,ServicerD,SERVICER_FEED,1
LN0000624,7,2022-12,Closed,0,2022-12,ServicerD,SERVICER_FEED,1
LN0000625,21,2022-09,Prepaid,0,2022-09,ServicerC,SERVICER_FEED,1
LN0000626,2,2021-04,60DPD,65,2021-04,ServicerC,SERVICER_FEED,1
LN0000627,2,2018-06,Closed,0,2018-06,ServicerD,SERVICER_FEED,1
LN0000628,4,2022-10,Closed,0,2022-10,ServicerC,SERVICER_FEED,1
LN0000629,1,2021-06,30DPD,35,2021-06,ServicerB,SERVICER_FEED,1
LN0000630,10,2020-10,Default,120,2020-10,ServicerC,SERVICER_FEED,1
LN0000631,6,2018-12,90DPD,95,2018-12,ServicerB,SERVICER_FEED,1
LN0000632,5,2020-12,Prepaid,0,2020-12,ServicerD,SERVICER_FEED,1
LN0000633,3,2022-10,60DPD,65,2022-10,ServicerB,SERVICER_FEED,1
LN0000633,4,2022-11,30DPD,35,2022-11,ServicerB,SERVICER_FEED,1
LN0000634,12,2023-04,Prepaid,0,2023-04,ServicerB,SERVICER_FEED,1
LN0000635,1,2018-07,30DPD,35,2018-07,ServicerA,SERVICER_FEED,1
LN0000636,5,2022-03,90DPD,95,2022-03,ServicerA,SERVICER_FEED,1
LN0000637,4,2018-09,90DPD,95,2018-09,ServicerC,SERVICER_FEED,1
LN0000638,2,2020-01,90DPD,95,2020-01,ServicerB,SERVICER_FEED,1
LN0000639,11,2021-02,Prepaid,0,2021-02,ServicerD,SERVICER_FEED,1
LN0000640,4,2018-06,Default,120,2018-06,ServicerB,SERVICER_FEED,1
LN0000641,1,2018-10,Default,120,2018-10,ServicerB,SERVICER_FEED,1
LN0000642,15,2023-08,60DPD,65,2023-08,ServicerC,SERVICER_FEED,1
LN0000643,1,2021-03,Default,120,2021-03,ServicerB,SERVICER_FEED,1
LN0000644,5,2022-05,60DPD,65,2022-05,ServicerD,SERVICER_FEED,1
LN0000645,5,2021-04,Current,0,2021-04,ServicerB,SERVICER_FEED,1
LN0000646,6,2020-09,Default,120,2020-09,ServicerA,SERVICER_FEED,1
LN0000647,2,2018-04,60DPD,65,2018-04,ServicerD,SERVICER_FEED,1
LN0000648,22,2022-07,Default,120,2022-07,ServicerD,SERVICER_FEED,1
LN0000649,4,2022-03,30DPD,35,2022-03,ServicerD,SERVICER_FEED,1
LN0000650,3,2019-04,60DPD,65,2019-04,ServicerB,SERVICER_FEED,1
LN0000651,3,2020-09,30DPD,35,2020-09,ServicerA,SERVICER_FEED,1
LN0000652,26,2022-03,Prepaid,0,2022-03,ServicerA,SERVICER_FEED,1
LN0000653,14,2023-07,30DPD,35,2023-07,ServicerB,SERVICER_FEED,1
LN0000654,5,2019-03,90DPD,95,2019-03,ServicerA,SERVICER_FEED,1
LN0000655,15,2019-10,Prepaid,0,2019-10,ServicerD,SERVICER_FEED,1
LN0000655,32,2021-03,30DPD,35,2021-03,ServicerA,SERVICER_FEED,1
LN0000656,4,2019-05,Prepaid,0,2019-05,ServicerC,SERVICER_FEED,1
LN0000657,7,2019-05,90DPD,95,2019-05,ServicerA,SERVICER_FEED,1
LN0000658,2,2022-05,30DPD,35,2022-05,ServicerB,SERVICER_FEED,1
LN0000659,9,2020-01,30DPD,35,2020-01,ServicerD,SERVICER_FEED,1
LN0000660,11,2020-09,Default,120,2020-09,ServicerD,SERVICER_FEED,1
LN0000661,3,2019-07,Closed,0,2019-07,ServicerC,SERVICER_FEED,1
LN0000662,2,2022-03,Default,120,2022-03,ServicerA,SERVICER_FEED,1
LN0000663,3,2021-07,60DPD,65,2021-07,ServicerA,SERVICER_FEED,1
LN0000664,2,2020-07,Closed,0,2020-07,ServicerB,SERVICER_FEED,1
LN0000665,13,2023-01,Prepaid,0,2023-01,ServicerC,SERVICER_FEED,1
LN0000666,1,2018-06,60DPD,65,2018-06,ServicerD,SERVICER_FEED,1
LN0000667,4,2021-09,90DPD,95,2021-09,ServicerD,SERVICER_FEED,1
LN0000668,4,2020-02,Current,0,2020-02,ServicerC,SERVICER_FEED,1
LN0000669,3,2020-02,30DPD,35,2020-02,ServicerD,SERVICER_FEED,1
LN0000670,1,2018-11,Prepaid,0,2018-11,ServicerD,SERVICER_FEED,1
LN0000671,2,2018-08,Prepaid,0,2018-08,ServicerD,SERVICER_FEED,1
LN0000672,25,2023-07,90DPD,95,2023-07,ServicerB,SERVICER_FEED,1
LN0000673,2,2022-06,Prepaid,0,2022-06,ServicerB,SERVICER_FEED,1
LN0000674,11,2023-06,30DPD,35,2023-06,ServicerA,SERVICER_FEED,1
LN0000675,15,2020-06,Default,120,2020-06,ServicerD,SERVICER_FEED,1
LN0000676,2,2021-12,Prepaid,0,2021-12,ServicerD,SERVICER_FEED,1
LN0000677,39,2021-10,Default,120,2021-10,ServicerC,SERVICER_FEED,1
LN0000677,32,2021-03,Current,0,2021-03,ServicerB,SERVICER_FEED,1
LN0000678,6,2022-05,90DPD,95,2022-05,ServicerC,SERVICER_FEED,1
LN0000679,2,2020-12,Closed,0,2020-12,ServicerA,SERVICER_FEED,1
LN0000680,14,2023-06,Default,120,2023-06,ServicerC,SERVICER_FEED,1
LN0000680,28,2024-08,Prepaid,0,2024-08,ServicerC,SERVICER_FEED,1
LN0000681,4,2018-09,Default,120,2018-09,ServicerB,SERVICER_FEED,1
LN0000682,3,2022-02,90DPD,95,2022-02,ServicerA,SERVICER_FEED,1
LN0000683,23,2022-04,30DPD,35,2022-04,ServicerA,SERVICER_FEED,1
LN0000684,4,2021-03,90DPD,95,2021-03,ServicerC,SERVICER_FEED,1
LN0000685,6,2021-03,Prepaid,0,2021-03,ServicerA,SERVICER_FEED,1
LN0000686,29,2023-12,30DPD,35,2023-12,ServicerB,SERVICER_FEED,1
LN0000686,26,2023-09,Closed,0,2023-09,ServicerA,SERVICER_FEED,1
LN0000687,14,2022-02,Default,120,2022-02,ServicerB,SERVICER_FEED,1
LN0000688,2,2020-03,90DPD,95,2020-03,ServicerC,SERVICER_FEED,1
LN0000689,1,2020-04,Prepaid,0,2020-04,ServicerA,SERVICER_FEED,1
LN0000690,4,2018-09,Current,0,2018-09,ServicerB,SERVICER_FEED,1
LN0000691,6,2022-02,Closed,0,2022-02,ServicerA,SERVICER_FEED,1
LN0000692,8,2022-03,Closed,0,2022-03,ServicerB,SERVICER_FEED,1
LN0000693,36,2023-10,30DPD,35,2023-10,ServicerA,SERVICER_FEED,1
LN0000693,33,2023-07,Prepaid,0,2023-07,ServicerB,SERVICER_FEED,1
LN0000694,31,2024-03,Default,120,2024-03,ServicerC,SERVICER_FEED,1
LN0000694,39,2024-11,Prepaid,0,2024-11,ServicerA,SERVICER_FEED,1
LN0000695,4,2019-09,30DPD,35,2019-09,ServicerD,SERVICER_FEED,1
LN0000696,1,2019-03,Closed,0,2019-03,ServicerB,SERVICER_FEED,1
LN0000697,15,2023-11,Default,120,2023-11,ServicerA,SERVICER_FEED,1
LN0000697,35,2025-07,Prepaid,0,2025-07,ServicerC,SERVICER_FEED,1
LN0000698,12,2023-10,60DPD,65,2023-10,ServicerC,SERVICER_FEED,1
LN0000699,5,2022-09,90DPD,95,2022-09,ServicerD,SERVICER_FEED,1
LN0000700,12,2019-04,90DPD,95,2019-04,ServicerA,SERVICER_FEED,1
LN0000701,6,2021-03,Prepaid,0,2021-03,ServicerB,SERVICER_FEED,1
LN0000702,10,2022-07,Default,120,2022-07,ServicerB,SERVICER_FEED,1
LN0000703,12,2019-03,60DPD,65,2019-03,ServicerD,SERVICER_FEED,1
LN0000704,10,2023-09,30DPD,35,2023-09,ServicerA,SERVICER_FEED,1
LN0000705,12,2022-12,Closed,0,2022-12,ServicerB,SERVICER_FEED,1
LN0000705,37,2025-01,Default,120,2025-01,ServicerD,SERVICER_FEED,1
LN0000706,14,2020-09,Prepaid,0,2020-09,ServicerB,SERVICER_FEED,1
LN0000706,7,2020-02,90DPD,95,2020-02,ServicerA,SERVICER_FEED,1
LN0000707,9,2021-04,60DPD,65,2021-04,ServicerB,SERVICER_FEED,1
LN0000708,5,2022-12,90DPD,95,2022-12,ServicerA,SERVICER_FEED,1
LN0000709,2,2022-06,60DPD,65,2022-06,ServicerD,SERVICER_FEED,1
LN0000710,3,2022-05,Default,120,2022-05,ServicerB,SERVICER_FEED,1
LN0000711,3,2023-03,Prepaid,0,2023-03,ServicerD,SERVICER_FEED,1
LN0000712,3,2021-12,60DPD,65,2021-12,ServicerD,SERVICER_FEED,1
LN0000713,4,2023-01,Default,120,2023-01,ServicerC,SERVICER_FEED,1
LN0000714,15,2024-01,30DPD,35,2024-01,ServicerA,SERVICER_FEED,1
LN0000715,3,2018-05,Closed,0,2018-05,ServicerD,SERVICER_FEED,1
LN0000716,1,2021-05,30DPD,35,2021-05,ServicerB,SERVICER_FEED,1
LN0000717,6,2020-03,Prepaid,0,2020-03,ServicerD,SERVICER_FEED,1
LN0000718,4,2020-10,Closed,0,2020-10,ServicerB,SERVICER_FEED,1
LN0000719,9,2019-08,60DPD,65,2019-08,ServicerA,SERVICER_FEED,1
LN0000720,30,2023-11,90DPD,95,2023-11,ServicerB,SERVICER_FEED,1
LN0000720,22,2023-03,Current,0,2023-03,ServicerB,SERVICER_FEED,1
LN0000721,15,2023-06,Prepaid,0,2023-06,ServicerC,SERVICER_FEED,1
LN0000721,19,2023-10,60DPD,65,2023-10,ServicerA,SERVICER_FEED,1
LN0000722,26,2022-03,Closed,0,2022-03,ServicerB,SERVICER_FEED,1
LN0000723,5,2021-11,Prepaid,0,2021-11,ServicerA,SERVICER_FEED,1
LN0000723,18,2022-12,60DPD,65,2022-12,ServicerA,SERVICER_FEED,1
LN0000724,3,2019-11,Closed,0,2019-11,ServicerB,SERVICER_FEED,1
LN0000725,9,2022-06,Default,120,2022-06,ServicerA,SERVICER_FEED,1
LN0000726,9,2019-02,60DPD,65,2019-02,ServicerD,SERVICER_FEED,1
LN0000727,9,2023-02,Prepaid,0,2023-02,ServicerA,SERVICER_FEED,1
LN0000728,9,2020-08,Prepaid,0,2020-08,ServicerA,SERVICER_FEED,1
LN0000729,4,2020-11,Closed,0,2020-11,ServicerC,SERVICER_FEED,1
LN0000730,2,2022-03,60DPD,65,2022-03,ServicerA,SERVICER_FEED,1
LN0000731,22,2019-12,60DPD,65,2019-12,ServicerA,SERVICER_FEED,1
LN0000732,4,2023-01,60DPD,65,2023-01,ServicerD,SERVICER_FEED,1
LN0000733,13,2022-02,Closed,0,2022-02,ServicerB,SERVICER_FEED,1
LN0000734,5,2023-04,60DPD,65,2023-04,ServicerB,SERVICER_FEED,1
LN0000735,15,2022-01,Default,120,2022-01,ServicerC,SERVICER_FEED,1
LN0000736,5,2019-06,Current,0,2019-06,ServicerC,SERVICER_FEED,1
LN0000737,1,2020-12,Default,120,2020-12,ServicerD,SERVICER_FEED,1
LN0000738,13,2021-12,90DPD,95,2021-12,ServicerC,SERVICER_FEED,1
LN0000739,6,2023-02,Current,0,2023-02,ServicerB,SERVICER_FEED,1
LN0000740,19,2022-06,60DPD,65,2022-06,ServicerD,SERVICER_FEED,1
LN0000741,3,2020-04,Default,120,2020-04,ServicerB,SERVICER_FEED,1
LN0000742,19,2020-06,Current,0,2020-06,ServicerC,SERVICER_FEED,1
LN0000743,23,2021-07,Default,120,2021-07,ServicerB,SERVICER_FEED,1
LN0000744,11,2021-10,Default,120,2021-10,ServicerA,SERVICER_FEED,1
LN0000745,3,2020-02,90DPD,95,2020-02,ServicerC,SERVICER_FEED,1
LN0000746,14,2020-12,60DPD,65,2020-12,ServicerB,SERVICER_FEED,1
LN0000746,4,2020-02,Default,120,2020-02,ServicerC,SERVICER_FEED,1
LN0000747,27,2020-04,30DPD,35,2020-04,ServicerC,SERVICER_FEED,1
LN0000747,9,2018-10,Closed,0,2018-10,ServicerD,SERVICER_FEED,1
LN0000748,5,2023-02,Default,120,2023-02,ServicerA,SERVICER_FEED,1
LN0000749,7,2022-10,Default,120,2022-10,ServicerB,SERVICER_FEED,1
LN0000750,12,2020-04,Default,120,2020-04,ServicerD,SERVICER_FEED,1
LN0000751,1,2018-10,90DPD,95,2018-10,ServicerC,SERVICER_FEED,1
LN0000752,7,2022-10,30DPD,35,2022-10,ServicerB,SERVICER_FEED,1
LN0000753,13,2023-04,Current,0,2023-04,ServicerD,SERVICER_FEED,1
LN0000754,4,2022-10,Prepaid,0,2022-10,ServicerB,SERVICER_FEED,1
LN0000755,2,2020-11,Prepaid,0,2020-11,ServicerB,SERVICER_FEED,1
LN0000756,5,2022-02,Closed,0,2022-02,ServicerB,SERVICER_FEED,1
LN0000757,13,2022-09,Closed,0,2022-09,ServicerB,SERVICER_FEED,1
LN0000758,2,2019-03,Current,0,2019-03,ServicerA,SERVICER_FEED,1
LN0000759,16,2021-12,Prepaid,0,2021-12,ServicerC,SERVICER_FEED,1
LN0000760,10,2020-02,Default,120,2020-02,ServicerA,SERVICER_FEED,1
LN0000761,2,2021-12,90DPD,95,2021-12,ServicerA,SERVICER_FEED,1
LN0000762,6,2023-05,90DPD,95,2023-05,ServicerB,SERVICER_FEED,1
LN0000763,7,2018-12,30DPD,35,2018-12,ServicerD,SERVICER_FEED,1
LN0000764,5,2018-10,Default,120,2018-10,ServicerA,SERVICER_FEED,1
LN0000765,9,2020-01,Closed,0,2020-01,ServicerC,SERVICER_FEED,1
LN0000766,2,2018-10,Default,120,2018-10,ServicerD,SERVICER_FEED,1
LN0000767,6,2018-07,60DPD,65,2018-07,ServicerC,SERVICER_FEED,1
LN0000768,34,2025-09,60DPD,65,2025-09,ServicerC,SERVICER_FEED,1
LN0000768,28,2025-03,Default,120,2025-03,ServicerD,SERVICER_FEED,1
LN0000769,10,2021-09,Prepaid,0,2021-09,ServicerC,SERVICER_FEED,1
LN0000770,1,2021-12,Default,120,2021-12,ServicerB,SERVICER_FEED,1
LN0000771,5,2021-03,Closed,0,2021-03,ServicerC,SERVICER_FEED,1
LN0000772,4,2022-01,30DPD,35,2022-01,ServicerB,SERVICER_FEED,1
LN0000773,13,2022-07,Default,120,2022-07,ServicerD,SERVICER_FEED,1
LN0000774,3,2019-01,Current,0,2019-01,ServicerA,SERVICER_FEED,1
LN0000775,3,2019-01,Default,120,2019-01,ServicerA,SERVICER_FEED,1
LN0000776,6,2020-12,60DPD,65,2020-12,ServicerB,SERVICER_FEED,1
LN0000777,3,2020-02,Closed,0,2020-02,ServicerA,SERVICER_FEED,1
LN0000778,1,2022-04,30DPD,35,2022-04,ServicerA,SERVICER_FEED,1
LN0000779,4,2019-11,90DPD,95,2019-11,ServicerB,SERVICER_FEED,1
LN0000780,1,2019-09,90DPD,95,2019-09,ServicerC,SERVICER_FEED,1
LN0000781,2,2020-10,60DPD,65,2020-10,ServicerB,SERVICER_FEED,1
LN0000782,2,2019-02,Current,0,2019-02,ServicerC,SERVICER_FEED,1
LN0000783,5,2022-09,Prepaid,0,2022-09,ServicerB,SERVICER_FEED,1
LN0000784,2,2018-03,60DPD,65,2018-03,ServicerB,SERVICER_FEED,1
LN0000785,1,2022-04,60DPD,65,2022-04,ServicerB,SERVICER_FEED,1
LN0000786,1,2021-03,Closed,0,2021-03,ServicerA,SERVICER_FEED,1
LN0000787,11,2023-05,Closed,0,2023-05,ServicerA,SERVICER_FEED,1
LN0000788,7,2020-01,Default,120,2020-01,ServicerB,SERVICER_FEED,1
LN0000789,3,2022-10,60DPD,65,2022-10,ServicerC,SERVICER_FEED,1
LN0000790,8,2022-12,Closed,0,2022-12,ServicerA,SERVICER_FEED,1
LN0000791,2,2020-06,30DPD,35,2020-06,ServicerB,SERVICER_FEED,1
LN0000792,5,2019-11,Closed,0,2019-11,ServicerB,SERVICER_FEED,1
LN0000793,10,2019-10,Closed,0,2019-10,ServicerA,SERVICER_FEED,1
LN0000793,26,2021-02,Closed,0,2021-02,ServicerD,SERVICER_FEED,1
LN0000794,3,2019-01,Default,120,2019-01,ServicerB,SERVICER_FEED,1
LN0000795,3,2021-02,30DPD,35,2021-02,ServicerD,SERVICER_FEED,1
LN0000796,8,2023-06,Closed,0,2023-06,ServicerB,SERVICER_FEED,1
LN0000796,23,2024-09,Default,120,2024-09,ServicerC,SERVICER_FEED,1
LN0000797,1,2020-11,Prepaid,0,2020-11,ServicerC,SERVICER_FEED,1
LN0000798,6,2023-04,30DPD,35,2023-04,ServicerD,SERVICER_FEED,1
LN0000799,11,2022-09,90DPD,95,2022-09,ServicerB,SERVICER_FEED,1
LN0000800,3,2021-09,60DPD,65,2021-09,ServicerC,SERVICER_FEED,1
LN0000801,9,2022-05,90DPD,95,2022-05,ServicerC,SERVICER_FEED,1
LN0000802,16,2023-12,30DPD,35,2023-12,ServicerD,SERVICER_FEED,1
LN0000803,7,2022-11,90DPD,95,2022-11,ServicerC,SERVICER_FEED,1
LN0000804,3,2019-01,90DPD,95,2019-01,ServicerC,SERVICER_FEED,1
LN0000804,4,2019-02,60DPD,65,2019-02,ServicerC,SERVICER_FEED,1
LN0000805,6,2021-06,Closed,0,2021-06,ServicerA,SERVICER_FEED,1
LN0000805,9,2021-09,60DPD,65,2021-09,ServicerB,SERVICER_FEED,1
LN0000806,4,2020-08,Default,120,2020-08,ServicerC,SERVICER_FEED,1
LN0000807,6,2022-11,Prepaid,0,2022-11,ServicerC,SERVICER_FEED,1
LN0000808,3,2019-04,30DPD,35,2019-04,ServicerB,SERVICER_FEED,1
LN0000809,12,2023-02,Closed,0,2023-02,ServicerB,SERVICER_FEED,1
LN0000810,6,2020-11,Current,0,2020-11,ServicerC,SERVICER_FEED,1
LN0000811,5,2023-01,30DPD,35,2023-01,ServicerB,SERVICER_FEED,1
LN0000812,7,2022-07,Prepaid,0,2022-07,ServicerA,SERVICER_FEED,1
LN0000813,3,2019-12,60DPD,65,2019-12,ServicerB,SERVICER_FEED,1
LN0000814,4,2022-07,Closed,0,2022-07,ServicerD,SERVICER_FEED,1
LN0000815,9,2019-09,60DPD,65,2019-09,ServicerB,SERVICER_FEED,1
LN0000816,4,2018-05,Current,0,2018-05,ServicerC,SERVICER_FEED,1
LN0000817,9,2021-04,60DPD,65,2021-04,ServicerB,SERVICER_FEED,1
LN0000818,25,2022-01,30DPD,35,2022-01,ServicerA,SERVICER_FEED,1
LN0000819,3,2018-11,90DPD,95,2018-11,ServicerB,SERVICER_FEED,1
LN0000820,22,2024-10,Current,0,2024-10,ServicerC,SERVICER_FEED,1
LN0000821,7,2018-10,Current,0,2018-10,ServicerB,SERVICER_FEED,1
LN0000822,6,2021-06,Closed,0,2021-06,ServicerA,SERVICER_FEED,1
LN0000823,6,2019-10,60DPD,65,2019-10,ServicerD,SERVICER_FEED,1
LN0000824,3,2019-09,Default,120,2019-09,ServicerC,SERVICER_FEED,1
LN0000825,20,2020-09,Closed,0,2020-09,ServicerC,SERVICER_FEED,1
LN0000825,12,2020-01,Default,120,2020-01,ServicerB,SERVICER_FEED,1
LN0000826,5,2020-05,Current,0,2020-05,ServicerB,SERVICER_FEED,1
LN0000827,6,2021-11,Default,120,2021-11,ServicerD,SERVICER_FEED,1
LN0000828,12,2020-08,Default,120,2020-08,ServicerB,SERVICER_FEED,1
LN0000829,4,2021-12,90DPD,95,2021-12,ServicerC,SERVICER_FEED,1
LN0000830,13,2021-04,Prepaid,0,2021-04,ServicerB,SERVICER_FEED,1
LN0000831,1,2022-01,Closed,0,2022-01,ServicerD,SERVICER_FEED,1
LN0000832,7,2020-10,Prepaid,0,2020-10,ServicerB,SERVICER_FEED,1
LN0000833,8,2020-06,Default,120,2020-06,ServicerA,SERVICER_FEED,1
LN0000834,3,2020-10,90DPD,95,2020-10,ServicerC,SERVICER_FEED,1
LN0000835,19,2023-01,Closed,0,2023-01,ServicerD,SERVICER_FEED,1
LN0000836,3,2020-07,30DPD,35,2020-07,ServicerB,SERVICER_FEED,1
LN0000837,20,2024-03,Default,120,2024-03,ServicerA,SERVICER_FEED,1
LN0000837,29,2024-12,Prepaid,0,2024-12,ServicerB,SERVICER_FEED,1
LN0000838,9,2021-04,Default,120,2021-04,ServicerC,SERVICER_FEED,1
LN0000839,39,2022-09,Default,120,2022-09,ServicerA,SERVICER_FEED,1
LN0000840,25,2020-03,Prepaid,0,2020-03,ServicerC,SERVICER_FEED,1
LN0000841,1,2020-01,Prepaid,0,2020-01,ServicerA,SERVICER_FEED,1
LN0000842,26,2020-06,Default,120,2020-06,ServicerB,SERVICER_FEED,1
LN0000843,2,2018-05,Closed,0,2018-05,ServicerA,SERVICER_FEED,1
LN0000844,15,2021-02,Default,120,2021-02,ServicerA,SERVICER_FEED,1
LN0000845,2,2019-08,60DPD,65,2019-08,ServicerD,SERVICER_FEED,1
LN0000846,5,2022-11,60DPD,65,2022-11,ServicerB,SERVICER_FEED,1
LN0000847,1,2021-09,90DPD,95,2021-09,ServicerB,SERVICER_FEED,1
LN0000848,5,2022-05,30DPD,35,2022-05,ServicerC,SERVICER_FEED,1
LN0000849,4,2021-01,Default,120,2021-01,ServicerB,SERVICER_FEED,1
LN0000850,17,2019-12,Closed,0,2019-12,ServicerB,SERVICER_FEED,1
LN0000851,3,2022-07,Default,120,2022-07,ServicerD,SERVICER_FEED,1
LN0000852,20,2022-02,Prepaid,0,2022-02,ServicerD,SERVICER_FEED,1
LN0000853,5,2020-07,60DPD,65,2020-07,ServicerC,SERVICER_FEED,1
LN0000854,15,2022-04,30DPD,35,2022-04,ServicerC,SERVICER_FEED,1
LN0000855,7,2019-05,30DPD,35,2019-05,ServicerC,SERVICER_FEED,1
LN0000856,9,2021-02,60DPD,65,2021-02,ServicerA,SERVICER_FEED,1
LN0000857,4,2021-05,Prepaid,0,2021-05,ServicerA,SERVICER_FEED,1
LN0000858,14,2022-08,Closed,0,2022-08,ServicerD,SERVICER_FEED,1
LN0000859,15,2021-10,60DPD,65,2021-10,ServicerC,SERVICER_FEED,1
LN0000860,8,2023-08,Closed,0,2023-08,ServicerD,SERVICER_FEED,1
LN0000861,9,2023-09,Prepaid,0,2023-09,ServicerC,SERVICER_FEED,1
LN0000862,12,2019-06,60DPD,65,2019-06,ServicerB,SERVICER_FEED,1
LN0000863,6,2018-12,30DPD,35,2018-12,ServicerA,SERVICER_FEED,1
LN0000864,4,2020-11,Prepaid,0,2020-11,ServicerD,SERVICER_FEED,1
LN0000865,12,2023-02,90DPD,95,2023-02,ServicerD,SERVICER_FEED,1
LN0000866,17,2021-12,Current,0,2021-12,ServicerD,SERVICER_FEED,1
LN0000867,5,2019-07,60DPD,65,2019-07,ServicerC,SERVICER_FEED,1
LN0000868,18,2022-04,Prepaid,0,2022-04,ServicerC,SERVICER_FEED,1
LN0000869,10,2023-07,60DPD,65,2023-07,ServicerB,SERVICER_FEED,1
LN0000870,6,2019-05,90DPD,95,2019-05,ServicerC,SERVICER_FEED,1
LN0000871,12,2021-03,90DPD,95,2021-03,ServicerC,SERVICER_FEED,1
LN0000872,4,2021-07,90DPD,95,2021-07,ServicerC,SERVICER_FEED,1
LN0000873,1,2020-01,60DPD,65,2020-01,ServicerD,SERVICER_FEED,1
LN0000874,4,2018-07,90DPD,95,2018-07,ServicerC,SERVICER_FEED,1
LN0000875,3,2021-08,Prepaid,0,2021-08,ServicerB,SERVICER_FEED,1
LN0000876,10,2022-07,30DPD,35,2022-07,ServicerA,SERVICER_FEED,1
LN0000877,26,2023-06,Default,120,2023-06,ServicerC,SERVICER_FEED,1
LN0000878,5,2021-09,60DPD,65,2021-09,ServicerC,SERVICER_FEED,1
LN0000879,14,2022-06,Default,120,2022-06,ServicerC,SERVICER_FEED,1
LN0000880,3,2019-11,Closed,0,2019-11,ServicerD,SERVICER_FEED,1
LN0000881,27,2020-04,60DPD,65,2020-04,ServicerD,SERVICER_FEED,1
LN0000882,3,2023-03,Default,120,2023-03,ServicerA,SERVICER_FEED,1
LN0000883,2,2019-03,Current,0,2019-03,ServicerC,SERVICER_FEED,1
LN0000884,5,2022-07,Prepaid,0,2022-07,ServicerD,SERVICER_FEED,1
LN0000885,5,2021-02,Default,120,2021-02,ServicerC,SERVICER_FEED,1
LN0000886,9,2021-06,Current,0,2021-06,ServicerD,SERVICER_FEED,1
LN0000887,15,2019-05,Closed,0,2019-05,ServicerD,SERVICER_FEED,1
LN0000887,14,2019-04,30DPD,35,2019-04,ServicerD,SERVICER_FEED,1
LN0000888,32,2025-08,Closed,0,2025-08,ServicerB,SERVICER_FEED,1
LN0000888,26,2025-02,Prepaid,0,2025-02,ServicerA,SERVICER_FEED,1
LN0000889,4,2020-12,60DPD,65,2020-12,ServicerC,SERVICER_FEED,1
LN0000890,24,2024-02,Default,120,2024-02,ServicerB,SERVICER_FEED,1
LN0000890,8,2022-10,Prepaid,0,2022-10,ServicerB,SERVICER_FEED,1
LN0000891,7,2022-06,Closed,0,2022-06,ServicerA,SERVICER_FEED,1
LN0000892,2,2018-11,30DPD,35,2018-11,ServicerB,SERVICER_FEED,1
LN0000893,5,2023-02,Default,120,2023-02,ServicerD,SERVICER_FEED,1
LN0000894,14,2022-02,90DPD,95,2022-02,ServicerB,SERVICER_FEED,1
LN0000895,2,2019-02,Current,0,2019-02,ServicerB,SERVICER_FEED,1
LN0000896,2,2021-01,Closed,0,2021-01,ServicerC,SERVICER_FEED,1
LN0000897,1,2021-02,60DPD,65,2021-02,ServicerC,SERVICER_FEED,1
LN0000897,6,2021-07,Closed,0,2021-07,ServicerD,SERVICER_FEED,1
LN0000898,41,2024-09,Prepaid,0,2024-09,ServicerD,SERVICER_FEED,1
LN0000898,38,2024-06,Closed,0,2024-06,ServicerD,SERVICER_FEED,1
LN0000899,31,2022-03,30DPD,35,2022-03,ServicerD,SERVICER_FEED,1
LN0000899,42,2023-02,Default,120,2023-02,ServicerC,SERVICER_FEED,1
LN0000900,11,2023-08,30DPD,35,2023-08,ServicerB,SERVICER_FEED,1
LN0000901,3,2019-06,Current,0,2019-06,ServicerD,SERVICER_FEED,1
LN0000902,9,2021-03,Prepaid,0,2021-03,ServicerC,SERVICER_FEED,1
LN0000903,5,2022-08,30DPD,35,2022-08,ServicerD,SERVICER_FEED,1
LN0000904,13,2019-06,Prepaid,0,2019-06,ServicerC,SERVICER_FEED,1
LN0000904,30,2020-11,60DPD,65,2020-11,ServicerA,SERVICER_FEED,1
LN0000905,1,2020-02,Default,120,2020-02,ServicerD,SERVICER_FEED,1
LN0000906,33,2023-02,Prepaid,0,2023-02,ServicerB,SERVICER_FEED,1
LN0000906,38,2023-07,90DPD,95,2023-07,ServicerD,SERVICER_FEED,1
LN0000907,4,2022-03,60DPD,65,2022-03,ServicerB,SERVICER_FEED,1
LN0000908,3,2022-03,Prepaid,0,2022-03,ServicerA,SERVICER_FEED,1
LN0000909,2,2022-02,90DPD,95,2022-02,ServicerA,SERVICER_FEED,1
LN0000910,4,2020-02,Current,0,2020-02,ServicerB,SERVICER_FEED,1
LN0000911,7,2021-01,30DPD,35,2021-01,ServicerC,SERVICER_FEED,1
LN0000912,1,2018-03,90DPD,95,2018-03,ServicerA,SERVICER_FEED,1
LN0000913,8,2022-10,Prepaid,0,2022-10,ServicerC,SERVICER_FEED,1
LN0000914,7,2020-02,Current,0,2020-02,ServicerA,SERVICER_FEED,1
LN0000915,4,2020-09,30DPD,35,2020-09,ServicerC,SERVICER_FEED,1
LN0000916,3,2021-08,Default,120,2021-08,ServicerC,SERVICER_FEED,1
LN0000917,11,2022-10,60DPD,65,2022-10,ServicerD,SERVICER_FEED,1
LN0000918,23,2020-05,60DPD,65,2020-05,ServicerA,SERVICER_FEED,1
LN0000918,31,2021-01,30DPD,35,2021-01,ServicerC,SERVICER_FEED,1
LN0000919,5,2022-04,Prepaid,0,2022-04,ServicerC,SERVICER_FEED,1
LN0000920,1,2019-12,Prepaid,0,2019-12,ServicerC,SERVICER_FEED,1
LN0000921,19,2021-09,Default,120,2021-09,ServicerB,SERVICER_FEED,1
LN0000921,3,2020-05,Default,120,2020-05,ServicerC,SERVICER_FEED,1
LN0000922,7,2019-03,90DPD,95,2019-03,ServicerA,SERVICER_FEED,1
LN0000923,4,2021-12,30DPD,35,2021-12,ServicerB,SERVICER_FEED,1
LN0000924,1,2020-06,Closed,0,2020-06,ServicerC,SERVICER_FEED,1
LN0000924,19,2021-12,Prepaid,0,2021-12,ServicerC,SERVICER_FEED,1
LN0000925,16,2019-11,Current,0,2019-11,ServicerA,SERVICER_FEED,1
LN0000925,2,2018-09,Current,0,2018-09,ServicerC,SERVICER_FEED,1
LN0000926,2,2018-11,Closed,0,2018-11,ServicerC,SERVICER_FEED,1
LN0000927,9,2022-05,Closed,0,2022-05,ServicerC,SERVICER_FEED,1
LN0000928,1,2018-08,Prepaid,0,2018-08,ServicerA,SERVICER_FEED,1
LN0000929,7,2021-03,Prepaid,0,2021-03,ServicerD,SERVICER_FEED,1
LN0000930,29,2023-11,30DPD,35,2023-11,ServicerD,SERVICER_FEED,1
LN0000930,26,2023-08,60DPD,65,2023-08,ServicerD,SERVICER_FEED,1
LN0000931,11,2023-06,Prepaid,0,2023-06,ServicerB,SERVICER_FEED,1
LN0000932,2,2018-12,Prepaid,0,2018-12,ServicerC,SERVICER_FEED,1
LN0000933,6,2019-12,Default,120,2019-12,ServicerD,SERVICER_FEED,1
LN0000934,1,2018-11,30DPD,35,2018-11,ServicerB,SERVICER_FEED,1
LN0000935,4,2022-09,30DPD,35,2022-09,ServicerB,SERVICER_FEED,1
LN0000936,13,2022-01,Default,120,2022-01,ServicerB,SERVICER_FEED,1
LN0000937,6,2023-05,30DPD,35,2023-05,ServicerA,SERVICER_FEED,1
LN0000938,5,2018-08,90DPD,95,2018-08,ServicerD,SERVICER_FEED,1
LN0000939,3,2021-10,30DPD,35,2021-10,ServicerD,SERVICER_FEED,1
LN0000940,3,2018-06,Closed,0,2018-06,ServicerD,SERVICER_FEED,1
LN0000941,13,2019-08,Current,0,2019-08,ServicerA,SERVICER_FEED,1
LN0000942,7,2020-09,30DPD,35,2020-09,ServicerC,SERVICER_FEED,1
LN0000943,4,2020-03,Default,120,2020-03,ServicerD,SERVICER_FEED,1
LN0000944,2,2019-12,Current,0,2019-12,ServicerC,SERVICER_FEED,1
LN0000945,8,2019-01,Current,0,2019-01,ServicerB,SERVICER_FEED,1
LN0000946,1,2020-10,30DPD,35,2020-10,ServicerA,SERVICER_FEED,1
LN0000947,1,2019-10,30DPD,35,2019-10,ServicerC,SERVICER_FEED,1
LN0000948,4,2023-04,90DPD,95,2023-04,ServicerB,SERVICER_FEED,1
LN0000949,3,2022-03,Closed,0,2022-03,ServicerC,SERVICER_FEED,1
LN0000950,4,2020-07,Default,120,2020-07,ServicerD,SERVICER_FEED,1
LN0000951,1,2021-11,90DPD,95,2021-11,ServicerB,SERVICER_FEED,1
LN0000952,11,2021-10,Default,120,2021-10,ServicerD,SERVICER_FEED,1
LN0000953,3,2020-09,Closed,0,2020-09,ServicerD,SERVICER_FEED,1
LN0000954,10,2023-06,Current,0,2023-06,ServicerC,SERVICER_FEED,1
LN0000955,5,2021-05,Closed,0,2021-05,ServicerB,SERVICER_FEED,1
LN0000956,2,2020-07,Closed,0,2020-07,ServicerB,SERVICER_FEED,1
LN0000957,4,2021-02,30DPD,35,2021-02,ServicerD,SERVICER_FEED,1
LN0000958,3,2022-02,Current,0,2022-02,ServicerB,SERVICER_FEED,1
LN0000959,2,2021-11,30DPD,35,2021-11,ServicerC,SERVICER_FEED,1
LN0000960,4,2021-01,30DPD,35,2021-01,ServicerD,SERVICER_FEED,1
LN0000961,16,2020-03,Closed,0,2020-03,ServicerB,SERVICER_FEED,1
LN0000962,3,2021-06,30DPD,35,2021-06,ServicerD,SERVICER_FEED,1
LN0000963,4,2020-06,Prepaid,0,2020-06,ServicerB,SERVICER_FEED,1
LN0000964,40,2025-12,Closed,0,2025-12,ServicerD,SERVICER_FEED,1
LN0000964,39,2025-11,Prepaid,0,2025-11,ServicerC,SERVICER_FEED,1
LN0000965,4,2022-11,30DPD,35,2022-11,ServicerB,SERVICER_FEED,1
LN0000966,7,2018-08,90DPD,95,2018-08,ServicerB,SERVICER_FEED,1
LN0000967,5,2023-05,30DPD,35,2023-05,ServicerC,SERVICER_FEED,1
LN0000968,4,2022-11,Default,120,2022-11,ServicerA,SERVICER_FEED,1
LN0000969,6,2023-01,90DPD,95,2023-01,ServicerB,SERVICER_FEED,1
LN0000970,11,2021-05,90DPD,95,2021-05,ServicerA,SERVICER_FEED,1
LN0000971,8,2020-01,Default,120,2020-01,ServicerB,SERVICER_FEED,1
LN0000972,40,2024-05,Prepaid,0,2024-05,ServicerC,SERVICER_FEED,1
LN0000972,14,2022-03,90DPD,95,2022-03,ServicerB,SERVICER_FEED,1
LN0000973,19,2023-12,90DPD,95,2023-12,ServicerD,SERVICER_FEED,1
LN0000974,10,2021-02,Closed,0,2021-02,ServicerB,SERVICER_FEED,1
LN0000975,14,2024-02,Default,120,2024-02,ServicerA,SERVICER_FEED,1
LN0000976,14,2020-06,Prepaid,0,2020-06,ServicerD,SERVICER_FEED,1
LN0000977,1,2022-05,Default,120,2022-05,ServicerB,SERVICER_FEED,1
LN0000978,3,2018-08,60DPD,65,2018-08,ServicerC,SERVICER_FEED,1
LN0000979,9,2022-12,30DPD,35,2022-12,ServicerD,SERVICER_FEED,1
LN0000980,2,2022-11,Prepaid,0,2022-11,ServicerA,SERVICER_FEED,1
LN0000981,12,2022-07,30DPD,35,2022-07,ServicerC,SERVICER_FEED,1
LN0000982,6,2021-08,Closed,0,2021-08,ServicerB,SERVICER_FEED,1
LN0000983,8,2020-09,Prepaid,0,2020-09,ServicerD,SERVICER_FEED,1
LN0000984,5,2022-10,Closed,0,2022-10,ServicerC,SERVICER_FEED,1
LN0000985,4,2018-12,30DPD,35,2018-12,ServicerD,SERVICER_FEED,1
LN0000986,10,2020-04,60DPD,65,2020-04,ServicerD,SERVICER_FEED,1
LN0000987,4,2018-12,Closed,0,2018-12,ServicerA,SERVICER_FEED,1
LN0000988,5,2019-10,Current,0,2019-10,ServicerA,SERVICER_FEED,1
LN0000989,4,2020-12,Prepaid,0,2020-12,ServicerA,SERVICER_FEED,1
LN0000990,6,2020-03,Prepaid,0,2020-03,ServicerC,SERVICER_FEED,1
LN0000991,2,2020-04,60DPD,65,2020-04,ServicerB,SERVICER_FEED,1
LN0000992,29,2021-07,60DPD,65,2021-07,ServicerA,SERVICER_FEED,1
LN0000993,6,2020-04,Default,120,2020-04,ServicerA,SERVICER_FEED,1
LN0000994,14,2021-08,Default,120,2021-08,ServicerC,SERVICER_FEED,1
LN0000995,2,2019-03,Prepaid,0,2019-03,ServicerC,SERVICER_FEED,1
LN0000996,11,2023-08,Default,120,2023-08,ServicerA,SERVICER_FEED,1
LN0000997,1,2022-07,60DPD,65,2022-07,ServicerC,SERVICER_FEED,1
LN0000998,2,2022-07,30DPD,35,2022-07,ServicerB,SERVICER_FEED,1
LN0000999,9,2018-10,Prepaid,0,2018-10,ServicerB,SERVICER_FEED,1
LN0001000,7,2021-01,Closed,0,2021-01,ServicerA,SERVICER_FEED,1
LN0001000,4,2020-10,Default,120,2020-10,ServicerD,SERVICER_FEED,1
LN0001001,2,2022-02,30DPD,35,2022-02,ServicerD,SERVICER_FEED,1
LN0001002,5,2020-02,30DPD,35,2020-02,ServicerD,SERVICER_FEED,1
LN0001003,8,2019-10,60DPD,65,2019-10,ServicerB,SERVICER_FEED,1
LN0001004,5,2021-06,30DPD,35,2021-06,ServicerB,SERVICER_FEED,1
LN0001005,7,2018-08,30DPD,35,2018-08,ServicerD,SERVICER_FEED,1
LN0001006,2,2021-03,60DPD,65,2021-03,ServicerA,SERVICER_FEED,1
LN0001007,5,2020-09,90DPD,95,2020-09,ServicerB,SERVICER_FEED,1
LN0001008,5,2021-11,Prepaid,0,2021-11,ServicerD,SERVICER_FEED,1
LN0001009,16,2022-09,90DPD,95,2022-09,ServicerC,SERVICER_FEED,1
LN0001010,15,2021-12,60DPD,65,2021-12,ServicerB,SERVICER_FEED,1
LN0001011,31,2023-07,60DPD,65,2023-07,ServicerD,SERVICER_FEED,1
LN0001012,1,2018-03,Default,120,2018-03,ServicerB,SERVICER_FEED,1
LN0001013,14,2024-01,60DPD,65,2024-01,ServicerA,SERVICER_FEED,1
LN0001014,2,2018-07,Current,0,2018-07,ServicerD,SERVICER_FEED,1
LN0001015,8,2023-07,Closed,0,2023-07,ServicerD,SERVICER_FEED,1
LN0001016,10,2023-09,60DPD,65,2023-09,ServicerD,SERVICER_FEED,1
LN0001017,2,2021-10,Closed,0,2021-10,ServicerB,SERVICER_FEED,1
LN0001018,17,2023-02,Closed,0,2023-02,ServicerD,SERVICER_FEED,1
LN0001019,4,2018-06,Prepaid,0,2018-06,ServicerD,SERVICER_FEED,1
LN0001020,3,2022-12,Default,120,2022-12,ServicerD,SERVICER_FEED,1
LN0001021,3,2020-11,90DPD,95,2020-11,ServicerA,SERVICER_FEED,1
LN0001022,1,2019-10,Default,120,2019-10,ServicerC,SERVICER_FEED,1
LN0001023,9,2022-02,Closed,0,2022-02,ServicerA,SERVICER_FEED,1
LN0001024,2,2020-11,90DPD,95,2020-11,ServicerD,SERVICER_FEED,1
LN0001025,9,2020-07,Closed,0,2020-07,ServicerD,SERVICER_FEED,1
LN0001026,7,2020-03,90DPD,95,2020-03,ServicerA,SERVICER_FEED,1
LN0001027,2,2018-10,60DPD,65,2018-10,ServicerB,SERVICER_FEED,1
LN0001028,16,2023-11,Default,120,2023-11,ServicerC,SERVICER_FEED,1
LN0001029,4,2021-08,Default,120,2021-08,ServicerB,SERVICER_FEED,1
LN0001030,15,2020-09,60DPD,65,2020-09,ServicerB,SERVICER_FEED,1
LN0001030,40,2022-10,60DPD,65,2022-10,ServicerB,SERVICER_FEED,1
LN0001031,8,2022-04,Closed,0,2022-04,ServicerB,SERVICER_FEED,1
LN0001032,7,2022-01,Closed,0,2022-01,ServicerA,SERVICER_FEED,1
LN0001033,6,2019-03,Closed,0,2019-03,ServicerA,SERVICER_FEED,1
LN0001034,3,2019-02,Current,0,2019-02,ServicerA,SERVICER_FEED,1
LN0001035,5,2019-07,60DPD,65,2019-07,ServicerB,SERVICER_FEED,1
LN0001036,2,2018-09,Closed,0,2018-09,ServicerC,SERVICER_FEED,1
LN0001037,4,2022-06,Default,120,2022-06,ServicerB,SERVICER_FEED,1
LN0001038,14,2019-12,Prepaid,0,2019-12,ServicerB,SERVICER_FEED,1
LN0001039,5,2022-06,Default,120,2022-06,ServicerD,SERVICER_FEED,1
LN0001040,2,2020-10,90DPD,95,2020-10,ServicerA,SERVICER_FEED,1
LN0001041,6,2019-02,30DPD,35,2019-02,ServicerD,SERVICER_FEED,1
LN0001042,9,2022-12,Default,120,2022-12,ServicerA,SERVICER_FEED,1
LN0001043,6,2019-05,90DPD,95,2019-05,ServicerB,SERVICER_FEED,1
LN0001044,10,2023-10,Closed,0,2023-10,ServicerD,SERVICER_FEED,1
LN0001045,6,2018-07,30DPD,35,2018-07,ServicerB,SERVICER_FEED,1
LN0001046,6,2021-08,Prepaid,0,2021-08,ServicerA,SERVICER_FEED,1
LN0001047,3,2019-10,Current,0,2019-10,ServicerC,SERVICER_FEED,1
LN0001048,5,2021-01,Default,120,2021-01,ServicerD,SERVICER_FEED,1
LN0001049,10,2023-01,Closed,0,2023-01,ServicerC,SERVICER_FEED,1
LN0001050,12,2022-12,90DPD,95,2022-12,ServicerA,SERVICER_FEED,1
LN0001051,18,2020-11,90DPD,95,2020-11,ServicerC,SERVICER_FEED,1
LN0001052,5,2018-09,Default,120,2018-09,ServicerB,SERVICER_FEED,1
LN0001053,6,2019-12,Closed,0,2019-12,ServicerC,SERVICER_FEED,1
LN0001054,11,2022-12,60DPD,65,2022-12,ServicerD,SERVICER_FEED,1
LN0001055,9,2021-04,30DPD,35,2021-04,ServicerD,SERVICER_FEED,1
LN0001056,1,2021-11,Prepaid,0,2021-11,ServicerA,SERVICER_FEED,1
LN0001057,3,2020-09,Current,0,2020-09,ServicerC,SERVICER_FEED,1
LN0001058,2,2020-10,30DPD,35,2020-10,ServicerA,SERVICER_FEED,1
LN0001059,8,2018-12,Current,0,2018-12,ServicerA,SERVICER_FEED,1
LN0001060,13,2019-03,30DPD,35,2019-03,ServicerC,SERVICER_FEED,1
LN0001061,7,2022-02,90DPD,95,2022-02,ServicerA,SERVICER_FEED,1
LN0001062,8,2019-09,Default,120,2019-09,ServicerB,SERVICER_FEED,1
LN0001063,6,2020-04,90DPD,95,2020-04,ServicerC,SERVICER_FEED,1
LN0001064,3,2020-02,Current,0,2020-02,ServicerC,SERVICER_FEED,1
LN0001065,4,2021-07,Default,120,2021-07,ServicerA,SERVICER_FEED,1
LN0001066,4,2023-01,Prepaid,0,2023-01,ServicerC,SERVICER_FEED,1
LN0001067,18,2023-04,Closed,0,2023-04,ServicerB,SERVICER_FEED,1
LN0001068,5,2021-08,Default,120,2021-08,ServicerB,SERVICER_FEED,1
LN0001069,2,2022-05,90DPD,95,2022-05,ServicerA,SERVICER_FEED,1
LN0001070,4,2020-11,Closed,0,2020-11,ServicerA,SERVICER_FEED,1
LN0001071,2,2018-11,Default,120,2018-11,ServicerA,SERVICER_FEED,1
LN0001072,17,2021-11,Default,120,2021-11,ServicerB,SERVICER_FEED,1
LN0001073,20,2024-07,Default,120,2024-07,ServicerA,SERVICER_FEED,1
LN0001074,4,2022-03,Prepaid,0,2022-03,ServicerC,SERVICER_FEED,1
LN0001075,4,2020-02,Closed,0,2020-02,ServicerC,SERVICER_FEED,1
LN0001076,2,2019-10,90DPD,95,2019-10,ServicerA,SERVICER_FEED,1
LN0001077,8,2023-04,Default,120,2023-04,ServicerD,SERVICER_FEED,1
LN0001078,2,2018-08,30DPD,35,2018-08,ServicerD,SERVICER_FEED,1
LN0001079,9,2023-05,30DPD,35,2023-05,ServicerA,SERVICER_FEED,1
LN0001080,3,2021-08,Closed,0,2021-08,ServicerC,SERVICER_FEED,1
LN0001081,21,2023-10,90DPD,95,2023-10,ServicerA,SERVICER_FEED,1
LN0001082,16,2020-12,Current,0,2020-12,ServicerA,SERVICER_FEED,1
LN0001083,2,2021-05,Closed,0,2021-05,ServicerA,SERVICER_FEED,1
LN0001084,9,2020-05,30DPD,35,2020-05,ServicerD,SERVICER_FEED,1
LN0001085,1,2018-03,Closed,0,2018-03,ServicerD,SERVICER_FEED,1
LN0001086,5,2020-09,60DPD,65,2020-09,ServicerB,SERVICER_FEED,1
LN0001087,8,2023-07,60DPD,65,2023-07,ServicerD,SERVICER_FEED,1
LN0001088,34,2022-01,90DPD,95,2022-01,ServicerD,SERVICER_FEED,1
LN0001089,3,2019-01,Default,120,2019-01,ServicerD,SERVICER_FEED,1
LN0001090,1,2022-09,Prepaid,0,2022-09,ServicerA,SERVICER_FEED,1
LN0001091,37,2025-08,Closed,0,2025-08,ServicerD,SERVICER_FEED,1
LN0001091,5,2022-12,Closed,0,2022-12,ServicerA,SERVICER_FEED,1
LN0001092,5,2022-08,Prepaid,0,2022-08,ServicerA,SERVICER_FEED,1
LN0001093,7,2023-06,90DPD,95,2023-06,ServicerD,SERVICER_FEED,1
LN0001094,7,2023-07,Closed,0,2023-07,ServicerD,SERVICER_FEED,1
LN0001095,6,2023-02,Default,120,2023-02,ServicerA,SERVICER_FEED,1
LN0001096,3,2023-01,Current,0,2023-01,ServicerA,SERVICER_FEED,1
LN0001097,2,2021-11,90DPD,95,2021-11,ServicerD,SERVICER_FEED,1
LN0001098,3,2019-10,Default,120,2019-10,ServicerD,SERVICER_FEED,1
LN0001099,13,2021-05,Current,0,2021-05,ServicerD,SERVICER_FEED,1
LN0001100,18,2021-05,90DPD,95,2021-05,ServicerD,SERVICER_FEED,1
LN0001101,4,2020-11,30DPD,35,2020-11,ServicerD,SERVICER_FEED,1
LN0001102,3,2021-09,Prepaid,0,2021-09,ServicerD,SERVICER_FEED,1
LN0001103,2,2019-05,90DPD,95,2019-05,ServicerB,SERVICER_FEED,1
LN0001104,4,2018-05,Current,0,2018-05,ServicerC,SERVICER_FEED,1
LN0001105,36,2024-01,Default,120,2024-01,ServicerA,SERVICER_FEED,1
LN0001106,8,2023-08,Default,120,2023-08,ServicerD,SERVICER_FEED,1
LN0001107,1,2022-05,Prepaid,0,2022-05,ServicerA,SERVICER_FEED,1
LN0001108,3,2018-04,Prepaid,0,2018-04,ServicerC,SERVICER_FEED,1
LN0001109,3,2021-03,Prepaid,0,2021-03,ServicerD,SERVICER_FEED,1
LN0001110,13,2021-09,60DPD,65,2021-09,ServicerC,SERVICER_FEED,1
LN0001111,1,2020-03,Default,120,2020-03,ServicerD,SERVICER_FEED,1
LN0001112,16,2022-09,Current,0,2022-09,ServicerA,SERVICER_FEED,1
LN0001113,1,2020-03,Default,120,2020-03,ServicerB,SERVICER_FEED,1
LN0001114,11,2023-06,30DPD,35,2023-06,ServicerC,SERVICER_FEED,1
LN0001115,10,2023-05,30DPD,35,2023-05,ServicerC,SERVICER_FEED,1
LN0001116,3,2021-06,Current,0,2021-06,ServicerC,SERVICER_FEED,1
LN0001117,12,2021-04,Prepaid,0,2021-04,ServicerB,SERVICER_FEED,1
LN0001118,5,2021-05,Default,120,2021-05,ServicerB,SERVICER_FEED,1
LN0001119,5,2022-12,90DPD,95,2022-12,ServicerC,SERVICER_FEED,1
LN0001120,4,2019-11,30DPD,35,2019-11,ServicerA,SERVICER_FEED,1
LN0001121,3,2022-08,90DPD,95,2022-08,ServicerC,SERVICER_FEED,1
LN0001122,32,2023-08,Prepaid,0,2023-08,ServicerA,SERVICER_FEED,1
LN0001122,42,2024-06,60DPD,65,2024-06,ServicerD,SERVICER_FEED,1
LN0001123,1,2018-05,30DPD,35,2018-05,ServicerC,SERVICER_FEED,1
LN0001124,3,2021-12,90DPD,95,2021-12,ServicerD,SERVICER_FEED,1
LN0001125,5,2019-06,Closed,0,2019-06,ServicerA,SERVICER_FEED,1
LN0001126,23,2022-06,60DPD,65,2022-06,ServicerA,SERVICER_FEED,1
LN0001127,1,2022-11,90DPD,95,2022-11,ServicerA,SERVICER_FEED,1
LN0001128,2,2022-01,60DPD,65,2022-01,ServicerA,SERVICER_FEED,1
LN0001129,16,2022-10,60DPD,65,2022-10,ServicerA,SERVICER_FEED,1
LN0001130,9,2019-02,Prepaid,0,2019-02,ServicerD,SERVICER_FEED,1
LN0001131,5,2022-09,30DPD,35,2022-09,ServicerD,SERVICER_FEED,1
LN0001132,17,2021-02,Prepaid,0,2021-02,ServicerA,SERVICER_FEED,1
LN0001133,20,2019-12,Default,120,2019-12,ServicerD,SERVICER_FEED,1
LN0001134,3,2023-01,Default,120,2023-01,ServicerD,SERVICER_FEED,1
LN0001135,8,2019-08,Prepaid,0,2019-08,ServicerD,SERVICER_FEED,1
LN0001136,20,2021-04,Current,0,2021-04,ServicerA,SERVICER_FEED,1
LN0001137,7,2019-04,60DPD,65,2019-04,ServicerA,SERVICER_FEED,1
LN0001138,4,2021-06,Current,0,2021-06,ServicerD,SERVICER_FEED,1
LN0001139,41,2025-10,Closed,0,2025-10,ServicerC,SERVICER_FEED,1
LN0001139,26,2024-07,Prepaid,0,2024-07,ServicerD,SERVICER_FEED,1
LN0001140,6,2021-02,Prepaid,0,2021-02,ServicerD,SERVICER_FEED,1
LN0001141,3,2022-08,30DPD,35,2022-08,ServicerB,SERVICER_FEED,1
LN0001142,5,2023-02,Default,120,2023-02,ServicerB,SERVICER_FEED,1
LN0001143,13,2023-06,30DPD,35,2023-06,ServicerC,SERVICER_FEED,1
LN0001144,5,2019-03,Default,120,2019-03,ServicerD,SERVICER_FEED,1
LN0001145,7,2019-08,Closed,0,2019-08,ServicerA,SERVICER_FEED,1
LN0001146,4,2019-11,60DPD,65,2019-11,ServicerC,SERVICER_FEED,1
LN0001147,4,2021-07,60DPD,65,2021-07,ServicerA,SERVICER_FEED,1
LN0001148,18,2023-10,90DPD,95,2023-10,ServicerA,SERVICER_FEED,1
LN0001149,27,2021-10,Default,120,2021-10,ServicerC,SERVICER_FEED,1
LN0001149,7,2020-02,60DPD,65,2020-02,ServicerD,SERVICER_FEED,1
LN0001150,1,2021-05,Closed,0,2021-05,ServicerD,SERVICER_FEED,1
LN0001151,24,2020-12,Default,120,2020-12,ServicerD,SERVICER_FEED,1
LN0001152,15,2021-12,Current,0,2021-12,ServicerD,SERVICER_FEED,1
LN0001153,8,2022-07,Prepaid,0,2022-07,ServicerC,SERVICER_FEED,1
LN0001154,1,2020-01,90DPD,95,2020-01,ServicerD,SERVICER_FEED,1
LN0001155,10,2019-08,60DPD,65,2019-08,ServicerD,SERVICER_FEED,1
LN0001156,15,2021-04,30DPD,35,2021-04,ServicerA,SERVICER_FEED,1
LN0001156,24,2022-01,Default,120,2022-01,ServicerC,SERVICER_FEED,1
LN0001157,8,2022-06,30DPD,35,2022-06,ServicerD,SERVICER_FEED,1
LN0001158,1,2022-10,90DPD,95,2022-10,ServicerC,SERVICER_FEED,1
LN0001159,3,2021-04,60DPD,65,2021-04,ServicerB,SERVICER_FEED,1
LN0001160,13,2022-06,60DPD,65,2022-06,ServicerD,SERVICER_FEED,1
LN0001161,2,2020-04,Default,120,2020-04,ServicerA,SERVICER_FEED,1
LN0001161,16,2021-06,Prepaid,0,2021-06,ServicerC,SERVICER_FEED,1
LN0001162,8,2023-04,Prepaid,0,2023-04,ServicerD,SERVICER_FEED,1
LN0001163,8,2023-01,90DPD,95,2023-01,ServicerD,SERVICER_FEED,1
LN0001164,6,2023-05,60DPD,65,2023-05,ServicerD,SERVICER_FEED,1
LN0001165,10,2023-02,Closed,0,2023-02,ServicerA,SERVICER_FEED,1
LN0001166,1,2020-10,Default,120,2020-10,ServicerD,SERVICER_FEED,1
LN0001167,7,2023-05,90DPD,95,2023-05,ServicerD,SERVICER_FEED,1
LN0001168,10,2021-11,Closed,0,2021-11,ServicerB,SERVICER_FEED,1
LN0001169,6,2021-07,Current,0,2021-07,ServicerC,SERVICER_FEED,1
LN0001170,5,2021-09,Closed,0,2021-09,ServicerD,SERVICER_FEED,1
LN0001171,4,2019-04,Prepaid,0,2019-04,ServicerC,SERVICER_FEED,1
LN0001172,6,2022-09,Default,120,2022-09,ServicerD,SERVICER_FEED,1
LN0001173,13,2020-11,Default,120,2020-11,ServicerB,SERVICER_FEED,1
LN0001174,4,2021-08,90DPD,95,2021-08,ServicerB,SERVICER_FEED,1
LN0001175,2,2022-05,Prepaid,0,2022-05,ServicerB,SERVICER_FEED,1
LN0001176,9,2019-04,Current,0,2019-04,ServicerD,SERVICER_FEED,1
LN0001177,13,2020-08,Prepaid,0,2020-08,ServicerB,SERVICER_FEED,1
LN0001178,3,2022-12,Closed,0,2022-12,ServicerA,SERVICER_FEED,1
LN0001179,33,2022-07,Closed,0,2022-07,ServicerA,SERVICER_FEED,1
LN0001180,27,2023-07,Prepaid,0,2023-07,ServicerA,SERVICER_FEED,1
LN0001180,17,2022-09,30DPD,35,2022-09,ServicerC,SERVICER_FEED,1
LN0001181,5,2021-03,60DPD,65,2021-03,ServicerA,SERVICER_FEED,1
LN0001182,3,2022-08,Closed,0,2022-08,ServicerC,SERVICER_FEED,1
LN0001183,7,2021-02,Prepaid,0,2021-02,ServicerC,SERVICER_FEED,1
LN0001184,4,2020-06,Default,120,2020-06,ServicerB,SERVICER_FEED,1
LN0001185,3,2018-04,Default,120,2018-04,ServicerC,SERVICER_FEED,1
LN0001185,5,2018-06,Default,120,2018-06,ServicerC,SERVICER_FEED,1
LN0001186,7,2020-12,Closed,0,2020-12,ServicerA,SERVICER_FEED,1
LN0001187,10,2021-10,Prepaid,0,2021-10,ServicerD,SERVICER_FEED,1
LN0001188,2,2021-08,Default,120,2021-08,ServicerB,SERVICER_FEED,1
LN0001189,5,2022-04,Closed,0,2022-04,ServicerC,SERVICER_FEED,1
LN0001190,7,2022-06,Prepaid,0,2022-06,ServicerB,SERVICER_FEED,1
LN0001191,20,2021-12,90DPD,95,2021-12,ServicerC,SERVICER_FEED,1
LN0001192,27,2020-08,60DPD,65,2020-08,ServicerC,SERVICER_FEED,1
LN0001193,20,2020-12,60DPD,65,2020-12,ServicerB,SERVICER_FEED,1
LN0001194,7,2020-08,30DPD,35,2020-08,ServicerB,SERVICER_FEED,1
LN0001195,28,2025-03,60DPD,65,2025-03,ServicerD,SERVICER_FEED,1
LN0001196,11,2022-10,Default,120,2022-10,ServicerB,SERVICER_FEED,1
LN0001197,32,2025-02,Prepaid,0,2025-02,ServicerB,SERVICER_FEED,1
LN0001197,13,2023-07,30DPD,35,2023-07,ServicerB,SERVICER_FEED,1
LN0001198,19,2024-07,30DPD,35,2024-07,ServicerA,SERVICER_FEED,1
LN0001199,4,2019-01,60DPD,65,2019-01,ServicerB,SERVICER_FEED,1
LN0001200,1,2018-02,60DPD,65,2018-02,ServicerB,SERVICER_FEED,1
LN0001201,8,2021-07,30DPD,35,2021-07,ServicerA,SERVICER_FEED,1
LN0001202,14,2020-06,30DPD,35,2020-06,ServicerA,SERVICER_FEED,1
LN0001203,12,2023-05,Prepaid,0,2023-05,ServicerC,SERVICER_FEED,1
LN0001204,4,2020-08,Closed,0,2020-08,ServicerD,SERVICER_FEED,1
LN0001205,29,2020-06,Closed,0,2020-06,ServicerC,SERVICER_FEED,1
LN0001205,17,2019-06,Closed,0,2019-06,ServicerA,SERVICER_FEED,1
LN0001206,4,2019-06,30DPD,35,2019-06,ServicerA,SERVICER_FEED,1
LN0001207,2,2019-11,60DPD,65,2019-11,ServicerD,SERVICER_FEED,1
LN0001208,23,2020-01,Prepaid,0,2020-01,ServicerA,SERVICER_FEED,1
LN0001208,5,2018-07,Default,120,2018-07,ServicerA,SERVICER_FEED,1
LN0001209,18,2021-02,Default,120,2021-02,ServicerC,SERVICER_FEED,1
LN0001210,2,2020-11,30DPD,35,2020-11,ServicerA,SERVICER_FEED,1
LN0001211,2,2022-08,Default,120,2022-08,ServicerB,SERVICER_FEED,1
LN0001212,1,2021-04,90DPD,95,2021-04,ServicerD,SERVICER_FEED,1
LN0001213,2,2018-08,Default,120,2018-08,ServicerD,SERVICER_FEED,1
LN0001214,11,2020-12,Default,120,2020-12,ServicerC,SERVICER_FEED,1
LN0001215,17,2023-04,90DPD,95,2023-04,ServicerB,SERVICER_FEED,1
LN0001216,12,2020-11,Closed,0,2020-11,ServicerC,SERVICER_FEED,1
LN0001217,5,2021-03,Closed,0,2021-03,ServicerD,SERVICER_FEED,1
LN0001218,2,2023-02,Prepaid,0,2023-02,ServicerC,SERVICER_FEED,1
LN0001219,3,2018-12,Closed,0,2018-12,ServicerC,SERVICER_FEED,1
LN0001220,2,2020-07,30DPD,35,2020-07,ServicerB,SERVICER_FEED,1
LN0001221,15,2022-04,90DPD,95,2022-04,ServicerA,SERVICER_FEED,1
LN0001222,3,2022-03,Prepaid,0,2022-03,ServicerB,SERVICER_FEED,1
LN0001223,13,2023-04,Prepaid,0,2023-04,ServicerD,SERVICER_FEED,1
LN0001224,14,2020-08,30DPD,35,2020-08,ServicerD,SERVICER_FEED,1
LN0001225,9,2021-02,Default,120,2021-02,ServicerB,SERVICER_FEED,1
LN0001226,6,2022-08,60DPD,65,2022-08,ServicerC,SERVICER_FEED,1
LN0001227,23,2024-02,60DPD,65,2024-02,ServicerA,SERVICER_FEED,1
LN0001228,26,2024-04,Prepaid,0,2024-04,ServicerD,SERVICER_FEED,1
LN0001228,18,2023-08,90DPD,95,2023-08,ServicerD,SERVICER_FEED,1
LN0001229,2,2021-07,Current,0,2021-07,ServicerD,SERVICER_FEED,1
LN0001230,22,2021-03,30DPD,35,2021-03,ServicerA,SERVICER_FEED,1
LN0001230,8,2020-01,Closed,0,2020-01,ServicerD,SERVICER_FEED,1
LN0001231,8,2020-07,60DPD,65,2020-07,ServicerD,SERVICER_FEED,1
LN0001232,9,2022-01,Closed,0,2022-01,ServicerB,SERVICER_FEED,1
LN0001233,2,2019-06,Prepaid,0,2019-06,ServicerB,SERVICER_FEED,1
LN0001234,4,2021-09,30DPD,35,2021-09,ServicerB,SERVICER_FEED,1
LN0001234,24,2023-05,Prepaid,0,2023-05,ServicerA,SERVICER_FEED,1
LN0001235,6,2021-01,90DPD,95,2021-01,ServicerA,SERVICER_FEED,1
LN0001236,11,2021-02,Closed,0,2021-02,ServicerD,SERVICER_FEED,1
LN0001236,30,2022-09,60DPD,65,2022-09,ServicerD,SERVICER_FEED,1
LN0001237,28,2022-02,Prepaid,0,2022-02,ServicerD,SERVICER_FEED,1
LN0001237,21,2021-07,Prepaid,0,2021-07,ServicerB,SERVICER_FEED,1
LN0001238,3,2022-02,60DPD,65,2022-02,ServicerA,SERVICER_FEED,1
LN0001239,2,2020-06,Prepaid,0,2020-06,ServicerB,SERVICER_FEED,1
LN0001240,1,2019-08,Prepaid,0,2019-08,ServicerB,SERVICER_FEED,1
LN0001241,2,2020-02,Prepaid,0,2020-02,ServicerC,SERVICER_FEED,1
LN0001242,17,2021-11,Closed,0,2021-11,ServicerB,SERVICER_FEED,1
LN0001243,33,2023-11,Prepaid,0,2023-11,ServicerB,SERVICER_FEED,1
LN0001244,3,2023-03,Default,120,2023-03,ServicerA,SERVICER_FEED,1
LN0001245,6,2020-03,Closed,0,2020-03,ServicerB,SERVICER_FEED,1
LN0001246,7,2019-06,Prepaid,0,2019-06,ServicerD,SERVICER_FEED,1
LN0001247,8,2023-07,60DPD,65,2023-07,ServicerD,SERVICER_FEED,1
LN0001248,9,2019-06,Prepaid,0,2019-06,ServicerC,SERVICER_FEED,1
LN0001249,8,2023-03,30DPD,35,2023-03,ServicerC,SERVICER_FEED,1
LN0001250,8,2019-05,60DPD,65,2019-05,ServicerB,SERVICER_FEED,1
LN0001251,3,2020-01,90DPD,95,2020-01,ServicerB,SERVICER_FEED,1
LN0001252,4,2023-04,Prepaid,0,2023-04,ServicerB,SERVICER_FEED,1
LN0001253,23,2020-09,90DPD,95,2020-09,ServicerB,SERVICER_FEED,1
LN0001253,32,2021-06,60DPD,65,2021-06,ServicerA,SERVICER_FEED,1
LN0001254,41,2022-03,Closed,0,2022-03,ServicerC,SERVICER_FEED,1
LN0001254,29,2021-03,30DPD,35,2021-03,ServicerA,SERVICER_FEED,1
LN0001255,4,2021-05,90DPD,95,2021-05,ServicerD,SERVICER_FEED,1
LN0001256,1,2019-01,90DPD,95,2019-01,ServicerB,SERVICER_FEED,1
LN0001257,1,2018-03,60DPD,65,2018-03,ServicerD,SERVICER_FEED,1
LN0001258,3,2021-09,Default,120,2021-09,ServicerC,SERVICER_FEED,1
LN0001259,27,2025-01,30DPD,35,2025-01,ServicerB,SERVICER_FEED,1
LN0001260,4,2022-02,Prepaid,0,2022-02,ServicerD,SERVICER_FEED,1
LN0001261,1,2022-11,90DPD,95,2022-11,ServicerB,SERVICER_FEED,1
LN0001262,5,2021-01,90DPD,95,2021-01,ServicerD,SERVICER_FEED,1
LN0001263,13,2022-02,Prepaid,0,2022-02,ServicerD,SERVICER_FEED,1
LN0001263,14,2022-03,Prepaid,0,2022-03,ServicerA,SERVICER_FEED,1
LN0001264,3,2023-02,Default,120,2023-02,ServicerD,SERVICER_FEED,1
LN0001265,1,2020-08,Prepaid,0,2020-08,ServicerC,SERVICER_FEED,1
LN0001266,4,2018-07,Current,0,2018-07,ServicerC,SERVICER_FEED,1
LN0001267,41,2022-08,90DPD,95,2022-08,ServicerD,SERVICER_FEED,1
LN0001267,23,2021-02,Prepaid,0,2021-02,ServicerD,SERVICER_FEED,1
LN0001268,1,2021-03,30DPD,35,2021-03,ServicerD,SERVICER_FEED,1
LN0001269,2,2022-06,90DPD,95,2022-06,ServicerA,SERVICER_FEED,1
LN0001270,10,2021-11,Default,120,2021-11,ServicerC,SERVICER_FEED,1
LN0001270,36,2024-01,Prepaid,0,2024-01,ServicerC,SERVICER_FEED,1
LN0001271,4,2020-05,Closed,0,2020-05,ServicerD,SERVICER_FEED,1
LN0001272,2,2019-10,60DPD,65,2019-10,ServicerB,SERVICER_FEED,1
LN0001273,10,2022-03,30DPD,35,2022-03,ServicerB,SERVICER_FEED,1
LN0001274,6,2022-12,Closed,0,2022-12,ServicerD,SERVICER_FEED,1
LN0001275,2,2019-07,Closed,0,2019-07,ServicerD,SERVICER_FEED,1
LN0001276,11,2021-09,90DPD,95,2021-09,ServicerC,SERVICER_FEED,1
LN0001277,33,2022-11,Prepaid,0,2022-11,ServicerA,SERVICER_FEED,1
LN0001277,2,2020-04,90DPD,95,2020-04,ServicerA,SERVICER_FEED,1
LN0001278,24,2021-03,30DPD,35,2021-03,ServicerC,SERVICER_FEED,1
LN0001279,4,2020-05,Current,0,2020-05,ServicerA,SERVICER_FEED,1
LN0001280,1,2018-07,Prepaid,0,2018-07,ServicerC,SERVICER_FEED,1
LN0001281,20,2022-04,60DPD,65,2022-04,ServicerC,SERVICER_FEED,1
LN0001281,21,2022-05,30DPD,35,2022-05,ServicerB,SERVICER_FEED,1
LN0001282,1,2018-08,Prepaid,0,2018-08,ServicerA,SERVICER_FEED,1
LN0001283,9,2021-02,90DPD,95,2021-02,ServicerC,SERVICER_FEED,1
LN0001284,6,2022-12,90DPD,95,2022-12,ServicerB,SERVICER_FEED,1
LN0001285,8,2019-05,60DPD,65,2019-05,ServicerD,SERVICER_FEED,1
LN0001286,4,2019-08,Default,120,2019-08,ServicerA,SERVICER_FEED,1
LN0001287,7,2022-03,60DPD,65,2022-03,ServicerD,SERVICER_FEED,1
LN0001288,2,2022-09,Prepaid,0,2022-09,ServicerD,SERVICER_FEED,1
LN0001289,3,2023-01,30DPD,35,2023-01,ServicerD,SERVICER_FEED,1
LN0001290,9,2019-05,Default,120,2019-05,ServicerB,SERVICER_FEED,1
LN0001291,16,2020-07,Closed,0,2020-07,ServicerD,SERVICER_FEED,1
LN0001292,17,2024-05,30DPD,35,2024-05,ServicerB,SERVICER_FEED,1
LN0001293,1,2020-08,60DPD,65,2020-08,ServicerC,SERVICER_FEED,1
LN0001294,2,2022-05,Default,120,2022-05,ServicerB,SERVICER_FEED,1
LN0001295,7,2018-08,90DPD,95,2018-08,ServicerA,SERVICER_FEED,1
LN0001296,13,2019-09,Closed,0,2019-09,ServicerA,SERVICER_FEED,1
LN0001297,9,2019-10,Prepaid,0,2019-10,ServicerB,SERVICER_FEED,1
LN0001298,4,2018-10,Prepaid,0,2018-10,ServicerB,SERVICER_FEED,1
LN0001299,3,2022-09,Default,120,2022-09,ServicerD,SERVICER_FEED,1
LN0001300,3,2022-04,30DPD,35,2022-04,ServicerD,SERVICER_FEED,1
LN0001301,2,2020-02,30DPD,35,2020-02,ServicerB,SERVICER_FEED,1
LN0001302,5,2018-10,Default,120,2018-10,ServicerB,SERVICER_FEED,1
LN0001303,17,2019-12,90DPD,95,2019-12,ServicerD,SERVICER_FEED,1
LN0001304,17,2020-09,Prepaid,0,2020-09,ServicerD,SERVICER_FEED,1
LN0001305,9,2022-05,30DPD,35,2022-05,ServicerA,SERVICER_FEED,1
LN0001306,5,2022-06,90DPD,95,2022-06,ServicerA,SERVICER_FEED,1
LN0001307,8,2021-05,Prepaid,0,2021-05,ServicerD,SERVICER_FEED,1
LN0001308,6,2023-01,90DPD,95,2023-01,ServicerC,SERVICER_FEED,1
LN0001309,1,2022-09,90DPD,95,2022-09,ServicerD,SERVICER_FEED,1
LN0001310,7,2022-06,Prepaid,0,2022-06,ServicerA,SERVICER_FEED,1
LN0001311,8,2019-01,Closed,0,2019-01,ServicerD,SERVICER_FEED,1
LN0001312,4,2022-10,Prepaid,0,2022-10,ServicerC,SERVICER_FEED,1
LN0001313,19,2024-02,Current,0,2024-02,ServicerA,SERVICER_FEED,1
LN0001314,38,2023-12,Closed,0,2023-12,ServicerD,SERVICER_FEED,1
LN0001314,18,2022-04,60DPD,65,2022-04,ServicerC,SERVICER_FEED,1
LN0001315,3,2021-03,90DPD,95,2021-03,ServicerA,SERVICER_FEED,1
LN0001315,29,2023-05,Prepaid,0,2023-05,ServicerD,SERVICER_FEED,1
LN0001316,4,2022-03,Closed,0,2022-03,ServicerD,SERVICER_FEED,1
LN0001317,3,2021-03,60DPD,65,2021-03,ServicerA,SERVICER_FEED,1
LN0001318,3,2019-12,Closed,0,2019-12,ServicerD,SERVICER_FEED,1
LN0001319,12,2022-06,60DPD,65,2022-06,ServicerA,SERVICER_FEED,1
LN0001320,5,2022-05,90DPD,95,2022-05,ServicerA,SERVICER_FEED,1
LN0001321,9,2019-06,90DPD,95,2019-06,ServicerC,SERVICER_FEED,1
LN0001322,20,2023-01,Current,0,2023-01,ServicerB,SERVICER_FEED,1
LN0001323,5,2019-04,90DPD,95,2019-04,ServicerC,SERVICER_FEED,1
LN0001324,9,2021-08,Prepaid,0,2021-08,ServicerD,SERVICER_FEED,1
LN0001325,2,2018-09,90DPD,95,2018-09,ServicerA,SERVICER_FEED,1
LN0001326,1,2023-01,Prepaid,0,2023-01,ServicerB,SERVICER_FEED,1
LN0001327,5,2021-10,90DPD,95,2021-10,ServicerD,SERVICER_FEED,1
LN0001328,8,2021-01,Closed,0,2021-01,ServicerB,SERVICER_FEED,1
LN0001329,25,2022-08,60DPD,65,2022-08,ServicerD,SERVICER_FEED,1
LN0001330,37,2024-03,90DPD,95,2024-03,ServicerB,SERVICER_FEED,1
LN0001330,25,2023-03,Prepaid,0,2023-03,ServicerC,SERVICER_FEED,1
LN0001331,28,2020-12,60DPD,65,2020-12,ServicerD,SERVICER_FEED,1
LN0001332,8,2021-03,Closed,0,2021-03,ServicerA,SERVICER_FEED,1
LN0001333,12,2022-07,90DPD,95,2022-07,ServicerC,SERVICER_FEED,1
LN0001334,4,2019-08,90DPD,95,2019-08,ServicerC,SERVICER_FEED,1
LN0001335,17,2021-10,Current,0,2021-10,ServicerD,SERVICER_FEED,1
LN0001336,6,2020-02,30DPD,35,2020-02,ServicerA,SERVICER_FEED,1
LN0001337,6,2019-04,Default,120,2019-04,ServicerC,SERVICER_FEED,1
LN0001338,11,2023-10,Prepaid,0,2023-10,ServicerD,SERVICER_FEED,1
LN0001339,1,2021-01,30DPD,35,2021-01,ServicerB,SERVICER_FEED,1
LN0001340,9,2020-09,Prepaid,0,2020-09,ServicerB,SERVICER_FEED,1
LN0001341,24,2021-09,60DPD,65,2021-09,ServicerA,SERVICER_FEED,1
LN0001342,7,2021-12,30DPD,35,2021-12,ServicerC,SERVICER_FEED,1
LN0001343,7,2019-02,30DPD,35,2019-02,ServicerA,SERVICER_FEED,1
LN0001344,9,2021-07,30DPD,35,2021-07,ServicerB,SERVICER_FEED,1
LN0001345,3,2019-05,Default,120,2019-05,ServicerB,SERVICER_FEED,1
LN0001346,9,2023-03,Prepaid,0,2023-03,ServicerB,SERVICER_FEED,1
LN0001347,5,2022-05,Default,120,2022-05,ServicerD,SERVICER_FEED,1
LN0001348,25,2023-11,60DPD,65,2023-11,ServicerA,SERVICER_FEED,1
LN0001349,19,2020-04,Default,120,2020-04,ServicerA,SERVICER_FEED,1
LN0001350,4,2018-09,Prepaid,0,2018-09,ServicerC,SERVICER_FEED,1
LN0001351,5,2020-09,Prepaid,0,2020-09,ServicerC,SERVICER_FEED,1
LN0001352,7,2020-05,Closed,0,2020-05,ServicerB,SERVICER_FEED,1
LN0001353,21,2023-05,Prepaid,0,2023-05,ServicerB,SERVICER_FEED,1
LN0001354,3,2021-10,30DPD,35,2021-10,ServicerD,SERVICER_FEED,1
LN0001355,19,2021-07,30DPD,35,2021-07,ServicerA,SERVICER_FEED,1
LN0001356,1,2018-11,Closed,0,2018-11,ServicerB,SERVICER_FEED,1
LN0001357,1,2019-09,Prepaid,0,2019-09,ServicerC,SERVICER_FEED,1
LN0001358,2,2020-09,Closed,0,2020-09,ServicerC,SERVICER_FEED,1
LN0001359,7,2019-11,Prepaid,0,2019-11,ServicerD,SERVICER_FEED,1
LN0001360,5,2020-01,Default,120,2020-01,ServicerB,SERVICER_FEED,1
LN0001361,16,2020-07,30DPD,35,2020-07,ServicerA,SERVICER_FEED,1
LN0001362,15,2019-07,90DPD,95,2019-07,ServicerC,SERVICER_FEED,1
LN0001363,25,2023-02,Prepaid,0,2023-02,ServicerA,SERVICER_FEED,1
LN0001364,3,2023-03,60DPD,65,2023-03,ServicerC,SERVICER_FEED,1
LN0001365,26,2024-12,Prepaid,0,2024-12,ServicerD,SERVICER_FEED,1
LN0001366,10,2023-06,Prepaid,0,2023-06,ServicerA,SERVICER_FEED,1
LN0001367,19,2022-11,60DPD,65,2022-11,ServicerD,SERVICER_FEED,1
LN0001368,1,2021-10,Closed,0,2021-10,ServicerD,SERVICER_FEED,1
LN0001369,3,2018-07,30DPD,35,2018-07,ServicerC,SERVICER_FEED,1
LN0001370,13,2020-02,Prepaid,0,2020-02,ServicerD,SERVICER_FEED,1
LN0001371,1,2021-08,Default,120,2021-08,ServicerD,SERVICER_FEED,1
LN0001372,1,2023-01,Prepaid,0,2023-01,ServicerC,SERVICER_FEED,1
LN0001373,6,2023-01,Prepaid,0,2023-01,ServicerA,SERVICER_FEED,1
LN0001374,2,2021-04,30DPD,35,2021-04,ServicerD,SERVICER_FEED,1
LN0001375,7,2019-02,Default,120,2019-02,ServicerB,SERVICER_FEED,1
LN0001376,8,2023-06,90DPD,95,2023-06,ServicerD,SERVICER_FEED,1
LN0001377,4,2019-12,90DPD,95,2019-12,ServicerD,SERVICER_FEED,1
LN0001378,5,2018-08,Current,0,2018-08,ServicerB,SERVICER_FEED,1
LN0001379,13,2022-12,Closed,0,2022-12,ServicerA,SERVICER_FEED,1
LN0001380,23,2020-10,90DPD,95,2020-10,ServicerA,SERVICER_FEED,1
LN0001381,1,2019-08,Closed,0,2019-08,ServicerB,SERVICER_FEED,1
LN0001382,16,2022-09,60DPD,65,2022-09,ServicerA,SERVICER_FEED,1
LN0001382,22,2023-03,90DPD,95,2023-03,ServicerA,SERVICER_FEED,1
LN0001383,4,2023-02,Prepaid,0,2023-02,ServicerB,SERVICER_FEED,1
LN0001384,2,2022-09,Default,120,2022-09,ServicerB,SERVICER_FEED,1
LN0001385,9,2019-07,30DPD,35,2019-07,ServicerA,SERVICER_FEED,1
LN0001386,2,2019-01,90DPD,95,2019-01,ServicerC,SERVICER_FEED,1
LN0001387,11,2022-12,30DPD,35,2022-12,ServicerC,SERVICER_FEED,1
LN0001388,37,2022-09,Prepaid,0,2022-09,ServicerA,SERVICER_FEED,1
LN0001388,40,2022-12,90DPD,95,2022-12,ServicerA,SERVICER_FEED,1
LN0001389,6,2018-11,Default,120,2018-11,ServicerB,SERVICER_FEED,1
LN0001390,6,2021-06,60DPD,65,2021-06,ServicerA,SERVICER_FEED,1
LN0001390,32,2023-08,Closed,0,2023-08,ServicerA,SERVICER_FEED,1
LN0001391,3,2021-07,30DPD,35,2021-07,ServicerB,SERVICER_FEED,1
LN0001392,2,2023-02,Current,0,2023-02,ServicerC,SERVICER_FEED,1
LN0001393,3,2020-09,Default,120,2020-09,ServicerC,SERVICER_FEED,1
LN0001394,2,2022-02,90DPD,95,2022-02,ServicerA,SERVICER_FEED,1
LN0001395,8,2021-05,30DPD,35,2021-05,ServicerD,SERVICER_FEED,1
LN0001396,1,2022-09,60DPD,65,2022-09,ServicerC,SERVICER_FEED,1
LN0001397,19,2022-01,Prepaid,0,2022-01,ServicerA,SERVICER_FEED,1
LN0001398,17,2022-10,Closed,0,2022-10,ServicerC,SERVICER_FEED,1
LN0001399,11,2023-09,Default,120,2023-09,ServicerB,SERVICER_FEED,1
LN0001400,1,2022-06,Default,120,2022-06,ServicerA,SERVICER_FEED,1
LN0001401,4,2020-05,Prepaid,0,2020-05,ServicerA,SERVICER_FEED,1
LN0001402,2,2020-09,30DPD,35,2020-09,ServicerA,SERVICER_FEED,1
LN0001403,4,2021-04,Closed,0,2021-04,ServicerD,SERVICER_FEED,1
LN0001404,2,2018-10,Default,120,2018-10,ServicerC,SERVICER_FEED,1
LN0001405,9,2019-12,30DPD,35,2019-12,ServicerA,SERVICER_FEED,1
LN0001406,5,2021-12,90DPD,95,2021-12,ServicerB,SERVICER_FEED,1
LN0001407,4,2018-09,Default,120,2018-09,ServicerD,SERVICER_FEED,1
LN0001408,1,2021-02,Default,120,2021-02,ServicerA,SERVICER_FEED,1
LN0001409,23,2022-05,Prepaid,0,2022-05,ServicerC,SERVICER_FEED,1
LN0001410,14,2021-08,Current,0,2021-08,ServicerB,SERVICER_FEED,1
LN0001411,2,2022-05,60DPD,65,2022-05,ServicerD,SERVICER_FEED,1
LN0001412,3,2019-08,90DPD,95,2019-08,ServicerC,SERVICER_FEED,1
LN0001413,7,2022-07,90DPD,95,2022-07,ServicerB,SERVICER_FEED,1
LN0001414,4,2022-04,90DPD,95,2022-04,ServicerB,SERVICER_FEED,1
LN0001415,3,2023-03,Closed,0,2023-03,ServicerD,SERVICER_FEED,1
LN0001416,4,2022-06,Current,0,2022-06,ServicerC,SERVICER_FEED,1
LN0001417,2,2020-09,90DPD,95,2020-09,ServicerB,SERVICER_FEED,1
LN0001418,3,2020-01,60DPD,65,2020-01,ServicerD,SERVICER_FEED,1
LN0001419,6,2022-05,90DPD,95,2022-05,ServicerD,SERVICER_FEED,1
LN0001420,3,2022-11,90DPD,95,2022-11,ServicerD,SERVICER_FEED,1
LN0001421,13,2020-06,Closed,0,2020-06,ServicerA,SERVICER_FEED,1
LN0001422,13,2020-12,90DPD,95,2020-12,ServicerC,SERVICER_FEED,1
LN0001423,19,2022-01,Default,120,2022-01,ServicerA,SERVICER_FEED,1
LN0001424,2,2018-09,90DPD,95,2018-09,ServicerB,SERVICER_FEED,1
LN0001425,7,2020-02,90DPD,95,2020-02,ServicerA,SERVICER_FEED,1
LN0001426,9,2019-07,60DPD,65,2019-07,ServicerD,SERVICER_FEED,1
LN0001427,2,2022-01,60DPD,65,2022-01,ServicerA,SERVICER_FEED,1
LN0001428,5,2020-11,Prepaid,0,2020-11,ServicerA,SERVICER_FEED,1
LN0001429,4,2021-05,30DPD,35,2021-05,ServicerD,SERVICER_FEED,1
LN0001430,2,2018-07,Prepaid,0,2018-07,ServicerB,SERVICER_FEED,1
LN0001431,11,2021-10,60DPD,65,2021-10,ServicerB,SERVICER_FEED,1
LN0001432,8,2022-04,Prepaid,0,2022-04,ServicerC,SERVICER_FEED,1
LN0001433,1,2021-07,Default,120,2021-07,ServicerA,SERVICER_FEED,1
LN0001434,12,2022-12,Prepaid,0,2022-12,ServicerD,SERVICER_FEED,1
LN0001435,1,2018-08,Closed,0,2018-08,ServicerA,SERVICER_FEED,1
LN0001436,5,2021-02,30DPD,35,2021-02,ServicerB,SERVICER_FEED,1
LN0001437,1,2020-06,30DPD,35,2020-06,ServicerC,SERVICER_FEED,1
LN0001438,6,2022-12,Default,120,2022-12,ServicerC,SERVICER_FEED,1
LN0001439,3,2021-09,Current,0,2021-09,ServicerB,SERVICER_FEED,1
LN0001440,1,2022-11,Closed,0,2022-11,ServicerA,SERVICER_FEED,1
LN0001441,14,2019-04,30DPD,35,2019-04,ServicerB,SERVICER_FEED,1
LN0001442,7,2020-10,Closed,0,2020-10,ServicerC,SERVICER_FEED,1
LN0001443,14,2022-09,90DPD,95,2022-09,ServicerC,SERVICER_FEED,1
LN0001444,6,2018-12,30DPD,35,2018-12,ServicerD,SERVICER_FEED,1
LN0001445,2,2021-06,Closed,0,2021-06,ServicerA,SERVICER_FEED,1
LN0001446,29,2021-07,Prepaid,0,2021-07,ServicerB,SERVICER_FEED,1
LN0001446,36,2022-02,Closed,0,2022-02,ServicerA,SERVICER_FEED,1
LN0001447,6,2018-11,Prepaid,0,2018-11,ServicerA,SERVICER_FEED,1
LN0001448,5,2021-09,Prepaid,0,2021-09,ServicerD,SERVICER_FEED,1
LN0001449,11,2021-01,Default,120,2021-01,ServicerA,SERVICER_FEED,1
LN0001450,3,2020-04,Default,120,2020-04,ServicerC,SERVICER_FEED,1
LN0001451,4,2019-12,60DPD,65,2019-12,ServicerC,SERVICER_FEED,1
LN0001452,7,2022-01,60DPD,65,2022-01,ServicerB,SERVICER_FEED,1
LN0001453,1,2021-03,90DPD,95,2021-03,ServicerA,SERVICER_FEED,1
LN0001454,1,2021-06,Closed,0,2021-06,ServicerA,SERVICER_FEED,1
LN0001455,5,2022-05,Default,120,2022-05,ServicerC,SERVICER_FEED,1
LN0001456,28,2023-05,Default,120,2023-05,ServicerB,SERVICER_FEED,1
LN0001456,13,2022-02,Default,120,2022-02,ServicerA,SERVICER_FEED,1
LN0001457,5,2018-10,Current,0,2018-10,ServicerC,SERVICER_FEED,1
LN0001458,1,2018-11,Default,120,2018-11,ServicerC,SERVICER_FEED,1
LN0001459,1,2023-01,Prepaid,0,2023-01,ServicerD,SERVICER_FEED,1
LN0001460,8,2020-02,Default,120,2020-02,ServicerA,SERVICER_FEED,1
LN0001461,1,2020-03,Prepaid,0,2020-03,ServicerA,SERVICER_FEED,1
LN0001462,8,2020-07,Default,120,2020-07,ServicerA,SERVICER_FEED,1
LN0001462,7,2020-06,90DPD,95,2020-06,ServicerA,SERVICER_FEED,1
LN0001463,2,2023-02,90DPD,95,2023-02,ServicerD,SERVICER_FEED,1
LN0001464,8,2022-10,Current,0,2022-10,ServicerA,SERVICER_FEED,1
LN0001465,2,2020-08,Closed,0,2020-08,ServicerC,SERVICER_FEED,1
LN0001466,5,2021-10,Closed,0,2021-10,ServicerA,SERVICER_FEED,1
LN0001467,1,2020-11,Closed,0,2020-11,ServicerA,SERVICER_FEED,1
LN0001468,3,2021-06,Prepaid,0,2021-06,ServicerC,SERVICER_FEED,1
LN0001469,2,2022-12,Default,120,2022-12,ServicerA,SERVICER_FEED,1
LN0001470,9,2022-02,90DPD,95,2022-02,ServicerC,SERVICER_FEED,1
LN0001471,2,2018-09,90DPD,95,2018-09,ServicerD,SERVICER_FEED,1
LN0001472,2,2020-09,30DPD,35,2020-09,ServicerD,SERVICER_FEED,1
LN0001473,15,2023-05,Prepaid,0,2023-05,ServicerC,SERVICER_FEED,1
LN0001474,2,2018-05,Default,120,2018-05,ServicerC,SERVICER_FEED,1
LN0001475,6,2020-04,30DPD,35,2020-04,ServicerC,SERVICER_FEED,1
LN0001476,3,2019-04,Default,120,2019-04,ServicerA,SERVICER_FEED,1
LN0001477,8,2022-04,30DPD,35,2022-04,ServicerD,SERVICER_FEED,1
LN0001478,2,2018-11,60DPD,65,2018-11,ServicerD,SERVICER_FEED,1
LN0001479,12,2022-02,Prepaid,0,2022-02,ServicerB,SERVICER_FEED,1
LN0001480,2,2018-06,Prepaid,0,2018-06,ServicerB,SERVICER_FEED,1
LN0001481,4,2022-12,Closed,0,2022-12,ServicerB,SERVICER_FEED,1
LN0001482,1,2019-09,90DPD,95,2019-09,ServicerB,SERVICER_FEED,1
LN0001482,11,2020-07,60DPD,65,2020-07,ServicerC,SERVICER_FEED,1
LN0001483,3,2020-04,90DPD,95,2020-04,ServicerB,SERVICER_FEED,1
LN0001484,11,2022-11,30DPD,35,2022-11,ServicerC,SERVICER_FEED,1
LN0001485,7,2020-06,Prepaid,0,2020-06,ServicerA,SERVICER_FEED,1
LN0001486,2,2018-09,Closed,0,2018-09,ServicerC,SERVICER_FEED,1
LN0001487,11,2023-06,90DPD,95,2023-06,ServicerB,SERVICER_FEED,1
LN0001488,3,2018-10,Prepaid,0,2018-10,ServicerD,SERVICER_FEED,1
LN0001489,3,2020-09,90DPD,95,2020-09,ServicerC,SERVICER_FEED,1
LN0001490,13,2019-09,Prepaid,0,2019-09,ServicerD,SERVICER_FEED,1
LN0001491,38,2024-08,Closed,0,2024-08,ServicerD,SERVICER_FEED,1
LN0001491,10,2022-04,Default,120,2022-04,ServicerA,SERVICER_FEED,1
LN0001492,10,2020-03,Prepaid,0,2020-03,ServicerD,SERVICER_FEED,1
LN0001493,4,2022-12,90DPD,95,2022-12,ServicerC,SERVICER_FEED,1
LN0001494,15,2020-04,30DPD,35,2020-04,ServicerD,SERVICER_FEED,1
LN0001495,3,2021-08,Default,120,2021-08,ServicerC,SERVICER_FEED,1
LN0001496,13,2019-02,60DPD,65,2019-02,ServicerD,SERVICER_FEED,1
LN0001497,8,2019-03,Closed,0,2019-03,ServicerA,SERVICER_FEED,1
LN0001498,2,2019-07,Default,120,2019-07,ServicerC,SERVICER_FEED,1
LN0001499,1,2022-07,Closed,0,2022-07,ServicerC,SERVICER_FEED,1
LN0001500,15,2024-03,Prepaid,0,2024-03,ServicerA,SERVICER_FEED,1
LN0001501,22,2022-11,60DPD,65,2022-11,ServicerB,SERVICER_FEED,1
LN0001502,4,2020-01,60DPD,65,2020-01,ServicerB,SERVICER_FEED,1
LN0001503,3,2019-10,60DPD,65,2019-10,ServicerC,SERVICER_FEED,1
LN0001504,4,2019-05,60DPD,65,2019-05,ServicerC,SERVICER_FEED,1
LN0001505,3,2019-12,Closed,0,2019-12,ServicerC,SERVICER_FEED,1
LN0001506,3,2020-09,Default,120,2020-09,ServicerA,SERVICER_FEED,1
LN0001507,3,2021-09,Default,120,2021-09,ServicerB,SERVICER_FEED,1
LN0001508,11,2020-01,Closed,0,2020-01,ServicerA,SERVICER_FEED,1
LN0001509,8,2018-11,Closed,0,2018-11,ServicerD,SERVICER_FEED,1
LN0001510,25,2022-11,Default,120,2022-11,ServicerB,SERVICER_FEED,1
LN0001511,12,2020-03,90DPD,95,2020-03,ServicerD,SERVICER_FEED,1
LN0001512,1,2020-02,60DPD,65,2020-02,ServicerB,SERVICER_FEED,1
LN0001513,3,2021-10,90DPD,95,2021-10,ServicerC,SERVICER_FEED,1
LN0001514,30,2024-12,60DPD,65,2024-12,ServicerA,SERVICER_FEED,1
LN0001514,33,2025-03,60DPD,65,2025-03,ServicerA,SERVICER_FEED,1
LN0001515,2,2020-11,Default,120,2020-11,ServicerD,SERVICER_FEED,1
LN0001516,7,2023-03,Prepaid,0,2023-03,ServicerC,SERVICER_FEED,1
LN0001517,4,2019-09,60DPD,65,2019-09,ServicerB,SERVICER_FEED,1
LN0001518,2,2021-09,90DPD,95,2021-09,ServicerB,SERVICER_FEED,1
LN0001519,3,2023-02,60DPD,65,2023-02,ServicerA,SERVICER_FEED,1
LN0001520,17,2020-06,90DPD,95,2020-06,ServicerA,SERVICER_FEED,1
LN0001520,15,2020-04,Default,120,2020-04,ServicerC,SERVICER_FEED,1
LN0001521,7,2022-04,Current,0,2022-04,ServicerB,SERVICER_FEED,1
LN0001522,4,2020-09,Prepaid,0,2020-09,ServicerA,SERVICER_FEED,1
LN0001523,8,2023-01,Closed,0,2023-01,ServicerD,SERVICER_FEED,1
LN0001524,2,2019-09,Prepaid,0,2019-09,ServicerA,SERVICER_FEED,1
LN0001524,10,2020-05,30DPD,35,2020-05,ServicerA,SERVICER_FEED,1
LN0001525,8,2023-06,Default,120,2023-06,ServicerC,SERVICER_FEED,1
LN0001526,2,2022-02,30DPD,35,2022-02,ServicerD,SERVICER_FEED,1
LN0001527,4,2021-11,60DPD,65,2021-11,ServicerA,SERVICER_FEED,1
LN0001528,2,2018-04,Default,120,2018-04,ServicerC,SERVICER_FEED,1
LN0001529,4,2018-09,Closed,0,2018-09,ServicerD,SERVICER_FEED,1
LN0001530,6,2021-10,Prepaid,0,2021-10,ServicerC,SERVICER_FEED,1
LN0001531,2,2020-07,Current,0,2020-07,ServicerA,SERVICER_FEED,1
LN0001532,1,2019-09,30DPD,35,2019-09,ServicerC,SERVICER_FEED,1
LN0001533,6,2022-09,Default,120,2022-09,ServicerD,SERVICER_FEED,1
LN0001534,1,2020-06,Default,120,2020-06,ServicerC,SERVICER_FEED,1
LN0001535,8,2020-12,60DPD,65,2020-12,ServicerB,SERVICER_FEED,1
LN0001536,4,2019-12,30DPD,35,2019-12,ServicerB,SERVICER_FEED,1
LN0001537,1,2022-12,90DPD,95,2022-12,ServicerD,SERVICER_FEED,1
LN0001538,1,2019-11,90DPD,95,2019-11,ServicerC,SERVICER_FEED,1
LN0001539,1,2019-05,Closed,0,2019-05,ServicerD,SERVICER_FEED,1
LN0001540,20,2023-01,Prepaid,0,2023-01,ServicerD,SERVICER_FEED,1
LN0001541,4,2018-07,Default,120,2018-07,ServicerB,SERVICER_FEED,1
LN0001542,4,2021-04,30DPD,35,2021-04,ServicerD,SERVICER_FEED,1
LN0001543,6,2021-04,Prepaid,0,2021-04,ServicerD,SERVICER_FEED,1
LN0001544,1,2019-04,Default,120,2019-04,ServicerC,SERVICER_FEED,1
LN0001545,16,2023-03,Default,120,2023-03,ServicerA,SERVICER_FEED,1
LN0001546,2,2018-05,30DPD,35,2018-05,ServicerD,SERVICER_FEED,1
LN0001547,17,2024-04,Closed,0,2024-04,ServicerC,SERVICER_FEED,1
LN0001547,23,2024-10,90DPD,95,2024-10,ServicerC,SERVICER_FEED,1
LN0001548,10,2023-02,Current,0,2023-02,ServicerD,SERVICER_FEED,1
LN0001549,3,2019-02,60DPD,65,2019-02,ServicerD,SERVICER_FEED,1
LN0001550,4,2020-10,Default,120,2020-10,ServicerB,SERVICER_FEED,1
LN0001551,5,2019-05,60DPD,65,2019-05,ServicerC,SERVICER_FEED,1
LN0001552,8,2021-10,Closed,0,2021-10,ServicerB,SERVICER_FEED,1
LN0001553,13,2020-11,90DPD,95,2020-11,ServicerA,SERVICER_FEED,1
LN0001554,4,2020-10,60DPD,65,2020-10,ServicerB,SERVICER_FEED,1
LN0001555,5,2023-03,90DPD,95,2023-03,ServicerB,SERVICER_FEED,1
LN0001556,2,2021-04,Current,0,2021-04,ServicerA,SERVICER_FEED,1
LN0001557,5,2022-10,30DPD,35,2022-10,ServicerB,SERVICER_FEED,1
LN0001558,2,2021-04,Prepaid,0,2021-04,ServicerC,SERVICER_FEED,1
LN0001559,4,2020-09,60DPD,65,2020-09,ServicerA,SERVICER_FEED,1
LN0001560,1,2018-02,30DPD,35,2018-02,ServicerB,SERVICER_FEED,1
LN0001561,3,2018-09,Current,0,2018-09,ServicerA,SERVICER_FEED,1
LN0001562,9,2021-05,Prepaid,0,2021-05,ServicerD,SERVICER_FEED,1
LN0001562,20,2022-04,90DPD,95,2022-04,ServicerB,SERVICER_FEED,1
LN0001563,15,2021-10,Prepaid,0,2021-10,ServicerB,SERVICER_FEED,1
LN0001564,13,2021-08,Current,0,2021-08,ServicerC,SERVICER_FEED,1
LN0001565,10,2023-01,60DPD,65,2023-01,ServicerC,SERVICER_FEED,1
LN0001566,12,2019-06,60DPD,65,2019-06,ServicerC,SERVICER_FEED,1
LN0001567,1,2021-05,Prepaid,0,2021-05,ServicerD,SERVICER_FEED,1
LN0001568,5,2022-02,Current,0,2022-02,ServicerC,SERVICER_FEED,1
LN0001569,1,2021-04,60DPD,65,2021-04,ServicerA,SERVICER_FEED,1
LN0001570,1,2019-04,Default,120,2019-04,ServicerB,SERVICER_FEED,1
LN0001571,1,2020-02,90DPD,95,2020-02,ServicerB,SERVICER_FEED,1
LN0001572,2,2018-06,90DPD,95,2018-06,ServicerC,SERVICER_FEED,1
LN0001573,42,2022-05,Closed,0,2022-05,ServicerA,SERVICER_FEED,1
LN0001573,27,2021-02,30DPD,35,2021-02,ServicerA,SERVICER_FEED,1
LN0001574,2,2022-03,Closed,0,2022-03,ServicerB,SERVICER_FEED,1
LN0001575,9,2021-10,Default,120,2021-10,ServicerC,SERVICER_FEED,1
LN0001576,2,2022-06,60DPD,65,2022-06,ServicerA,SERVICER_FEED,1
LN0001577,4,2021-10,Default,120,2021-10,ServicerB,SERVICER_FEED,1
LN0001578,14,2020-05,60DPD,65,2020-05,ServicerA,SERVICER_FEED,1
LN0001579,3,2022-04,60DPD,65,2022-04,ServicerD,SERVICER_FEED,1
LN0001580,8,2022-02,60DPD,65,2022-02,ServicerD,SERVICER_FEED,1
LN0001581,1,2019-01,Prepaid,0,2019-01,ServicerC,SERVICER_FEED,1
LN0001582,1,2018-02,Closed,0,2018-02,ServicerC,SERVICER_FEED,1
LN0001583,15,2023-01,90DPD,95,2023-01,ServicerC,SERVICER_FEED,1
LN0001584,2,2021-10,60DPD,65,2021-10,ServicerD,SERVICER_FEED,1
LN0001585,8,2019-02,90DPD,95,2019-02,ServicerD,SERVICER_FEED,1
LN0001586,5,2020-09,Prepaid,0,2020-09,ServicerD,SERVICER_FEED,1
LN0001587,1,2022-08,90DPD,95,2022-08,ServicerC,SERVICER_FEED,1
LN0001588,7,2022-07,Default,120,2022-07,ServicerD,SERVICER_FEED,1
LN0001589,2,2022-03,30DPD,35,2022-03,ServicerA,SERVICER_FEED,1
LN0001590,3,2020-03,Closed,0,2020-03,ServicerC,SERVICER_FEED,1
LN0001591,1,2018-09,90DPD,95,2018-09,ServicerB,SERVICER_FEED,1
LN0001592,10,2020-08,30DPD,35,2020-08,ServicerC,SERVICER_FEED,1
LN0001593,1,2021-07,60DPD,65,2021-07,ServicerC,SERVICER_FEED,1
LN0001594,6,2022-09,30DPD,35,2022-09,ServicerB,SERVICER_FEED,1
LN0001595,3,2021-06,60DPD,65,2021-06,ServicerD,SERVICER_FEED,1
LN0001596,5,2018-08,Default,120,2018-08,ServicerC,SERVICER_FEED,1
LN0001597,26,2023-02,Default,120,2023-02,ServicerC,SERVICER_FEED,1
LN0001597,8,2021-08,30DPD,35,2021-08,ServicerB,SERVICER_FEED,1
LN0001598,22,2020-10,Closed,0,2020-10,ServicerB,SERVICER_FEED,1
LN0001599,4,2021-05,60DPD,65,2021-05,ServicerC,SERVICER_FEED,1
LN0001600,12,2021-01,60DPD,65,2021-01,ServicerD,SERVICER_FEED,1
LN0001601,8,2021-04,90DPD,95,2021-04,ServicerB,SERVICER_FEED,1
LN0001602,2,2021-02,30DPD,35,2021-02,ServicerD,SERVICER_FEED,1
LN0001603,3,2021-06,60DPD,65,2021-06,ServicerA,SERVICER_FEED,1
LN0001604,17,2019-06,30DPD,35,2019-06,ServicerC,SERVICER_FEED,1
LN0001604,24,2020-01,Closed,0,2020-01,ServicerD,SERVICER_FEED,1
LN0001605,1,2022-11,Closed,0,2022-11,ServicerA,SERVICER_FEED,1
LN0001606,19,2022-06,Prepaid,0,2022-06,ServicerD,SERVICER_FEED,1
LN0001607,4,2020-11,60DPD,65,2020-11,ServicerD,SERVICER_FEED,1
LN0001608,2,2020-01,90DPD,95,2020-01,ServicerB,SERVICER_FEED,1
LN0001609,4,2018-11,Default,120,2018-11,ServicerD,SERVICER_FEED,1
LN0001610,2,2021-04,90DPD,95,2021-04,ServicerA,SERVICER_FEED,1
LN0001611,9,2020-07,Closed,0,2020-07,ServicerB,SERVICER_FEED,1
LN0001612,10,2023-05,Closed,0,2023-05,ServicerA,SERVICER_FEED,1
LN0001613,4,2021-08,90DPD,95,2021-08,ServicerB,SERVICER_FEED,1
LN0001614,28,2022-07,60DPD,65,2022-07,ServicerA,SERVICER_FEED,1
LN0001614,6,2020-09,60DPD,65,2020-09,ServicerB,SERVICER_FEED,1
LN0001615,14,2019-04,Prepaid,0,2019-04,ServicerB,SERVICER_FEED,1
LN0001616,5,2021-03,30DPD,35,2021-03,ServicerD,SERVICER_FEED,1
LN0001617,18,2023-09,Default,120,2023-09,ServicerB,SERVICER_FEED,1
LN0001618,2,2020-06,Prepaid,0,2020-06,ServicerD,SERVICER_FEED,1
LN0001619,6,2021-10,Prepaid,0,2021-10,ServicerC,SERVICER_FEED,1
LN0001620,4,2018-12,Closed,0,2018-12,ServicerC,SERVICER_FEED,1
LN0001621,15,2021-04,Prepaid,0,2021-04,ServicerA,SERVICER_FEED,1
LN0001622,7,2022-07,60DPD,65,2022-07,ServicerA,SERVICER_FEED,1
LN0001623,2,2020-04,60DPD,65,2020-04,ServicerA,SERVICER_FEED,1
LN0001624,28,2024-10,Prepaid,0,2024-10,ServicerB,SERVICER_FEED,1
LN0001625,37,2023-02,90DPD,95,2023-02,ServicerC,SERVICER_FEED,1
LN0001625,15,2021-04,Current,0,2021-04,ServicerD,SERVICER_FEED,1
LN0001626,12,2023-01,Closed,0,2023-01,ServicerC,SERVICER_FEED,1
LN0001627,3,2021-06,Prepaid,0,2021-06,ServicerD,SERVICER_FEED,1
LN0001628,5,2023-02,Default,120,2023-02,ServicerA,SERVICER_FEED,1
LN0001629,2,2020-10,30DPD,35,2020-10,ServicerC,SERVICER_FEED,1
LN0001630,3,2020-08,Default,120,2020-08,ServicerB,SERVICER_FEED,1
LN0001631,3,2020-01,Closed,0,2020-01,ServicerA,SERVICER_FEED,1
LN0001632,2,2021-06,90DPD,95,2021-06,ServicerB,SERVICER_FEED,1
LN0001633,3,2023-02,Prepaid,0,2023-02,ServicerA,SERVICER_FEED,1
LN0001634,1,2018-12,Prepaid,0,2018-12,ServicerC,SERVICER_FEED,1
LN0001635,4,2023-01,Closed,0,2023-01,ServicerB,SERVICER_FEED,1
LN0001636,5,2023-04,Current,0,2023-04,ServicerC,SERVICER_FEED,1
LN0001637,16,2023-03,30DPD,35,2023-03,ServicerC,SERVICER_FEED,1
LN0001638,3,2021-02,Current,0,2021-02,ServicerC,SERVICER_FEED,1
LN0001639,14,2023-06,Default,120,2023-06,ServicerD,SERVICER_FEED,1
LN0001640,4,2019-08,30DPD,35,2019-08,ServicerB,SERVICER_FEED,1
LN0001641,4,2021-07,Closed,0,2021-07,ServicerD,SERVICER_FEED,1
LN0001642,8,2022-09,60DPD,65,2022-09,ServicerC,SERVICER_FEED,1
LN0001643,3,2022-04,90DPD,95,2022-04,ServicerB,SERVICER_FEED,1
LN0001644,18,2022-06,Current,0,2022-06,ServicerD,SERVICER_FEED,1
LN0001645,9,2020-09,Prepaid,0,2020-09,ServicerC,SERVICER_FEED,1
LN0001646,23,2024-08,Prepaid,0,2024-08,ServicerD,SERVICER_FEED,1
LN0001646,1,2022-10,60DPD,65,2022-10,ServicerB,SERVICER_FEED,1
LN0001647,10,2022-03,30DPD,35,2022-03,ServicerB,SERVICER_FEED,1
LN0001648,1,2021-12,60DPD,65,2021-12,ServicerA,SERVICER_FEED,1
LN0001649,13,2022-03,90DPD,95,2022-03,ServicerB,SERVICER_FEED,1
LN0001650,1,2022-06,Closed,0,2022-06,ServicerC,SERVICER_FEED,1
LN0001651,17,2021-10,Prepaid,0,2021-10,ServicerD,SERVICER_FEED,1
LN0001652,26,2022-11,60DPD,65,2022-11,ServicerA,SERVICER_FEED,1
LN0001653,10,2022-11,90DPD,95,2022-11,ServicerB,SERVICER_FEED,1
LN0001654,2,2020-10,30DPD,35,2020-10,ServicerB,SERVICER_FEED,1
LN0001655,8,2019-11,30DPD,35,2019-11,ServicerC,SERVICER_FEED,1
LN0001656,4,2022-02,30DPD,35,2022-02,ServicerD,SERVICER_FEED,1
LN0001657,6,2020-05,30DPD,35,2020-05,ServicerB,SERVICER_FEED,1
LN0001658,20,2020-03,Closed,0,2020-03,ServicerB,SERVICER_FEED,1
LN0001659,3,2020-02,Closed,0,2020-02,ServicerA,SERVICER_FEED,1
LN0001660,14,2019-06,90DPD,95,2019-06,ServicerC,SERVICER_FEED,1
LN0001660,21,2020-01,30DPD,35,2020-01,ServicerB,SERVICER_FEED,1
LN0001661,6,2022-11,Prepaid,0,2022-11,ServicerC,SERVICER_FEED,1
LN0001662,2,2023-02,Default,120,2023-02,ServicerA,SERVICER_FEED,1
LN0001663,29,2021-10,60DPD,65,2021-10,ServicerB,SERVICER_FEED,1
LN0001663,24,2021-05,Default,120,2021-05,ServicerA,SERVICER_FEED,1
LN0001664,30,2025-01,90DPD,95,2025-01,ServicerD,SERVICER_FEED,1
LN0001664,19,2024-02,Default,120,2024-02,ServicerA,SERVICER_FEED,1
LN0001665,4,2021-11,Prepaid,0,2021-11,ServicerB,SERVICER_FEED,1
LN0001666,1,2022-11,60DPD,65,2022-11,ServicerA,SERVICER_FEED,1
LN0001667,1,2018-11,Closed,0,2018-11,ServicerB,SERVICER_FEED,1
LN0001668,7,2018-11,30DPD,35,2018-11,ServicerD,SERVICER_FEED,1
LN0001669,20,2024-04,Closed,0,2024-04,ServicerD,SERVICER_FEED,1
LN0001670,3,2019-08,Prepaid,0,2019-08,ServicerD,SERVICER_FEED,1
LN0001671,14,2022-02,Closed,0,2022-02,ServicerB,SERVICER_FEED,1
LN0001672,2,2022-09,60DPD,65,2022-09,ServicerC,SERVICER_FEED,1
LN0001673,13,2020-10,30DPD,35,2020-10,ServicerD,SERVICER_FEED,1
LN0001674,8,2019-02,30DPD,35,2019-02,ServicerC,SERVICER_FEED,1
LN0001675,18,2023-06,Prepaid,0,2023-06,ServicerD,SERVICER_FEED,1
LN0001676,5,2020-09,30DPD,35,2020-09,ServicerC,SERVICER_FEED,1
LN0001677,33,2020-11,90DPD,95,2020-11,ServicerC,SERVICER_FEED,1
LN0001678,1,2019-10,Prepaid,0,2019-10,ServicerD,SERVICER_FEED,1
LN0001679,9,2021-05,Current,0,2021-05,ServicerA,SERVICER_FEED,1
LN0001680,4,2022-09,90DPD,95,2022-09,ServicerB,SERVICER_FEED,1
LN0001681,25,2021-03,Default,120,2021-03,ServicerB,SERVICER_FEED,1
LN0001682,4,2020-12,Closed,0,2020-12,ServicerD,SERVICER_FEED,1
LN0001683,3,2019-02,90DPD,95,2019-02,ServicerD,SERVICER_FEED,1
LN0001684,9,2020-03,90DPD,95,2020-03,ServicerD,SERVICER_FEED,1
LN0001685,10,2020-02,30DPD,35,2020-02,ServicerC,SERVICER_FEED,1
LN0001685,29,2021-09,60DPD,65,2021-09,ServicerD,SERVICER_FEED,1
LN0001686,24,2022-08,30DPD,35,2022-08,ServicerB,SERVICER_FEED,1
LN0001687,4,2021-08,Closed,0,2021-08,ServicerB,SERVICER_FEED,1
LN0001688,11,2019-06,90DPD,95,2019-06,ServicerC,SERVICER_FEED,1
LN0001689,4,2018-09,Closed,0,2018-09,ServicerB,SERVICER_FEED,1
LN0001690,3,2021-11,30DPD,35,2021-11,ServicerA,SERVICER_FEED,1
LN0001691,33,2022-03,Default,120,2022-03,ServicerA,SERVICER_FEED,1
LN0001691,25,2021-07,90DPD,95,2021-07,ServicerA,SERVICER_FEED,1
LN0001692,3,2021-05,Closed,0,2021-05,ServicerD,SERVICER_FEED,1
LN0001693,12,2019-05,Prepaid,0,2019-05,ServicerC,SERVICER_FEED,1
LN0001694,10,2021-11,Closed,0,2021-11,ServicerA,SERVICER_FEED,1
LN0001695,11,2023-06,60DPD,65,2023-06,ServicerB,SERVICER_FEED,1
LN0001696,4,2020-07,Closed,0,2020-07,ServicerC,SERVICER_FEED,1
LN0001697,2,2021-01,90DPD,95,2021-01,ServicerA,SERVICER_FEED,1
LN0001698,7,2020-01,Closed,0,2020-01,ServicerA,SERVICER_FEED,1
LN0001698,10,2020-04,90DPD,95,2020-04,ServicerC,SERVICER_FEED,1
LN0001699,24,2021-06,Prepaid,0,2021-06,ServicerB,SERVICER_FEED,1
LN0001700,20,2019-12,60DPD,65,2019-12,ServicerC,SERVICER_FEED,1
LN0001701,3,2020-08,Current,0,2020-08,ServicerC,SERVICER_FEED,1
LN0001702,13,2023-10,30DPD,35,2023-10,ServicerA,SERVICER_FEED,1
LN0001703,12,2019-07,60DPD,65,2019-07,ServicerA,SERVICER_FEED,1
LN0001704,8,2020-09,Prepaid,0,2020-09,ServicerC,SERVICER_FEED,1
LN0001705,1,2022-04,Closed,0,2022-04,ServicerA,SERVICER_FEED,1
LN0001706,8,2021-02,Prepaid,0,2021-02,ServicerA,SERVICER_FEED,1
LN0001707,5,2022-03,Closed,0,2022-03,ServicerB,SERVICER_FEED,1
LN0001708,11,2020-10,Prepaid,0,2020-10,ServicerB,SERVICER_FEED,1
LN0001709,9,2021-10,Closed,0,2021-10,ServicerA,SERVICER_FEED,1
LN0001710,22,2024-10,60DPD,65,2024-10,ServicerB,SERVICER_FEED,1
LN0001710,40,2026-04,Closed,0,2026-04,ServicerD,SERVICER_FEED,1
LN0001711,4,2021-04,60DPD,65,2021-04,ServicerD,SERVICER_FEED,1
LN0001712,1,2022-01,30DPD,35,2022-01,ServicerD,SERVICER_FEED,1
LN0001713,7,2022-01,60DPD,65,2022-01,ServicerB,SERVICER_FEED,1
LN0001714,6,2018-12,30DPD,35,2018-12,ServicerB,SERVICER_FEED,1
LN0001715,13,2019-11,90DPD,95,2019-11,ServicerD,SERVICER_FEED,1
LN0001716,3,2021-04,90DPD,95,2021-04,ServicerD,SERVICER_FEED,1
LN0001717,3,2019-12,Prepaid,0,2019-12,ServicerB,SERVICER_FEED,1
LN0001718,3,2020-09,90DPD,95,2020-09,ServicerD,SERVICER_FEED,1
LN0001719,19,2022-01,90DPD,95,2022-01,ServicerC,SERVICER_FEED,1
LN0001720,3,2022-03,Default,120,2022-03,ServicerB,SERVICER_FEED,1
LN0001721,6,2023-06,Closed,0,2023-06,ServicerA,SERVICER_FEED,1
LN0001721,2,2023-02,60DPD,65,2023-02,ServicerB,SERVICER_FEED,1
LN0001722,14,2024-02,Prepaid,0,2024-02,ServicerB,SERVICER_FEED,1
LN0001723,11,2019-04,90DPD,95,2019-04,ServicerA,SERVICER_FEED,1
LN0001724,24,2023-09,60DPD,65,2023-09,ServicerC,SERVICER_FEED,1
LN0001724,33,2024-06,Prepaid,0,2024-06,ServicerA,SERVICER_FEED,1
LN0001725,1,2021-09,90DPD,95,2021-09,ServicerD,SERVICER_FEED,1
LN0001726,18,2023-10,Default,120,2023-10,ServicerD,SERVICER_FEED,1
LN0001727,17,2021-07,30DPD,35,2021-07,ServicerC,SERVICER_FEED,1
LN0001728,5,2020-12,Closed,0,2020-12,ServicerD,SERVICER_FEED,1
LN0001729,7,2020-11,90DPD,95,2020-11,ServicerC,SERVICER_FEED,1
LN0001730,3,2020-02,Closed,0,2020-02,ServicerC,SERVICER_FEED,1
LN0001731,4,2019-07,Prepaid,0,2019-07,ServicerA,SERVICER_FEED,1
LN0001732,12,2022-03,60DPD,65,2022-03,ServicerB,SERVICER_FEED,1
LN0001733,6,2018-07,Current,0,2018-07,ServicerD,SERVICER_FEED,1
LN0001734,4,2022-01,30DPD,35,2022-01,ServicerB,SERVICER_FEED,1
LN0001735,10,2023-01,Default,120,2023-01,ServicerB,SERVICER_FEED,1
LN0001736,1,2019-03,60DPD,65,2019-03,ServicerD,SERVICER_FEED,1
LN0001737,2,2019-03,60DPD,65,2019-03,ServicerD,SERVICER_FEED,1
LN0001738,9,2021-04,90DPD,95,2021-04,ServicerB,SERVICER_FEED,1
LN0001739,2,2022-05,60DPD,65,2022-05,ServicerD,SERVICER_FEED,1
LN0001740,11,2019-06,90DPD,95,2019-06,ServicerC,SERVICER_FEED,1
LN0001741,19,2021-09,30DPD,35,2021-09,ServicerC,SERVICER_FEED,1
LN0001742,2,2019-03,Prepaid,0,2019-03,ServicerC,SERVICER_FEED,1
LN0001743,4,2022-08,60DPD,65,2022-08,ServicerB,SERVICER_FEED,1
LN0001744,8,2023-01,30DPD,35,2023-01,ServicerD,SERVICER_FEED,1
LN0001745,7,2019-01,Closed,0,2019-01,ServicerA,SERVICER_FEED,1
LN0001746,4,2019-01,Default,120,2019-01,ServicerB,SERVICER_FEED,1
LN0001747,4,2019-02,Prepaid,0,2019-02,ServicerD,SERVICER_FEED,1
LN0001748,5,2022-06,Prepaid,0,2022-06,ServicerB,SERVICER_FEED,1
LN0001749,15,2023-10,90DPD,95,2023-10,ServicerD,SERVICER_FEED,1
LN0001750,35,2022-10,Closed,0,2022-10,ServicerD,SERVICER_FEED,1
LN0001750,31,2022-06,Closed,0,2022-06,ServicerB,SERVICER_FEED,1
LN0001751,19,2020-05,Closed,0,2020-05,ServicerC,SERVICER_FEED,1
LN0001752,3,2021-07,30DPD,35,2021-07,ServicerA,SERVICER_FEED,1
LN0001753,4,2022-10,Closed,0,2022-10,ServicerD,SERVICER_FEED,1
LN0001754,4,2022-11,Prepaid,0,2022-11,ServicerD,SERVICER_FEED,1
LN0001755,12,2021-03,Prepaid,0,2021-03,ServicerC,SERVICER_FEED,1
LN0001756,17,2023-04,30DPD,35,2023-04,ServicerB,SERVICER_FEED,1
LN0001757,1,2022-11,Default,120,2022-11,ServicerC,SERVICER_FEED,1
LN0001758,2,2022-04,Default,120,2022-04,ServicerC,SERVICER_FEED,1
LN0001759,3,2020-08,30DPD,35,2020-08,ServicerB,SERVICER_FEED,1
LN0001760,19,2020-11,90DPD,95,2020-11,ServicerC,SERVICER_FEED,1
LN0001761,11,2020-10,Prepaid,0,2020-10,ServicerA,SERVICER_FEED,1
LN0001762,12,2020-10,Default,120,2020-10,ServicerB,SERVICER_FEED,1
LN0001763,6,2023-06,90DPD,95,2023-06,ServicerA,SERVICER_FEED,1
LN0001764,3,2021-11,Prepaid,0,2021-11,ServicerA,SERVICER_FEED,1
LN0001765,16,2023-08,30DPD,35,2023-08,ServicerB,SERVICER_FEED,1
LN0001766,10,2022-09,Closed,0,2022-09,ServicerB,SERVICER_FEED,1
LN0001767,2,2020-07,Prepaid,0,2020-07,ServicerB,SERVICER_FEED,1
LN0001768,5,2022-05,90DPD,95,2022-05,ServicerA,SERVICER_FEED,1
LN0001769,2,2021-05,60DPD,65,2021-05,ServicerC,SERVICER_FEED,1
LN0001770,3,2021-12,Current,0,2021-12,ServicerB,SERVICER_FEED,1
LN0001771,2,2019-09,Default,120,2019-09,ServicerA,SERVICER_FEED,1
LN0001772,13,2020-03,Prepaid,0,2020-03,ServicerD,SERVICER_FEED,1
LN0001773,13,2019-12,Prepaid,0,2019-12,ServicerC,SERVICER_FEED,1
LN0001774,3,2019-09,30DPD,35,2019-09,ServicerB,SERVICER_FEED,1
LN0001775,9,2023-08,Prepaid,0,2023-08,ServicerD,SERVICER_FEED,1
LN0001776,10,2023-07,Prepaid,0,2023-07,ServicerD,SERVICER_FEED,1
LN0001777,3,2018-12,30DPD,35,2018-12,ServicerB,SERVICER_FEED,1
LN0001778,28,2023-02,Closed,0,2023-02,ServicerD,SERVICER_FEED,1
LN0001779,6,2023-03,Current,0,2023-03,ServicerC,SERVICER_FEED,1
LN0001780,3,2022-01,Default,120,2022-01,ServicerB,SERVICER_FEED,1
LN0001781,1,2021-02,Closed,0,2021-02,ServicerA,SERVICER_FEED,1
LN0001782,14,2022-02,90DPD,95,2022-02,ServicerA,SERVICER_FEED,1
LN0001783,40,2022-12,60DPD,65,2022-12,ServicerD,SERVICER_FEED,1
LN0001783,3,2019-11,Prepaid,0,2019-11,ServicerB,SERVICER_FEED,1
LN0001784,13,2023-09,90DPD,95,2023-09,ServicerC,SERVICER_FEED,1
LN0001785,4,2018-10,Prepaid,0,2018-10,ServicerA,SERVICER_FEED,1
LN0001786,10,2023-03,Prepaid,0,2023-03,ServicerC,SERVICER_FEED,1
LN0001787,8,2023-01,Closed,0,2023-01,ServicerC,SERVICER_FEED,1
LN0001788,2,2019-06,Prepaid,0,2019-06,ServicerC,SERVICER_FEED,1
LN0001789,12,2021-07,30DPD,35,2021-07,ServicerC,SERVICER_FEED,1
LN0001790,17,2023-11,30DPD,35,2023-11,ServicerA,SERVICER_FEED,1
LN0001791,11,2021-04,30DPD,35,2021-04,ServicerD,SERVICER_FEED,1
LN0001792,13,2020-08,Closed,0,2020-08,ServicerA,SERVICER_FEED,1
LN0001793,15,2019-08,90DPD,95,2019-08,ServicerB,SERVICER_FEED,1
LN0001794,1,2020-04,Closed,0,2020-04,ServicerD,SERVICER_FEED,1
LN0001795,4,2019-09,Prepaid,0,2019-09,ServicerC,SERVICER_FEED,1
LN0001796,5,2022-09,60DPD,65,2022-09,ServicerD,SERVICER_FEED,1
LN0001797,1,2022-05,90DPD,95,2022-05,ServicerB,SERVICER_FEED,1
LN0001798,7,2020-03,Prepaid,0,2020-03,ServicerB,SERVICER_FEED,1
LN0001799,13,2020-02,Default,120,2020-02,ServicerC,SERVICER_FEED,1
LN0001800,16,2020-10,30DPD,35,2020-10,ServicerD,SERVICER_FEED,1
LN0001801,1,2020-02,30DPD,35,2020-02,ServicerC,SERVICER_FEED,1
LN0001802,7,2021-12,Default,120,2021-12,ServicerA,SERVICER_FEED,1
LN0001803,4,2019-02,30DPD,35,2019-02,ServicerD,SERVICER_FEED,1
LN0001804,13,2024-01,Default,120,2024-01,ServicerD,SERVICER_FEED,1
LN0001805,5,2021-12,60DPD,65,2021-12,ServicerA,SERVICER_FEED,1
LN0001806,26,2020-10,Closed,0,2020-10,ServicerD,SERVICER_FEED,1
LN0001806,10,2019-06,Default,120,2019-06,ServicerD,SERVICER_FEED,1
LN0001807,1,2019-08,Prepaid,0,2019-08,ServicerA,SERVICER_FEED,1
LN0001808,14,2022-09,Default,120,2022-09,ServicerC,SERVICER_FEED,1
LN0001809,4,2020-11,Closed,0,2020-11,ServicerC,SERVICER_FEED,1
LN0001810,5,2021-01,Closed,0,2021-01,ServicerC,SERVICER_FEED,1
LN0001811,22,2020-01,30DPD,35,2020-01,ServicerB,SERVICER_FEED,1
LN0001812,6,2020-07,60DPD,65,2020-07,ServicerB,SERVICER_FEED,1
LN0001813,5,2021-06,Current,0,2021-06,ServicerB,SERVICER_FEED,1
LN0001814,12,2022-09,Default,120,2022-09,ServicerA,SERVICER_FEED,1
LN0001815,1,2020-04,Closed,0,2020-04,ServicerC,SERVICER_FEED,1
LN0001816,1,2020-11,30DPD,35,2020-11,ServicerB,SERVICER_FEED,1
LN0001817,13,2020-03,30DPD,35,2020-03,ServicerC,SERVICER_FEED,1
LN0001818,6,2022-06,Default,120,2022-06,ServicerB,SERVICER_FEED,1
LN0001819,3,2021-09,30DPD,35,2021-09,ServicerA,SERVICER_FEED,1
LN0001820,4,2022-01,30DPD,35,2022-01,ServicerB,SERVICER_FEED,1
LN0001821,3,2021-08,30DPD,35,2021-08,ServicerC,SERVICER_FEED,1
LN0001822,4,2023-04,Prepaid,0,2023-04,ServicerB,SERVICER_FEED,1
LN0001823,4,2022-09,Prepaid,0,2022-09,ServicerC,SERVICER_FEED,1
LN0001824,9,2022-10,30DPD,35,2022-10,ServicerC,SERVICER_FEED,1
LN0001825,3,2019-12,30DPD,35,2019-12,ServicerA,SERVICER_FEED,1
LN0001826,26,2020-07,Default,120,2020-07,ServicerA,SERVICER_FEED,1
LN0001826,9,2019-02,90DPD,95,2019-02,ServicerC,SERVICER_FEED,1
LN0001827,16,2019-05,Prepaid,0,2019-05,ServicerA,SERVICER_FEED,1
LN0001828,2,2022-01,Prepaid,0,2022-01,ServicerB,SERVICER_FEED,1
LN0001829,3,2022-09,Default,120,2022-09,ServicerC,SERVICER_FEED,1
LN0001830,13,2022-04,Default,120,2022-04,ServicerD,SERVICER_FEED,1
LN0001831,21,2023-05,30DPD,35,2023-05,ServicerA,SERVICER_FEED,1
LN0001832,5,2018-11,60DPD,65,2018-11,ServicerD,SERVICER_FEED,1
LN0001833,19,2022-05,Closed,0,2022-05,ServicerA,SERVICER_FEED,1
LN0001834,1,2021-02,60DPD,65,2021-02,ServicerA,SERVICER_FEED,1
LN0001835,3,2019-01,60DPD,65,2019-01,ServicerB,SERVICER_FEED,1
LN0001836,5,2022-03,Closed,0,2022-03,ServicerB,SERVICER_FEED,1
LN0001837,9,2020-06,30DPD,35,2020-06,ServicerA,SERVICER_FEED,1
LN0001838,39,2022-03,Default,120,2022-03,ServicerA,SERVICER_FEED,1
LN0001838,31,2021-07,60DPD,65,2021-07,ServicerC,SERVICER_FEED,1
LN0001839,5,2021-11,90DPD,95,2021-11,ServicerD,SERVICER_FEED,1
LN0001840,19,2021-10,Closed,0,2021-10,ServicerB,SERVICER_FEED,1
LN0001840,10,2021-01,Closed,0,2021-01,ServicerD,SERVICER_FEED,1
LN0001841,1,2020-10,Closed,0,2020-10,ServicerC,SERVICER_FEED,1
LN0001842,19,2022-04,Default,120,2022-04,ServicerD,SERVICER_FEED,1
LN0001843,1,2021-03,30DPD,35,2021-03,ServicerC,SERVICER_FEED,1
LN0001844,3,2020-04,30DPD,35,2020-04,ServicerB,SERVICER_FEED,1
LN0001845,3,2022-04,Prepaid,0,2022-04,ServicerA,SERVICER_FEED,1
LN0001846,9,2023-02,90DPD,95,2023-02,ServicerA,SERVICER_FEED,1
LN0001847,4,2020-10,60DPD,65,2020-10,ServicerB,SERVICER_FEED,1
LN0001848,2,2019-01,60DPD,65,2019-01,ServicerC,SERVICER_FEED,1
LN0001849,20,2021-01,Prepaid,0,2021-01,ServicerB,SERVICER_FEED,1
LN0001850,1,2021-12,90DPD,95,2021-12,ServicerA,SERVICER_FEED,1
LN0001851,2,2019-06,60DPD,65,2019-06,ServicerD,SERVICER_FEED,1
LN0001852,3,2022-02,90DPD,95,2022-02,ServicerB,SERVICER_FEED,1
LN0001853,23,2023-03,60DPD,65,2023-03,ServicerB,SERVICER_FEED,1
LN0001854,16,2021-07,Prepaid,0,2021-07,ServicerC,SERVICER_FEED,1
LN0001855,23,2020-07,Prepaid,0,2020-07,ServicerD,SERVICER_FEED,1
LN0001856,6,2021-03,Prepaid,0,2021-03,ServicerB,SERVICER_FEED,1
LN0001857,6,2021-12,30DPD,35,2021-12,ServicerB,SERVICER_FEED,1
LN0001858,17,2020-03,60DPD,65,2020-03,ServicerC,SERVICER_FEED,1
LN0001859,1,2022-03,Default,120,2022-03,ServicerD,SERVICER_FEED,1
LN0001860,28,2021-04,Closed,0,2021-04,ServicerC,SERVICER_FEED,1
LN0001861,8,2020-09,Current,0,2020-09,ServicerB,SERVICER_FEED,1
LN0001862,7,2021-03,30DPD,35,2021-03,ServicerA,SERVICER_FEED,1
LN0001863,3,2021-12,30DPD,35,2021-12,ServicerA,SERVICER_FEED,1
LN0001864,26,2021-04,Default,120,2021-04,ServicerC,SERVICER_FEED,1
LN0001865,4,2020-01,Closed,0,2020-01,ServicerD,SERVICER_FEED,1
LN0001866,4,2022-05,Default,120,2022-05,ServicerC,SERVICER_FEED,1
LN0001867,7,2020-03,30DPD,35,2020-03,ServicerB,SERVICER_FEED,1
LN0001868,14,2022-03,Prepaid,0,2022-03,ServicerD,SERVICER_FEED,1
LN0001869,34,2022-10,90DPD,95,2022-10,ServicerC,SERVICER_FEED,1
LN0001869,30,2022-06,90DPD,95,2022-06,ServicerD,SERVICER_FEED,1
LN0001870,23,2020-03,30DPD,35,2020-03,ServicerD,SERVICER_FEED,1
LN0001871,4,2020-11,Closed,0,2020-11,ServicerD,SERVICER_FEED,1
LN0001872,3,2020-01,Closed,0,2020-01,ServicerD,SERVICER_FEED,1
LN0001873,5,2019-09,Current,0,2019-09,ServicerA,SERVICER_FEED,1
LN0001874,1,2022-05,Closed,0,2022-05,ServicerA,SERVICER_FEED,1
LN0001875,2,2022-01,Default,120,2022-01,ServicerB,SERVICER_FEED,1
LN0001876,1,2019-06,30DPD,35,2019-06,ServicerD,SERVICER_FEED,1
LN0001877,17,2022-01,30DPD,35,2022-01,ServicerA,SERVICER_FEED,1
LN0001878,37,2024-09,Prepaid,0,2024-09,ServicerA,SERVICER_FEED,1
LN0001879,18,2019-10,60DPD,65,2019-10,ServicerD,SERVICER_FEED,1
LN0001879,27,2020-07,30DPD,35,2020-07,ServicerD,SERVICER_FEED,1
LN0001880,1,2018-07,90DPD,95,2018-07,ServicerD,SERVICER_FEED,1
LN0001881,3,2020-12,Default,120,2020-12,ServicerA,SERVICER_FEED,1
LN0001882,19,2024-03,Prepaid,0,2024-03,ServicerD,SERVICER_FEED,1
LN0001883,2,2022-10,Default,120,2022-10,ServicerD,SERVICER_FEED,1
LN0001884,5,2020-08,60DPD,65,2020-08,ServicerC,SERVICER_FEED,1
LN0001885,1,2021-08,90DPD,95,2021-08,ServicerC,SERVICER_FEED,1
LN0001886,7,2021-01,Prepaid,0,2021-01,ServicerA,SERVICER_FEED,1
LN0001887,7,2023-02,90DPD,95,2023-02,ServicerA,SERVICER_FEED,1
LN0001888,2,2021-01,90DPD,95,2021-01,ServicerB,SERVICER_FEED,1
LN0001889,38,2025-08,Default,120,2025-08,ServicerC,SERVICER_FEED,1
LN0001889,35,2025-05,Current,0,2025-05,ServicerA,SERVICER_FEED,1
LN0001890,10,2020-08,Default,120,2020-08,ServicerA,SERVICER_FEED,1
LN0001891,1,2022-09,90DPD,95,2022-09,ServicerC,SERVICER_FEED,1
LN0001892,4,2021-12,Closed,0,2021-12,ServicerC,SERVICER_FEED,1
LN0001893,8,2022-07,90DPD,95,2022-07,ServicerC,SERVICER_FEED,1
LN0001894,8,2018-09,Prepaid,0,2018-09,ServicerC,SERVICER_FEED,1
LN0001895,2,2022-03,Prepaid,0,2022-03,ServicerC,SERVICER_FEED,1
LN0001896,10,2019-08,60DPD,65,2019-08,ServicerA,SERVICER_FEED,1
LN0001897,11,2023-08,Closed,0,2023-08,ServicerB,SERVICER_FEED,1
LN0001898,2,2019-02,60DPD,65,2019-02,ServicerA,SERVICER_FEED,1
LN0001899,18,2023-08,Default,120,2023-08,ServicerD,SERVICER_FEED,1
LN0001900,5,2021-08,Default,120,2021-08,ServicerB,SERVICER_FEED,1
LN0001901,4,2020-04,90DPD,95,2020-04,ServicerB,SERVICER_FEED,1
LN0001902,11,2023-05,Prepaid,0,2023-05,ServicerB,SERVICER_FEED,1
LN0001903,23,2021-11,Current,0,2021-11,ServicerB,SERVICER_FEED,1
LN0001904,14,2019-06,30DPD,35,2019-06,ServicerA,SERVICER_FEED,1
LN0001904,35,2021-03,Closed,0,2021-03,ServicerD,SERVICER_FEED,1
LN0001905,7,2018-12,60DPD,65,2018-12,ServicerA,SERVICER_FEED,1
LN0001906,3,2022-07,30DPD,35,2022-07,ServicerC,SERVICER_FEED,1
LN0001907,14,2021-02,Closed,0,2021-02,ServicerA,SERVICER_FEED,1
LN0001908,1,2022-03,Prepaid,0,2022-03,ServicerD,SERVICER_FEED,1
LN0001908,2,2022-04,90DPD,95,2022-04,ServicerA,SERVICER_FEED,1
LN0001909,10,2018-12,60DPD,65,2018-12,ServicerC,SERVICER_FEED,1
LN0001910,13,2019-06,Prepaid,0,2019-06,ServicerB,SERVICER_FEED,1
LN0001911,36,2025-12,Closed,0,2025-12,ServicerA,SERVICER_FEED,1
LN0001911,24,2024-12,90DPD,95,2024-12,ServicerC,SERVICER_FEED,1
LN0001912,2,2018-11,Closed,0,2018-11,ServicerC,SERVICER_FEED,1
LN0001913,9,2022-03,90DPD,95,2022-03,ServicerD,SERVICER_FEED,1
LN0001914,10,2020-08,Prepaid,0,2020-08,ServicerC,SERVICER_FEED,1
LN0001915,20,2022-03,Default,120,2022-03,ServicerB,SERVICER_FEED,1
LN0001916,5,2018-12,Closed,0,2018-12,ServicerA,SERVICER_FEED,1
LN0001917,2,2019-07,Closed,0,2019-07,ServicerA,SERVICER_FEED,1
LN0001918,3,2022-01,90DPD,95,2022-01,ServicerA,SERVICER_FEED,1
LN0001919,26,2022-11,90DPD,95,2022-11,ServicerD,SERVICER_FEED,1
LN0001919,6,2021-03,60DPD,65,2021-03,ServicerD,SERVICER_FEED,1
LN0001920,4,2020-11,Default,120,2020-11,ServicerD,SERVICER_FEED,1
LN0001921,2,2022-11,Closed,0,2022-11,ServicerD,SERVICER_FEED,1
LN0001922,1,2020-02,Closed,0,2020-02,ServicerC,SERVICER_FEED,1
LN0001923,5,2022-06,90DPD,95,2022-06,ServicerC,SERVICER_FEED,1
LN0001924,11,2022-07,60DPD,65,2022-07,ServicerC,SERVICER_FEED,1
LN0001924,12,2022-08,60DPD,65,2022-08,ServicerD,SERVICER_FEED,1
LN0001925,8,2020-12,Closed,0,2020-12,ServicerD,SERVICER_FEED,1
LN0001926,9,2020-03,60DPD,65,2020-03,ServicerA,SERVICER_FEED,1
LN0001927,23,2021-09,30DPD,35,2021-09,ServicerC,SERVICER_FEED,1
LN0001928,3,2022-08,90DPD,95,2022-08,ServicerD,SERVICER_FEED,1
LN0001929,6,2020-01,60DPD,65,2020-01,ServicerA,SERVICER_FEED,1
LN0001930,22,2023-02,30DPD,35,2023-02,ServicerC,SERVICER_FEED,1
LN0001931,28,2020-12,90DPD,95,2020-12,ServicerB,SERVICER_FEED,1
LN0001932,5,2020-02,Default,120,2020-02,ServicerC,SERVICER_FEED,1
LN0001933,7,2023-04,60DPD,65,2023-04,ServicerB,SERVICER_FEED,1
LN0001934,8,2021-05,Closed,0,2021-05,ServicerA,SERVICER_FEED,1
LN0001935,9,2022-11,90DPD,95,2022-11,ServicerA,SERVICER_FEED,1
LN0001936,7,2019-11,90DPD,95,2019-11,ServicerC,SERVICER_FEED,1
LN0001937,2,2021-12,90DPD,95,2021-12,ServicerA,SERVICER_FEED,1
LN0001938,8,2023-08,90DPD,95,2023-08,ServicerB,SERVICER_FEED,1
LN0001939,3,2022-11,30DPD,35,2022-11,ServicerB,SERVICER_FEED,1
LN0001940,18,2021-09,90DPD,95,2021-09,ServicerC,SERVICER_FEED,1
LN0001941,28,2023-09,Prepaid,0,2023-09,ServicerB,SERVICER_FEED,1
LN0001941,23,2023-04,Default,120,2023-04,ServicerB,SERVICER_FEED,1
LN0001942,21,2024-03,60DPD,65,2024-03,ServicerC,SERVICER_FEED,1
LN0001942,29,2024-11,60DPD,65,2024-11,ServicerD,SERVICER_FEED,1
LN0001943,10,2022-11,Prepaid,0,2022-11,ServicerB,SERVICER_FEED,1
LN0001944,6,2023-05,30DPD,35,2023-05,ServicerA,SERVICER_FEED,1
LN0001944,7,2023-06,Default,120,2023-06,ServicerA,SERVICER_FEED,1
LN0001945,9,2018-11,30DPD,35,2018-11,ServicerD,SERVICER_FEED,1
LN0001946,3,2020-12,60DPD,65,2020-12,ServicerB,SERVICER_FEED,1
LN0001947,17,2023-05,30DPD,35,2023-05,ServicerC,SERVICER_FEED,1
LN0001948,6,2022-02,30DPD,35,2022-02,ServicerA,SERVICER_FEED,1
LN0001949,2,2018-12,Default,120,2018-12,ServicerA,SERVICER_FEED,1
LN0001950,9,2021-08,Closed,0,2021-08,ServicerD,SERVICER_FEED,1
LN0001951,5,2019-03,Default,120,2019-03,ServicerC,SERVICER_FEED,1
LN0001952,1,2018-07,Default,120,2018-07,ServicerC,SERVICER_FEED,1
LN0001953,7,2019-02,Default,120,2019-02,ServicerA,SERVICER_FEED,1
LN0001954,2,2022-12,60DPD,65,2022-12,ServicerC,SERVICER_FEED,1
LN0001955,5,2019-10,Current,0,2019-10,ServicerD,SERVICER_FEED,1
LN0001956,2,2020-06,Closed,0,2020-06,ServicerD,SERVICER_FEED,1
LN0001957,16,2020-08,Default,120,2020-08,ServicerD,SERVICER_FEED,1
LN0001958,10,2023-04,Prepaid,0,2023-04,ServicerA,SERVICER_FEED,1
LN0001959,29,2024-11,30DPD,35,2024-11,ServicerB,SERVICER_FEED,1
LN0001959,37,2025-07,60DPD,65,2025-07,ServicerB,SERVICER_FEED,1
LN0001960,1,2021-05,Closed,0,2021-05,ServicerD,SERVICER_FEED,1
LN0001961,7,2022-09,Default,120,2022-09,ServicerB,SERVICER_FEED,1
LN0001962,21,2020-04,Prepaid,0,2020-04,ServicerB,SERVICER_FEED,1
LN0001963,2,2023-02,90DPD,95,2023-02,ServicerA,SERVICER_FEED,1
LN0001964,10,2020-12,90DPD,95,2020-12,ServicerB,SERVICER_FEED,1
LN0001965,3,2020-04,Default,120,2020-04,ServicerA,SERVICER_FEED,1
LN0001966,8,2019-08,Default,120,2019-08,ServicerC,SERVICER_FEED,1
LN0001967,3,2022-08,30DPD,35,2022-08,ServicerC,SERVICER_FEED,1
LN0001968,5,2019-04,30DPD,35,2019-04,ServicerB,SERVICER_FEED,1
LN0001969,9,2023-01,Prepaid,0,2023-01,ServicerB,SERVICER_FEED,1
LN0001970,17,2022-12,Prepaid,0,2022-12,ServicerB,SERVICER_FEED,1
LN0001971,17,2023-04,Default,120,2023-04,ServicerA,SERVICER_FEED,1
LN0001972,14,2019-04,30DPD,35,2019-04,ServicerD,SERVICER_FEED,1
LN0001973,3,2021-12,Closed,0,2021-12,ServicerD,SERVICER_FEED,1
LN0001974,4,2023-02,60DPD,65,2023-02,ServicerC,SERVICER_FEED,1
LN0001975,5,2020-05,90DPD,95,2020-05,ServicerD,SERVICER_FEED,1
LN0001976,5,2020-09,60DPD,65,2020-09,ServicerB,SERVICER_FEED,1
LN0001977,3,2018-10,90DPD,95,2018-10,ServicerC,SERVICER_FEED,1
LN0001978,2,2020-08,Closed,0,2020-08,ServicerA,SERVICER_FEED,1
LN0001979,13,2022-06,Default,120,2022-06,ServicerC,SERVICER_FEED,1
LN0001980,10,2020-05,60DPD,65,2020-05,ServicerA,SERVICER_FEED,1
LN0001981,2,2021-11,Default,120,2021-11,ServicerA,SERVICER_FEED,1
LN0001982,16,2019-10,Default,120,2019-10,ServicerD,SERVICER_FEED,1
LN0001983,5,2021-10,Current,0,2021-10,ServicerC,SERVICER_FEED,1
LN0001984,5,2021-05,90DPD,95,2021-05,ServicerB,SERVICER_FEED,1
LN0001985,5,2019-07,60DPD,65,2019-07,ServicerA,SERVICER_FEED,1
LN0001986,1,2019-10,60DPD,65,2019-10,ServicerD,SERVICER_FEED,1
LN0001987,1,2019-04,Prepaid,0,2019-04,ServicerD,SERVICER_FEED,1
LN0001988,11,2022-01,90DPD,95,2022-01,ServicerB,SERVICER_FEED,1
LN0001989,2,2021-05,60DPD,65,2021-05,ServicerA,SERVICER_FEED,1
LN0001990,1,2020-11,Closed,0,2020-11,ServicerA,SERVICER_FEED,1
LN0001991,6,2019-06,Closed,0,2019-06,ServicerA,SERVICER_FEED,1
LN0001992,4,2019-05,Closed,0,2019-05,ServicerB,SERVICER_FEED,1
LN0001993,2,2022-03,Closed,0,2022-03,ServicerA,SERVICER_FEED,1
LN0001994,21,2022-01,Prepaid,0,2022-01,ServicerB,SERVICER_FEED,1
LN0001995,4,2020-07,60DPD,65,2020-07,ServicerA,SERVICER_FEED,1
LN0001996,3,2019-10,60DPD,65,2019-10,ServicerD,SERVICER_FEED,1
LN0001997,2,2022-10,Closed,0,2022-10,ServicerA,SERVICER_FEED,1
LN0001998,1,2019-04,30DPD,35,2019-04,ServicerD,SERVICER_FEED,1
LN0001999,2,2022-01,Default,120,2022-01,ServicerD,SERVICER_FEED,1
LN0002000,4,2022-03,Current,0,2022-03,ServicerA,SERVICER_FEED,1
LN0002001,18,2020-09,30DPD,35,2020-09,ServicerD,SERVICER_FEED,1
LN0002002,9,2018-10,Prepaid,0,2018-10,ServicerC,SERVICER_FEED,1
LN0002003,3,2019-07,90DPD,95,2019-07,ServicerA,SERVICER_FEED,1
LN0002004,5,2019-10,Prepaid,0,2019-10,ServicerC,SERVICER_FEED,1
LN0002005,2,2021-11,90DPD,95,2021-11,ServicerC,SERVICER_FEED,1
LN0002006,4,2020-12,Prepaid,0,2020-12,ServicerC,SERVICER_FEED,1
LN0002007,5,2020-07,Default,120,2020-07,ServicerA,SERVICER_FEED,1
LN0002008,5,2020-10,60DPD,65,2020-10,ServicerC,SERVICER_FEED,1
LN0002009,3,2023-01,Prepaid,0,2023-01,ServicerB,SERVICER_FEED,1
LN0002010,4,2023-01,90DPD,95,2023-01,ServicerA,SERVICER_FEED,1
LN0002011,16,2019-06,Closed,0,2019-06,ServicerB,SERVICER_FEED,1
LN0002012,3,2022-06,Default,120,2022-06,ServicerA,SERVICER_FEED,1
LN0002013,30,2022-04,Closed,0,2022-04,ServicerD,SERVICER_FEED,1
LN0002013,21,2021-07,Default,120,2021-07,ServicerB,SERVICER_FEED,1
LN0002014,11,2022-09,90DPD,95,2022-09,ServicerA,SERVICER_FEED,1
LN0002015,11,2023-11,Closed,0,2023-11,ServicerA,SERVICER_FEED,1
LN0002016,6,2021-01,Current,0,2021-01,ServicerD,SERVICER_FEED,1
LN0002017,13,2022-03,30DPD,35,2022-03,ServicerA,SERVICER_FEED,1
LN0002018,20,2021-10,60DPD,65,2021-10,ServicerC,SERVICER_FEED,1
LN0002019,3,2018-08,30DPD,35,2018-08,ServicerA,SERVICER_FEED,1
LN0002020,3,2018-06,Default,120,2018-06,ServicerB,SERVICER_FEED,1
LN0002021,14,2020-12,90DPD,95,2020-12,ServicerD,SERVICER_FEED,1
LN0002022,7,2022-09,Default,120,2022-09,ServicerC,SERVICER_FEED,1
LN0002023,3,2019-12,Current,0,2019-12,ServicerC,SERVICER_FEED,1
LN0002024,5,2020-07,Default,120,2020-07,ServicerC,SERVICER_FEED,1
LN0002025,1,2020-09,30DPD,35,2020-09,ServicerB,SERVICER_FEED,1
LN0002026,4,2019-12,90DPD,95,2019-12,ServicerB,SERVICER_FEED,1
LN0002027,17,2021-11,60DPD,65,2021-11,ServicerC,SERVICER_FEED,1
LN0002028,11,2021-12,30DPD,35,2021-12,ServicerC,SERVICER_FEED,1
LN0002029,25,2024-05,60DPD,65,2024-05,ServicerC,SERVICER_FEED,1
LN0002030,15,2023-01,Default,120,2023-01,ServicerC,SERVICER_FEED,1
LN0002031,1,2022-03,Closed,0,2022-03,ServicerD,SERVICER_FEED,1
LN0002032,1,2020-09,Prepaid,0,2020-09,ServicerA,SERVICER_FEED,1
LN0002033,3,2021-09,60DPD,65,2021-09,ServicerA,SERVICER_FEED,1
LN0002034,1,2018-10,Default,120,2018-10,ServicerD,SERVICER_FEED,1
LN0002035,13,2019-10,Prepaid,0,2019-10,ServicerA,SERVICER_FEED,1
LN0002036,6,2023-02,Default,120,2023-02,ServicerA,SERVICER_FEED,1
LN0002037,3,2021-04,Closed,0,2021-04,ServicerB,SERVICER_FEED,1
LN0002038,38,2021-09,30DPD,35,2021-09,ServicerA,SERVICER_FEED,1
LN0002038,35,2021-06,Closed,0,2021-06,ServicerC,SERVICER_FEED,1
LN0002039,2,2020-03,90DPD,95,2020-03,ServicerD,SERVICER_FEED,1
LN0002040,2,2023-01,90DPD,95,2023-01,ServicerB,SERVICER_FEED,1
LN0002041,3,2018-05,Default,120,2018-05,ServicerD,SERVICER_FEED,1
LN0002042,17,2021-08,90DPD,95,2021-08,ServicerC,SERVICER_FEED,1
LN0002043,3,2022-06,Prepaid,0,2022-06,ServicerD,SERVICER_FEED,1
LN0002044,7,2023-04,Default,120,2023-04,ServicerA,SERVICER_FEED,1
LN0002045,11,2020-10,Closed,0,2020-10,ServicerB,SERVICER_FEED,1
LN0002046,28,2024-11,90DPD,95,2024-11,ServicerB,SERVICER_FEED,1
LN0002047,25,2023-08,Closed,0,2023-08,ServicerB,SERVICER_FEED,1
LN0002048,1,2020-02,Closed,0,2020-02,ServicerD,SERVICER_FEED,1
LN0002049,8,2022-07,Default,120,2022-07,ServicerC,SERVICER_FEED,1
LN0002049,26,2024-01,Prepaid,0,2024-01,ServicerA,SERVICER_FEED,1
LN0002050,3,2022-03,Closed,0,2022-03,ServicerA,SERVICER_FEED,1
LN0002051,3,2019-08,Current,0,2019-08,ServicerC,SERVICER_FEED,1
LN0002052,15,2019-09,Prepaid,0,2019-09,ServicerD,SERVICER_FEED,1
LN0002053,2,2022-01,Default,120,2022-01,ServicerB,SERVICER_FEED,1
LN0002054,8,2019-01,60DPD,65,2019-01,ServicerB,SERVICER_FEED,1
LN0002055,3,2022-02,30DPD,35,2022-02,ServicerA,SERVICER_FEED,1
LN0002056,7,2020-05,90DPD,95,2020-05,ServicerB,SERVICER_FEED,1
LN0002057,2,2021-09,Prepaid,0,2021-09,ServicerD,SERVICER_FEED,1
LN0002058,19,2022-08,Current,0,2022-08,ServicerA,SERVICER_FEED,1
LN0002059,5,2018-08,Closed,0,2018-08,ServicerD,SERVICER_FEED,1
LN0002060,3,2018-04,Closed,0,2018-04,ServicerA,SERVICER_FEED,1
LN0002061,6,2021-08,30DPD,35,2021-08,ServicerC,SERVICER_FEED,1
LN0002062,2,2020-09,Prepaid,0,2020-09,ServicerC,SERVICER_FEED,1
LN0002063,34,2021-01,Prepaid,0,2021-01,ServicerB,SERVICER_FEED,1
LN0002064,13,2023-12,90DPD,95,2023-12,ServicerB,SERVICER_FEED,1
LN0002065,3,2019-06,Default,120,2019-06,ServicerB,SERVICER_FEED,1
LN0002066,1,2022-05,30DPD,35,2022-05,ServicerB,SERVICER_FEED,1
LN0002067,3,2018-11,Default,120,2018-11,ServicerB,SERVICER_FEED,1
LN0002068,2,2019-05,Closed,0,2019-05,ServicerC,SERVICER_FEED,1
LN0002069,11,2021-07,Default,120,2021-07,ServicerC,SERVICER_FEED,1
LN0002070,1,2020-09,60DPD,65,2020-09,ServicerD,SERVICER_FEED,1
LN0002071,13,2022-02,60DPD,65,2022-02,ServicerB,SERVICER_FEED,1
LN0002072,41,2022-04,Closed,0,2022-04,ServicerC,SERVICER_FEED,1
LN0002072,13,2019-12,Prepaid,0,2019-12,ServicerB,SERVICER_FEED,1
LN0002073,7,2019-11,60DPD,65,2019-11,ServicerB,SERVICER_FEED,1
LN0002074,1,2019-05,60DPD,65,2019-05,ServicerA,SERVICER_FEED,1
LN0002075,5,2020-08,60DPD,65,2020-08,ServicerA,SERVICER_FEED,1
LN0002076,11,2023-07,Default,120,2023-07,ServicerD,SERVICER_FEED,1
LN0002077,8,2020-12,Current,0,2020-12,ServicerD,SERVICER_FEED,1
LN0002078,2,2023-02,60DPD,65,2023-02,ServicerC,SERVICER_FEED,1
LN0002079,1,2019-05,Closed,0,2019-05,ServicerB,SERVICER_FEED,1
LN0002080,1,2019-04,30DPD,35,2019-04,ServicerC,SERVICER_FEED,1
LN0002081,2,2018-09,90DPD,95,2018-09,ServicerA,SERVICER_FEED,1
LN0002082,15,2020-04,Default,120,2020-04,ServicerA,SERVICER_FEED,1
LN0002083,15,2020-10,Default,120,2020-10,ServicerB,SERVICER_FEED,1
LN0002084,7,2020-07,60DPD,65,2020-07,ServicerC,SERVICER_FEED,1
LN0002085,8,2022-03,Default,120,2022-03,ServicerB,SERVICER_FEED,1
LN0002086,2,2020-05,30DPD,35,2020-05,ServicerD,SERVICER_FEED,1
LN0002087,2,2021-08,Current,0,2021-08,ServicerD,SERVICER_FEED,1
LN0002088,10,2019-04,Current,0,2019-04,ServicerB,SERVICER_FEED,1
LN0002089,19,2024-04,Default,120,2024-04,ServicerD,SERVICER_FEED,1
LN0002090,13,2019-10,Closed,0,2019-10,ServicerC,SERVICER_FEED,1
LN0002091,9,2018-12,60DPD,65,2018-12,ServicerD,SERVICER_FEED,1
LN0002092,1,2020-03,90DPD,95,2020-03,ServicerC,SERVICER_FEED,1
LN0002093,12,2022-04,30DPD,35,2022-04,ServicerC,SERVICER_FEED,1
LN0002094,1,2019-04,Prepaid,0,2019-04,ServicerC,SERVICER_FEED,1
LN0002095,6,2019-04,30DPD,35,2019-04,ServicerC,SERVICER_FEED,1
LN0002096,2,2022-05,Prepaid,0,2022-05,ServicerB,SERVICER_FEED,1
LN0002097,2,2022-04,Closed,0,2022-04,ServicerA,SERVICER_FEED,1
LN0002098,11,2022-09,Prepaid,0,2022-09,ServicerD,SERVICER_FEED,1
LN0002099,4,2019-06,90DPD,95,2019-06,ServicerA,SERVICER_FEED,1
LN0002100,1,2020-10,60DPD,65,2020-10,ServicerD,SERVICER_FEED,1
LN0002101,2,2021-08,60DPD,65,2021-08,ServicerA,SERVICER_FEED,1
LN0002102,5,2020-07,60DPD,65,2020-07,ServicerD,SERVICER_FEED,1
LN0002103,11,2019-10,60DPD,65,2019-10,ServicerC,SERVICER_FEED,1
LN0002104,2,2022-04,90DPD,95,2022-04,ServicerD,SERVICER_FEED,1
LN0002105,9,2023-06,30DPD,35,2023-06,ServicerA,SERVICER_FEED,1
LN0002106,20,2020-06,90DPD,95,2020-06,ServicerB,SERVICER_FEED,1
LN0002107,12,2022-07,90DPD,95,2022-07,ServicerB,SERVICER_FEED,1
LN0002108,10,2023-04,60DPD,65,2023-04,ServicerD,SERVICER_FEED,1
LN0002109,4,2021-01,90DPD,95,2021-01,ServicerB,SERVICER_FEED,1
LN0002110,11,2019-02,30DPD,35,2019-02,ServicerC,SERVICER_FEED,1
LN0002111,10,2022-04,90DPD,95,2022-04,ServicerA,SERVICER_FEED,1
LN0002112,2,2022-10,Current,0,2022-10,ServicerB,SERVICER_FEED,1
LN0002113,1,2019-05,Prepaid,0,2019-05,ServicerC,SERVICER_FEED,1
LN0002114,12,2019-09,Default,120,2019-09,ServicerA,SERVICER_FEED,1
LN0002115,3,2019-07,Closed,0,2019-07,ServicerD,SERVICER_FEED,1
LN0002116,11,2022-12,60DPD,65,2022-12,ServicerC,SERVICER_FEED,1
LN0002117,25,2022-11,Closed,0,2022-11,ServicerD,SERVICER_FEED,1
LN0002117,4,2021-02,Default,120,2021-02,ServicerA,SERVICER_FEED,1
LN0002118,13,2019-03,Prepaid,0,2019-03,ServicerB,SERVICER_FEED,1
LN0002119,3,2021-03,Closed,0,2021-03,ServicerA,SERVICER_FEED,1
LN0002120,5,2022-06,30DPD,35,2022-06,ServicerA,SERVICER_FEED,1
LN0002121,26,2021-02,Default,120,2021-02,ServicerD,SERVICER_FEED,1
LN0002122,15,2022-03,Prepaid,0,2022-03,ServicerD,SERVICER_FEED,1
LN0002123,7,2019-09,60DPD,65,2019-09,ServicerA,SERVICER_FEED,1
LN0002124,4,2018-06,Closed,0,2018-06,ServicerB,SERVICER_FEED,1
LN0002125,15,2021-04,60DPD,65,2021-04,ServicerD,SERVICER_FEED,1
LN0002126,1,2021-12,Prepaid,0,2021-12,ServicerB,SERVICER_FEED,1
LN0002127,32,2024-01,60DPD,65,2024-01,ServicerB,SERVICER_FEED,1
LN0002127,14,2022-07,30DPD,35,2022-07,ServicerC,SERVICER_FEED,1
LN0002128,9,2019-04,Closed,0,2019-04,ServicerC,SERVICER_FEED,1
LN0002129,23,2020-11,Prepaid,0,2020-11,ServicerC,SERVICER_FEED,1
LN0002129,18,2020-06,30DPD,35,2020-06,ServicerC,SERVICER_FEED,1
LN0002130,12,2021-09,Prepaid,0,2021-09,ServicerD,SERVICER_FEED,1
LN0002131,2,2019-10,30DPD,35,2019-10,ServicerC,SERVICER_FEED,1
LN0002132,2,2019-10,60DPD,65,2019-10,ServicerA,SERVICER_FEED,1
LN0002133,3,2020-06,Default,120,2020-06,ServicerB,SERVICER_FEED,1
LN0002134,4,2022-02,Closed,0,2022-02,ServicerB,SERVICER_FEED,1
LN0002135,3,2021-02,60DPD,65,2021-02,ServicerC,SERVICER_FEED,1
LN0002136,1,2022-05,30DPD,35,2022-05,ServicerD,SERVICER_FEED,1
LN0002137,9,2019-04,30DPD,35,2019-04,ServicerA,SERVICER_FEED,1
LN0002138,5,2020-09,90DPD,95,2020-09,ServicerC,SERVICER_FEED,1
LN0002139,27,2023-01,Closed,0,2023-01,ServicerD,SERVICER_FEED,1
LN0002140,3,2022-01,90DPD,95,2022-01,ServicerB,SERVICER_FEED,1
LN0002141,1,2020-08,Prepaid,0,2020-08,ServicerC,SERVICER_FEED,1
LN0002142,1,2022-08,60DPD,65,2022-08,ServicerC,SERVICER_FEED,1
LN0002143,23,2024-02,Default,120,2024-02,ServicerC,SERVICER_FEED,1
LN0002144,2,2021-08,Current,0,2021-08,ServicerD,SERVICER_FEED,1
LN0002145,9,2020-09,60DPD,65,2020-09,ServicerB,SERVICER_FEED,1
LN0002146,6,2020-02,Closed,0,2020-02,ServicerA,SERVICER_FEED,1
LN0002147,7,2021-03,30DPD,35,2021-03,ServicerB,SERVICER_FEED,1
LN0002148,26,2022-06,60DPD,65,2022-06,ServicerA,SERVICER_FEED,1
LN0002149,3,2018-05,Closed,0,2018-05,ServicerB,SERVICER_FEED,1
LN0002150,4,2019-06,90DPD,95,2019-06,ServicerC,SERVICER_FEED,1
LN0002151,1,2022-04,Prepaid,0,2022-04,ServicerC,SERVICER_FEED,1
LN0002152,16,2021-08,90DPD,95,2021-08,ServicerD,SERVICER_FEED,1
LN0002153,4,2023-01,Default,120,2023-01,ServicerC,SERVICER_FEED,1
LN0002154,23,2021-02,90DPD,95,2021-02,ServicerC,SERVICER_FEED,1
LN0002155,35,2025-10,Default,120,2025-10,ServicerD,SERVICER_FEED,1
LN0002155,7,2023-06,60DPD,65,2023-06,ServicerB,SERVICER_FEED,1
LN0002156,11,2022-12,30DPD,35,2022-12,ServicerD,SERVICER_FEED,1
LN0002157,1,2019-11,90DPD,95,2019-11,ServicerB,SERVICER_FEED,1
LN0002158,1,2021-02,30DPD,35,2021-02,ServicerD,SERVICER_FEED,1
LN0002159,32,2025-08,Current,0,2025-08,ServicerD,SERVICER_FEED,1
LN0002160,28,2023-07,Default,120,2023-07,ServicerC,SERVICER_FEED,1
LN0002160,27,2023-06,Default,120,2023-06,ServicerA,SERVICER_FEED,1
LN0002161,3,2022-11,60DPD,65,2022-11,ServicerB,SERVICER_FEED,1
LN0002162,4,2018-11,Default,120,2018-11,ServicerB,SERVICER_FEED,1
LN0002163,4,2019-02,Closed,0,2019-02,ServicerA,SERVICER_FEED,1
LN0002164,22,2019-11,Prepaid,0,2019-11,ServicerA,SERVICER_FEED,1
LN0002165,2,2019-10,30DPD,35,2019-10,ServicerA,SERVICER_FEED,1
LN0002166,17,2023-05,90DPD,95,2023-05,ServicerA,SERVICER_FEED,1
LN0002167,3,2023-01,Prepaid,0,2023-01,ServicerB,SERVICER_FEED,1
LN0002168,1,2020-10,Prepaid,0,2020-10,ServicerD,SERVICER_FEED,1
LN0002169,20,2021-10,30DPD,35,2021-10,ServicerD,SERVICER_FEED,1
LN0002170,10,2023-06,Default,120,2023-06,ServicerA,SERVICER_FEED,1
LN0002171,13,2022-01,90DPD,95,2022-01,ServicerA,SERVICER_FEED,1
LN0002172,16,2022-01,Prepaid,0,2022-01,ServicerD,SERVICER_FEED,1
LN0002173,5,2018-11,60DPD,65,2018-11,ServicerA,SERVICER_FEED,1
LN0002174,12,2020-01,60DPD,65,2020-01,ServicerD,SERVICER_FEED,1
LN0002175,19,2023-01,30DPD,35,2023-01,ServicerB,SERVICER_FEED,1
LN0002176,6,2021-12,30DPD,35,2021-12,ServicerB,SERVICER_FEED,1
LN0002177,1,2020-07,30DPD,35,2020-07,ServicerD,SERVICER_FEED,1
LN0002178,6,2022-01,60DPD,65,2022-01,ServicerA,SERVICER_FEED,1
LN0002179,10,2022-04,Prepaid,0,2022-04,ServicerB,SERVICER_FEED,1
LN0002180,3,2018-07,Default,120,2018-07,ServicerC,SERVICER_FEED,1
LN0002181,20,2023-11,Default,120,2023-11,ServicerC,SERVICER_FEED,1
LN0002182,8,2022-02,60DPD,65,2022-02,ServicerD,SERVICER_FEED,1
LN0002183,9,2019-11,Prepaid,0,2019-11,ServicerB,SERVICER_FEED,1
LN0002184,17,2020-06,30DPD,35,2020-06,ServicerA,SERVICER_FEED,1
LN0002185,2,2022-12,90DPD,95,2022-12,ServicerA,SERVICER_FEED,1
LN0002186,2,2019-06,Default,120,2019-06,ServicerB,SERVICER_FEED,1
LN0002187,23,2020-02,Default,120,2020-02,ServicerD,SERVICER_FEED,1
LN0002188,4,2018-06,60DPD,65,2018-06,ServicerB,SERVICER_FEED,1
LN0002189,10,2019-12,90DPD,95,2019-12,ServicerB,SERVICER_FEED,1
LN0002190,4,2021-06,Default,120,2021-06,ServicerC,SERVICER_FEED,1
LN0002191,7,2020-11,Prepaid,0,2020-11,ServicerB,SERVICER_FEED,1
LN0002192,12,2022-08,Prepaid,0,2022-08,ServicerC,SERVICER_FEED,1
LN0002193,3,2019-05,90DPD,95,2019-05,ServicerC,SERVICER_FEED,1
LN0002194,2,2019-04,60DPD,65,2019-04,ServicerA,SERVICER_FEED,1
LN0002195,25,2022-02,Prepaid,0,2022-02,ServicerC,SERVICER_FEED,1
LN0002196,3,2022-03,60DPD,65,2022-03,ServicerD,SERVICER_FEED,1
LN0002197,22,2022-05,Closed,0,2022-05,ServicerC,SERVICER_FEED,1
LN0002198,2,2021-12,Prepaid,0,2021-12,ServicerC,SERVICER_FEED,1
LN0002199,8,2019-02,Default,120,2019-02,ServicerB,SERVICER_FEED,1
LN0002200,6,2020-07,Default,120,2020-07,ServicerD,SERVICER_FEED,1
LN0002201,30,2022-09,90DPD,95,2022-09,ServicerB,SERVICER_FEED,1
LN0002202,5,2018-10,Default,120,2018-10,ServicerB,SERVICER_FEED,1
LN0002203,6,2020-01,90DPD,95,2020-01,ServicerC,SERVICER_FEED,1
LN0002204,6,2019-11,30DPD,35,2019-11,ServicerC,SERVICER_FEED,1
LN0002205,1,2020-05,Prepaid,0,2020-05,ServicerD,SERVICER_FEED,1
LN0002206,2,2018-12,Default,120,2018-12,ServicerA,SERVICER_FEED,1
LN0002207,20,2021-01,90DPD,95,2021-01,ServicerC,SERVICER_FEED,1
LN0002208,7,2023-05,Current,0,2023-05,ServicerA,SERVICER_FEED,1
LN0002209,3,2018-12,30DPD,35,2018-12,ServicerA,SERVICER_FEED,1
LN0002210,3,2022-05,90DPD,95,2022-05,ServicerC,SERVICER_FEED,1
LN0002211,6,2021-03,Closed,0,2021-03,ServicerC,SERVICER_FEED,1
LN0002212,29,2020-10,Prepaid,0,2020-10,ServicerC,SERVICER_FEED,1
LN0002212,20,2020-01,Default,120,2020-01,ServicerD,SERVICER_FEED,1
LN0002213,17,2021-06,90DPD,95,2021-06,ServicerB,SERVICER_FEED,1
LN0002214,2,2020-09,60DPD,65,2020-09,ServicerA,SERVICER_FEED,1
LN0002215,5,2019-10,Default,120,2019-10,ServicerC,SERVICER_FEED,1
LN0002216,4,2019-09,60DPD,65,2019-09,ServicerC,SERVICER_FEED,1
LN0002217,2,2021-09,Closed,0,2021-09,ServicerD,SERVICER_FEED,1
LN0002218,9,2018-11,Default,120,2018-11,ServicerA,SERVICER_FEED,1
LN0002219,3,2022-11,Prepaid,0,2022-11,ServicerD,SERVICER_FEED,1
LN0002220,6,2020-02,30DPD,35,2020-02,ServicerB,SERVICER_FEED,1
LN0002221,17,2021-04,Prepaid,0,2021-04,ServicerB,SERVICER_FEED,1
LN0002222,24,2020-08,Default,120,2020-08,ServicerC,SERVICER_FEED,1
LN0002222,14,2019-10,Closed,0,2019-10,ServicerD,SERVICER_FEED,1
LN0002223,2,2022-07,Prepaid,0,2022-07,ServicerC,SERVICER_FEED,1
LN0002224,4,2019-06,Prepaid,0,2019-06,ServicerD,SERVICER_FEED,1
LN0002225,2,2022-03,Prepaid,0,2022-03,ServicerC,SERVICER_FEED,1
LN0002226,3,2019-11,30DPD,35,2019-11,ServicerB,SERVICER_FEED,1
LN0002226,23,2021-07,30DPD,35,2021-07,ServicerB,SERVICER_FEED,1
LN0002227,5,2018-07,Current,0,2018-07,ServicerC,SERVICER_FEED,1
LN0002228,16,2021-05,Prepaid,0,2021-05,ServicerD,SERVICER_FEED,1
LN0002229,1,2020-09,90DPD,95,2020-09,ServicerB,SERVICER_FEED,1
LN0002230,2,2020-07,Prepaid,0,2020-07,ServicerC,SERVICER_FEED,1
LN0002231,7,2023-07,Default,120,2023-07,ServicerB,SERVICER_FEED,1
LN0002232,2,2020-10,90DPD,95,2020-10,ServicerB,SERVICER_FEED,1
LN0002233,16,2023-03,Closed,0,2023-03,ServicerD,SERVICER_FEED,1
LN0002234,14,2021-01,Prepaid,0,2021-01,ServicerA,SERVICER_FEED,1
LN0002235,17,2020-02,60DPD,65,2020-02,ServicerB,SERVICER_FEED,1
LN0002236,3,2020-09,Current,0,2020-09,ServicerC,SERVICER_FEED,1
LN0002237,8,2021-06,90DPD,95,2021-06,ServicerD,SERVICER_FEED,1
LN0002238,23,2022-01,Prepaid,0,2022-01,ServicerA,SERVICER_FEED,1
LN0002239,2,2021-12,90DPD,95,2021-12,ServicerA,SERVICER_FEED,1
LN0002240,3,2023-01,30DPD,35,2023-01,ServicerC,SERVICER_FEED,1
LN0002241,1,2018-06,Default,120,2018-06,ServicerD,SERVICER_FEED,1
LN0002242,1,2018-06,30DPD,35,2018-06,ServicerD,SERVICER_FEED,1
LN0002243,4,2019-09,90DPD,95,2019-09,ServicerB,SERVICER_FEED,1
LN0002244,13,2022-01,Default,120,2022-01,ServicerB,SERVICER_FEED,1
LN0002245,1,2018-04,Default,120,2018-04,ServicerC,SERVICER_FEED,1
LN0002246,4,2019-04,60DPD,65,2019-04,ServicerC,SERVICER_FEED,1
LN0002247,2,2020-03,90DPD,95,2020-03,ServicerB,SERVICER_FEED,1
LN0002248,3,2020-02,Prepaid,0,2020-02,ServicerA,SERVICER_FEED,1
LN0002249,6,2022-09,Prepaid,0,2022-09,ServicerC,SERVICER_FEED,1
LN0002250,8,2021-05,60DPD,65,2021-05,ServicerD,SERVICER_FEED,1
LN0002251,5,2022-10,60DPD,65,2022-10,ServicerB,SERVICER_FEED,1
LN0002252,13,2022-11,60DPD,65,2022-11,ServicerC,SERVICER_FEED,1
LN0002253,6,2020-07,Closed,0,2020-07,ServicerB,SERVICER_FEED,1
LN0002254,2,2023-01,90DPD,95,2023-01,ServicerA,SERVICER_FEED,1
LN0002255,3,2022-06,Default,120,2022-06,ServicerC,SERVICER_FEED,1
LN0002256,3,2020-09,Default,120,2020-09,ServicerA,SERVICER_FEED,1
LN0002257,2,2022-06,Default,120,2022-06,ServicerD,SERVICER_FEED,1
LN0002258,4,2019-08,Default,120,2019-08,ServicerD,SERVICER_FEED,1
LN0002259,8,2019-09,90DPD,95,2019-09,ServicerC,SERVICER_FEED,1
LN0002260,21,2023-09,Current,0,2023-09,ServicerC,SERVICER_FEED,1
LN0002261,2,2022-02,Prepaid,0,2022-02,ServicerD,SERVICER_FEED,1
LN0002262,1,2019-03,Prepaid,0,2019-03,ServicerA,SERVICER_FEED,1
LN0002263,11,2022-09,Default,120,2022-09,ServicerD,SERVICER_FEED,1
LN0002264,11,2021-06,Default,120,2021-06,ServicerD,SERVICER_FEED,1
LN0002265,4,2021-02,60DPD,65,2021-02,ServicerB,SERVICER_FEED,1
LN0002266,1,2022-04,30DPD,35,2022-04,ServicerD,SERVICER_FEED,1
LN0002267,1,2018-11,Prepaid,0,2018-11,ServicerC,SERVICER_FEED,1
LN0002268,1,2020-02,Default,120,2020-02,ServicerC,SERVICER_FEED,1
LN0002269,14,2020-08,Prepaid,0,2020-08,ServicerC,SERVICER_FEED,1
LN0002270,5,2021-03,60DPD,65,2021-03,ServicerB,SERVICER_FEED,1
LN0002271,2,2018-12,Default,120,2018-12,ServicerB,SERVICER_FEED,1
LN0002272,6,2019-02,60DPD,65,2019-02,ServicerC,SERVICER_FEED,1
LN0002273,2,2021-08,60DPD,65,2021-08,ServicerC,SERVICER_FEED,1
LN0002273,15,2022-09,Default,120,2022-09,ServicerD,SERVICER_FEED,1
LN0002274,27,2020-07,Default,120,2020-07,ServicerB,SERVICER_FEED,1
LN0002275,3,2020-05,60DPD,65,2020-05,ServicerB,SERVICER_FEED,1
LN0002276,13,2024-01,Closed,0,2024-01,ServicerD,SERVICER_FEED,1
LN0002277,3,2023-03,90DPD,95,2023-03,ServicerC,SERVICER_FEED,1
LN0002278,1,2018-12,Default,120,2018-12,ServicerA,SERVICER_FEED,1
LN0002279,5,2023-01,Closed,0,2023-01,ServicerA,SERVICER_FEED,1
LN0002280,3,2019-12,30DPD,35,2019-12,ServicerC,SERVICER_FEED,1
LN0002281,8,2019-08,Default,120,2019-08,ServicerB,SERVICER_FEED,1
LN0002282,4,2020-11,30DPD,35,2020-11,ServicerC,SERVICER_FEED,1
LN0002283,4,2020-10,Prepaid,0,2020-10,ServicerB,SERVICER_FEED,1
LN0002284,11,2020-10,90DPD,95,2020-10,ServicerA,SERVICER_FEED,1
LN0002285,2,2020-04,60DPD,65,2020-04,ServicerD,SERVICER_FEED,1
LN0002286,4,2018-10,Closed,0,2018-10,ServicerA,SERVICER_FEED,1
LN0002287,9,2020-01,Prepaid,0,2020-01,ServicerC,SERVICER_FEED,1
LN0002288,5,2019-05,Closed,0,2019-05,ServicerD,SERVICER_FEED,1
LN0002289,17,2024-01,60DPD,65,2024-01,ServicerC,SERVICER_FEED,1
LN0002289,26,2024-10,Default,120,2024-10,ServicerA,SERVICER_FEED,1
LN0002290,12,2021-06,60DPD,65,2021-06,ServicerD,SERVICER_FEED,1
LN0002291,5,2021-02,30DPD,35,2021-02,ServicerB,SERVICER_FEED,1
LN0002292,5,2020-08,Prepaid,0,2020-08,ServicerB,SERVICER_FEED,1
LN0002293,1,2022-07,Closed,0,2022-07,ServicerD,SERVICER_FEED,1
LN0002294,1,2022-01,30DPD,35,2022-01,ServicerD,SERVICER_FEED,1
LN0002295,8,2022-02,Prepaid,0,2022-02,ServicerD,SERVICER_FEED,1
LN0002296,4,2019-11,Default,120,2019-11,ServicerA,SERVICER_FEED,1
LN0002297,4,2019-11,Default,120,2019-11,ServicerA,SERVICER_FEED,1
LN0002298,4,2023-01,Closed,0,2023-01,ServicerB,SERVICER_FEED,1
LN0002299,4,2022-12,Closed,0,2022-12,ServicerA,SERVICER_FEED,1
LN0002300,2,2019-08,90DPD,95,2019-08,ServicerB,SERVICER_FEED,1
LN0002301,1,2019-10,90DPD,95,2019-10,ServicerD,SERVICER_FEED,1
LN0002302,2,2019-10,Prepaid,0,2019-10,ServicerC,SERVICER_FEED,1
LN0002303,3,2022-03,60DPD,65,2022-03,ServicerB,SERVICER_FEED,1
LN0002304,11,2023-08,60DPD,65,2023-08,ServicerD,SERVICER_FEED,1
LN0002305,9,2023-03,Current,0,2023-03,ServicerA,SERVICER_FEED,1
LN0002306,15,2023-06,Closed,0,2023-06,ServicerC,SERVICER_FEED,1
LN0002307,8,2020-05,60DPD,65,2020-05,ServicerC,SERVICER_FEED,1
LN0002308,11,2020-07,60DPD,65,2020-07,ServicerA,SERVICER_FEED,1
LN0002309,16,2023-10,Prepaid,0,2023-10,ServicerC,SERVICER_FEED,1
LN0002310,19,2021-07,Default,120,2021-07,ServicerB,SERVICER_FEED,1
LN0002311,14,2020-03,60DPD,65,2020-03,ServicerC,SERVICER_FEED,1
LN0002312,6,2022-09,60DPD,65,2022-09,ServicerC,SERVICER_FEED,1
LN0002313,2,2020-07,Prepaid,0,2020-07,ServicerD,SERVICER_FEED,1
LN0002314,7,2019-01,Current,0,2019-01,ServicerA,SERVICER_FEED,1
LN0002315,1,2022-07,Closed,0,2022-07,ServicerA,SERVICER_FEED,1
LN0002316,14,2020-08,60DPD,65,2020-08,ServicerB,SERVICER_FEED,1
LN0002317,2,2019-09,Closed,0,2019-09,ServicerB,SERVICER_FEED,1
LN0002318,14,2021-10,Prepaid,0,2021-10,ServicerA,SERVICER_FEED,1
LN0002319,22,2021-03,Prepaid,0,2021-03,ServicerA,SERVICER_FEED,1
LN0002320,4,2022-06,60DPD,65,2022-06,ServicerD,SERVICER_FEED,1
LN0002321,4,2021-10,Prepaid,0,2021-10,ServicerA,SERVICER_FEED,1
LN0002322,7,2021-05,Prepaid,0,2021-05,ServicerB,SERVICER_FEED,1
LN0002323,41,2022-06,60DPD,65,2022-06,ServicerA,SERVICER_FEED,1
LN0002323,7,2019-08,Default,120,2019-08,ServicerB,SERVICER_FEED,1
LN0002324,4,2020-10,90DPD,95,2020-10,ServicerC,SERVICER_FEED,1
LN0002325,7,2019-12,Prepaid,0,2019-12,ServicerB,SERVICER_FEED,1
LN0002326,23,2024-09,Closed,0,2024-09,ServicerD,SERVICER_FEED,1
LN0002327,5,2022-05,Closed,0,2022-05,ServicerC,SERVICER_FEED,1
LN0002328,15,2019-11,90DPD,95,2019-11,ServicerD,SERVICER_FEED,1
LN0002328,11,2019-07,Prepaid,0,2019-07,ServicerD,SERVICER_FEED,1
LN0002329,6,2021-02,Default,120,2021-02,ServicerD,SERVICER_FEED,1
LN0002330,13,2022-12,90DPD,95,2022-12,ServicerD,SERVICER_FEED,1
LN0002331,4,2020-12,Closed,0,2020-12,ServicerC,SERVICER_FEED,1
LN0002332,2,2018-10,90DPD,95,2018-10,ServicerD,SERVICER_FEED,1
LN0002333,15,2019-12,90DPD,95,2019-12,ServicerD,SERVICER_FEED,1
LN0002334,9,2022-05,Closed,0,2022-05,ServicerA,SERVICER_FEED,1
LN0002335,9,2021-05,Closed,0,2021-05,ServicerA,SERVICER_FEED,1
LN0002336,11,2021-08,30DPD,35,2021-08,ServicerD,SERVICER_FEED,1
LN0002337,27,2021-08,60DPD,65,2021-08,ServicerD,SERVICER_FEED,1
LN0002338,17,2020-09,Default,120,2020-09,ServicerB,SERVICER_FEED,1
LN0002339,18,2021-07,Prepaid,0,2021-07,ServicerA,SERVICER_FEED,1
LN0002340,4,2021-01,Closed,0,2021-01,ServicerC,SERVICER_FEED,1
LN0002341,5,2020-10,Prepaid,0,2020-10,ServicerB,SERVICER_FEED,1
LN0002342,9,2023-02,60DPD,65,2023-02,ServicerB,SERVICER_FEED,1
LN0002343,8,2019-08,Closed,0,2019-08,ServicerC,SERVICER_FEED,1
LN0002344,12,2021-05,Closed,0,2021-05,ServicerA,SERVICER_FEED,1
LN0002344,41,2023-10,Closed,0,2023-10,ServicerA,SERVICER_FEED,1
LN0002345,6,2019-09,Current,0,2019-09,ServicerB,SERVICER_FEED,1
LN0002346,4,2018-05,60DPD,65,2018-05,ServicerC,SERVICER_FEED,1
LN0002347,2,2020-03,60DPD,65,2020-03,ServicerD,SERVICER_FEED,1
LN0002348,3,2018-07,Closed,0,2018-07,ServicerA,SERVICER_FEED,1
LN0002349,3,2020-02,Prepaid,0,2020-02,ServicerA,SERVICER_FEED,1
LN0002350,33,2023-11,Default,120,2023-11,ServicerA,SERVICER_FEED,1
LN0002351,6,2020-05,Default,120,2020-05,ServicerB,SERVICER_FEED,1
LN0002352,14,2022-07,Default,120,2022-07,ServicerB,SERVICER_FEED,1
LN0002353,1,2019-07,90DPD,95,2019-07,ServicerD,SERVICER_FEED,1
LN0002354,3,2020-04,Prepaid,0,2020-04,ServicerD,SERVICER_FEED,1
LN0002355,12,2023-05,Prepaid,0,2023-05,ServicerC,SERVICER_FEED,1
LN0002356,6,2019-09,Closed,0,2019-09,ServicerD,SERVICER_FEED,1
LN0002357,6,2021-01,Default,120,2021-01,ServicerC,SERVICER_FEED,1
LN0002358,15,2022-10,30DPD,35,2022-10,ServicerA,SERVICER_FEED,1
LN0002358,3,2021-10,Closed,0,2021-10,ServicerD,SERVICER_FEED,1
LN0002359,2,2019-12,90DPD,95,2019-12,ServicerD,SERVICER_FEED,1
LN0002360,1,2019-08,Prepaid,0,2019-08,ServicerB,SERVICER_FEED,1
LN0002361,8,2022-02,Closed,0,2022-02,ServicerB,SERVICER_FEED,1
LN0002362,1,2018-06,Closed,0,2018-06,ServicerC,SERVICER_FEED,1
LN0002363,18,2020-10,90DPD,95,2020-10,ServicerB,SERVICER_FEED,1
LN0002364,2,2020-03,Current,0,2020-03,ServicerC,SERVICER_FEED,1
LN0002365,11,2020-01,30DPD,35,2020-01,ServicerC,SERVICER_FEED,1
LN0002366,2,2020-11,Closed,0,2020-11,ServicerD,SERVICER_FEED,1
LN0002367,5,2021-07,60DPD,65,2021-07,ServicerC,SERVICER_FEED,1
LN0002368,19,2024-05,60DPD,65,2024-05,ServicerA,SERVICER_FEED,1
LN0002369,7,2021-08,Closed,0,2021-08,ServicerC,SERVICER_FEED,1
LN0002370,11,2021-11,30DPD,35,2021-11,ServicerC,SERVICER_FEED,1
LN0002371,6,2022-02,90DPD,95,2022-02,ServicerB,SERVICER_FEED,1
LN0002372,37,2022-02,30DPD,35,2022-02,ServicerC,SERVICER_FEED,1
LN0002372,22,2020-11,60DPD,65,2020-11,ServicerC,SERVICER_FEED,1
LN0002373,3,2020-08,Default,120,2020-08,ServicerB,SERVICER_FEED,1
LN0002373,29,2022-10,Closed,0,2022-10,ServicerA,SERVICER_FEED,1
LN0002374,13,2023-03,60DPD,65,2023-03,ServicerC,SERVICER_FEED,1
LN0002374,1,2022-03,30DPD,35,2022-03,ServicerC,SERVICER_FEED,1
LN0002375,6,2019-05,Default,120,2019-05,ServicerC,SERVICER_FEED,1
LN0002376,10,2020-04,90DPD,95,2020-04,ServicerD,SERVICER_FEED,1
LN0002377,13,2020-03,60DPD,65,2020-03,ServicerC,SERVICER_FEED,1
LN0002378,6,2023-04,Current,0,2023-04,ServicerD,SERVICER_FEED,1
LN0002379,3,2020-01,Closed,0,2020-01,ServicerB,SERVICER_FEED,1
LN0002380,9,2020-05,60DPD,65,2020-05,ServicerB,SERVICER_FEED,1
LN0002381,3,2022-04,Default,120,2022-04,ServicerA,SERVICER_FEED,1
LN0002382,4,2022-11,90DPD,95,2022-11,ServicerB,SERVICER_FEED,1
LN0002383,5,2018-06,60DPD,65,2018-06,ServicerD,SERVICER_FEED,1
LN0002384,4,2022-09,30DPD,35,2022-09,ServicerC,SERVICER_FEED,1
LN0002385,7,2022-02,30DPD,35,2022-02,ServicerA,SERVICER_FEED,1
LN0002386,3,2022-07,90DPD,95,2022-07,ServicerB,SERVICER_FEED,1
LN0002387,12,2019-06,Default,120,2019-06,ServicerC,SERVICER_FEED,1
LN0002388,4,2018-07,Current,0,2018-07,ServicerA,SERVICER_FEED,1
LN0002389,6,2020-03,90DPD,95,2020-03,ServicerC,SERVICER_FEED,1
LN0002390,35,2025-03,60DPD,65,2025-03,ServicerA,SERVICER_FEED,1
LN0002390,25,2024-05,Prepaid,0,2024-05,ServicerD,SERVICER_FEED,1
LN0002391,18,2021-12,Closed,0,2021-12,ServicerA,SERVICER_FEED,1
LN0002392,11,2022-07,90DPD,95,2022-07,ServicerB,SERVICER_FEED,1
LN0002393,9,2019-12,90DPD,95,2019-12,ServicerD,SERVICER_FEED,1
LN0002394,8,2020-05,Prepaid,0,2020-05,ServicerA,SERVICER_FEED,1
LN0002395,2,2022-07,60DPD,65,2022-07,ServicerB,SERVICER_FEED,1
LN0002396,3,2020-09,90DPD,95,2020-09,ServicerD,SERVICER_FEED,1
LN0002397,28,2024-03,90DPD,95,2024-03,ServicerC,SERVICER_FEED,1
LN0002398,25,2023-04,60DPD,65,2023-04,ServicerC,SERVICER_FEED,1
LN0002399,21,2020-08,Closed,0,2020-08,ServicerC,SERVICER_FEED,1
LN0002400,2,2022-11,90DPD,95,2022-11,ServicerD,SERVICER_FEED,1
LN0002401,27,2024-12,60DPD,65,2024-12,ServicerB,SERVICER_FEED,1
LN0002402,16,2023-03,Closed,0,2023-03,ServicerD,SERVICER_FEED,1
LN0002403,23,2022-04,90DPD,95,2022-04,ServicerB,SERVICER_FEED,1
LN0002403,8,2021-01,Closed,0,2021-01,ServicerC,SERVICER_FEED,1
LN0002404,3,2020-05,60DPD,65,2020-05,ServicerB,SERVICER_FEED,1
LN0002405,2,2019-08,90DPD,95,2019-08,ServicerC,SERVICER_FEED,1
LN0002406,5,2021-08,60DPD,65,2021-08,ServicerD,SERVICER_FEED,1
LN0002407,9,2020-04,60DPD,65,2020-04,ServicerD,SERVICER_FEED,1
LN0002408,1,2019-01,60DPD,65,2019-01,ServicerD,SERVICER_FEED,1
LN0002409,17,2019-09,60DPD,65,2019-09,ServicerA,SERVICER_FEED,1
LN0002410,3,2020-05,30DPD,35,2020-05,ServicerB,SERVICER_FEED,1
LN0002411,3,2022-04,60DPD,65,2022-04,ServicerA,SERVICER_FEED,1
LN0002412,6,2022-06,Closed,0,2022-06,ServicerB,SERVICER_FEED,1
LN0002413,9,2022-12,Prepaid,0,2022-12,ServicerD,SERVICER_FEED,1
LN0002414,4,2021-05,30DPD,35,2021-05,ServicerC,SERVICER_FEED,1
LN0002415,14,2023-07,60DPD,65,2023-07,ServicerA,SERVICER_FEED,1
LN0002416,7,2022-06,Default,120,2022-06,ServicerA,SERVICER_FEED,1
LN0002417,6,2022-07,Default,120,2022-07,ServicerD,SERVICER_FEED,1
LN0002418,21,2022-04,90DPD,95,2022-04,ServicerB,SERVICER_FEED,1
LN0002419,16,2019-10,60DPD,65,2019-10,ServicerA,SERVICER_FEED,1
LN0002420,9,2020-08,60DPD,65,2020-08,ServicerA,SERVICER_FEED,1
LN0002421,4,2022-07,90DPD,95,2022-07,ServicerA,SERVICER_FEED,1
LN0002422,2,2021-11,90DPD,95,2021-11,ServicerB,SERVICER_FEED,1
LN0002423,4,2018-05,30DPD,35,2018-05,ServicerA,SERVICER_FEED,1
LN0002424,2,2018-08,Default,120,2018-08,ServicerB,SERVICER_FEED,1
LN0002425,5,2021-09,90DPD,95,2021-09,ServicerA,SERVICER_FEED,1
LN0002426,13,2023-12,90DPD,95,2023-12,ServicerD,SERVICER_FEED,1
LN0002427,4,2021-12,Current,0,2021-12,ServicerD,SERVICER_FEED,1
LN0002428,5,2023-02,90DPD,95,2023-02,ServicerB,SERVICER_FEED,1
LN0002429,7,2018-12,30DPD,35,2018-12,ServicerC,SERVICER_FEED,1
LN0002430,13,2023-06,90DPD,95,2023-06,ServicerC,SERVICER_FEED,1
LN0002431,12,2019-08,Prepaid,0,2019-08,ServicerC,SERVICER_FEED,1
LN0002432,4,2022-10,60DPD,65,2022-10,ServicerD,SERVICER_FEED,1
LN0002433,5,2023-04,Default,120,2023-04,ServicerC,SERVICER_FEED,1
LN0002434,2,2020-09,90DPD,95,2020-09,ServicerD,SERVICER_FEED,1
LN0002435,7,2021-03,Prepaid,0,2021-03,ServicerC,SERVICER_FEED,1
LN0002436,15,2021-09,Prepaid,0,2021-09,ServicerD,SERVICER_FEED,1
LN0002437,14,2021-12,60DPD,65,2021-12,ServicerB,SERVICER_FEED,1
LN0002438,7,2022-09,Default,120,2022-09,ServicerA,SERVICER_FEED,1
LN0002439,6,2019-11,90DPD,95,2019-11,ServicerB,SERVICER_FEED,1
LN0002440,4,2019-10,30DPD,35,2019-10,ServicerC,SERVICER_FEED,1
LN0002441,5,2023-04,Closed,0,2023-04,ServicerA,SERVICER_FEED,1
LN0002442,1,2022-05,60DPD,65,2022-05,ServicerC,SERVICER_FEED,1
LN0002443,4,2021-01,60DPD,65,2021-01,ServicerC,SERVICER_FEED,1
LN0002444,4,2019-05,Prepaid,0,2019-05,ServicerA,SERVICER_FEED,1
LN0002445,9,2023-07,Default,120,2023-07,ServicerC,SERVICER_FEED,1
LN0002446,12,2023-05,60DPD,65,2023-05,ServicerB,SERVICER_FEED,1
LN0002447,14,2020-10,30DPD,35,2020-10,ServicerB,SERVICER_FEED,1
LN0002447,22,2021-06,Default,120,2021-06,ServicerD,SERVICER_FEED,1
LN0002448,5,2021-02,Prepaid,0,2021-02,ServicerD,SERVICER_FEED,1
LN0002449,11,2021-01,60DPD,65,2021-01,ServicerA,SERVICER_FEED,1
LN0002449,25,2022-03,60DPD,65,2022-03,ServicerC,SERVICER_FEED,1
LN0002450,15,2023-06,60DPD,65,2023-06,ServicerD,SERVICER_FEED,1
LN0002451,11,2022-05,90DPD,95,2022-05,ServicerB,SERVICER_FEED,1
LN0002452,4,2020-10,Current,0,2020-10,ServicerD,SERVICER_FEED,1
LN0002453,6,2023-05,30DPD,35,2023-05,ServicerA,SERVICER_FEED,1
LN0002454,7,2021-08,90DPD,95,2021-08,ServicerD,SERVICER_FEED,1
LN0002455,1,2020-07,Closed,0,2020-07,ServicerA,SERVICER_FEED,1
LN0002456,8,2023-04,Default,120,2023-04,ServicerA,SERVICER_FEED,1
LN0002457,13,2021-04,90DPD,95,2021-04,ServicerB,SERVICER_FEED,1
LN0002458,40,2023-06,30DPD,35,2023-06,ServicerB,SERVICER_FEED,1
LN0002458,37,2023-03,30DPD,35,2023-03,ServicerB,SERVICER_FEED,1
LN0002459,17,2021-05,Current,0,2021-05,ServicerB,SERVICER_FEED,1
LN0002460,4,2019-06,Closed,0,2019-06,ServicerB,SERVICER_FEED,1
LN0002461,2,2019-07,60DPD,65,2019-07,ServicerC,SERVICER_FEED,1
LN0002462,5,2018-11,Prepaid,0,2018-11,ServicerA,SERVICER_FEED,1
LN0002463,13,2022-09,Closed,0,2022-09,ServicerC,SERVICER_FEED,1
LN0002464,2,2021-02,90DPD,95,2021-02,ServicerA,SERVICER_FEED,1
LN0002465,5,2023-01,Prepaid,0,2023-01,ServicerA,SERVICER_FEED,1
LN0002466,1,2021-02,Default,120,2021-02,ServicerD,SERVICER_FEED,1
LN0002467,2,2018-07,60DPD,65,2018-07,ServicerB,SERVICER_FEED,1
LN0002468,13,2022-03,Closed,0,2022-03,ServicerD,SERVICER_FEED,1
LN0002469,10,2019-09,Prepaid,0,2019-09,ServicerB,SERVICER_FEED,1
LN0002470,23,2020-02,60DPD,65,2020-02,ServicerD,SERVICER_FEED,1
LN0002471,2,2021-06,90DPD,95,2021-06,ServicerA,SERVICER_FEED,1
LN0002472,1,2018-03,90DPD,95,2018-03,ServicerA,SERVICER_FEED,1
LN0002473,1,2020-02,Prepaid,0,2020-02,ServicerB,SERVICER_FEED,1
LN0002474,9,2023-03,90DPD,95,2023-03,ServicerC,SERVICER_FEED,1
LN0002475,1,2019-05,60DPD,65,2019-05,ServicerB,SERVICER_FEED,1
LN0002476,3,2021-09,Closed,0,2021-09,ServicerA,SERVICER_FEED,1
LN0002476,9,2022-03,90DPD,95,2022-03,ServicerA,SERVICER_FEED,1
LN0002477,1,2019-12,Default,120,2019-12,ServicerB,SERVICER_FEED,1
LN0002478,14,2019-09,Closed,0,2019-09,ServicerA,SERVICER_FEED,1
LN0002479,27,2021-03,90DPD,95,2021-03,ServicerC,SERVICER_FEED,1
LN0002480,7,2018-12,30DPD,35,2018-12,ServicerB,SERVICER_FEED,1
LN0002481,16,2020-02,Default,120,2020-02,ServicerA,SERVICER_FEED,1
LN0002482,5,2019-03,90DPD,95,2019-03,ServicerC,SERVICER_FEED,1
LN0002483,25,2024-06,60DPD,65,2024-06,ServicerD,SERVICER_FEED,1
LN0002483,29,2024-10,Prepaid,0,2024-10,ServicerD,SERVICER_FEED,1
LN0002484,3,2022-04,30DPD,35,2022-04,ServicerB,SERVICER_FEED,1
LN0002485,2,2019-12,Current,0,2019-12,ServicerC,SERVICER_FEED,1
LN0002486,4,2021-12,90DPD,95,2021-12,ServicerB,SERVICER_FEED,1
LN0002487,6,2019-07,90DPD,95,2019-07,ServicerB,SERVICER_FEED,1
LN0002488,27,2023-06,Closed,0,2023-06,ServicerD,SERVICER_FEED,1
LN0002489,4,2019-05,60DPD,65,2019-05,ServicerA,SERVICER_FEED,1
LN0002490,4,2021-07,90DPD,95,2021-07,ServicerA,SERVICER_FEED,1
LN0002491,1,2019-11,90DPD,95,2019-11,ServicerA,SERVICER_FEED,1
LN0002492,11,2023-03,90DPD,95,2023-03,ServicerC,SERVICER_FEED,1
LN0002493,3,2022-06,Prepaid,0,2022-06,ServicerB,SERVICER_FEED,1
LN0002494,1,2019-10,Default,120,2019-10,ServicerC,SERVICER_FEED,1
LN0002495,1,2018-04,Closed,0,2018-04,ServicerA,SERVICER_FEED,1
LN0002496,1,2019-09,Default,120,2019-09,ServicerB,SERVICER_FEED,1
LN0002497,39,2022-08,30DPD,35,2022-08,ServicerC,SERVICER_FEED,1
LN0002497,4,2019-09,90DPD,95,2019-09,ServicerA,SERVICER_FEED,1
LN0002498,5,2020-07,Default,120,2020-07,ServicerC,SERVICER_FEED,1
LN0002499,1,2020-12,Default,120,2020-12,ServicerB,SERVICER_FEED,1
LN0002500,4,2023-04,Default,120,2023-04,ServicerC,SERVICER_FEED,1
LN0002501,2,2018-06,Default,120,2018-06,ServicerA,SERVICER_FEED,1
LN0002502,4,2021-02,Prepaid,0,2021-02,ServicerD,SERVICER_FEED,1
LN0002503,6,2019-05,90DPD,95,2019-05,ServicerD,SERVICER_FEED,1
LN0002504,1,2020-10,Default,120,2020-10,ServicerA,SERVICER_FEED,1
LN0002505,31,2023-10,90DPD,95,2023-10,ServicerD,SERVICER_FEED,1
LN0002505,40,2024-07,Prepaid,0,2024-07,ServicerC,SERVICER_FEED,1
LN0002506,35,2024-12,30DPD,35,2024-12,ServicerD,SERVICER_FEED,1
LN0002506,9,2022-10,30DPD,35,2022-10,ServicerA,SERVICER_FEED,1
LN0002507,3,2021-01,60DPD,65,2021-01,ServicerD,SERVICER_FEED,1
LN0002508,16,2020-03,60DPD,65,2020-03,ServicerB,SERVICER_FEED,1
LN0002509,3,2022-10,90DPD,95,2022-10,ServicerB,SERVICER_FEED,1
LN0002510,6,2020-07,Default,120,2020-07,ServicerD,SERVICER_FEED,1
LN0002511,3,2020-08,Closed,0,2020-08,ServicerD,SERVICER_FEED,1
LN0002512,19,2022-10,30DPD,35,2022-10,ServicerC,SERVICER_FEED,1
LN0002513,25,2021-05,Prepaid,0,2021-05,ServicerC,SERVICER_FEED,1
LN0002514,2,2023-02,Closed,0,2023-02,ServicerB,SERVICER_FEED,1
LN0002515,3,2018-06,Default,120,2018-06,ServicerB,SERVICER_FEED,1
LN0002516,16,2020-02,30DPD,35,2020-02,ServicerA,SERVICER_FEED,1
LN0002517,2,2023-02,Default,120,2023-02,ServicerB,SERVICER_FEED,1
LN0002518,2,2020-06,30DPD,35,2020-06,ServicerB,SERVICER_FEED,1
LN0002519,1,2022-07,90DPD,95,2022-07,ServicerA,SERVICER_FEED,1
LN0002520,2,2022-09,60DPD,65,2022-09,ServicerD,SERVICER_FEED,1
LN0002521,3,2023-03,30DPD,35,2023-03,ServicerA,SERVICER_FEED,1
LN0002522,12,2022-08,60DPD,65,2022-08,ServicerB,SERVICER_FEED,1
LN0002523,10,2022-03,Prepaid,0,2022-03,ServicerD,SERVICER_FEED,1
LN0002524,1,2021-02,Closed,0,2021-02,ServicerD,SERVICER_FEED,1
LN0002525,10,2022-04,Prepaid,0,2022-04,ServicerC,SERVICER_FEED,1
LN0002525,34,2024-04,Prepaid,0,2024-04,ServicerC,SERVICER_FEED,1
LN0002526,19,2020-11,Default,120,2020-11,ServicerA,SERVICER_FEED,1
LN0002526,29,2021-09,60DPD,65,2021-09,ServicerC,SERVICER_FEED,1
LN0002527,4,2022-05,Prepaid,0,2022-05,ServicerB,SERVICER_FEED,1
LN0002528,18,2020-06,Closed,0,2020-06,ServicerB,SERVICER_FEED,1
LN0002529,2,2020-07,90DPD,95,2020-07,ServicerD,SERVICER_FEED,1
LN0002530,4,2020-03,90DPD,95,2020-03,ServicerA,SERVICER_FEED,1
LN0002531,4,2022-02,30DPD,35,2022-02,ServicerA,SERVICER_FEED,1
LN0002532,7,2019-11,90DPD,95,2019-11,ServicerC,SERVICER_FEED,1
LN0002533,5,2019-06,60DPD,65,2019-06,ServicerB,SERVICER_FEED,1
LN0002534,12,2023-01,Prepaid,0,2023-01,ServicerA,SERVICER_FEED,1
LN0002534,25,2024-02,Closed,0,2024-02,ServicerA,SERVICER_FEED,1
LN0002535,10,2021-04,30DPD,35,2021-04,ServicerA,SERVICER_FEED,1
LN0002536,6,2022-02,90DPD,95,2022-02,ServicerA,SERVICER_FEED,1
LN0002537,9,2023-02,30DPD,35,2023-02,ServicerB,SERVICER_FEED,1
LN0002538,13,2023-04,Prepaid,0,2023-04,ServicerC,SERVICER_FEED,1
LN0002539,4,2020-04,90DPD,95,2020-04,ServicerD,SERVICER_FEED,1
LN0002540,4,2019-03,90DPD,95,2019-03,ServicerD,SERVICER_FEED,1
LN0002541,5,2023-03,Closed,0,2023-03,ServicerC,SERVICER_FEED,1
LN0002542,7,2020-02,Closed,0,2020-02,ServicerD,SERVICER_FEED,1
LN0002543,24,2023-11,Current,0,2023-11,ServicerB,SERVICER_FEED,1
LN0002543,14,2023-01,Closed,0,2023-01,ServicerC,SERVICER_FEED,1
LN0002544,6,2022-05,60DPD,65,2022-05,ServicerD,SERVICER_FEED,1
LN0002545,1,2020-04,Default,120,2020-04,ServicerA,SERVICER_FEED,1
LN0002546,3,2019-01,60DPD,65,2019-01,ServicerC,SERVICER_FEED,1
LN0002547,2,2020-07,60DPD,65,2020-07,ServicerD,SERVICER_FEED,1
LN0002548,30,2021-03,Default,120,2021-03,ServicerC,SERVICER_FEED,1
LN0002548,26,2020-11,Closed,0,2020-11,ServicerA,SERVICER_FEED,1
LN0002549,9,2020-07,30DPD,35,2020-07,ServicerA,SERVICER_FEED,1
LN0002550,16,2021-04,30DPD,35,2021-04,ServicerB,SERVICER_FEED,1
LN0002551,12,2021-08,Prepaid,0,2021-08,ServicerD,SERVICER_FEED,1
LN0002552,1,2019-01,90DPD,95,2019-01,ServicerC,SERVICER_FEED,1
LN0002553,11,2023-02,30DPD,35,2023-02,ServicerA,SERVICER_FEED,1
LN0002554,2,2018-07,60DPD,65,2018-07,ServicerB,SERVICER_FEED,1
LN0002555,7,2023-07,Default,120,2023-07,ServicerA,SERVICER_FEED,1
LN0002556,5,2019-12,Default,120,2019-12,ServicerD,SERVICER_FEED,1
LN0002557,2,2020-08,Default,120,2020-08,ServicerA,SERVICER_FEED,1
LN0002558,9,2023-02,Closed,0,2023-02,ServicerA,SERVICER_FEED,1
LN0002559,3,2021-07,Closed,0,2021-07,ServicerA,SERVICER_FEED,1
LN0002560,3,2018-07,Default,120,2018-07,ServicerA,SERVICER_FEED,1
LN0002561,16,2022-05,Prepaid,0,2022-05,ServicerD,SERVICER_FEED,1
LN0002561,18,2022-07,Closed,0,2022-07,ServicerA,SERVICER_FEED,1
LN0002562,7,2021-05,Closed,0,2021-05,ServicerA,SERVICER_FEED,1
LN0002563,2,2022-10,Closed,0,2022-10,ServicerC,SERVICER_FEED,1
LN0002564,5,2021-03,30DPD,35,2021-03,ServicerB,SERVICER_FEED,1
LN0002565,2,2023-02,Default,120,2023-02,ServicerA,SERVICER_FEED,1
LN0002566,3,2020-11,60DPD,65,2020-11,ServicerC,SERVICER_FEED,1
LN0002567,27,2021-03,Current,0,2021-03,ServicerC,SERVICER_FEED,1
LN0002568,7,2021-02,Closed,0,2021-02,ServicerA,SERVICER_FEED,1
LN0002569,4,2022-12,30DPD,35,2022-12,ServicerD,SERVICER_FEED,1
LN0002570,4,2018-06,30DPD,35,2018-06,ServicerA,SERVICER_FEED,1
LN0002571,9,2020-09,90DPD,95,2020-09,ServicerB,SERVICER_FEED,1
LN0002572,1,2018-04,30DPD,35,2018-04,ServicerC,SERVICER_FEED,1
LN0002573,9,2022-12,90DPD,95,2022-12,ServicerB,SERVICER_FEED,1
LN0002574,8,2021-03,Prepaid,0,2021-03,ServicerC,SERVICER_FEED,1
LN0002575,7,2022-02,60DPD,65,2022-02,ServicerC,SERVICER_FEED,1
LN0002576,3,2023-02,Prepaid,0,2023-02,ServicerC,SERVICER_FEED,1
LN0002577,7,2022-09,Default,120,2022-09,ServicerB,SERVICER_FEED,1
LN0002578,4,2020-05,Closed,0,2020-05,ServicerC,SERVICER_FEED,1
LN0002579,8,2023-05,Prepaid,0,2023-05,ServicerC,SERVICER_FEED,1
LN0002580,3,2020-08,30DPD,35,2020-08,ServicerB,SERVICER_FEED,1
LN0002581,3,2023-02,30DPD,35,2023-02,ServicerC,SERVICER_FEED,1
LN0002582,3,2023-02,Prepaid,0,2023-02,ServicerD,SERVICER_FEED,1
LN0002583,14,2020-04,90DPD,95,2020-04,ServicerA,SERVICER_FEED,1
LN0002584,7,2022-06,90DPD,95,2022-06,ServicerB,SERVICER_FEED,1
LN0002585,10,2022-04,Closed,0,2022-04,ServicerC,SERVICER_FEED,1
LN0002586,7,2022-06,Closed,0,2022-06,ServicerD,SERVICER_FEED,1
LN0002587,4,2019-03,30DPD,35,2019-03,ServicerA,SERVICER_FEED,1
LN0002588,9,2021-04,Closed,0,2021-04,ServicerC,SERVICER_FEED,1
LN0002589,17,2020-03,30DPD,35,2020-03,ServicerD,SERVICER_FEED,1
LN0002590,22,2024-04,Closed,0,2024-04,ServicerC,SERVICER_FEED,1
LN0002591,12,2023-05,Current,0,2023-05,ServicerB,SERVICER_FEED,1
LN0002592,14,2022-01,90DPD,95,2022-01,ServicerC,SERVICER_FEED,1
LN0002593,1,2018-09,Default,120,2018-09,ServicerD,SERVICER_FEED,1
LN0002594,24,2023-04,90DPD,95,2023-04,ServicerC,SERVICER_FEED,1
LN0002595,16,2021-07,60DPD,65,2021-07,ServicerB,SERVICER_FEED,1
LN0002595,35,2023-02,90DPD,95,2023-02,ServicerD,SERVICER_FEED,1
LN0002596,4,2022-04,Prepaid,0,2022-04,ServicerB,SERVICER_FEED,1
LN0002597,3,2018-10,Current,0,2018-10,ServicerC,SERVICER_FEED,1
LN0002598,13,2021-02,Prepaid,0,2021-02,ServicerB,SERVICER_FEED,1
LN0002599,14,2020-12,90DPD,95,2020-12,ServicerC,SERVICER_FEED,1
LN0002600,5,2023-03,Current,0,2023-03,ServicerB,SERVICER_FEED,1
LN0002601,8,2020-02,60DPD,65,2020-02,ServicerC,SERVICER_FEED,1
LN0002602,1,2023-01,90DPD,95,2023-01,ServicerA,SERVICER_FEED,1
LN0002603,3,2022-11,Current,0,2022-11,ServicerD,SERVICER_FEED,1
LN0002604,2,2021-02,90DPD,95,2021-02,ServicerB,SERVICER_FEED,1
LN0002605,8,2019-07,Current,0,2019-07,ServicerC,SERVICER_FEED,1
LN0002606,1,2019-03,Default,120,2019-03,ServicerA,SERVICER_FEED,1
LN0002607,4,2018-06,Closed,0,2018-06,ServicerA,SERVICER_FEED,1
LN0002608,10,2022-09,30DPD,35,2022-09,ServicerA,SERVICER_FEED,1
LN0002609,18,2023-02,Prepaid,0,2023-02,ServicerD,SERVICER_FEED,1
LN0002610,15,2020-11,Current,0,2020-11,ServicerC,SERVICER_FEED,1
LN0002611,2,2021-10,Closed,0,2021-10,ServicerA,SERVICER_FEED,1
LN0002612,8,2021-07,60DPD,65,2021-07,ServicerD,SERVICER_FEED,1
LN0002612,33,2023-08,30DPD,35,2023-08,ServicerA,SERVICER_FEED,1
LN0002613,9,2022-10,60DPD,65,2022-10,ServicerC,SERVICER_FEED,1
LN0002613,25,2024-02,Current,0,2024-02,ServicerB,SERVICER_FEED,1
LN0002614,9,2019-03,90DPD,95,2019-03,ServicerC,SERVICER_FEED,1
LN0002615,14,2020-02,Closed,0,2020-02,ServicerA,SERVICER_FEED,1
LN0002616,3,2022-04,Prepaid,0,2022-04,ServicerD,SERVICER_FEED,1
LN0002617,3,2020-02,30DPD,35,2020-02,ServicerA,SERVICER_FEED,1
LN0002618,1,2022-11,30DPD,35,2022-11,ServicerD,SERVICER_FEED,1
LN0002619,7,2022-12,Closed,0,2022-12,ServicerD,SERVICER_FEED,1
LN0002620,6,2018-12,Default,120,2018-12,ServicerD,SERVICER_FEED,1
LN0002621,4,2020-05,90DPD,95,2020-05,ServicerC,SERVICER_FEED,1
LN0002622,4,2021-12,90DPD,95,2021-12,ServicerC,SERVICER_FEED,1
LN0002623,23,2020-08,Default,120,2020-08,ServicerA,SERVICER_FEED,1
LN0002624,7,2022-11,Prepaid,0,2022-11,ServicerD,SERVICER_FEED,1
LN0002625,6,2018-12,90DPD,95,2018-12,ServicerA,SERVICER_FEED,1
LN0002626,22,2020-05,90DPD,95,2020-05,ServicerB,SERVICER_FEED,1
LN0002626,25,2020-08,60DPD,65,2020-08,ServicerB,SERVICER_FEED,1
LN0002627,9,2021-06,60DPD,65,2021-06,ServicerA,SERVICER_FEED,1
LN0002628,4,2019-07,Default,120,2019-07,ServicerC,SERVICER_FEED,1
LN0002629,1,2021-04,60DPD,65,2021-04,ServicerD,SERVICER_FEED,1
LN0002630,14,2021-02,Default,120,2021-02,ServicerB,SERVICER_FEED,1
LN0002630,37,2023-01,90DPD,95,2023-01,ServicerD,SERVICER_FEED,1
LN0002631,4,2019-09,30DPD,35,2019-09,ServicerC,SERVICER_FEED,1
LN0002632,6,2022-09,60DPD,65,2022-09,ServicerC,SERVICER_FEED,1
LN0002633,1,2018-11,Closed,0,2018-11,ServicerB,SERVICER_FEED,1
LN0002634,2,2020-08,Default,120,2020-08,ServicerC,SERVICER_FEED,1
LN0002635,28,2021-03,Prepaid,0,2021-03,ServicerB,SERVICER_FEED,1
LN0002635,5,2019-04,Prepaid,0,2019-04,ServicerB,SERVICER_FEED,1
LN0002636,5,2019-02,60DPD,65,2019-02,ServicerD,SERVICER_FEED,1
LN0002637,1,2019-02,Prepaid,0,2019-02,ServicerC,SERVICER_FEED,1
LN0002638,3,2019-07,90DPD,95,2019-07,ServicerA,SERVICER_FEED,1
LN0002639,3,2020-04,Default,120,2020-04,ServicerD,SERVICER_FEED,1
LN0002640,3,2020-08,Default,120,2020-08,ServicerA,SERVICER_FEED,1
LN0002641,1,2018-10,60DPD,65,2018-10,ServicerB,SERVICER_FEED,1
LN0002642,1,2018-04,60DPD,65,2018-04,ServicerA,SERVICER_FEED,1
LN0002643,33,2021-03,Default,120,2021-03,ServicerB,SERVICER_FEED,1
LN0002644,8,2021-10,Prepaid,0,2021-10,ServicerA,SERVICER_FEED,1
LN0002645,16,2024-03,60DPD,65,2024-03,ServicerB,SERVICER_FEED,1
LN0002646,6,2018-08,60DPD,65,2018-08,ServicerA,SERVICER_FEED,1
LN0002647,4,2018-07,60DPD,65,2018-07,ServicerB,SERVICER_FEED,1
LN0002648,10,2022-09,90DPD,95,2022-09,ServicerB,SERVICER_FEED,1
LN0002648,25,2023-12,Default,120,2023-12,ServicerD,SERVICER_FEED,1
LN0002649,8,2022-04,90DPD,95,2022-04,ServicerB,SERVICER_FEED,1
LN0002650,8,2022-05,30DPD,35,2022-05,ServicerD,SERVICER_FEED,1
LN0002651,14,2020-01,Prepaid,0,2020-01,ServicerB,SERVICER_FEED,1
LN0002652,10,2023-02,Closed,0,2023-02,ServicerA,SERVICER_FEED,1
LN0002653,1,2021-03,60DPD,65,2021-03,ServicerD,SERVICER_FEED,1
LN0002654,9,2019-07,Default,120,2019-07,ServicerC,SERVICER_FEED,1
LN0002655,13,2019-08,Prepaid,0,2019-08,ServicerD,SERVICER_FEED,1
LN0002656,3,2021-04,Closed,0,2021-04,ServicerD,SERVICER_FEED,1
LN0002657,5,2022-04,Prepaid,0,2022-04,ServicerA,SERVICER_FEED,1
LN0002658,5,2022-04,30DPD,35,2022-04,ServicerA,SERVICER_FEED,1
LN0002659,14,2022-02,30DPD,35,2022-02,ServicerC,SERVICER_FEED,1
LN0002659,37,2024-01,30DPD,35,2024-01,ServicerA,SERVICER_FEED,1
LN0002660,1,2020-08,Default,120,2020-08,ServicerB,SERVICER_FEED,1
LN0002661,5,2021-11,Closed,0,2021-11,ServicerC,SERVICER_FEED,1
LN0002662,5,2019-01,30DPD,35,2019-01,ServicerD,SERVICER_FEED,1
LN0002663,3,2020-01,Closed,0,2020-01,ServicerC,SERVICER_FEED,1
LN0002664,2,2018-08,90DPD,95,2018-08,ServicerA,SERVICER_FEED,1
LN0002665,7,2022-10,60DPD,65,2022-10,ServicerD,SERVICER_FEED,1
LN0002666,5,2021-06,60DPD,65,2021-06,ServicerB,SERVICER_FEED,1
LN0002667,5,2022-04,Closed,0,2022-04,ServicerB,SERVICER_FEED,1
LN0002668,25,2022-07,Closed,0,2022-07,ServicerD,SERVICER_FEED,1
LN0002668,20,2022-02,Closed,0,2022-02,ServicerC,SERVICER_FEED,1
LN0002669,1,2022-09,60DPD,65,2022-09,ServicerA,SERVICER_FEED,1
LN0002670,8,2023-04,90DPD,95,2023-04,ServicerC,SERVICER_FEED,1
LN0002671,4,2021-05,Closed,0,2021-05,ServicerD,SERVICER_FEED,1
LN0002672,5,2022-08,Closed,0,2022-08,ServicerD,SERVICER_FEED,1
LN0002673,1,2021-05,Default,120,2021-05,ServicerC,SERVICER_FEED,1
LN0002674,4,2021-12,Current,0,2021-12,ServicerD,SERVICER_FEED,1
LN0002675,6,2019-09,60DPD,65,2019-09,ServicerD,SERVICER_FEED,1
LN0002676,8,2023-07,Default,120,2023-07,ServicerC,SERVICER_FEED,1
LN0002677,4,2019-04,Closed,0,2019-04,ServicerA,SERVICER_FEED,1
LN0002678,1,2021-07,Default,120,2021-07,ServicerB,SERVICER_FEED,1
LN0002679,1,2021-02,30DPD,35,2021-02,ServicerA,SERVICER_FEED,1
LN0002680,12,2019-06,30DPD,35,2019-06,ServicerC,SERVICER_FEED,1
LN0002681,2,2022-01,90DPD,95,2022-01,ServicerC,SERVICER_FEED,1
LN0002682,1,2018-06,Closed,0,2018-06,ServicerB,SERVICER_FEED,1
LN0002683,19,2022-02,90DPD,95,2022-02,ServicerD,SERVICER_FEED,1
LN0002684,11,2022-12,60DPD,65,2022-12,ServicerB,SERVICER_FEED,1
LN0002685,19,2020-03,60DPD,65,2020-03,ServicerB,SERVICER_FEED,1
LN0002686,6,2020-04,Prepaid,0,2020-04,ServicerA,SERVICER_FEED,1
LN0002687,27,2022-10,60DPD,65,2022-10,ServicerB,SERVICER_FEED,1
LN0002687,12,2021-07,Default,120,2021-07,ServicerA,SERVICER_FEED,1
LN0002688,3,2022-11,Prepaid,0,2022-11,ServicerB,SERVICER_FEED,1
LN0002689,7,2020-06,60DPD,65,2020-06,ServicerB,SERVICER_FEED,1
LN0002690,3,2018-11,90DPD,95,2018-11,ServicerD,SERVICER_FEED,1
LN0002691,4,2018-12,90DPD,95,2018-12,ServicerA,SERVICER_FEED,1
LN0002692,26,2021-02,Default,120,2021-02,ServicerA,SERVICER_FEED,1
LN0002692,19,2020-07,Prepaid,0,2020-07,ServicerD,SERVICER_FEED,1
LN0002693,2,2022-07,Prepaid,0,2022-07,ServicerB,SERVICER_FEED,1
LN0002694,10,2022-09,Current,0,2022-09,ServicerC,SERVICER_FEED,1
LN0002695,1,2020-03,60DPD,65,2020-03,ServicerA,SERVICER_FEED,1
LN0002696,14,2023-05,30DPD,35,2023-05,ServicerC,SERVICER_FEED,1
LN0002697,6,2023-02,60DPD,65,2023-02,ServicerD,SERVICER_FEED,1
LN0002698,3,2022-08,Closed,0,2022-08,ServicerB,SERVICER_FEED,1
LN0002699,21,2019-10,60DPD,65,2019-10,ServicerA,SERVICER_FEED,1
LN0002700,2,2018-08,Default,120,2018-08,ServicerA,SERVICER_FEED,1
LN0002701,4,2021-12,90DPD,95,2021-12,ServicerA,SERVICER_FEED,1
LN0002702,11,2020-10,60DPD,65,2020-10,ServicerD,SERVICER_FEED,1
LN0002703,11,2019-09,Default,120,2019-09,ServicerA,SERVICER_FEED,1
LN0002704,4,2021-07,30DPD,35,2021-07,ServicerD,SERVICER_FEED,1
LN0002705,36,2022-10,30DPD,35,2022-10,ServicerB,SERVICER_FEED,1
LN0002706,3,2022-11,30DPD,35,2022-11,ServicerD,SERVICER_FEED,1
LN0002707,7,2021-06,Closed,0,2021-06,ServicerB,SERVICER_FEED,1
LN0002708,6,2019-09,Prepaid,0,2019-09,ServicerA,SERVICER_FEED,1
LN0002709,2,2022-11,Prepaid,0,2022-11,ServicerC,SERVICER_FEED,1
LN0002710,3,2021-03,30DPD,35,2021-03,ServicerC,SERVICER_FEED,1
LN0002711,10,2020-04,Default,120,2020-04,ServicerD,SERVICER_FEED,1
LN0002712,9,2019-06,Closed,0,2019-06,ServicerA,SERVICER_FEED,1
LN0002713,4,2021-02,Closed,0,2021-02,ServicerA,SERVICER_FEED,1
LN0002714,13,2022-10,Prepaid,0,2022-10,ServicerA,SERVICER_FEED,1
LN0002714,34,2024-07,Closed,0,2024-07,ServicerB,SERVICER_FEED,1
LN0002715,16,2023-07,60DPD,65,2023-07,ServicerD,SERVICER_FEED,1
LN0002716,3,2018-11,90DPD,95,2018-11,ServicerC,SERVICER_FEED,1
LN0002717,3,2020-05,Prepaid,0,2020-05,ServicerA,SERVICER_FEED,1
LN0002718,7,2023-07,Prepaid,0,2023-07,ServicerB,SERVICER_FEED,1
LN0002719,39,2024-07,30DPD,35,2024-07,ServicerA,SERVICER_FEED,1
LN0002719,3,2021-07,Prepaid,0,2021-07,ServicerA,SERVICER_FEED,1
LN0002720,4,2018-10,Closed,0,2018-10,ServicerA,SERVICER_FEED,1
LN0002721,11,2023-07,Current,0,2023-07,ServicerB,SERVICER_FEED,1
LN0002722,1,2021-07,Prepaid,0,2021-07,ServicerB,SERVICER_FEED,1
LN0002723,6,2020-10,30DPD,35,2020-10,ServicerC,SERVICER_FEED,1
LN0002724,3,2022-02,Closed,0,2022-02,ServicerA,SERVICER_FEED,1
LN0002725,10,2022-01,Default,120,2022-01,ServicerD,SERVICER_FEED,1
LN0002726,31,2021-11,90DPD,95,2021-11,ServicerA,SERVICER_FEED,1
LN0002726,20,2020-12,Prepaid,0,2020-12,ServicerD,SERVICER_FEED,1
LN0002727,7,2022-07,30DPD,35,2022-07,ServicerB,SERVICER_FEED,1
LN0002728,15,2020-07,Default,120,2020-07,ServicerB,SERVICER_FEED,1
LN0002728,24,2021-04,Default,120,2021-04,ServicerA,SERVICER_FEED,1
LN0002729,5,2019-07,Current,0,2019-07,ServicerC,SERVICER_FEED,1
LN0002730,2,2021-02,Closed,0,2021-02,ServicerC,SERVICER_FEED,1
LN0002731,10,2018-12,Closed,0,2018-12,ServicerA,SERVICER_FEED,1
LN0002732,2,2021-04,30DPD,35,2021-04,ServicerB,SERVICER_FEED,1
LN0002733,6,2021-04,Closed,0,2021-04,ServicerD,SERVICER_FEED,1
LN0002734,21,2023-05,30DPD,35,2023-05,ServicerB,SERVICER_FEED,1
LN0002734,7,2022-03,60DPD,65,2022-03,ServicerB,SERVICER_FEED,1
LN0002735,12,2019-10,90DPD,95,2019-10,ServicerA,SERVICER_FEED,1
LN0002736,3,2021-02,Prepaid,0,2021-02,ServicerA,SERVICER_FEED,1
LN0002736,8,2021-07,Closed,0,2021-07,ServicerB,SERVICER_FEED,1
LN0002737,1,2020-04,30DPD,35,2020-04,ServicerB,SERVICER_FEED,1
LN0002738,1,2018-12,Default,120,2018-12,ServicerC,SERVICER_FEED,1
LN0002739,3,2020-07,Closed,0,2020-07,ServicerA,SERVICER_FEED,1
LN0002740,3,2022-11,Current,0,2022-11,ServicerD,SERVICER_FEED,1
LN0002741,16,2023-06,Current,0,2023-06,ServicerC,SERVICER_FEED,1
LN0002742,4,2019-03,Default,120,2019-03,ServicerC,SERVICER_FEED,1
LN0002743,1,2022-04,Prepaid,0,2022-04,ServicerC,SERVICER_FEED,1
LN0002744,5,2021-03,Closed,0,2021-03,ServicerC,SERVICER_FEED,1
LN0002745,12,2019-03,60DPD,65,2019-03,ServicerB,SERVICER_FEED,1
LN0002746,20,2024-04,30DPD,35,2024-04,ServicerD,SERVICER_FEED,1
LN0002747,1,2020-09,Prepaid,0,2020-09,ServicerD,SERVICER_FEED,1
LN0002748,3,2022-10,Default,120,2022-10,ServicerD,SERVICER_FEED,1
LN0002749,1,2018-07,Closed,0,2018-07,ServicerA,SERVICER_FEED,1
LN0002750,3,2019-02,Current,0,2019-02,ServicerC,SERVICER_FEED,1
LN0002751,2,2022-09,Closed,0,2022-09,ServicerD,SERVICER_FEED,1
LN0002752,3,2019-06,30DPD,35,2019-06,ServicerB,SERVICER_FEED,1
LN0002753,4,2021-01,Current,0,2021-01,ServicerB,SERVICER_FEED,1
LN0002753,39,2023-12,Closed,0,2023-12,ServicerD,SERVICER_FEED,1
LN0002754,18,2022-07,90DPD,95,2022-07,ServicerD,SERVICER_FEED,1
LN0002755,5,2023-02,90DPD,95,2023-02,ServicerA,SERVICER_FEED,1
LN0002756,6,2020-03,Closed,0,2020-03,ServicerA,SERVICER_FEED,1
LN0002757,2,2021-12,30DPD,35,2021-12,ServicerC,SERVICER_FEED,1
LN0002758,13,2022-09,Default,120,2022-09,ServicerC,SERVICER_FEED,1
LN0002759,17,2022-12,Default,120,2022-12,ServicerB,SERVICER_FEED,1
LN0002760,7,2021-03,30DPD,35,2021-03,ServicerB,SERVICER_FEED,1
LN0002761,9,2019-02,Default,120,2019-02,ServicerB,SERVICER_FEED,1
LN0002762,21,2021-02,Closed,0,2021-02,ServicerC,SERVICER_FEED,1
LN0002763,1,2020-11,90DPD,95,2020-11,ServicerD,SERVICER_FEED,1
LN0002764,7,2020-08,Closed,0,2020-08,ServicerA,SERVICER_FEED,1
LN0002764,34,2022-11,60DPD,65,2022-11,ServicerC,SERVICER_FEED,1
LN0002765,16,2020-04,90DPD,95,2020-04,ServicerC,SERVICER_FEED,1
LN0002766,2,2021-08,60DPD,65,2021-08,ServicerD,SERVICER_FEED,1
LN0002767,18,2021-10,Closed,0,2021-10,ServicerB,SERVICER_FEED,1
LN0002768,2,2022-02,60DPD,65,2022-02,ServicerD,SERVICER_FEED,1
LN0002769,8,2021-05,90DPD,95,2021-05,ServicerD,SERVICER_FEED,1
LN0002770,6,2020-05,30DPD,35,2020-05,ServicerD,SERVICER_FEED,1
LN0002771,1,2018-08,90DPD,95,2018-08,ServicerB,SERVICER_FEED,1
LN0002772,14,2019-09,30DPD,35,2019-09,ServicerB,SERVICER_FEED,1
LN0002772,10,2019-05,30DPD,35,2019-05,ServicerD,SERVICER_FEED,1
LN0002773,2,2020-09,Prepaid,0,2020-09,ServicerA,SERVICER_FEED,1
LN0002774,4,2020-02,90DPD,95,2020-02,ServicerA,SERVICER_FEED,1
LN0002775,2,2021-10,Prepaid,0,2021-10,ServicerD,SERVICER_FEED,1
LN0002776,9,2021-11,30DPD,35,2021-11,ServicerD,SERVICER_FEED,1
LN0002777,23,2021-05,Prepaid,0,2021-05,ServicerB,SERVICER_FEED,1
LN0002778,9,2022-07,60DPD,65,2022-07,ServicerB,SERVICER_FEED,1
LN0002779,10,2021-08,90DPD,95,2021-08,ServicerC,SERVICER_FEED,1
LN0002780,3,2022-08,60DPD,65,2022-08,ServicerB,SERVICER_FEED,1
LN0002781,9,2023-07,90DPD,95,2023-07,ServicerC,SERVICER_FEED,1
LN0002782,7,2023-05,Closed,0,2023-05,ServicerA,SERVICER_FEED,1
LN0002783,4,2018-12,Default,120,2018-12,ServicerB,SERVICER_FEED,1
LN0002784,20,2022-04,Prepaid,0,2022-04,ServicerC,SERVICER_FEED,1
LN0002785,1,2018-03,Prepaid,0,2018-03,ServicerA,SERVICER_FEED,1
LN0002786,3,2022-08,Current,0,2022-08,ServicerD,SERVICER_FEED,1
LN0002787,3,2021-10,Default,120,2021-10,ServicerD,SERVICER_FEED,1
LN0002788,6,2019-10,Default,120,2019-10,ServicerD,SERVICER_FEED,1
LN0002789,12,2022-01,Current,0,2022-01,ServicerB,SERVICER_FEED,1
LN0002790,2,2020-12,Default,120,2020-12,ServicerB,SERVICER_FEED,1
LN0002791,28,2023-01,60DPD,65,2023-01,ServicerA,SERVICER_FEED,1
LN0002791,36,2023-09,Default,120,2023-09,ServicerA,SERVICER_FEED,1
LN0002792,1,2020-10,Prepaid,0,2020-10,ServicerD,SERVICER_FEED,1
LN0002793,6,2023-06,60DPD,65,2023-06,ServicerD,SERVICER_FEED,1
LN0002794,4,2022-03,60DPD,65,2022-03,ServicerB,SERVICER_FEED,1
LN0002795,20,2021-09,Closed,0,2021-09,ServicerB,SERVICER_FEED,1
LN0002796,6,2022-05,Closed,0,2022-05,ServicerD,SERVICER_FEED,1
LN0002797,4,2019-01,Default,120,2019-01,ServicerB,SERVICER_FEED,1
LN0002798,1,2019-07,30DPD,35,2019-07,ServicerC,SERVICER_FEED,1
LN0002799,9,2019-05,Closed,0,2019-05,ServicerD,SERVICER_FEED,1
LN0002800,2,2022-08,Default,120,2022-08,ServicerC,SERVICER_FEED,1
LN0002801,13,2019-03,Closed,0,2019-03,ServicerB,SERVICER_FEED,1
LN0002802,19,2024-01,Closed,0,2024-01,ServicerC,SERVICER_FEED,1
LN0002803,11,2023-01,60DPD,65,2023-01,ServicerD,SERVICER_FEED,1
LN0002804,5,2023-02,90DPD,95,2023-02,ServicerA,SERVICER_FEED,1
LN0002805,4,2022-02,30DPD,35,2022-02,ServicerA,SERVICER_FEED,1
LN0002806,4,2020-08,Closed,0,2020-08,ServicerC,SERVICER_FEED,1
LN0002807,8,2022-09,Closed,0,2022-09,ServicerA,SERVICER_FEED,1
LN0002808,4,2023-04,Prepaid,0,2023-04,ServicerC,SERVICER_FEED,1
LN0002809,17,2023-11,Prepaid,0,2023-11,ServicerC,SERVICER_FEED,1
LN0002810,15,2023-03,Prepaid,0,2023-03,ServicerC,SERVICER_FEED,1
LN0002811,8,2022-06,Prepaid,0,2022-06,ServicerA,SERVICER_FEED,1
LN0002812,11,2022-03,Current,0,2022-03,ServicerB,SERVICER_FEED,1
LN0002813,1,2022-07,30DPD,35,2022-07,ServicerC,SERVICER_FEED,1
LN0002814,25,2022-03,Prepaid,0,2022-03,ServicerD,SERVICER_FEED,1
LN0002815,1,2020-08,Closed,0,2020-08,ServicerB,SERVICER_FEED,1
LN0002816,4,2022-07,Closed,0,2022-07,ServicerB,SERVICER_FEED,1
LN0002817,3,2019-07,90DPD,95,2019-07,ServicerB,SERVICER_FEED,1
LN0002818,1,2021-11,90DPD,95,2021-11,ServicerB,SERVICER_FEED,1
LN0002819,4,2018-11,30DPD,35,2018-11,ServicerC,SERVICER_FEED,1
LN0002820,13,2022-01,60DPD,65,2022-01,ServicerD,SERVICER_FEED,1
LN0002821,5,2018-08,90DPD,95,2018-08,ServicerD,SERVICER_FEED,1
LN0002822,5,2023-05,Default,120,2023-05,ServicerB,SERVICER_FEED,1
LN0002823,12,2023-03,Prepaid,0,2023-03,ServicerA,SERVICER_FEED,1
LN0002824,4,2019-08,60DPD,65,2019-08,ServicerA,SERVICER_FEED,1
LN0002825,4,2019-02,60DPD,65,2019-02,ServicerB,SERVICER_FEED,1
LN0002826,10,2022-01,90DPD,95,2022-01,ServicerB,SERVICER_FEED,1
LN0002827,1,2022-08,90DPD,95,2022-08,ServicerB,SERVICER_FEED,1
LN0002828,38,2022-10,Prepaid,0,2022-10,ServicerA,SERVICER_FEED,1
LN0002828,32,2022-04,30DPD,35,2022-04,ServicerA,SERVICER_FEED,1
LN0002829,8,2023-06,60DPD,65,2023-06,ServicerD,SERVICER_FEED,1
LN0002830,13,2021-05,60DPD,65,2021-05,ServicerD,SERVICER_FEED,1
LN0002831,5,2020-08,90DPD,95,2020-08,ServicerA,SERVICER_FEED,1
LN0002832,11,2020-08,Closed,0,2020-08,ServicerC,SERVICER_FEED,1
LN0002833,5,2019-10,90DPD,95,2019-10,ServicerB,SERVICER_FEED,1
LN0002834,7,2020-04,90DPD,95,2020-04,ServicerD,SERVICER_FEED,1
LN0002835,18,2020-05,30DPD,35,2020-05,ServicerA,SERVICER_FEED,1
LN0002836,13,2020-12,Prepaid,0,2020-12,ServicerA,SERVICER_FEED,1
LN0002837,2,2019-08,90DPD,95,2019-08,ServicerA,SERVICER_FEED,1
LN0002838,1,2018-05,Closed,0,2018-05,ServicerD,SERVICER_FEED,1
LN0002839,1,2019-11,90DPD,95,2019-11,ServicerB,SERVICER_FEED,1
LN0002840,3,2018-06,60DPD,65,2018-06,ServicerA,SERVICER_FEED,1
LN0002841,3,2019-02,90DPD,95,2019-02,ServicerA,SERVICER_FEED,1
LN0002842,2,2021-10,Prepaid,0,2021-10,ServicerD,SERVICER_FEED,1
LN0002843,4,2018-06,Prepaid,0,2018-06,ServicerA,SERVICER_FEED,1
LN0002844,6,2020-01,60DPD,65,2020-01,ServicerB,SERVICER_FEED,1
LN0002845,3,2021-09,Default,120,2021-09,ServicerA,SERVICER_FEED,1
LN0002846,7,2018-09,90DPD,95,2018-09,ServicerD,SERVICER_FEED,1
LN0002847,4,2022-01,90DPD,95,2022-01,ServicerB,SERVICER_FEED,1
LN0002848,2,2018-07,Prepaid,0,2018-07,ServicerB,SERVICER_FEED,1
LN0002849,5,2018-09,30DPD,35,2018-09,ServicerA,SERVICER_FEED,1
LN0002850,9,2019-09,Prepaid,0,2019-09,ServicerB,SERVICER_FEED,1
LN0002851,16,2023-08,30DPD,35,2023-08,ServicerA,SERVICER_FEED,1
LN0002852,6,2018-09,Prepaid,0,2018-09,ServicerA,SERVICER_FEED,1
LN0002853,11,2019-05,Prepaid,0,2019-05,ServicerD,SERVICER_FEED,1
LN0002854,5,2023-02,90DPD,95,2023-02,ServicerD,SERVICER_FEED,1
LN0002855,11,2021-12,60DPD,65,2021-12,ServicerA,SERVICER_FEED,1
LN0002856,4,2021-03,30DPD,35,2021-03,ServicerD,SERVICER_FEED,1
LN0002857,7,2018-10,30DPD,35,2018-10,ServicerD,SERVICER_FEED,1
LN0002858,42,2023-06,Closed,0,2023-06,ServicerA,SERVICER_FEED,1
LN0002858,37,2023-01,30DPD,35,2023-01,ServicerA,SERVICER_FEED,1
LN0002859,25,2022-12,30DPD,35,2022-12,ServicerB,SERVICER_FEED,1
LN0002860,4,2020-12,Default,120,2020-12,ServicerD,SERVICER_FEED,1
LN0002861,3,2020-11,Default,120,2020-11,ServicerD,SERVICER_FEED,1
LN0002862,12,2019-07,Default,120,2019-07,ServicerC,SERVICER_FEED,1
LN0002863,15,2024-03,Prepaid,0,2024-03,ServicerD,SERVICER_FEED,1
LN0002864,13,2022-08,Default,120,2022-08,ServicerB,SERVICER_FEED,1
LN0002865,19,2020-10,Current,0,2020-10,ServicerB,SERVICER_FEED,1
LN0002866,6,2023-05,30DPD,35,2023-05,ServicerA,SERVICER_FEED,1
LN0002867,18,2021-01,Current,0,2021-01,ServicerA,SERVICER_FEED,1
LN0002868,11,2019-07,30DPD,35,2019-07,ServicerA,SERVICER_FEED,1
LN0002868,8,2019-04,Prepaid,0,2019-04,ServicerA,SERVICER_FEED,1
LN0002869,7,2023-01,Closed,0,2023-01,ServicerB,SERVICER_FEED,1
LN0002870,7,2019-05,30DPD,35,2019-05,ServicerD,SERVICER_FEED,1
LN0002871,1,2018-05,60DPD,65,2018-05,ServicerA,SERVICER_FEED,1
LN0002872,2,2021-04,Closed,0,2021-04,ServicerC,SERVICER_FEED,1
LN0002873,9,2020-01,90DPD,95,2020-01,ServicerC,SERVICER_FEED,1
LN0002874,12,2019-10,90DPD,95,2019-10,ServicerB,SERVICER_FEED,1
LN0002875,2,2018-09,Default,120,2018-09,ServicerA,SERVICER_FEED,1
LN0002876,1,2018-09,30DPD,35,2018-09,ServicerC,SERVICER_FEED,1
LN0002877,41,2026-03,60DPD,65,2026-03,ServicerD,SERVICER_FEED,1
LN0002877,13,2023-11,Prepaid,0,2023-11,ServicerA,SERVICER_FEED,1
LN0002878,2,2021-07,90DPD,95,2021-07,ServicerA,SERVICER_FEED,1
LN0002879,9,2022-12,30DPD,35,2022-12,ServicerB,SERVICER_FEED,1
LN0002880,4,2021-06,60DPD,65,2021-06,ServicerB,SERVICER_FEED,1
LN0002881,5,2021-02,60DPD,65,2021-02,ServicerC,SERVICER_FEED,1
LN0002882,7,2019-09,Closed,0,2019-09,ServicerD,SERVICER_FEED,1
LN0002883,3,2023-02,60DPD,65,2023-02,ServicerD,SERVICER_FEED,1
LN0002884,1,2022-03,30DPD,35,2022-03,ServicerB,SERVICER_FEED,1
LN0002885,3,2020-11,Default,120,2020-11,ServicerA,SERVICER_FEED,1
LN0002886,6,2019-01,Prepaid,0,2019-01,ServicerD,SERVICER_FEED,1
LN0002887,2,2021-12,Closed,0,2021-12,ServicerB,SERVICER_FEED,1
LN0002888,1,2019-09,Default,120,2019-09,ServicerD,SERVICER_FEED,1
LN0002889,4,2019-05,30DPD,35,2019-05,ServicerC,SERVICER_FEED,1
LN0002890,23,2023-08,Closed,0,2023-08,ServicerD,SERVICER_FEED,1
LN0002891,1,2022-04,60DPD,65,2022-04,ServicerB,SERVICER_FEED,1
LN0002892,4,2021-05,30DPD,35,2021-05,ServicerB,SERVICER_FEED,1
LN0002893,4,2018-09,Default,120,2018-09,ServicerD,SERVICER_FEED,1
LN0002894,6,2021-06,60DPD,65,2021-06,ServicerA,SERVICER_FEED,1
LN0002895,4,2022-12,60DPD,65,2022-12,ServicerB,SERVICER_FEED,1
LN0002896,2,2021-08,Closed,0,2021-08,ServicerA,SERVICER_FEED,1
LN0002897,3,2019-07,Closed,0,2019-07,ServicerC,SERVICER_FEED,1
LN0002898,17,2022-08,Prepaid,0,2022-08,ServicerA,SERVICER_FEED,1
LN0002899,10,2020-01,Default,120,2020-01,ServicerC,SERVICER_FEED,1
LN0002900,11,2023-04,30DPD,35,2023-04,ServicerC,SERVICER_FEED,1
LN0002901,29,2024-08,90DPD,95,2024-08,ServicerB,SERVICER_FEED,1
LN0002901,14,2023-05,30DPD,35,2023-05,ServicerA,SERVICER_FEED,1
LN0002902,4,2021-03,90DPD,95,2021-03,ServicerC,SERVICER_FEED,1
LN0002903,7,2019-04,Default,120,2019-04,ServicerB,SERVICER_FEED,1
LN0002904,5,2020-06,Closed,0,2020-06,ServicerC,SERVICER_FEED,1
LN0002905,25,2020-09,60DPD,65,2020-09,ServicerA,SERVICER_FEED,1
LN0002906,8,2022-06,60DPD,65,2022-06,ServicerD,SERVICER_FEED,1
LN0002907,7,2021-12,60DPD,65,2021-12,ServicerD,SERVICER_FEED,1
LN0002908,11,2020-03,Default,120,2020-03,ServicerD,SERVICER_FEED,1
LN0002908,37,2022-05,90DPD,95,2022-05,ServicerA,SERVICER_FEED,1
LN0002909,1,2022-05,Closed,0,2022-05,ServicerC,SERVICER_FEED,1
LN0002910,7,2022-05,Prepaid,0,2022-05,ServicerD,SERVICER_FEED,1
LN0002911,5,2023-02,90DPD,95,2023-02,ServicerD,SERVICER_FEED,1
LN0002912,9,2020-02,Prepaid,0,2020-02,ServicerC,SERVICER_FEED,1
LN0002913,5,2019-04,60DPD,65,2019-04,ServicerD,SERVICER_FEED,1
LN0002914,4,2020-09,Default,120,2020-09,ServicerC,SERVICER_FEED,1
LN0002915,1,2019-05,Prepaid,0,2019-05,ServicerA,SERVICER_FEED,1
LN0002916,11,2022-08,90DPD,95,2022-08,ServicerD,SERVICER_FEED,1
LN0002917,5,2020-07,Default,120,2020-07,ServicerA,SERVICER_FEED,1
LN0002918,11,2022-01,Closed,0,2022-01,ServicerB,SERVICER_FEED,1
LN0002919,13,2019-12,Prepaid,0,2019-12,ServicerB,SERVICER_FEED,1
LN0002920,1,2018-07,Prepaid,0,2018-07,ServicerC,SERVICER_FEED,1
LN0002921,7,2023-04,Closed,0,2023-04,ServicerA,SERVICER_FEED,1
LN0002922,1,2020-04,30DPD,35,2020-04,ServicerB,SERVICER_FEED,1
LN0002923,8,2019-05,Default,120,2019-05,ServicerB,SERVICER_FEED,1
LN0002924,8,2022-09,30DPD,35,2022-09,ServicerD,SERVICER_FEED,1
LN0002925,9,2019-05,30DPD,35,2019-05,ServicerA,SERVICER_FEED,1
LN0002926,1,2023-01,Prepaid,0,2023-01,ServicerA,SERVICER_FEED,1
LN0002927,9,2020-09,30DPD,35,2020-09,ServicerD,SERVICER_FEED,1
LN0002928,27,2022-08,Prepaid,0,2022-08,ServicerA,SERVICER_FEED,1
LN0002929,2,2019-06,Closed,0,2019-06,ServicerA,SERVICER_FEED,1
LN0002930,2,2018-08,90DPD,95,2018-08,ServicerB,SERVICER_FEED,1
LN0002931,27,2022-04,Closed,0,2022-04,ServicerB,SERVICER_FEED,1
LN0002932,3,2020-01,90DPD,95,2020-01,ServicerD,SERVICER_FEED,1
LN0002933,40,2023-07,Default,120,2023-07,ServicerB,SERVICER_FEED,1
LN0002933,17,2021-08,30DPD,35,2021-08,ServicerD,SERVICER_FEED,1
LN0002934,9,2021-03,Default,120,2021-03,ServicerA,SERVICER_FEED,1
LN0002935,10,2021-12,Current,0,2021-12,ServicerA,SERVICER_FEED,1
LN0002936,7,2018-12,60DPD,65,2018-12,ServicerD,SERVICER_FEED,1
LN0002937,11,2020-09,Prepaid,0,2020-09,ServicerB,SERVICER_FEED,1
LN0002938,36,2025-04,90DPD,95,2025-04,ServicerC,SERVICER_FEED,1
LN0002938,28,2024-08,90DPD,95,2024-08,ServicerA,SERVICER_FEED,1
LN0002939,3,2023-01,30DPD,35,2023-01,ServicerB,SERVICER_FEED,1
LN0002940,13,2021-10,Default,120,2021-10,ServicerB,SERVICER_FEED,1
LN0002941,2,2019-12,60DPD,65,2019-12,ServicerC,SERVICER_FEED,1
LN0002942,9,2020-10,Prepaid,0,2020-10,ServicerC,SERVICER_FEED,1
LN0002943,3,2022-02,60DPD,65,2022-02,ServicerD,SERVICER_FEED,1
LN0002944,4,2020-04,30DPD,35,2020-04,ServicerD,SERVICER_FEED,1
LN0002945,4,2023-01,Closed,0,2023-01,ServicerC,SERVICER_FEED,1
LN0002946,5,2018-07,Prepaid,0,2018-07,ServicerD,SERVICER_FEED,1
LN0002947,10,2021-11,30DPD,35,2021-11,ServicerC,SERVICER_FEED,1
LN0002948,3,2020-11,90DPD,95,2020-11,ServicerC,SERVICER_FEED,1
LN0002949,4,2020-08,Closed,0,2020-08,ServicerD,SERVICER_FEED,1
LN0002950,3,2020-08,60DPD,65,2020-08,ServicerA,SERVICER_FEED,1
LN0002951,6,2019-04,Default,120,2019-04,ServicerC,SERVICER_FEED,1
LN0002952,2,2019-11,60DPD,65,2019-11,ServicerB,SERVICER_FEED,1
LN0002953,3,2020-01,Closed,0,2020-01,ServicerC,SERVICER_FEED,1
LN0002954,2,2021-06,Default,120,2021-06,ServicerA,SERVICER_FEED,1
LN0002955,1,2021-01,60DPD,65,2021-01,ServicerC,SERVICER_FEED,1
LN0002956,3,2020-04,30DPD,35,2020-04,ServicerB,SERVICER_FEED,1
LN0002957,2,2020-10,90DPD,95,2020-10,ServicerC,SERVICER_FEED,1
LN0002958,5,2021-04,Closed,0,2021-04,ServicerA,SERVICER_FEED,1
LN0002959,1,2018-04,90DPD,95,2018-04,ServicerD,SERVICER_FEED,1
LN0002960,7,2023-01,Closed,0,2023-01,ServicerC,SERVICER_FEED,1
LN0002961,2,2022-08,Prepaid,0,2022-08,ServicerC,SERVICER_FEED,1
LN0002962,1,2019-11,60DPD,65,2019-11,ServicerD,SERVICER_FEED,1
LN0002963,24,2023-10,Prepaid,0,2023-10,ServicerB,SERVICER_FEED,1
LN0002964,4,2020-04,Current,0,2020-04,ServicerD,SERVICER_FEED,1
LN0002965,5,2018-10,Default,120,2018-10,ServicerD,SERVICER_FEED,1
LN0002966,4,2022-08,60DPD,65,2022-08,ServicerB,SERVICER_FEED,1
LN0002967,19,2020-12,Current,0,2020-12,ServicerB,SERVICER_FEED,1
LN0002968,4,2020-02,60DPD,65,2020-02,ServicerD,SERVICER_FEED,1
LN0002969,3,2021-02,Closed,0,2021-02,ServicerD,SERVICER_FEED,1
LN0002969,37,2023-12,Default,120,2023-12,ServicerD,SERVICER_FEED,1
LN0002970,1,2020-04,Default,120,2020-04,ServicerC,SERVICER_FEED,1
LN0002971,4,2019-09,Closed,0,2019-09,ServicerA,SERVICER_FEED,1
LN0002972,14,2023-03,Default,120,2023-03,ServicerD,SERVICER_FEED,1
LN0002973,6,2020-04,60DPD,65,2020-04,ServicerB,SERVICER_FEED,1
LN0002974,3,2021-03,Default,120,2021-03,ServicerD,SERVICER_FEED,1
LN0002975,1,2021-05,30DPD,35,2021-05,ServicerC,SERVICER_FEED,1
LN0002976,12,2023-09,Default,120,2023-09,ServicerC,SERVICER_FEED,1
LN0002977,2,2020-07,90DPD,95,2020-07,ServicerB,SERVICER_FEED,1
LN0002978,1,2020-06,Prepaid,0,2020-06,ServicerB,SERVICER_FEED,1
LN0002979,10,2023-05,Closed,0,2023-05,ServicerB,SERVICER_FEED,1
LN0002980,2,2020-07,Default,120,2020-07,ServicerD,SERVICER_FEED,1
LN0002981,24,2021-06,Prepaid,0,2021-06,ServicerC,SERVICER_FEED,1
LN0002981,32,2022-02,60DPD,65,2022-02,ServicerD,SERVICER_FEED,1
LN0002982,15,2019-06,Prepaid,0,2019-06,ServicerA,SERVICER_FEED,1
LN0002983,5,2020-01,30DPD,35,2020-01,ServicerD,SERVICER_FEED,1
LN0002984,3,2019-03,Default,120,2019-03,ServicerA,SERVICER_FEED,1
LN0002985,2,2019-09,Prepaid,0,2019-09,ServicerD,SERVICER_FEED,1
LN0002986,11,2021-08,Default,120,2021-08,ServicerD,SERVICER_FEED,1
LN0002987,5,2021-01,Current,0,2021-01,ServicerB,SERVICER_FEED,1
LN0002988,22,2020-10,Prepaid,0,2020-10,ServicerA,SERVICER_FEED,1
LN0002989,1,2020-05,60DPD,65,2020-05,ServicerC,SERVICER_FEED,1
LN0002990,3,2020-07,60DPD,65,2020-07,ServicerB,SERVICER_FEED,1
LN0002991,11,2019-02,90DPD,95,2019-02,ServicerB,SERVICER_FEED,1
LN0002992,17,2020-11,60DPD,65,2020-11,ServicerB,SERVICER_FEED,1
LN0002993,9,2022-05,90DPD,95,2022-05,ServicerC,SERVICER_FEED,1
LN0002994,12,2019-02,Closed,0,2019-02,ServicerD,SERVICER_FEED,1
LN0002995,4,2019-11,Closed,0,2019-11,ServicerB,SERVICER_FEED,1
LN0002996,4,2020-09,90DPD,95,2020-09,ServicerC,SERVICER_FEED,1
LN0002997,17,2020-03,Current,0,2020-03,ServicerC,SERVICER_FEED,1
LN0002998,6,2021-09,Default,120,2021-09,ServicerD,SERVICER_FEED,1
LN0002999,10,2022-05,30DPD,35,2022-05,ServicerD,SERVICER_FEED,1
LN0003000,2,2019-11,30DPD,35,2019-11,ServicerA,SERVICER_FEED,1
LN0003001,1,2019-03,60DPD,65,2019-03,ServicerD,SERVICER_FEED,1
LN0003002,1,2021-12,Prepaid,0,2021-12,ServicerA,SERVICER_FEED,1
LN0003003,3,2019-04,Prepaid,0,2019-04,ServicerB,SERVICER_FEED,1
LN0003004,8,2019-05,Default,120,2019-05,ServicerD,SERVICER_FEED,1
LN0003005,2,2018-05,30DPD,35,2018-05,ServicerB,SERVICER_FEED,1
LN0003006,1,2018-07,90DPD,95,2018-07,ServicerD,SERVICER_FEED,1
LN0003007,12,2023-05,30DPD,35,2023-05,ServicerA,SERVICER_FEED,1
LN0003008,2,2022-11,Default,120,2022-11,ServicerC,SERVICER_FEED,1
LN0003009,7,2021-04,Current,0,2021-04,ServicerD,SERVICER_FEED,1
LN0003010,15,2023-11,30DPD,35,2023-11,ServicerA,SERVICER_FEED,1
LN0003011,5,2021-12,Current,0,2021-12,ServicerD,SERVICER_FEED,1
LN0003012,18,2021-07,Current,0,2021-07,ServicerA,SERVICER_FEED,1
LN0003013,5,2021-12,Prepaid,0,2021-12,ServicerB,SERVICER_FEED,1
LN0003014,7,2020-09,Closed,0,2020-09,ServicerB,SERVICER_FEED,1
LN0003015,5,2023-03,90DPD,95,2023-03,ServicerD,SERVICER_FEED,1
LN0003016,3,2022-07,30DPD,35,2022-07,ServicerA,SERVICER_FEED,1
LN0003017,3,2022-06,Current,0,2022-06,ServicerA,SERVICER_FEED,1
LN0003018,3,2020-11,30DPD,35,2020-11,ServicerC,SERVICER_FEED,1
LN0003019,6,2021-02,Prepaid,0,2021-02,ServicerD,SERVICER_FEED,1
LN0003020,3,2018-11,60DPD,65,2018-11,ServicerD,SERVICER_FEED,1
LN0003021,3,2021-07,Closed,0,2021-07,ServicerD,SERVICER_FEED,1
LN0003022,13,2019-08,90DPD,95,2019-08,ServicerC,SERVICER_FEED,1
LN0003023,2,2020-11,30DPD,35,2020-11,ServicerC,SERVICER_FEED,1
LN0003024,9,2019-05,60DPD,65,2019-05,ServicerA,SERVICER_FEED,1
LN0003024,1,2018-09,60DPD,65,2018-09,ServicerA,SERVICER_FEED,1
LN0003025,9,2021-02,60DPD,65,2021-02,ServicerB,SERVICER_FEED,1
LN0003026,7,2022-06,Prepaid,0,2022-06,ServicerB,SERVICER_FEED,1
LN0003027,16,2020-11,Default,120,2020-11,ServicerB,SERVICER_FEED,1
LN0003028,10,2021-11,60DPD,65,2021-11,ServicerA,SERVICER_FEED,1
LN0003029,7,2019-11,60DPD,65,2019-11,ServicerA,SERVICER_FEED,1
LN0003030,9,2020-04,30DPD,35,2020-04,ServicerC,SERVICER_FEED,1
LN0003031,1,2018-12,Prepaid,0,2018-12,ServicerC,SERVICER_FEED,1
LN0003032,9,2019-07,Current,0,2019-07,ServicerB,SERVICER_FEED,1
LN0003033,1,2019-12,Default,120,2019-12,ServicerD,SERVICER_FEED,1
LN0003034,4,2018-12,30DPD,35,2018-12,ServicerA,SERVICER_FEED,1
LN0003035,39,2025-09,Closed,0,2025-09,ServicerB,SERVICER_FEED,1
LN0003035,32,2025-02,90DPD,95,2025-02,ServicerB,SERVICER_FEED,1
LN0003036,7,2022-04,30DPD,35,2022-04,ServicerD,SERVICER_FEED,1
LN0003037,19,2020-09,30DPD,35,2020-09,ServicerB,SERVICER_FEED,1
LN0003038,5,2022-11,60DPD,65,2022-11,ServicerD,SERVICER_FEED,1
LN0003039,10,2020-08,Default,120,2020-08,ServicerD,SERVICER_FEED,1
LN0003040,4,2020-12,Closed,0,2020-12,ServicerD,SERVICER_FEED,1
LN0003041,1,2021-07,60DPD,65,2021-07,ServicerC,SERVICER_FEED,1
LN0003042,9,2022-08,60DPD,65,2022-08,ServicerD,SERVICER_FEED,1
LN0003043,12,2019-01,Default,120,2019-01,ServicerB,SERVICER_FEED,1
LN0003044,9,2020-03,Default,120,2020-03,ServicerA,SERVICER_FEED,1
LN0003045,3,2019-12,Default,120,2019-12,ServicerD,SERVICER_FEED,1
LN0003046,11,2021-11,Default,120,2021-11,ServicerC,SERVICER_FEED,1
LN0003047,13,2023-06,Default,120,2023-06,ServicerB,SERVICER_FEED,1
LN0003048,2,2020-05,Closed,0,2020-05,ServicerC,SERVICER_FEED,1
LN0003049,1,2020-05,Default,120,2020-05,ServicerA,SERVICER_FEED,1
LN0003050,8,2019-02,Prepaid,0,2019-02,ServicerB,SERVICER_FEED,1
LN0003051,15,2021-11,30DPD,35,2021-11,ServicerB,SERVICER_FEED,1
LN0003052,22,2022-04,Closed,0,2022-04,ServicerA,SERVICER_FEED,1
LN0003053,2,2021-05,60DPD,65,2021-05,ServicerC,SERVICER_FEED,1
LN0003054,5,2022-08,60DPD,65,2022-08,ServicerC,SERVICER_FEED,1
LN0003055,14,2022-01,60DPD,65,2022-01,ServicerD,SERVICER_FEED,1
LN0003056,4,2018-08,30DPD,35,2018-08,ServicerA,SERVICER_FEED,1
LN0003057,15,2023-04,Closed,0,2023-04,ServicerB,SERVICER_FEED,1
LN0003058,4,2020-09,Closed,0,2020-09,ServicerB,SERVICER_FEED,1
LN0003059,15,2021-09,90DPD,95,2021-09,ServicerB,SERVICER_FEED,1
LN0003059,6,2020-12,Default,120,2020-12,ServicerD,SERVICER_FEED,1
LN0003060,11,2023-04,Closed,0,2023-04,ServicerA,SERVICER_FEED,1
LN0003061,30,2023-06,90DPD,95,2023-06,ServicerA,SERVICER_FEED,1
LN0003061,38,2024-02,Prepaid,0,2024-02,ServicerA,SERVICER_FEED,1
LN0003062,16,2023-04,Default,120,2023-04,ServicerD,SERVICER_FEED,1
LN0003063,25,2024-06,Closed,0,2024-06,ServicerB,SERVICER_FEED,1
LN0003064,9,2021-03,Default,120,2021-03,ServicerA,SERVICER_FEED,1
LN0003065,1,2022-12,60DPD,65,2022-12,ServicerA,SERVICER_FEED,1
LN0003066,1,2018-12,90DPD,95,2018-12,ServicerB,SERVICER_FEED,1
LN0003067,7,2022-12,60DPD,65,2022-12,ServicerC,SERVICER_FEED,1
LN0003068,4,2022-07,90DPD,95,2022-07,ServicerC,SERVICER_FEED,1
LN0003069,1,2018-08,30DPD,35,2018-08,ServicerB,SERVICER_FEED,1
LN0003070,3,2019-01,Default,120,2019-01,ServicerD,SERVICER_FEED,1
LN0003071,17,2019-08,60DPD,65,2019-08,ServicerB,SERVICER_FEED,1
LN0003072,28,2021-09,Closed,0,2021-09,ServicerB,SERVICER_FEED,1
LN0003073,2,2023-02,60DPD,65,2023-02,ServicerB,SERVICER_FEED,1
LN0003074,4,2018-12,90DPD,95,2018-12,ServicerD,SERVICER_FEED,1
LN0003075,3,2018-06,90DPD,95,2018-06,ServicerA,SERVICER_FEED,1
LN0003076,5,2020-09,60DPD,65,2020-09,ServicerD,SERVICER_FEED,1
LN0003077,5,2020-03,60DPD,65,2020-03,ServicerB,SERVICER_FEED,1
LN0003078,4,2021-06,Prepaid,0,2021-06,ServicerC,SERVICER_FEED,1
LN0003079,16,2022-05,30DPD,35,2022-05,ServicerC,SERVICER_FEED,1
LN0003080,4,2022-06,Closed,0,2022-06,ServicerD,SERVICER_FEED,1
LN0003081,35,2022-12,Prepaid,0,2022-12,ServicerB,SERVICER_FEED,1
LN0003081,24,2022-01,60DPD,65,2022-01,ServicerB,SERVICER_FEED,1
LN0003082,25,2022-05,Default,120,2022-05,ServicerA,SERVICER_FEED,1
LN0003083,22,2019-12,Default,120,2019-12,ServicerB,SERVICER_FEED,1
LN0003084,10,2023-09,Prepaid,0,2023-09,ServicerD,SERVICER_FEED,1
LN0003085,3,2019-04,60DPD,65,2019-04,ServicerC,SERVICER_FEED,1
LN0003086,3,2021-03,60DPD,65,2021-03,ServicerC,SERVICER_FEED,1
LN0003086,30,2023-06,30DPD,35,2023-06,ServicerB,SERVICER_FEED,1
LN0003087,6,2022-11,Closed,0,2022-11,ServicerA,SERVICER_FEED,1
LN0003088,20,2022-09,90DPD,95,2022-09,ServicerC,SERVICER_FEED,1
LN0003089,20,2022-10,Prepaid,0,2022-10,ServicerB,SERVICER_FEED,1
LN0003090,1,2018-12,60DPD,65,2018-12,ServicerD,SERVICER_FEED,1
LN0003091,7,2022-02,Prepaid,0,2022-02,ServicerD,SERVICER_FEED,1
LN0003092,3,2019-03,90DPD,95,2019-03,ServicerA,SERVICER_FEED,1
LN0003093,3,2021-09,90DPD,95,2021-09,ServicerD,SERVICER_FEED,1
LN0003094,6,2021-05,60DPD,65,2021-05,ServicerB,SERVICER_FEED,1
LN0003095,3,2020-09,Default,120,2020-09,ServicerB,SERVICER_FEED,1
LN0003096,26,2023-10,Current,0,2023-10,ServicerD,SERVICER_FEED,1
LN0003097,13,2022-09,Closed,0,2022-09,ServicerB,SERVICER_FEED,1
LN0003098,6,2019-07,Closed,0,2019-07,ServicerC,SERVICER_FEED,1
LN0003099,4,2020-03,30DPD,35,2020-03,ServicerD,SERVICER_FEED,1
LN0003100,4,2020-10,60DPD,65,2020-10,ServicerD,SERVICER_FEED,1
LN0003101,3,2019-01,Default,120,2019-01,ServicerB,SERVICER_FEED,1
LN0003102,4,2020-02,Current,0,2020-02,ServicerD,SERVICER_FEED,1
LN0003103,19,2019-10,30DPD,35,2019-10,ServicerB,SERVICER_FEED,1
LN0003104,9,2020-12,Default,120,2020-12,ServicerB,SERVICER_FEED,1
LN0003105,3,2019-04,Default,120,2019-04,ServicerD,SERVICER_FEED,1
LN0003106,8,2019-10,Prepaid,0,2019-10,ServicerD,SERVICER_FEED,1
LN0003107,3,2022-05,Default,120,2022-05,ServicerA,SERVICER_FEED,1
LN0003108,1,2018-10,Closed,0,2018-10,ServicerD,SERVICER_FEED,1
LN0003109,10,2019-06,Prepaid,0,2019-06,ServicerA,SERVICER_FEED,1
LN0003110,12,2020-08,Closed,0,2020-08,ServicerB,SERVICER_FEED,1
LN0003111,10,2018-12,30DPD,35,2018-12,ServicerB,SERVICER_FEED,1
LN0003112,8,2023-01,Default,120,2023-01,ServicerC,SERVICER_FEED,1
LN0003113,4,2023-04,Prepaid,0,2023-04,ServicerD,SERVICER_FEED,1
LN0003114,3,2022-04,Prepaid,0,2022-04,ServicerD,SERVICER_FEED,1
LN0003115,3,2022-03,60DPD,65,2022-03,ServicerC,SERVICER_FEED,1
LN0003116,6,2019-01,30DPD,35,2019-01,ServicerA,SERVICER_FEED,1
LN0003117,10,2021-08,90DPD,95,2021-08,ServicerA,SERVICER_FEED,1
LN0003118,8,2019-02,30DPD,35,2019-02,ServicerC,SERVICER_FEED,1
LN0003119,4,2019-11,90DPD,95,2019-11,ServicerC,SERVICER_FEED,1
LN0003120,3,2020-09,Current,0,2020-09,ServicerC,SERVICER_FEED,1
LN0003121,18,2022-11,60DPD,65,2022-11,ServicerC,SERVICER_FEED,1
LN0003122,12,2020-05,Closed,0,2020-05,ServicerC,SERVICER_FEED,1
LN0003123,7,2019-11,Closed,0,2019-11,ServicerB,SERVICER_FEED,1
LN0003124,6,2022-08,Default,120,2022-08,ServicerC,SERVICER_FEED,1
LN0003125,8,2019-10,90DPD,95,2019-10,ServicerD,SERVICER_FEED,1
LN0003126,12,2021-06,Closed,0,2021-06,ServicerD,SERVICER_FEED,1
LN0003126,29,2022-11,90DPD,95,2022-11,ServicerB,SERVICER_FEED,1
LN0003127,17,2020-11,60DPD,65,2020-11,ServicerC,SERVICER_FEED,1
LN0003128,2,2022-06,60DPD,65,2022-06,ServicerC,SERVICER_FEED,1
LN0003129,2,2020-11,90DPD,95,2020-11,ServicerC,SERVICER_FEED,1
LN0003130,7,2019-02,90DPD,95,2019-02,ServicerD,SERVICER_FEED,1
LN0003131,4,2019-01,30DPD,35,2019-01,ServicerC,SERVICER_FEED,1
LN0003132,2,2023-01,90DPD,95,2023-01,ServicerA,SERVICER_FEED,1
LN0003133,2,2022-11,30DPD,35,2022-11,ServicerD,SERVICER_FEED,1
LN0003134,8,2022-06,30DPD,35,2022-06,ServicerA,SERVICER_FEED,1
LN0003135,2,2018-07,Prepaid,0,2018-07,ServicerC,SERVICER_FEED,1
LN0003136,7,2022-03,30DPD,35,2022-03,ServicerD,SERVICER_FEED,1
LN0003137,38,2024-06,Default,120,2024-06,ServicerB,SERVICER_FEED,1
LN0003137,19,2022-11,Prepaid,0,2022-11,ServicerD,SERVICER_FEED,1
LN0003138,36,2025-09,Default,120,2025-09,ServicerD,SERVICER_FEED,1
LN0003138,39,2025-12,Default,120,2025-12,ServicerD,SERVICER_FEED,1
LN0003139,5,2020-11,30DPD,35,2020-11,ServicerB,SERVICER_FEED,1
LN0003140,21,2022-02,90DPD,95,2022-02,ServicerC,SERVICER_FEED,1
LN0003140,14,2021-07,Closed,0,2021-07,ServicerA,SERVICER_FEED,1
LN0003141,9,2021-11,Closed,0,2021-11,ServicerD,SERVICER_FEED,1
LN0003142,22,2020-07,90DPD,95,2020-07,ServicerA,SERVICER_FEED,1
LN0003143,4,2022-01,Closed,0,2022-01,ServicerC,SERVICER_FEED,1
LN0003144,2,2020-08,30DPD,35,2020-08,ServicerB,SERVICER_FEED,1
LN0003145,4,2019-04,Default,120,2019-04,ServicerD,SERVICER_FEED,1
LN0003146,4,2022-05,30DPD,35,2022-05,ServicerD,SERVICER_FEED,1
LN0003146,27,2024-04,Closed,0,2024-04,ServicerC,SERVICER_FEED,1
LN0003147,2,2019-06,30DPD,35,2019-06,ServicerB,SERVICER_FEED,1
LN0003148,9,2023-01,30DPD,35,2023-01,ServicerC,SERVICER_FEED,1
LN0003149,1,2019-06,90DPD,95,2019-06,ServicerC,SERVICER_FEED,1
LN0003150,4,2020-10,90DPD,95,2020-10,ServicerB,SERVICER_FEED,1
LN0003151,6,2020-09,90DPD,95,2020-09,ServicerB,SERVICER_FEED,1
LN0003152,9,2022-05,60DPD,65,2022-05,ServicerB,SERVICER_FEED,1
LN0003153,16,2020-04,60DPD,65,2020-04,ServicerD,SERVICER_FEED,1
LN0003154,7,2019-10,60DPD,65,2019-10,ServicerB,SERVICER_FEED,1
LN0003155,2,2019-02,90DPD,95,2019-02,ServicerC,SERVICER_FEED,1
LN0003156,5,2019-07,Closed,0,2019-07,ServicerC,SERVICER_FEED,1
LN0003157,5,2020-09,30DPD,35,2020-09,ServicerD,SERVICER_FEED,1
LN0003158,4,2021-04,Prepaid,0,2021-04,ServicerD,SERVICER_FEED,1
LN0003159,2,2022-06,30DPD,35,2022-06,ServicerB,SERVICER_FEED,1
LN0003160,15,2021-05,Prepaid,0,2021-05,ServicerD,SERVICER_FEED,1
LN0003161,3,2020-04,30DPD,35,2020-04,ServicerB,SERVICER_FEED,1
LN0003162,4,2019-02,Prepaid,0,2019-02,ServicerD,SERVICER_FEED,1
LN0003163,2,2018-08,Prepaid,0,2018-08,ServicerB,SERVICER_FEED,1
LN0003164,5,2022-03,90DPD,95,2022-03,ServicerB,SERVICER_FEED,1
LN0003165,3,2021-05,90DPD,95,2021-05,ServicerB,SERVICER_FEED,1
LN0003166,6,2021-02,90DPD,95,2021-02,ServicerA,SERVICER_FEED,1
LN0003167,15,2021-06,60DPD,65,2021-06,ServicerC,SERVICER_FEED,1
LN0003168,7,2021-03,Closed,0,2021-03,ServicerA,SERVICER_FEED,1
LN0003169,20,2023-11,Closed,0,2023-11,ServicerC,SERVICER_FEED,1
LN0003170,7,2019-07,Closed,0,2019-07,ServicerA,SERVICER_FEED,1
LN0003170,30,2021-06,Prepaid,0,2021-06,ServicerC,SERVICER_FEED,1
LN0003171,3,2020-09,30DPD,35,2020-09,ServicerA,SERVICER_FEED,1
LN0003172,8,2019-11,90DPD,95,2019-11,ServicerD,SERVICER_FEED,1
LN0003173,4,2018-11,90DPD,95,2018-11,ServicerD,SERVICER_FEED,1
LN0003174,23,2023-05,Current,0,2023-05,ServicerC,SERVICER_FEED,1
LN0003175,1,2021-08,Closed,0,2021-08,ServicerD,SERVICER_FEED,1
LN0003176,12,2023-04,60DPD,65,2023-04,ServicerA,SERVICER_FEED,1
LN0003177,1,2018-03,30DPD,35,2018-03,ServicerA,SERVICER_FEED,1
LN0003178,14,2020-01,90DPD,95,2020-01,ServicerB,SERVICER_FEED,1
LN0003179,21,2022-08,Prepaid,0,2022-08,ServicerA,SERVICER_FEED,1
LN0003180,2,2022-03,Prepaid,0,2022-03,ServicerB,SERVICER_FEED,1
LN0003181,5,2023-02,30DPD,35,2023-02,ServicerA,SERVICER_FEED,1
LN0003182,4,2022-04,90DPD,95,2022-04,ServicerB,SERVICER_FEED,1
LN0003183,31,2025-02,Default,120,2025-02,ServicerB,SERVICER_FEED,1
LN0003184,10,2022-11,90DPD,95,2022-11,ServicerB,SERVICER_FEED,1
LN0003185,1,2019-08,Prepaid,0,2019-08,ServicerC,SERVICER_FEED,1
LN0003186,2,2021-01,Default,120,2021-01,ServicerA,SERVICER_FEED,1
LN0003187,5,2021-08,Closed,0,2021-08,ServicerB,SERVICER_FEED,1
LN0003188,10,2020-08,Default,120,2020-08,ServicerA,SERVICER_FEED,1
LN0003189,8,2023-02,90DPD,95,2023-02,ServicerA,SERVICER_FEED,1
LN0003190,2,2022-01,Prepaid,0,2022-01,ServicerA,SERVICER_FEED,1
LN0003191,16,2021-12,Prepaid,0,2021-12,ServicerB,SERVICER_FEED,1
LN0003191,31,2023-03,Closed,0,2023-03,ServicerB,SERVICER_FEED,1
LN0003192,12,2021-05,Current,0,2021-05,ServicerA,SERVICER_FEED,1
LN0003193,37,2025-01,Default,120,2025-01,ServicerB,SERVICER_FEED,1
LN0003193,18,2023-06,Default,120,2023-06,ServicerD,SERVICER_FEED,1
LN0003194,6,2019-08,Prepaid,0,2019-08,ServicerD,SERVICER_FEED,1
LN0003195,1,2019-03,30DPD,35,2019-03,ServicerB,SERVICER_FEED,1
LN0003196,1,2020-02,90DPD,95,2020-02,ServicerB,SERVICER_FEED,1
LN0003197,14,2019-10,Closed,0,2019-10,ServicerA,SERVICER_FEED,1
LN0003197,24,2020-08,90DPD,95,2020-08,ServicerC,SERVICER_FEED,1
LN0003198,4,2020-08,Default,120,2020-08,ServicerD,SERVICER_FEED,1
LN0003199,15,2021-05,60DPD,65,2021-05,ServicerB,SERVICER_FEED,1
LN0003200,5,2020-12,90DPD,95,2020-12,ServicerC,SERVICER_FEED,1
LN0003201,6,2020-10,90DPD,95,2020-10,ServicerB,SERVICER_FEED,1
LN0003202,19,2024-01,Prepaid,0,2024-01,ServicerB,SERVICER_FEED,1
LN0003203,4,2019-09,90DPD,95,2019-09,ServicerD,SERVICER_FEED,1
LN0003204,2,2020-03,30DPD,35,2020-03,ServicerB,SERVICER_FEED,1
LN0003205,8,2022-05,Closed,0,2022-05,ServicerB,SERVICER_FEED,1
LN0003206,4,2019-10,Closed,0,2019-10,ServicerD,SERVICER_FEED,1
LN0003207,2,2021-06,30DPD,35,2021-06,ServicerB,SERVICER_FEED,1
LN0003208,13,2023-11,90DPD,95,2023-11,ServicerC,SERVICER_FEED,1
LN0003209,4,2020-03,30DPD,35,2020-03,ServicerB,SERVICER_FEED,1
LN0003210,6,2019-09,90DPD,95,2019-09,ServicerC,SERVICER_FEED,1
LN0003211,2,2019-02,Closed,0,2019-02,ServicerC,SERVICER_FEED,1
LN0003212,10,2018-11,Closed,0,2018-11,ServicerD,SERVICER_FEED,1
LN0003213,2,2019-08,Default,120,2019-08,ServicerA,SERVICER_FEED,1
LN0003214,36,2025-03,30DPD,35,2025-03,ServicerB,SERVICER_FEED,1
LN0003214,25,2024-04,Prepaid,0,2024-04,ServicerB,SERVICER_FEED,1
LN0003215,8,2019-12,30DPD,35,2019-12,ServicerD,SERVICER_FEED,1
LN0003216,27,2025-01,60DPD,65,2025-01,ServicerD,SERVICER_FEED,1
LN0003216,26,2024-12,Closed,0,2024-12,ServicerD,SERVICER_FEED,1
LN0003217,4,2023-02,30DPD,35,2023-02,ServicerC,SERVICER_FEED,1
LN0003218,8,2022-01,Closed,0,2022-01,ServicerA,SERVICER_FEED,1
LN0003219,1,2022-12,Default,120,2022-12,ServicerB,SERVICER_FEED,1
LN0003220,4,2020-05,Prepaid,0,2020-05,ServicerA,SERVICER_FEED,1
LN0003220,18,2021-07,Closed,0,2021-07,ServicerB,SERVICER_FEED,1
LN0003221,9,2023-07,Default,120,2023-07,ServicerD,SERVICER_FEED,1
LN0003222,5,2021-02,30DPD,35,2021-02,ServicerD,SERVICER_FEED,1
LN0003223,5,2018-10,30DPD,35,2018-10,ServicerC,SERVICER_FEED,1
LN0003224,11,2023-01,Current,0,2023-01,ServicerB,SERVICER_FEED,1
LN0003225,10,2023-08,Default,120,2023-08,ServicerD,SERVICER_FEED,1
LN0003226,2,2022-08,Prepaid,0,2022-08,ServicerC,SERVICER_FEED,1
LN0003227,1,2020-02,Closed,0,2020-02,ServicerB,SERVICER_FEED,1
LN0003228,8,2019-03,Closed,0,2019-03,ServicerA,SERVICER_FEED,1
LN0003229,8,2021-08,Prepaid,0,2021-08,ServicerD,SERVICER_FEED,1
LN0003230,3,2022-08,30DPD,35,2022-08,ServicerA,SERVICER_FEED,1
LN0003231,2,2022-05,60DPD,65,2022-05,ServicerB,SERVICER_FEED,1
LN0003232,5,2021-06,Default,120,2021-06,ServicerC,SERVICER_FEED,1
LN0003233,4,2022-04,90DPD,95,2022-04,ServicerA,SERVICER_FEED,1
LN0003234,32,2020-10,90DPD,95,2020-10,ServicerB,SERVICER_FEED,1
LN0003234,15,2019-05,30DPD,35,2019-05,ServicerB,SERVICER_FEED,1
LN0003235,14,2022-04,Current,0,2022-04,ServicerB,SERVICER_FEED,1
LN0003236,4,2018-11,Default,120,2018-11,ServicerB,SERVICER_FEED,1
LN0003237,4,2022-01,90DPD,95,2022-01,ServicerB,SERVICER_FEED,1
LN0003238,14,2019-05,60DPD,65,2019-05,ServicerC,SERVICER_FEED,1
LN0003239,5,2021-05,90DPD,95,2021-05,ServicerB,SERVICER_FEED,1
LN0003240,1,2022-10,90DPD,95,2022-10,ServicerA,SERVICER_FEED,1
LN0003241,5,2018-12,Closed,0,2018-12,ServicerA,SERVICER_FEED,1
LN0003242,13,2021-03,Default,120,2021-03,ServicerB,SERVICER_FEED,1
LN0003243,6,2018-09,60DPD,65,2018-09,ServicerD,SERVICER_FEED,1
LN0003244,1,2021-08,Default,120,2021-08,ServicerD,SERVICER_FEED,1
LN0003245,11,2023-07,Prepaid,0,2023-07,ServicerB,SERVICER_FEED,1
LN0003246,18,2019-07,Default,120,2019-07,ServicerD,SERVICER_FEED,1
LN0003247,25,2022-10,60DPD,65,2022-10,ServicerB,SERVICER_FEED,1
LN0003248,18,2023-06,Closed,0,2023-06,ServicerB,SERVICER_FEED,1
LN0003249,2,2018-04,Prepaid,0,2018-04,ServicerC,SERVICER_FEED,1
LN0003250,6,2020-11,Closed,0,2020-11,ServicerC,SERVICER_FEED,1
LN0003251,3,2018-11,Closed,0,2018-11,ServicerD,SERVICER_FEED,1
LN0003252,4,2022-12,Default,120,2022-12,ServicerB,SERVICER_FEED,1
LN0003253,12,2021-07,60DPD,65,2021-07,ServicerB,SERVICER_FEED,1
LN0003254,8,2021-04,30DPD,35,2021-04,ServicerD,SERVICER_FEED,1
LN0003255,3,2023-03,90DPD,95,2023-03,ServicerD,SERVICER_FEED,1
LN0003256,1,2022-01,60DPD,65,2022-01,ServicerC,SERVICER_FEED,1
LN0003257,2,2019-09,Default,120,2019-09,ServicerA,SERVICER_FEED,1
LN0003258,3,2021-05,60DPD,65,2021-05,ServicerB,SERVICER_FEED,1
LN0003259,21,2021-03,Default,120,2021-03,ServicerD,SERVICER_FEED,1
LN0003259,15,2020-09,Default,120,2020-09,ServicerA,SERVICER_FEED,1
LN0003260,14,2021-10,Prepaid,0,2021-10,ServicerB,SERVICER_FEED,1
LN0003261,9,2022-10,Prepaid,0,2022-10,ServicerB,SERVICER_FEED,1
LN0003262,1,2022-10,30DPD,35,2022-10,ServicerB,SERVICER_FEED,1
LN0003263,2,2022-12,60DPD,65,2022-12,ServicerB,SERVICER_FEED,1
LN0003264,11,2021-05,Prepaid,0,2021-05,ServicerD,SERVICER_FEED,1
LN0003265,9,2023-03,Closed,0,2023-03,ServicerA,SERVICER_FEED,1
LN0003265,20,2024-02,90DPD,95,2024-02,ServicerA,SERVICER_FEED,1
LN0003266,10,2023-04,Default,120,2023-04,ServicerB,SERVICER_FEED,1
LN0003267,21,2022-06,90DPD,95,2022-06,ServicerD,SERVICER_FEED,1
LN0003268,3,2018-06,90DPD,95,2018-06,ServicerD,SERVICER_FEED,1
LN0003269,4,2018-12,Closed,0,2018-12,ServicerA,SERVICER_FEED,1
LN0003270,11,2022-03,Closed,0,2022-03,ServicerC,SERVICER_FEED,1
LN0003271,23,2024-01,Default,120,2024-01,ServicerD,SERVICER_FEED,1
LN0003272,3,2022-10,Default,120,2022-10,ServicerA,SERVICER_FEED,1
LN0003273,3,2019-06,90DPD,95,2019-06,ServicerC,SERVICER_FEED,1
LN0003274,1,2022-07,60DPD,65,2022-07,ServicerB,SERVICER_FEED,1
LN0003275,2,2022-04,30DPD,35,2022-04,ServicerD,SERVICER_FEED,1
LN0003276,3,2020-09,Prepaid,0,2020-09,ServicerB,SERVICER_FEED,1
LN0003277,3,2020-02,Closed,0,2020-02,ServicerC,SERVICER_FEED,1
LN0003278,22,2022-03,90DPD,95,2022-03,ServicerA,SERVICER_FEED,1
LN0003279,19,2022-12,Closed,0,2022-12,ServicerD,SERVICER_FEED,1
LN0003279,37,2024-06,Default,120,2024-06,ServicerB,SERVICER_FEED,1
LN0003280,7,2022-08,60DPD,65,2022-08,ServicerC,SERVICER_FEED,1
LN0003281,2,2019-01,90DPD,95,2019-01,ServicerC,SERVICER_FEED,1
LN0003282,31,2022-04,90DPD,95,2022-04,ServicerB,SERVICER_FEED,1
LN0003283,22,2020-06,60DPD,65,2020-06,ServicerC,SERVICER_FEED,1
LN0003283,32,2021-04,Default,120,2021-04,ServicerA,SERVICER_FEED,1
LN0003284,5,2023-02,Closed,0,2023-02,ServicerA,SERVICER_FEED,1
LN0003285,4,2020-05,Default,120,2020-05,ServicerC,SERVICER_FEED,1
LN0003286,15,2020-07,30DPD,35,2020-07,ServicerB,SERVICER_FEED,1
LN0003287,5,2019-06,Prepaid,0,2019-06,ServicerA,SERVICER_FEED,1
LN0003288,8,2019-01,Default,120,2019-01,ServicerB,SERVICER_FEED,1
LN0003289,21,2022-02,30DPD,35,2022-02,ServicerD,SERVICER_FEED,1
LN0003290,1,2021-12,Default,120,2021-12,ServicerB,SERVICER_FEED,1
LN0003291,4,2019-12,Default,120,2019-12,ServicerB,SERVICER_FEED,1
LN0003292,4,2020-05,Prepaid,0,2020-05,ServicerD,SERVICER_FEED,1
LN0003293,11,2022-02,60DPD,65,2022-02,ServicerC,SERVICER_FEED,1
LN0003294,3,2020-01,30DPD,35,2020-01,ServicerA,SERVICER_FEED,1
LN0003295,5,2022-02,90DPD,95,2022-02,ServicerC,SERVICER_FEED,1
LN0003296,16,2020-12,Prepaid,0,2020-12,ServicerB,SERVICER_FEED,1
LN0003297,11,2021-02,Current,0,2021-02,ServicerD,SERVICER_FEED,1
LN0003298,7,2023-06,Prepaid,0,2023-06,ServicerC,SERVICER_FEED,1
LN0003299,6,2022-09,Closed,0,2022-09,ServicerB,SERVICER_FEED,1
LN0003300,7,2021-06,Closed,0,2021-06,ServicerA,SERVICER_FEED,1
LN0003301,2,2020-02,Current,0,2020-02,ServicerB,SERVICER_FEED,1
LN0003302,2,2023-02,Closed,0,2023-02,ServicerC,SERVICER_FEED,1
LN0003303,2,2020-06,Closed,0,2020-06,ServicerA,SERVICER_FEED,1
LN0003304,8,2020-05,30DPD,35,2020-05,ServicerA,SERVICER_FEED,1
LN0003305,5,2021-05,30DPD,35,2021-05,ServicerC,SERVICER_FEED,1
LN0003306,11,2020-12,Prepaid,0,2020-12,ServicerD,SERVICER_FEED,1
LN0003307,4,2022-10,Prepaid,0,2022-10,ServicerA,SERVICER_FEED,1
LN0003308,4,2019-05,30DPD,35,2019-05,ServicerA,SERVICER_FEED,1
LN0003309,25,2020-05,Closed,0,2020-05,ServicerC,SERVICER_FEED,1
LN0003310,4,2020-06,90DPD,95,2020-06,ServicerC,SERVICER_FEED,1
LN0003311,17,2024-02,30DPD,35,2024-02,ServicerC,SERVICER_FEED,1
LN0003312,5,2018-09,Closed,0,2018-09,ServicerD,SERVICER_FEED,1
LN0003313,20,2023-09,Closed,0,2023-09,ServicerC,SERVICER_FEED,1
LN0003314,9,2018-10,Prepaid,0,2018-10,ServicerB,SERVICER_FEED,1
LN0003315,6,2021-04,Current,0,2021-04,ServicerC,SERVICER_FEED,1
LN0003316,14,2021-06,Prepaid,0,2021-06,ServicerB,SERVICER_FEED,1
LN0003317,3,2019-01,90DPD,95,2019-01,ServicerD,SERVICER_FEED,1
LN0003318,7,2022-04,Prepaid,0,2022-04,ServicerD,SERVICER_FEED,1
LN0003319,11,2019-10,90DPD,95,2019-10,ServicerB,SERVICER_FEED,1
LN0003320,13,2021-04,Closed,0,2021-04,ServicerB,SERVICER_FEED,1
LN0003321,41,2024-03,60DPD,65,2024-03,ServicerD,SERVICER_FEED,1
LN0003321,12,2021-10,Default,120,2021-10,ServicerB,SERVICER_FEED,1
LN0003322,27,2022-11,30DPD,35,2022-11,ServicerB,SERVICER_FEED,1
LN0003323,11,2019-01,30DPD,35,2019-01,ServicerC,SERVICER_FEED,1
LN0003324,3,2020-06,90DPD,95,2020-06,ServicerB,SERVICER_FEED,1
LN0003325,1,2021-05,Prepaid,0,2021-05,ServicerD,SERVICER_FEED,1
LN0003326,11,2021-07,Current,0,2021-07,ServicerB,SERVICER_FEED,1
LN0003327,24,2023-08,Default,120,2023-08,ServicerD,SERVICER_FEED,1
LN0003328,2,2022-01,Closed,0,2022-01,ServicerA,SERVICER_FEED,1
LN0003329,4,2019-03,Default,120,2019-03,ServicerA,SERVICER_FEED,1
LN0003330,5,2022-06,90DPD,95,2022-06,ServicerC,SERVICER_FEED,1
LN0003331,17,2023-11,60DPD,65,2023-11,ServicerD,SERVICER_FEED,1
LN0003332,3,2022-06,60DPD,65,2022-06,ServicerC,SERVICER_FEED,1
LN0003333,6,2022-10,60DPD,65,2022-10,ServicerB,SERVICER_FEED,1
LN0003334,1,2019-02,Default,120,2019-02,ServicerD,SERVICER_FEED,1
LN0003335,41,2024-09,30DPD,35,2024-09,ServicerA,SERVICER_FEED,1
LN0003335,6,2021-10,90DPD,95,2021-10,ServicerD,SERVICER_FEED,1
LN0003336,2,2020-06,30DPD,35,2020-06,ServicerC,SERVICER_FEED,1
LN0003337,11,2023-11,30DPD,35,2023-11,ServicerC,SERVICER_FEED,1
LN0003337,6,2023-06,60DPD,65,2023-06,ServicerC,SERVICER_FEED,1
LN0003338,15,2023-05,Default,120,2023-05,ServicerB,SERVICER_FEED,1
LN0003339,4,2019-02,60DPD,65,2019-02,ServicerA,SERVICER_FEED,1
LN0003340,4,2023-01,30DPD,35,2023-01,ServicerC,SERVICER_FEED,1
LN0003341,2,2021-08,Prepaid,0,2021-08,ServicerC,SERVICER_FEED,1
LN0003342,2,2020-11,Default,120,2020-11,ServicerC,SERVICER_FEED,1
LN0003343,22,2022-01,90DPD,95,2022-01,ServicerC,SERVICER_FEED,1
LN0003344,1,2020-07,60DPD,65,2020-07,ServicerB,SERVICER_FEED,1
LN0003345,3,2022-02,Prepaid,0,2022-02,ServicerB,SERVICER_FEED,1
LN0003346,5,2022-03,Default,120,2022-03,ServicerA,SERVICER_FEED,1
LN0003347,4,2021-02,90DPD,95,2021-02,ServicerB,SERVICER_FEED,1
LN0003348,10,2023-10,30DPD,35,2023-10,ServicerD,SERVICER_FEED,1
LN0003349,15,2020-05,60DPD,65,2020-05,ServicerB,SERVICER_FEED,1
LN0003350,2,2020-04,60DPD,65,2020-04,ServicerD,SERVICER_FEED,1
LN0003351,1,2021-01,30DPD,35,2021-01,ServicerA,SERVICER_FEED,1
LN0003352,12,2019-10,90DPD,95,2019-10,ServicerD,SERVICER_FEED,1
LN0003353,3,2020-09,60DPD,65,2020-09,ServicerB,SERVICER_FEED,1
LN0003354,6,2022-09,Current,0,2022-09,ServicerC,SERVICER_FEED,1
LN0003355,12,2022-05,60DPD,65,2022-05,ServicerD,SERVICER_FEED,1
LN0003356,18,2023-01,Current,0,2023-01,ServicerD,SERVICER_FEED,1
LN0003356,1,2021-08,Default,120,2021-08,ServicerC,SERVICER_FEED,1
LN0003357,40,2022-02,Prepaid,0,2022-02,ServicerC,SERVICER_FEED,1
LN0003357,42,2022-04,Closed,0,2022-04,ServicerC,SERVICER_FEED,1
LN0003358,21,2020-06,90DPD,95,2020-06,ServicerB,SERVICER_FEED,1
LN0003359,5,2020-08,90DPD,95,2020-08,ServicerC,SERVICER_FEED,1
LN0003360,1,2019-09,60DPD,65,2019-09,ServicerD,SERVICER_FEED,1
LN0003361,13,2019-02,30DPD,35,2019-02,ServicerA,SERVICER_FEED,1
LN0003362,1,2020-11,90DPD,95,2020-11,ServicerC,SERVICER_FEED,1
LN0003363,26,2023-12,Default,120,2023-12,ServicerD,SERVICER_FEED,1
LN0003363,40,2025-02,Closed,0,2025-02,ServicerD,SERVICER_FEED,1
LN0003364,4,2021-12,Default,120,2021-12,ServicerA,SERVICER_FEED,1
LN0003365,7,2019-02,Closed,0,2019-02,ServicerC,SERVICER_FEED,1
LN0003366,9,2022-08,30DPD,35,2022-08,ServicerA,SERVICER_FEED,1
LN0003367,12,2020-11,60DPD,65,2020-11,ServicerD,SERVICER_FEED,1
LN0003368,7,2019-05,60DPD,65,2019-05,ServicerA,SERVICER_FEED,1
LN0003369,2,2020-07,90DPD,95,2020-07,ServicerC,SERVICER_FEED,1
LN0003370,4,2019-05,60DPD,65,2019-05,ServicerA,SERVICER_FEED,1
LN0003371,7,2021-12,90DPD,95,2021-12,ServicerD,SERVICER_FEED,1
LN0003372,3,2021-12,Default,120,2021-12,ServicerC,SERVICER_FEED,1
LN0003373,3,2021-11,90DPD,95,2021-11,ServicerD,SERVICER_FEED,1
LN0003374,9,2019-04,Closed,0,2019-04,ServicerA,SERVICER_FEED,1
LN0003375,2,2019-11,Prepaid,0,2019-11,ServicerB,SERVICER_FEED,1
LN0003376,3,2020-09,90DPD,95,2020-09,ServicerD,SERVICER_FEED,1
LN0003377,13,2024-01,30DPD,35,2024-01,ServicerC,SERVICER_FEED,1
LN0003378,6,2021-03,Closed,0,2021-03,ServicerA,SERVICER_FEED,1
LN0003379,8,2021-12,60DPD,65,2021-12,ServicerC,SERVICER_FEED,1
LN0003380,2,2019-11,30DPD,35,2019-11,ServicerD,SERVICER_FEED,1
LN0003381,23,2021-05,30DPD,35,2021-05,ServicerA,SERVICER_FEED,1
LN0003381,28,2021-10,Default,120,2021-10,ServicerB,SERVICER_FEED,1
LN0003382,3,2022-03,30DPD,35,2022-03,ServicerB,SERVICER_FEED,1
LN0003383,1,2022-04,30DPD,35,2022-04,ServicerD,SERVICER_FEED,1
LN0003384,13,2019-05,30DPD,35,2019-05,ServicerC,SERVICER_FEED,1
LN0003385,3,2020-12,30DPD,35,2020-12,ServicerA,SERVICER_FEED,1
LN0003386,28,2024-03,Default,120,2024-03,ServicerD,SERVICER_FEED,1
LN0003387,3,2019-01,60DPD,65,2019-01,ServicerC,SERVICER_FEED,1
LN0003388,13,2022-04,90DPD,95,2022-04,ServicerB,SERVICER_FEED,1
LN0003389,10,2021-03,Default,120,2021-03,ServicerA,SERVICER_FEED,1
LN0003390,2,2020-09,60DPD,65,2020-09,ServicerD,SERVICER_FEED,1
LN0003391,8,2021-08,Current,0,2021-08,ServicerD,SERVICER_FEED,1
LN0003392,14,2023-07,90DPD,95,2023-07,ServicerD,SERVICER_FEED,1
LN0003393,11,2019-05,Prepaid,0,2019-05,ServicerB,SERVICER_FEED,1
LN0003394,4,2019-05,Default,120,2019-05,ServicerD,SERVICER_FEED,1
LN0003395,10,2020-07,Closed,0,2020-07,ServicerA,SERVICER_FEED,1
LN0003396,4,2022-05,Current,0,2022-05,ServicerA,SERVICER_FEED,1
LN0003397,12,2021-12,Current,0,2021-12,ServicerC,SERVICER_FEED,1
LN0003398,1,2019-01,Closed,0,2019-01,ServicerD,SERVICER_FEED,1
LN0003399,5,2018-07,60DPD,65,2018-07,ServicerB,SERVICER_FEED,1
LN0003400,1,2023-01,Prepaid,0,2023-01,ServicerA,SERVICER_FEED,1
LN0003401,6,2019-03,Default,120,2019-03,ServicerC,SERVICER_FEED,1
LN0003402,1,2018-04,60DPD,65,2018-04,ServicerB,SERVICER_FEED,1
LN0003402,26,2020-05,Default,120,2020-05,ServicerD,SERVICER_FEED,1
LN0003403,39,2023-04,Current,0,2023-04,ServicerC,SERVICER_FEED,1
LN0003404,6,2021-04,90DPD,95,2021-04,ServicerD,SERVICER_FEED,1
LN0003405,9,2020-01,Prepaid,0,2020-01,ServicerC,SERVICER_FEED,1
LN0003406,8,2019-07,Current,0,2019-07,ServicerA,SERVICER_FEED,1
LN0003407,13,2019-07,30DPD,35,2019-07,ServicerD,SERVICER_FEED,1
LN0003408,3,2020-04,Default,120,2020-04,ServicerD,SERVICER_FEED,1
LN0003409,6,2023-04,30DPD,35,2023-04,ServicerC,SERVICER_FEED,1
LN0003410,1,2018-10,Closed,0,2018-10,ServicerB,SERVICER_FEED,1
LN0003411,3,2021-02,90DPD,95,2021-02,ServicerD,SERVICER_FEED,1
LN0003412,4,2019-04,30DPD,35,2019-04,ServicerC,SERVICER_FEED,1
LN0003412,25,2021-01,60DPD,65,2021-01,ServicerD,SERVICER_FEED,1
LN0003413,2,2021-07,90DPD,95,2021-07,ServicerB,SERVICER_FEED,1
LN0003414,16,2019-08,90DPD,95,2019-08,ServicerD,SERVICER_FEED,1
LN0003415,5,2019-06,90DPD,95,2019-06,ServicerD,SERVICER_FEED,1
LN0003416,1,2018-02,60DPD,65,2018-02,ServicerA,SERVICER_FEED,1
LN0003417,7,2021-10,90DPD,95,2021-10,ServicerC,SERVICER_FEED,1
LN0003418,6,2022-02,Closed,0,2022-02,ServicerB,SERVICER_FEED,1
LN0003419,8,2019-07,Closed,0,2019-07,ServicerC,SERVICER_FEED,1
LN0003420,5,2020-09,90DPD,95,2020-09,ServicerD,SERVICER_FEED,1
LN0003421,7,2020-01,30DPD,35,2020-01,ServicerB,SERVICER_FEED,1
LN0003422,42,2021-09,30DPD,35,2021-09,ServicerB,SERVICER_FEED,1
LN0003422,29,2020-08,Default,120,2020-08,ServicerC,SERVICER_FEED,1
LN0003423,7,2018-10,Default,120,2018-10,ServicerB,SERVICER_FEED,1
LN0003424,4,2023-01,90DPD,95,2023-01,ServicerA,SERVICER_FEED,1
LN0003425,27,2023-06,Closed,0,2023-06,ServicerB,SERVICER_FEED,1
LN0003426,7,2021-11,60DPD,65,2021-11,ServicerC,SERVICER_FEED,1
LN0003427,5,2019-11,Prepaid,0,2019-11,ServicerC,SERVICER_FEED,1
LN0003428,13,2020-05,Default,120,2020-05,ServicerC,SERVICER_FEED,1
LN0003429,4,2022-04,60DPD,65,2022-04,ServicerB,SERVICER_FEED,1
LN0003430,1,2020-04,30DPD,35,2020-04,ServicerB,SERVICER_FEED,1
LN0003431,2,2018-09,Current,0,2018-09,ServicerD,SERVICER_FEED,1
LN0003432,4,2020-10,30DPD,35,2020-10,ServicerB,SERVICER_FEED,1
LN0003433,1,2020-09,Closed,0,2020-09,ServicerA,SERVICER_FEED,1
LN0003434,3,2021-02,30DPD,35,2021-02,ServicerA,SERVICER_FEED,1
LN0003435,30,2023-03,60DPD,65,2023-03,ServicerD,SERVICER_FEED,1
LN0003436,26,2024-06,Closed,0,2024-06,ServicerB,SERVICER_FEED,1
LN0003436,7,2022-11,Closed,0,2022-11,ServicerD,SERVICER_FEED,1
LN0003437,16,2020-07,60DPD,65,2020-07,ServicerA,SERVICER_FEED,1
LN0003438,6,2021-06,Closed,0,2021-06,ServicerB,SERVICER_FEED,1
LN0003439,1,2022-07,Default,120,2022-07,ServicerD,SERVICER_FEED,1
LN0003440,4,2023-03,Prepaid,0,2023-03,ServicerC,SERVICER_FEED,1
LN0003441,1,2022-11,90DPD,95,2022-11,ServicerD,SERVICER_FEED,1
LN0003442,8,2022-04,90DPD,95,2022-04,ServicerA,SERVICER_FEED,1
LN0003442,21,2023-05,Default,120,2023-05,ServicerC,SERVICER_FEED,1
LN0003443,1,2018-08,Default,120,2018-08,ServicerA,SERVICER_FEED,1
LN0003444,6,2023-06,60DPD,65,2023-06,ServicerD,SERVICER_FEED,1
LN0003445,2,2018-04,Prepaid,0,2018-04,ServicerB,SERVICER_FEED,1
LN0003446,9,2021-07,Current,0,2021-07,ServicerC,SERVICER_FEED,1
LN0003447,3,2020-06,90DPD,95,2020-06,ServicerB,SERVICER_FEED,1
LN0003448,1,2021-06,Prepaid,0,2021-06,ServicerD,SERVICER_FEED,1
LN0003449,10,2022-09,60DPD,65,2022-09,ServicerB,SERVICER_FEED,1
LN0003449,40,2025-03,30DPD,35,2025-03,ServicerA,SERVICER_FEED,1
LN0003450,7,2022-04,60DPD,65,2022-04,ServicerC,SERVICER_FEED,1
LN0003450,27,2023-12,30DPD,35,2023-12,ServicerC,SERVICER_FEED,1
LN0003451,15,2020-05,60DPD,65,2020-05,ServicerC,SERVICER_FEED,1
LN0003452,6,2022-04,Prepaid,0,2022-04,ServicerD,SERVICER_FEED,1
LN0003453,8,2022-06,90DPD,95,2022-06,ServicerA,SERVICER_FEED,1
LN0003454,12,2019-02,90DPD,95,2019-02,ServicerD,SERVICER_FEED,1
LN0003454,27,2020-05,Closed,0,2020-05,ServicerA,SERVICER_FEED,1
LN0003455,5,2021-08,Prepaid,0,2021-08,ServicerA,SERVICER_FEED,1
LN0003456,1,2018-09,Prepaid,0,2018-09,ServicerB,SERVICER_FEED,1
LN0003457,1,2020-11,60DPD,65,2020-11,ServicerB,SERVICER_FEED,1
LN0003458,4,2019-06,60DPD,65,2019-06,ServicerA,SERVICER_FEED,1
LN0003459,6,2020-04,30DPD,35,2020-04,ServicerD,SERVICER_FEED,1
LN0003460,2,2019-07,60DPD,65,2019-07,ServicerB,SERVICER_FEED,1
LN0003461,3,2022-07,60DPD,65,2022-07,ServicerD,SERVICER_FEED,1
LN0003462,4,2022-11,30DPD,35,2022-11,ServicerB,SERVICER_FEED,1
LN0003463,1,2022-01,Default,120,2022-01,ServicerB,SERVICER_FEED,1
LN0003464,3,2021-11,Prepaid,0,2021-11,ServicerA,SERVICER_FEED,1
LN0003465,4,2020-02,Closed,0,2020-02,ServicerB,SERVICER_FEED,1
LN0003466,3,2018-12,Default,120,2018-12,ServicerA,SERVICER_FEED,1
LN0003467,13,2021-12,30DPD,35,2021-12,ServicerB,SERVICER_FEED,1
LN0003468,25,2022-03,Current,0,2022-03,ServicerB,SERVICER_FEED,1
LN0003469,11,2020-04,90DPD,95,2020-04,ServicerA,SERVICER_FEED,1
LN0003470,16,2020-07,Closed,0,2020-07,ServicerD,SERVICER_FEED,1
LN0003471,1,2018-11,30DPD,35,2018-11,ServicerC,SERVICER_FEED,1
LN0003472,10,2022-12,30DPD,35,2022-12,ServicerC,SERVICER_FEED,1
LN0003473,2,2019-10,30DPD,35,2019-10,ServicerA,SERVICER_FEED,1
LN0003474,5,2023-01,60DPD,65,2023-01,ServicerD,SERVICER_FEED,1
LN0003475,3,2021-08,Prepaid,0,2021-08,ServicerD,SERVICER_FEED,1
LN0003476,2,2018-12,90DPD,95,2018-12,ServicerC,SERVICER_FEED,1
LN0003477,5,2018-09,Prepaid,0,2018-09,ServicerD,SERVICER_FEED,1
LN0003478,11,2020-12,60DPD,65,2020-12,ServicerC,SERVICER_FEED,1
LN0003479,7,2018-12,30DPD,35,2018-12,ServicerC,SERVICER_FEED,1
LN0003480,3,2023-01,60DPD,65,2023-01,ServicerC,SERVICER_FEED,1
LN0003481,28,2024-11,30DPD,35,2024-11,ServicerA,SERVICER_FEED,1
LN0003482,14,2022-06,60DPD,65,2022-06,ServicerB,SERVICER_FEED,1
LN0003483,2,2019-08,60DPD,65,2019-08,ServicerC,SERVICER_FEED,1
LN0003484,11,2023-04,Prepaid,0,2023-04,ServicerB,SERVICER_FEED,1
LN0003485,7,2021-10,Default,120,2021-10,ServicerB,SERVICER_FEED,1
LN0003486,1,2019-11,60DPD,65,2019-11,ServicerA,SERVICER_FEED,1
LN0003487,1,2022-06,Default,120,2022-06,ServicerC,SERVICER_FEED,1
LN0003488,17,2020-06,90DPD,95,2020-06,ServicerC,SERVICER_FEED,1
LN0003489,6,2021-05,Closed,0,2021-05,ServicerD,SERVICER_FEED,1
LN0003490,6,2021-12,30DPD,35,2021-12,ServicerD,SERVICER_FEED,1
LN0003491,4,2022-11,Closed,0,2022-11,ServicerB,SERVICER_FEED,1
LN0003492,10,2019-07,Default,120,2019-07,ServicerC,SERVICER_FEED,1
LN0003493,4,2019-10,60DPD,65,2019-10,ServicerA,SERVICER_FEED,1
LN0003494,4,2022-07,Current,0,2022-07,ServicerA,SERVICER_FEED,1
LN0003495,3,2020-09,Prepaid,0,2020-09,ServicerB,SERVICER_FEED,1
LN0003496,3,2022-01,Default,120,2022-01,ServicerA,SERVICER_FEED,1
LN0003497,9,2022-08,90DPD,95,2022-08,ServicerD,SERVICER_FEED,1
LN0003498,8,2020-03,60DPD,65,2020-03,ServicerC,SERVICER_FEED,1
LN0003499,13,2020-09,Closed,0,2020-09,ServicerA,SERVICER_FEED,1
LN0003500,16,2021-10,Default,120,2021-10,ServicerD,SERVICER_FEED,1
LN0003501,4,2018-06,60DPD,65,2018-06,ServicerB,SERVICER_FEED,1
LN0003502,3,2022-03,30DPD,35,2022-03,ServicerD,SERVICER_FEED,1
LN0003503,22,2020-05,Prepaid,0,2020-05,ServicerB,SERVICER_FEED,1
LN0003503,42,2022-01,Prepaid,0,2022-01,ServicerA,SERVICER_FEED,1
LN0003504,2,2022-11,Current,0,2022-11,ServicerC,SERVICER_FEED,1
LN0003505,5,2022-04,60DPD,65,2022-04,ServicerC,SERVICER_FEED,1
LN0003506,2,2019-12,60DPD,65,2019-12,ServicerB,SERVICER_FEED,1
LN0003507,1,2018-06,30DPD,35,2018-06,ServicerC,SERVICER_FEED,1
LN0003508,1,2022-01,Default,120,2022-01,ServicerB,SERVICER_FEED,1
LN0003509,5,2020-08,90DPD,95,2020-08,ServicerC,SERVICER_FEED,1
LN0003510,4,2019-04,Default,120,2019-04,ServicerB,SERVICER_FEED,1
LN0003511,8,2020-10,Default,120,2020-10,ServicerD,SERVICER_FEED,1
LN0003512,1,2022-08,Prepaid,0,2022-08,ServicerC,SERVICER_FEED,1
LN0003513,3,2021-09,90DPD,95,2021-09,ServicerA,SERVICER_FEED,1
LN0003514,8,2022-02,60DPD,65,2022-02,ServicerA,SERVICER_FEED,1
LN0003515,14,2021-09,Default,120,2021-09,ServicerC,SERVICER_FEED,1
LN0003516,8,2019-06,30DPD,35,2019-06,ServicerC,SERVICER_FEED,1
LN0003517,3,2022-12,Prepaid,0,2022-12,ServicerA,SERVICER_FEED,1
LN0003518,22,2023-07,Default,120,2023-07,ServicerD,SERVICER_FEED,1
LN0003519,3,2020-10,Current,0,2020-10,ServicerA,SERVICER_FEED,1
LN0003520,2,2021-10,Default,120,2021-10,ServicerB,SERVICER_FEED,1
LN0003521,7,2020-05,60DPD,65,2020-05,ServicerD,SERVICER_FEED,1
LN0003522,2,2021-11,Closed,0,2021-11,ServicerC,SERVICER_FEED,1
LN0003523,19,2024-06,Prepaid,0,2024-06,ServicerC,SERVICER_FEED,1
LN0003524,8,2020-05,60DPD,65,2020-05,ServicerA,SERVICER_FEED,1
LN0003525,1,2018-02,Closed,0,2018-02,ServicerA,SERVICER_FEED,1
LN0003526,2,2021-11,Closed,0,2021-11,ServicerA,SERVICER_FEED,1
LN0003527,18,2023-10,60DPD,65,2023-10,ServicerA,SERVICER_FEED,1
LN0003528,14,2023-04,Closed,0,2023-04,ServicerA,SERVICER_FEED,1
LN0003529,1,2022-12,60DPD,65,2022-12,ServicerB,SERVICER_FEED,1
LN0003530,16,2021-01,60DPD,65,2021-01,ServicerA,SERVICER_FEED,1
LN0003531,7,2023-03,Closed,0,2023-03,ServicerC,SERVICER_FEED,1
LN0003532,7,2019-08,Default,120,2019-08,ServicerB,SERVICER_FEED,1
LN0003533,3,2021-03,Default,120,2021-03,ServicerB,SERVICER_FEED,1
LN0003534,2,2022-08,90DPD,95,2022-08,ServicerB,SERVICER_FEED,1
LN0003535,10,2023-05,Closed,0,2023-05,ServicerD,SERVICER_FEED,1
LN0003536,19,2022-09,30DPD,35,2022-09,ServicerD,SERVICER_FEED,1
LN0003536,24,2023-02,90DPD,95,2023-02,ServicerA,SERVICER_FEED,1
LN0003537,17,2022-02,30DPD,35,2022-02,ServicerD,SERVICER_FEED,1
LN0003537,37,2023-10,Default,120,2023-10,ServicerA,SERVICER_FEED,1
LN0003538,4,2020-08,90DPD,95,2020-08,ServicerB,SERVICER_FEED,1
LN0003539,10,2023-03,90DPD,95,2023-03,ServicerD,SERVICER_FEED,1
LN0003540,4,2022-09,Prepaid,0,2022-09,ServicerD,SERVICER_FEED,1
LN0003541,5,2019-08,Closed,0,2019-08,ServicerA,SERVICER_FEED,1
LN0003542,5,2019-02,90DPD,95,2019-02,ServicerB,SERVICER_FEED,1
LN0003543,10,2022-11,Default,120,2022-11,ServicerA,SERVICER_FEED,1
LN0003544,2,2022-03,30DPD,35,2022-03,ServicerA,SERVICER_FEED,1
LN0003545,3,2018-10,90DPD,95,2018-10,ServicerA,SERVICER_FEED,1
LN0003546,9,2021-03,Closed,0,2021-03,ServicerD,SERVICER_FEED,1
LN0003547,6,2021-01,Closed,0,2021-01,ServicerA,SERVICER_FEED,1
LN0003548,21,2019-12,60DPD,65,2019-12,ServicerD,SERVICER_FEED,1
LN0003549,15,2022-07,90DPD,95,2022-07,ServicerD,SERVICER_FEED,1
LN0003550,3,2023-02,Closed,0,2023-02,ServicerC,SERVICER_FEED,1
LN0003551,3,2019-04,90DPD,95,2019-04,ServicerC,SERVICER_FEED,1
LN0003552,7,2022-06,90DPD,95,2022-06,ServicerC,SERVICER_FEED,1
LN0003553,3,2018-08,Prepaid,0,2018-08,ServicerB,SERVICER_FEED,1
LN0003554,10,2019-11,30DPD,35,2019-11,ServicerA,SERVICER_FEED,1
LN0003555,6,2021-04,90DPD,95,2021-04,ServicerA,SERVICER_FEED,1
LN0003556,5,2023-01,30DPD,35,2023-01,ServicerD,SERVICER_FEED,1
LN0003557,1,2022-07,Default,120,2022-07,ServicerB,SERVICER_FEED,1
LN0003558,2,2022-11,60DPD,65,2022-11,ServicerA,SERVICER_FEED,1
LN0003559,2,2023-02,Default,120,2023-02,ServicerA,SERVICER_FEED,1
LN0003560,1,2022-01,90DPD,95,2022-01,ServicerD,SERVICER_FEED,1
LN0003561,5,2020-03,60DPD,65,2020-03,ServicerC,SERVICER_FEED,1
LN0003562,1,2018-09,30DPD,35,2018-09,ServicerD,SERVICER_FEED,1
LN0003562,10,2019-06,60DPD,65,2019-06,ServicerA,SERVICER_FEED,1
LN0003563,1,2022-03,Prepaid,0,2022-03,ServicerD,SERVICER_FEED,1
LN0003564,2,2019-02,Default,120,2019-02,ServicerD,SERVICER_FEED,1
LN0003565,3,2020-11,Closed,0,2020-11,ServicerA,SERVICER_FEED,1
LN0003566,2,2021-12,Closed,0,2021-12,ServicerB,SERVICER_FEED,1
LN0003567,2,2018-05,90DPD,95,2018-05,ServicerD,SERVICER_FEED,1
LN0003568,5,2022-12,60DPD,65,2022-12,ServicerC,SERVICER_FEED,1
LN0003569,10,2020-05,Default,120,2020-05,ServicerC,SERVICER_FEED,1
LN0003569,41,2022-12,30DPD,35,2022-12,ServicerB,SERVICER_FEED,1
LN0003570,3,2019-04,Default,120,2019-04,ServicerC,SERVICER_FEED,1
LN0003571,2,2020-01,Default,120,2020-01,ServicerD,SERVICER_FEED,1
LN0003572,4,2020-08,Prepaid,0,2020-08,ServicerB,SERVICER_FEED,1
LN0003573,7,2020-11,90DPD,95,2020-11,ServicerC,SERVICER_FEED,1
LN0003574,13,2019-11,60DPD,65,2019-11,ServicerB,SERVICER_FEED,1
LN0003575,14,2020-02,Prepaid,0,2020-02,ServicerC,SERVICER_FEED,1
LN0003576,4,2020-09,60DPD,65,2020-09,ServicerC,SERVICER_FEED,1
LN0003577,11,2020-01,90DPD,95,2020-01,ServicerD,SERVICER_FEED,1
LN0003578,1,2021-04,Prepaid,0,2021-04,ServicerC,SERVICER_FEED,1
LN0003578,3,2021-06,Default,120,2021-06,ServicerD,SERVICER_FEED,1
LN0003579,11,2023-05,60DPD,65,2023-05,ServicerA,SERVICER_FEED,1
LN0003580,24,2020-02,90DPD,95,2020-02,ServicerA,SERVICER_FEED,1
LN0003581,5,2018-08,Default,120,2018-08,ServicerB,SERVICER_FEED,1
LN0003582,9,2021-12,Prepaid,0,2021-12,ServicerB,SERVICER_FEED,1
LN0003583,4,2018-06,Closed,0,2018-06,ServicerD,SERVICER_FEED,1
LN0003584,9,2021-12,Default,120,2021-12,ServicerB,SERVICER_FEED,1
LN0003585,15,2021-09,90DPD,95,2021-09,ServicerB,SERVICER_FEED,1
LN0003586,3,2020-07,90DPD,95,2020-07,ServicerB,SERVICER_FEED,1
LN0003587,3,2021-04,Prepaid,0,2021-04,ServicerA,SERVICER_FEED,1
LN0003588,14,2023-08,Default,120,2023-08,ServicerB,SERVICER_FEED,1
LN0003589,35,2021-07,60DPD,65,2021-07,ServicerD,SERVICER_FEED,1
LN0003590,1,2018-10,30DPD,35,2018-10,ServicerD,SERVICER_FEED,1
LN0003591,2,2021-08,Prepaid,0,2021-08,ServicerA,SERVICER_FEED,1
LN0003592,18,2019-10,30DPD,35,2019-10,ServicerD,SERVICER_FEED,1
LN0003592,40,2021-08,30DPD,35,2021-08,ServicerD,SERVICER_FEED,1
LN0003593,3,2020-05,Current,0,2020-05,ServicerB,SERVICER_FEED,1
LN0003594,12,2021-06,60DPD,65,2021-06,ServicerB,SERVICER_FEED,1
LN0003595,36,2022-12,30DPD,35,2022-12,ServicerC,SERVICER_FEED,1
LN0003595,23,2021-11,60DPD,65,2021-11,ServicerB,SERVICER_FEED,1
LN0003596,8,2021-04,Prepaid,0,2021-04,ServicerD,SERVICER_FEED,1
LN0003597,8,2019-03,90DPD,95,2019-03,ServicerB,SERVICER_FEED,1
LN0003598,6,2019-11,90DPD,95,2019-11,ServicerC,SERVICER_FEED,1
LN0003599,6,2018-07,90DPD,95,2018-07,ServicerB,SERVICER_FEED,1
LN0003600,1,2022-11,Closed,0,2022-11,ServicerA,SERVICER_FEED,1
LN0003601,10,2022-12,Prepaid,0,2022-12,ServicerA,SERVICER_FEED,1
LN0003602,5,2019-09,60DPD,65,2019-09,ServicerD,SERVICER_FEED,1
LN0003603,13,2019-04,60DPD,65,2019-04,ServicerB,SERVICER_FEED,1
LN0003604,19,2020-12,60DPD,65,2020-12,ServicerD,SERVICER_FEED,1
LN0003605,1,2022-11,90DPD,95,2022-11,ServicerA,SERVICER_FEED,1
LN0003606,2,2022-03,Closed,0,2022-03,ServicerB,SERVICER_FEED,1
LN0003607,1,2021-05,90DPD,95,2021-05,ServicerD,SERVICER_FEED,1
LN0003608,24,2024-08,Prepaid,0,2024-08,ServicerC,SERVICER_FEED,1
LN0003609,3,2019-02,90DPD,95,2019-02,ServicerA,SERVICER_FEED,1
LN0003610,3,2020-12,90DPD,95,2020-12,ServicerD,SERVICER_FEED,1
LN0003611,10,2022-10,Closed,0,2022-10,ServicerB,SERVICER_FEED,1
LN0003612,20,2019-10,30DPD,35,2019-10,ServicerC,SERVICER_FEED,1
LN0003613,15,2021-06,30DPD,35,2021-06,ServicerC,SERVICER_FEED,1
LN0003614,10,2020-08,90DPD,95,2020-08,ServicerD,SERVICER_FEED,1
LN0003615,7,2019-06,60DPD,65,2019-06,ServicerA,SERVICER_FEED,1
LN0003616,2,2019-04,60DPD,65,2019-04,ServicerA,SERVICER_FEED,1
LN0003617,17,2024-04,90DPD,95,2024-04,ServicerA,SERVICER_FEED,1
LN0003618,3,2020-10,Closed,0,2020-10,ServicerB,SERVICER_FEED,1
LN0003619,5,2018-10,60DPD,65,2018-10,ServicerA,SERVICER_FEED,1
LN0003620,1,2021-06,Default,120,2021-06,ServicerB,SERVICER_FEED,1
LN0003621,6,2021-06,Default,120,2021-06,ServicerA,SERVICER_FEED,1
LN0003622,4,2020-04,30DPD,35,2020-04,ServicerB,SERVICER_FEED,1
LN0003623,1,2020-01,Default,120,2020-01,ServicerD,SERVICER_FEED,1
LN0003624,11,2021-08,Default,120,2021-08,ServicerD,SERVICER_FEED,1
LN0003625,11,2023-07,Default,120,2023-07,ServicerC,SERVICER_FEED,1
LN0003626,2,2021-12,90DPD,95,2021-12,ServicerA,SERVICER_FEED,1
LN0003627,11,2020-12,Closed,0,2020-12,ServicerD,SERVICER_FEED,1
LN0003628,7,2019-10,60DPD,65,2019-10,ServicerC,SERVICER_FEED,1
LN0003629,11,2019-06,Default,120,2019-06,ServicerD,SERVICER_FEED,1
LN0003630,9,2019-09,Closed,0,2019-09,ServicerB,SERVICER_FEED,1
LN0003631,11,2019-08,Closed,0,2019-08,ServicerA,SERVICER_FEED,1
LN0003632,4,2022-05,30DPD,35,2022-05,ServicerC,SERVICER_FEED,1
LN0003633,10,2021-09,Prepaid,0,2021-09,ServicerD,SERVICER_FEED,1
LN0003634,3,2018-06,Prepaid,0,2018-06,ServicerB,SERVICER_FEED,1
LN0003635,3,2022-11,Default,120,2022-11,ServicerB,SERVICER_FEED,1
LN0003636,22,2020-08,Prepaid,0,2020-08,ServicerB,SERVICER_FEED,1
LN0003636,27,2021-01,Closed,0,2021-01,ServicerA,SERVICER_FEED,1
LN0003637,4,2021-07,Default,120,2021-07,ServicerC,SERVICER_FEED,1
LN0003638,15,2019-04,Prepaid,0,2019-04,ServicerD,SERVICER_FEED,1
LN0003639,4,2021-04,Closed,0,2021-04,ServicerA,SERVICER_FEED,1
LN0003640,5,2021-03,Default,120,2021-03,ServicerB,SERVICER_FEED,1
LN0003641,1,2022-08,Default,120,2022-08,ServicerD,SERVICER_FEED,1
LN0003642,12,2021-12,Current,0,2021-12,ServicerB,SERVICER_FEED,1
LN0003643,1,2020-07,Prepaid,0,2020-07,ServicerB,SERVICER_FEED,1
LN0003644,4,2020-12,90DPD,95,2020-12,ServicerB,SERVICER_FEED,1
LN0003645,5,2021-08,Closed,0,2021-08,ServicerB,SERVICER_FEED,1
LN0003646,14,2021-03,Prepaid,0,2021-03,ServicerA,SERVICER_FEED,1
LN0003647,6,2022-01,30DPD,35,2022-01,ServicerD,SERVICER_FEED,1
LN0003648,3,2020-11,30DPD,35,2020-11,ServicerA,SERVICER_FEED,1
LN0003649,16,2024-03,90DPD,95,2024-03,ServicerB,SERVICER_FEED,1
LN0003650,19,2020-07,90DPD,95,2020-07,ServicerD,SERVICER_FEED,1
LN0003651,12,2022-08,Closed,0,2022-08,ServicerC,SERVICER_FEED,1
LN0003652,8,2022-10,90DPD,95,2022-10,ServicerD,SERVICER_FEED,1
LN0003653,1,2021-09,Default,120,2021-09,ServicerB,SERVICER_FEED,1
LN0003654,8,2023-07,60DPD,65,2023-07,ServicerC,SERVICER_FEED,1
LN0003655,8,2020-11,Default,120,2020-11,ServicerB,SERVICER_FEED,1
LN0003656,18,2022-03,90DPD,95,2022-03,ServicerC,SERVICER_FEED,1
LN0003657,4,2019-02,Default,120,2019-02,ServicerD,SERVICER_FEED,1
LN0003658,16,2021-03,Prepaid,0,2021-03,ServicerB,SERVICER_FEED,1
LN0003659,8,2019-06,Prepaid,0,2019-06,ServicerA,SERVICER_FEED,1
LN0003660,6,2022-06,Prepaid,0,2022-06,ServicerD,SERVICER_FEED,1
LN0003661,2,2022-01,60DPD,65,2022-01,ServicerD,SERVICER_FEED,1
LN0003661,24,2023-11,Current,0,2023-11,ServicerD,SERVICER_FEED,1
LN0003662,1,2019-01,Prepaid,0,2019-01,ServicerB,SERVICER_FEED,1
LN0003663,3,2022-04,90DPD,95,2022-04,ServicerA,SERVICER_FEED,1
LN0003664,9,2020-05,Prepaid,0,2020-05,ServicerC,SERVICER_FEED,1
LN0003665,2,2021-10,90DPD,95,2021-10,ServicerD,SERVICER_FEED,1
LN0003666,37,2025-10,90DPD,95,2025-10,ServicerB,SERVICER_FEED,1
LN0003666,35,2025-08,Prepaid,0,2025-08,ServicerB,SERVICER_FEED,1
LN0003667,1,2022-03,90DPD,95,2022-03,ServicerA,SERVICER_FEED,1
LN0003668,7,2019-07,60DPD,65,2019-07,ServicerC,SERVICER_FEED,1
LN0003669,4,2019-03,Prepaid,0,2019-03,ServicerC,SERVICER_FEED,1
LN0003670,4,2018-11,30DPD,35,2018-11,ServicerC,SERVICER_FEED,1
LN0003671,5,2022-08,Prepaid,0,2022-08,ServicerB,SERVICER_FEED,1
LN0003672,2,2020-11,Prepaid,0,2020-11,ServicerA,SERVICER_FEED,1
LN0003673,1,2018-11,Default,120,2018-11,ServicerD,SERVICER_FEED,1
LN0003674,5,2021-05,90DPD,95,2021-05,ServicerB,SERVICER_FEED,1
LN0003675,4,2020-12,Prepaid,0,2020-12,ServicerD,SERVICER_FEED,1
LN0003676,6,2021-06,60DPD,65,2021-06,ServicerD,SERVICER_FEED,1
LN0003677,2,2021-05,90DPD,95,2021-05,ServicerB,SERVICER_FEED,1
LN0003678,2,2018-12,Prepaid,0,2018-12,ServicerD,SERVICER_FEED,1
LN0003679,5,2020-05,Closed,0,2020-05,ServicerD,SERVICER_FEED,1
LN0003680,3,2021-11,60DPD,65,2021-11,ServicerA,SERVICER_FEED,1
LN0003681,2,2022-09,Closed,0,2022-09,ServicerB,SERVICER_FEED,1
LN0003682,6,2019-09,30DPD,35,2019-09,ServicerA,SERVICER_FEED,1
LN0003683,1,2020-12,Closed,0,2020-12,ServicerA,SERVICER_FEED,1
LN0003684,7,2023-04,30DPD,35,2023-04,ServicerD,SERVICER_FEED,1
LN0003685,17,2022-06,Default,120,2022-06,ServicerC,SERVICER_FEED,1
LN0003686,9,2019-11,Closed,0,2019-11,ServicerA,SERVICER_FEED,1
LN0003687,6,2021-06,Default,120,2021-06,ServicerB,SERVICER_FEED,1
LN0003688,5,2018-07,60DPD,65,2018-07,ServicerA,SERVICER_FEED,1
LN0003689,13,2021-07,30DPD,35,2021-07,ServicerD,SERVICER_FEED,1
LN0003690,4,2021-03,Default,120,2021-03,ServicerD,SERVICER_FEED,1
LN0003691,3,2018-07,Current,0,2018-07,ServicerD,SERVICER_FEED,1
LN0003692,12,2020-01,Prepaid,0,2020-01,ServicerD,SERVICER_FEED,1
LN0003693,38,2026-02,Default,120,2026-02,ServicerC,SERVICER_FEED,1
LN0003693,34,2025-10,30DPD,35,2025-10,ServicerB,SERVICER_FEED,1
LN0003694,2,2021-04,Current,0,2021-04,ServicerA,SERVICER_FEED,1
LN0003695,3,2020-07,90DPD,95,2020-07,ServicerD,SERVICER_FEED,1
LN0003696,4,2019-06,30DPD,35,2019-06,ServicerB,SERVICER_FEED,1
LN0003697,16,2019-12,Prepaid,0,2019-12,ServicerC,SERVICER_FEED,1
LN0003698,3,2020-05,Prepaid,0,2020-05,ServicerA,SERVICER_FEED,1
LN0003699,24,2022-09,Prepaid,0,2022-09,ServicerD,SERVICER_FEED,1
LN0003700,8,2019-07,60DPD,65,2019-07,ServicerC,SERVICER_FEED,1
LN0003700,15,2020-02,30DPD,35,2020-02,ServicerA,SERVICER_FEED,1
LN0003701,11,2022-12,60DPD,65,2022-12,ServicerC,SERVICER_FEED,1
LN0003702,3,2020-05,60DPD,65,2020-05,ServicerD,SERVICER_FEED,1
LN0003703,2,2018-06,Closed,0,2018-06,ServicerB,SERVICER_FEED,1
LN0003704,1,2018-10,Closed,0,2018-10,ServicerC,SERVICER_FEED,1
LN0003705,24,2024-04,90DPD,95,2024-04,ServicerD,SERVICER_FEED,1
LN0003705,12,2023-04,60DPD,65,2023-04,ServicerC,SERVICER_FEED,1
LN0003706,2,2019-11,Closed,0,2019-11,ServicerB,SERVICER_FEED,1
LN0003707,29,2022-04,Closed,0,2022-04,ServicerD,SERVICER_FEED,1
LN0003707,5,2020-04,60DPD,65,2020-04,ServicerA,SERVICER_FEED,1
LN0003708,4,2019-04,90DPD,95,2019-04,ServicerB,SERVICER_FEED,1
LN0003709,13,2023-02,60DPD,65,2023-02,ServicerB,SERVICER_FEED,1
LN0003710,9,2022-10,Current,0,2022-10,ServicerD,SERVICER_FEED,1
LN0003711,3,2019-06,Current,0,2019-06,ServicerC,SERVICER_FEED,1
LN0003712,4,2021-12,Closed,0,2021-12,ServicerD,SERVICER_FEED,1
LN0003713,5,2020-09,Current,0,2020-09,ServicerB,SERVICER_FEED,1
LN0003714,1,2018-12,Prepaid,0,2018-12,ServicerC,SERVICER_FEED,1
LN0003715,26,2024-02,Prepaid,0,2024-02,ServicerC,SERVICER_FEED,1
LN0003716,1,2018-07,90DPD,95,2018-07,ServicerC,SERVICER_FEED,1
LN0003717,13,2023-06,30DPD,35,2023-06,ServicerB,SERVICER_FEED,1
LN0003718,8,2018-10,Default,120,2018-10,ServicerA,SERVICER_FEED,1
LN0003719,4,2019-12,90DPD,95,2019-12,ServicerB,SERVICER_FEED,1
LN0003720,16,2020-06,60DPD,65,2020-06,ServicerD,SERVICER_FEED,1
LN0003721,21,2020-12,90DPD,95,2020-12,ServicerB,SERVICER_FEED,1
LN0003722,2,2020-07,Prepaid,0,2020-07,ServicerA,SERVICER_FEED,1
LN0003722,8,2021-01,30DPD,35,2021-01,ServicerD,SERVICER_FEED,1
LN0003723,4,2022-02,Prepaid,0,2022-02,ServicerB,SERVICER_FEED,1
LN0003724,38,2023-02,90DPD,95,2023-02,ServicerB,SERVICER_FEED,1
LN0003724,11,2020-11,Prepaid,0,2020-11,ServicerC,SERVICER_FEED,1
LN0003725,3,2020-10,Current,0,2020-10,ServicerD,SERVICER_FEED,1
LN0003726,3,2023-02,30DPD,35,2023-02,ServicerD,SERVICER_FEED,1
LN0003727,4,2020-10,Prepaid,0,2020-10,ServicerC,SERVICER_FEED,1
LN0003728,16,2023-04,Prepaid,0,2023-04,ServicerA,SERVICER_FEED,1
LN0003729,6,2020-06,90DPD,95,2020-06,ServicerA,SERVICER_FEED,1
LN0003730,13,2019-06,Current,0,2019-06,ServicerA,SERVICER_FEED,1
LN0003731,8,2019-12,30DPD,35,2019-12,ServicerC,SERVICER_FEED,1
LN0003732,1,2018-11,90DPD,95,2018-11,ServicerC,SERVICER_FEED,1
LN0003733,7,2023-02,90DPD,95,2023-02,ServicerD,SERVICER_FEED,1
LN0003734,10,2018-12,Current,0,2018-12,ServicerD,SERVICER_FEED,1
LN0003735,10,2022-12,30DPD,35,2022-12,ServicerD,SERVICER_FEED,1
LN0003736,3,2018-12,Default,120,2018-12,ServicerB,SERVICER_FEED,1
LN0003737,42,2022-04,Prepaid,0,2022-04,ServicerB,SERVICER_FEED,1
LN0003737,30,2021-04,60DPD,65,2021-04,ServicerC,SERVICER_FEED,1
LN0003738,3,2020-11,Closed,0,2020-11,ServicerB,SERVICER_FEED,1
LN0003739,22,2020-03,30DPD,35,2020-03,ServicerD,SERVICER_FEED,1
LN0003740,39,2021-08,90DPD,95,2021-08,ServicerB,SERVICER_FEED,1
LN0003740,10,2019-03,Default,120,2019-03,ServicerA,SERVICER_FEED,1
LN0003741,24,2023-11,90DPD,95,2023-11,ServicerD,SERVICER_FEED,1
LN0003742,8,2018-12,30DPD,35,2018-12,ServicerB,SERVICER_FEED,1
LN0003742,31,2020-11,60DPD,65,2020-11,ServicerD,SERVICER_FEED,1
LN0003743,4,2021-04,30DPD,35,2021-04,ServicerB,SERVICER_FEED,1
LN0003744,17,2020-01,Prepaid,0,2020-01,ServicerA,SERVICER_FEED,1
LN0003745,3,2018-09,Default,120,2018-09,ServicerC,SERVICER_FEED,1
LN0003746,3,2021-08,60DPD,65,2021-08,ServicerA,SERVICER_FEED,1
LN0003747,17,2021-05,Prepaid,0,2021-05,ServicerC,SERVICER_FEED,1
LN0003748,3,2018-05,Default,120,2018-05,ServicerD,SERVICER_FEED,1
LN0003749,5,2021-10,Default,120,2021-10,ServicerA,SERVICER_FEED,1
LN0003750,5,2023-04,Prepaid,0,2023-04,ServicerA,SERVICER_FEED,1
LN0003751,14,2021-12,60DPD,65,2021-12,ServicerA,SERVICER_FEED,1
LN0003752,18,2021-05,Prepaid,0,2021-05,ServicerC,SERVICER_FEED,1
LN0003752,20,2021-07,Closed,0,2021-07,ServicerB,SERVICER_FEED,1
LN0003753,1,2022-04,Prepaid,0,2022-04,ServicerB,SERVICER_FEED,1
LN0003754,9,2020-06,Prepaid,0,2020-06,ServicerA,SERVICER_FEED,1
LN0003755,32,2023-09,Closed,0,2023-09,ServicerC,SERVICER_FEED,1
LN0003756,11,2021-04,90DPD,95,2021-04,ServicerD,SERVICER_FEED,1
LN0003757,8,2022-04,Closed,0,2022-04,ServicerA,SERVICER_FEED,1
LN0003758,8,2021-04,Closed,0,2021-04,ServicerA,SERVICER_FEED,1
LN0003759,3,2020-08,90DPD,95,2020-08,ServicerB,SERVICER_FEED,1
LN0003760,2,2020-04,Closed,0,2020-04,ServicerB,SERVICER_FEED,1
LN0003761,6,2019-12,Closed,0,2019-12,ServicerC,SERVICER_FEED,1
LN0003762,4,2020-10,30DPD,35,2020-10,ServicerD,SERVICER_FEED,1
LN0003763,14,2019-06,90DPD,95,2019-06,ServicerA,SERVICER_FEED,1
LN0003764,16,2021-01,90DPD,95,2021-01,ServicerA,SERVICER_FEED,1
LN0003765,9,2019-02,Prepaid,0,2019-02,ServicerD,SERVICER_FEED,1
LN0003766,3,2019-11,Current,0,2019-11,ServicerA,SERVICER_FEED,1
LN0003767,21,2021-07,Prepaid,0,2021-07,ServicerC,SERVICER_FEED,1
LN0003768,1,2018-03,60DPD,65,2018-03,ServicerC,SERVICER_FEED,1
LN0003769,3,2019-09,90DPD,95,2019-09,ServicerB,SERVICER_FEED,1
LN0003770,2,2021-07,Current,0,2021-07,ServicerD,SERVICER_FEED,1
LN0003771,7,2023-06,Default,120,2023-06,ServicerD,SERVICER_FEED,1
LN0003772,4,2021-05,Current,0,2021-05,ServicerD,SERVICER_FEED,1
LN0003773,3,2021-10,60DPD,65,2021-10,ServicerC,SERVICER_FEED,1
LN0003774,4,2021-09,Current,0,2021-09,ServicerC,SERVICER_FEED,1
LN0003775,4,2023-01,60DPD,65,2023-01,ServicerD,SERVICER_FEED,1
LN0003776,17,2024-02,60DPD,65,2024-02,ServicerC,SERVICER_FEED,1
LN0003777,24,2020-07,90DPD,95,2020-07,ServicerA,SERVICER_FEED,1
LN0003777,12,2019-07,60DPD,65,2019-07,ServicerA,SERVICER_FEED,1
LN0003778,3,2020-08,60DPD,65,2020-08,ServicerD,SERVICER_FEED,1
LN0003779,1,2022-08,60DPD,65,2022-08,ServicerC,SERVICER_FEED,1
LN0003780,6,2022-11,90DPD,95,2022-11,ServicerB,SERVICER_FEED,1
LN0003781,10,2021-07,Closed,0,2021-07,ServicerD,SERVICER_FEED,1
LN0003782,4,2020-07,Prepaid,0,2020-07,ServicerC,SERVICER_FEED,1
LN0003783,4,2018-08,90DPD,95,2018-08,ServicerD,SERVICER_FEED,1
LN0003784,4,2020-09,60DPD,65,2020-09,ServicerC,SERVICER_FEED,1
LN0003785,14,2021-09,30DPD,35,2021-09,ServicerA,SERVICER_FEED,1
LN0003786,4,2021-07,90DPD,95,2021-07,ServicerB,SERVICER_FEED,1
LN0003787,2,2020-10,Default,120,2020-10,ServicerA,SERVICER_FEED,1
LN0003788,2,2019-03,Closed,0,2019-03,ServicerB,SERVICER_FEED,1
LN0003789,3,2023-02,Prepaid,0,2023-02,ServicerC,SERVICER_FEED,1
LN0003790,5,2019-07,60DPD,65,2019-07,ServicerD,SERVICER_FEED,1
LN0003791,23,2021-10,30DPD,35,2021-10,ServicerC,SERVICER_FEED,1
LN0003792,1,2020-08,30DPD,35,2020-08,ServicerC,SERVICER_FEED,1
LN0003793,7,2020-01,60DPD,65,2020-01,ServicerA,SERVICER_FEED,1
LN0003794,16,2019-09,Default,120,2019-09,ServicerB,SERVICER_FEED,1
LN0003795,3,2021-04,60DPD,65,2021-04,ServicerB,SERVICER_FEED,1
LN0003796,11,2020-02,Current,0,2020-02,ServicerA,SERVICER_FEED,1
LN0003797,17,2023-10,90DPD,95,2023-10,ServicerD,SERVICER_FEED,1
LN0003798,1,2022-01,Closed,0,2022-01,ServicerB,SERVICER_FEED,1
LN0003799,9,2020-11,30DPD,35,2020-11,ServicerD,SERVICER_FEED,1
LN0003800,3,2020-07,Closed,0,2020-07,ServicerC,SERVICER_FEED,1
LN0003801,4,2023-01,30DPD,35,2023-01,ServicerD,SERVICER_FEED,1
LN0003802,3,2018-05,90DPD,95,2018-05,ServicerD,SERVICER_FEED,1
LN0003803,6,2020-05,30DPD,35,2020-05,ServicerC,SERVICER_FEED,1
LN0003804,2,2018-06,Current,0,2018-06,ServicerB,SERVICER_FEED,1
LN0003805,14,2019-11,Default,120,2019-11,ServicerD,SERVICER_FEED,1
LN0003806,1,2022-09,Closed,0,2022-09,ServicerA,SERVICER_FEED,1
LN0003807,4,2018-11,90DPD,95,2018-11,ServicerB,SERVICER_FEED,1
LN0003808,7,2023-05,Prepaid,0,2023-05,ServicerB,SERVICER_FEED,1
LN0003809,11,2022-11,30DPD,35,2022-11,ServicerD,SERVICER_FEED,1
LN0003810,8,2021-11,Prepaid,0,2021-11,ServicerD,SERVICER_FEED,1
LN0003811,25,2023-10,60DPD,65,2023-10,ServicerC,SERVICER_FEED,1
LN0003812,5,2019-05,60DPD,65,2019-05,ServicerA,SERVICER_FEED,1
LN0003813,32,2021-04,Prepaid,0,2021-04,ServicerB,SERVICER_FEED,1
LN0003813,8,2019-04,Default,120,2019-04,ServicerB,SERVICER_FEED,1
LN0003814,17,2021-04,Prepaid,0,2021-04,ServicerD,SERVICER_FEED,1
LN0003815,7,2022-05,60DPD,65,2022-05,ServicerA,SERVICER_FEED,1
LN0003816,22,2021-05,Default,120,2021-05,ServicerA,SERVICER_FEED,1
LN0003817,7,2019-06,Prepaid,0,2019-06,ServicerB,SERVICER_FEED,1
LN0003818,6,2022-06,30DPD,35,2022-06,ServicerA,SERVICER_FEED,1
LN0003819,31,2023-10,Current,0,2023-10,ServicerA,SERVICER_FEED,1
LN0003820,7,2021-04,Prepaid,0,2021-04,ServicerA,SERVICER_FEED,1
LN0003821,6,2020-07,Default,120,2020-07,ServicerC,SERVICER_FEED,1
LN0003822,11,2022-10,60DPD,65,2022-10,ServicerD,SERVICER_FEED,1
LN0003823,24,2023-09,30DPD,35,2023-09,ServicerB,SERVICER_FEED,1
LN0003824,10,2020-08,60DPD,65,2020-08,ServicerA,SERVICER_FEED,1
LN0003825,6,2019-02,90DPD,95,2019-02,ServicerD,SERVICER_FEED,1
LN0003826,14,2023-07,90DPD,95,2023-07,ServicerC,SERVICER_FEED,1
LN0003827,13,2019-10,60DPD,65,2019-10,ServicerC,SERVICER_FEED,1
LN0003828,7,2020-09,90DPD,95,2020-09,ServicerC,SERVICER_FEED,1
LN0003829,1,2022-07,Default,120,2022-07,ServicerC,SERVICER_FEED,1
LN0003830,3,2020-05,Default,120,2020-05,ServicerB,SERVICER_FEED,1
LN0003831,2,2022-04,Closed,0,2022-04,ServicerA,SERVICER_FEED,1
LN0003832,18,2021-12,Prepaid,0,2021-12,ServicerC,SERVICER_FEED,1
LN0003832,11,2021-05,Default,120,2021-05,ServicerA,SERVICER_FEED,1
LN0003833,1,2021-10,90DPD,95,2021-10,ServicerB,SERVICER_FEED,1
LN0003834,13,2022-01,60DPD,65,2022-01,ServicerB,SERVICER_FEED,1
LN0003835,3,2019-08,Closed,0,2019-08,ServicerD,SERVICER_FEED,1
LN0003836,3,2022-09,Closed,0,2022-09,ServicerA,SERVICER_FEED,1
LN0003837,1,2020-06,Closed,0,2020-06,ServicerD,SERVICER_FEED,1
LN0003838,6,2020-10,60DPD,65,2020-10,ServicerC,SERVICER_FEED,1
LN0003839,1,2021-05,Prepaid,0,2021-05,ServicerD,SERVICER_FEED,1
LN0003840,3,2022-11,60DPD,65,2022-11,ServicerA,SERVICER_FEED,1
LN0003841,33,2025-02,90DPD,95,2025-02,ServicerC,SERVICER_FEED,1
LN0003841,42,2025-11,Default,120,2025-11,ServicerC,SERVICER_FEED,1
LN0003842,1,2020-01,Default,120,2020-01,ServicerD,SERVICER_FEED,1
LN0003843,4,2019-06,Default,120,2019-06,ServicerD,SERVICER_FEED,1
LN0003844,3,2019-11,Default,120,2019-11,ServicerC,SERVICER_FEED,1
LN0003845,3,2019-07,30DPD,35,2019-07,ServicerC,SERVICER_FEED,1
LN0003846,3,2019-09,Closed,0,2019-09,ServicerB,SERVICER_FEED,1
LN0003846,8,2020-02,Prepaid,0,2020-02,ServicerA,SERVICER_FEED,1
LN0003847,5,2020-07,60DPD,65,2020-07,ServicerB,SERVICER_FEED,1
LN0003848,3,2018-05,Default,120,2018-05,ServicerB,SERVICER_FEED,1
LN0003849,1,2020-09,30DPD,35,2020-09,ServicerC,SERVICER_FEED,1
LN0003850,4,2022-07,Closed,0,2022-07,ServicerC,SERVICER_FEED,1
LN0003851,5,2020-07,60DPD,65,2020-07,ServicerD,SERVICER_FEED,1
LN0003852,3,2018-08,90DPD,95,2018-08,ServicerC,SERVICER_FEED,1
LN0003853,5,2020-05,Closed,0,2020-05,ServicerD,SERVICER_FEED,1
LN0003854,3,2019-12,30DPD,35,2019-12,ServicerB,SERVICER_FEED,1
LN0003855,4,2021-04,90DPD,95,2021-04,ServicerD,SERVICER_FEED,1
LN0003856,30,2021-10,Default,120,2021-10,ServicerD,SERVICER_FEED,1
LN0003856,35,2022-03,Prepaid,0,2022-03,ServicerB,SERVICER_FEED,1
LN0003857,17,2020-12,Default,120,2020-12,ServicerB,SERVICER_FEED,1
LN0003858,4,2022-01,90DPD,95,2022-01,ServicerC,SERVICER_FEED,1
LN0003859,9,2019-08,90DPD,95,2019-08,ServicerC,SERVICER_FEED,1
LN0003859,23,2020-10,Current,0,2020-10,ServicerA,SERVICER_FEED,1
LN0003860,3,2022-11,60DPD,65,2022-11,ServicerD,SERVICER_FEED,1
LN0003861,17,2020-11,90DPD,95,2020-11,ServicerC,SERVICER_FEED,1
LN0003862,6,2022-07,Default,120,2022-07,ServicerB,SERVICER_FEED,1
LN0003863,2,2018-07,Closed,0,2018-07,ServicerB,SERVICER_FEED,1
LN0003864,1,2019-09,Closed,0,2019-09,ServicerC,SERVICER_FEED,1
LN0003865,10,2020-09,60DPD,65,2020-09,ServicerC,SERVICER_FEED,1
LN0003866,7,2020-11,Prepaid,0,2020-11,ServicerC,SERVICER_FEED,1
LN0003866,30,2022-10,30DPD,35,2022-10,ServicerC,SERVICER_FEED,1
LN0003867,2,2018-08,Prepaid,0,2018-08,ServicerA,SERVICER_FEED,1
LN0003868,11,2020-02,30DPD,35,2020-02,ServicerB,SERVICER_FEED,1
LN0003869,3,2022-08,Default,120,2022-08,ServicerA,SERVICER_FEED,1
LN0003870,8,2023-04,Prepaid,0,2023-04,ServicerB,SERVICER_FEED,1
LN0003871,5,2020-08,Closed,0,2020-08,ServicerB,SERVICER_FEED,1
LN0003872,1,2018-09,Default,120,2018-09,ServicerD,SERVICER_FEED,1
LN0003873,23,2021-04,Closed,0,2021-04,ServicerB,SERVICER_FEED,1
LN0003874,6,2023-04,Closed,0,2023-04,ServicerD,SERVICER_FEED,1
LN0003875,5,2023-01,Current,0,2023-01,ServicerD,SERVICER_FEED,1
LN0003876,2,2022-03,90DPD,95,2022-03,ServicerC,SERVICER_FEED,1
LN0003877,19,2023-11,Closed,0,2023-11,ServicerD,SERVICER_FEED,1
LN0003878,20,2023-03,30DPD,35,2023-03,ServicerD,SERVICER_FEED,1
LN0003879,12,2022-02,90DPD,95,2022-02,ServicerD,SERVICER_FEED,1
LN0003879,8,2021-10,Default,120,2021-10,ServicerC,SERVICER_FEED,1
LN0003880,23,2023-10,Prepaid,0,2023-10,ServicerC,SERVICER_FEED,1
LN0003880,4,2022-03,Closed,0,2022-03,ServicerC,SERVICER_FEED,1
LN0003881,2,2021-05,90DPD,95,2021-05,ServicerA,SERVICER_FEED,1
LN0003882,10,2020-07,60DPD,65,2020-07,ServicerB,SERVICER_FEED,1
LN0003883,1,2021-04,30DPD,35,2021-04,ServicerC,SERVICER_FEED,1
LN0003884,6,2019-12,30DPD,35,2019-12,ServicerD,SERVICER_FEED,1
LN0003885,3,2021-05,Prepaid,0,2021-05,ServicerB,SERVICER_FEED,1
LN0003886,17,2021-04,90DPD,95,2021-04,ServicerA,SERVICER_FEED,1
LN0003887,12,2021-06,Default,120,2021-06,ServicerD,SERVICER_FEED,1
LN0003888,3,2019-02,60DPD,65,2019-02,ServicerB,SERVICER_FEED,1
LN0003889,12,2023-10,Prepaid,0,2023-10,ServicerB,SERVICER_FEED,1
LN0003890,9,2022-06,90DPD,95,2022-06,ServicerB,SERVICER_FEED,1
LN0003891,8,2019-03,Default,120,2019-03,ServicerA,SERVICER_FEED,1
LN0003892,2,2020-07,Default,120,2020-07,ServicerC,SERVICER_FEED,1
LN0003893,2,2020-06,30DPD,35,2020-06,ServicerB,SERVICER_FEED,1
LN0003894,5,2022-11,60DPD,65,2022-11,ServicerB,SERVICER_FEED,1
LN0003895,9,2022-07,Closed,0,2022-07,ServicerC,SERVICER_FEED,1
LN0003896,41,2025-10,60DPD,65,2025-10,ServicerA,SERVICER_FEED,1
LN0003896,25,2024-06,30DPD,35,2024-06,ServicerC,SERVICER_FEED,1
LN0003897,2,2020-07,Default,120,2020-07,ServicerA,SERVICER_FEED,1
LN0003898,23,2020-09,Prepaid,0,2020-09,ServicerC,SERVICER_FEED,1
LN0003899,5,2022-01,60DPD,65,2022-01,ServicerA,SERVICER_FEED,1
LN0003900,21,2020-11,Prepaid,0,2020-11,ServicerD,SERVICER_FEED,1
LN0003900,42,2022-08,Prepaid,0,2022-08,ServicerB,SERVICER_FEED,1
LN0003901,4,2021-07,Prepaid,0,2021-07,ServicerD,SERVICER_FEED,1
LN0003902,16,2021-05,60DPD,65,2021-05,ServicerD,SERVICER_FEED,1
LN0003903,14,2020-12,60DPD,65,2020-12,ServicerA,SERVICER_FEED,1
LN0003904,9,2019-05,Closed,0,2019-05,ServicerA,SERVICER_FEED,1
LN0003905,4,2022-04,Default,120,2022-04,ServicerD,SERVICER_FEED,1
LN0003906,4,2021-10,30DPD,35,2021-10,ServicerC,SERVICER_FEED,1
LN0003907,35,2022-08,Closed,0,2022-08,ServicerA,SERVICER_FEED,1
LN0003908,4,2022-01,Closed,0,2022-01,ServicerA,SERVICER_FEED,1
LN0003909,27,2025-03,Default,120,2025-03,ServicerC,SERVICER_FEED,1
LN0003909,40,2026-04,Prepaid,0,2026-04,ServicerB,SERVICER_FEED,1
LN0003910,9,2022-05,Default,120,2022-05,ServicerB,SERVICER_FEED,1
LN0003911,13,2023-10,90DPD,95,2023-10,ServicerD,SERVICER_FEED,1
LN0003912,18,2021-11,Default,120,2021-11,ServicerB,SERVICER_FEED,1
LN0003913,3,2020-02,90DPD,95,2020-02,ServicerA,SERVICER_FEED,1
LN0003914,5,2022-08,Prepaid,0,2022-08,ServicerD,SERVICER_FEED,1
LN0003915,2,2021-06,60DPD,65,2021-06,ServicerC,SERVICER_FEED,1
LN0003916,1,2021-02,Prepaid,0,2021-02,ServicerB,SERVICER_FEED,1
LN0003917,4,2021-07,90DPD,95,2021-07,ServicerA,SERVICER_FEED,1
LN0003918,36,2025-12,30DPD,35,2025-12,ServicerC,SERVICER_FEED,1
LN0003918,30,2025-06,Prepaid,0,2025-06,ServicerB,SERVICER_FEED,1
LN0003919,1,2021-07,60DPD,65,2021-07,ServicerB,SERVICER_FEED,1
LN0003920,11,2022-12,Default,120,2022-12,ServicerD,SERVICER_FEED,1
LN0003921,14,2019-05,Closed,0,2019-05,ServicerB,SERVICER_FEED,1
LN0003922,1,2021-09,Prepaid,0,2021-09,ServicerC,SERVICER_FEED,1
LN0003923,29,2022-01,Prepaid,0,2022-01,ServicerC,SERVICER_FEED,1
LN0003923,13,2020-09,Prepaid,0,2020-09,ServicerD,SERVICER_FEED,1
LN0003924,9,2019-05,60DPD,65,2019-05,ServicerD,SERVICER_FEED,1
LN0003925,2,2019-07,Closed,0,2019-07,ServicerD,SERVICER_FEED,1
LN0003926,1,2022-03,Prepaid,0,2022-03,ServicerB,SERVICER_FEED,1
LN0003926,3,2022-05,30DPD,35,2022-05,ServicerB,SERVICER_FEED,1
LN0003927,2,2022-04,30DPD,35,2022-04,ServicerD,SERVICER_FEED,1
LN0003928,3,2019-10,60DPD,65,2019-10,ServicerC,SERVICER_FEED,1
LN0003929,19,2020-07,60DPD,65,2020-07,ServicerB,SERVICER_FEED,1
LN0003930,9,2020-11,60DPD,65,2020-11,ServicerD,SERVICER_FEED,1
LN0003930,27,2022-05,90DPD,95,2022-05,ServicerC,SERVICER_FEED,1
LN0003931,3,2019-11,60DPD,65,2019-11,ServicerA,SERVICER_FEED,1
LN0003932,2,2020-06,Closed,0,2020-06,ServicerA,SERVICER_FEED,1
LN0003933,8,2022-08,30DPD,35,2022-08,ServicerA,SERVICER_FEED,1
LN0003934,14,2020-10,Default,120,2020-10,ServicerB,SERVICER_FEED,1
LN0003935,3,2019-02,30DPD,35,2019-02,ServicerC,SERVICER_FEED,1
LN0003936,1,2018-08,Prepaid,0,2018-08,ServicerC,SERVICER_FEED,1
LN0003937,1,2021-07,Prepaid,0,2021-07,ServicerD,SERVICER_FEED,1
LN0003938,2,2019-02,60DPD,65,2019-02,ServicerA,SERVICER_FEED,1
LN0003939,13,2020-03,30DPD,35,2020-03,ServicerC,SERVICER_FEED,1
LN0003940,9,2022-10,90DPD,95,2022-10,ServicerD,SERVICER_FEED,1
LN0003941,7,2019-01,60DPD,65,2019-01,ServicerC,SERVICER_FEED,1
LN0003942,5,2021-09,Closed,0,2021-09,ServicerD,SERVICER_FEED,1
LN0003943,1,2018-02,Prepaid,0,2018-02,ServicerC,SERVICER_FEED,1
LN0003944,3,2022-12,Default,120,2022-12,ServicerA,SERVICER_FEED,1
LN0003945,1,2021-08,Prepaid,0,2021-08,ServicerA,SERVICER_FEED,1
LN0003946,4,2022-06,30DPD,35,2022-06,ServicerA,SERVICER_FEED,1
LN0003947,1,2021-06,90DPD,95,2021-06,ServicerA,SERVICER_FEED,1
LN0003948,3,2020-04,Closed,0,2020-04,ServicerC,SERVICER_FEED,1
LN0003949,8,2023-08,30DPD,35,2023-08,ServicerB,SERVICER_FEED,1
LN0003950,6,2022-06,Default,120,2022-06,ServicerA,SERVICER_FEED,1
LN0003951,12,2019-06,30DPD,35,2019-06,ServicerD,SERVICER_FEED,1
LN0003952,4,2021-03,60DPD,65,2021-03,ServicerD,SERVICER_FEED,1
LN0003953,1,2020-10,60DPD,65,2020-10,ServicerC,SERVICER_FEED,1
LN0003954,8,2020-02,Default,120,2020-02,ServicerB,SERVICER_FEED,1
LN0003955,7,2020-11,30DPD,35,2020-11,ServicerD,SERVICER_FEED,1
LN0003956,25,2024-12,90DPD,95,2024-12,ServicerA,SERVICER_FEED,1
LN0003957,2,2018-08,90DPD,95,2018-08,ServicerB,SERVICER_FEED,1
LN0003958,6,2023-02,60DPD,65,2023-02,ServicerD,SERVICER_FEED,1
LN0003959,8,2022-03,Default,120,2022-03,ServicerC,SERVICER_FEED,1
LN0003960,34,2021-05,90DPD,95,2021-05,ServicerB,SERVICER_FEED,1
LN0003960,11,2019-06,90DPD,95,2019-06,ServicerC,SERVICER_FEED,1
LN0003961,11,2020-06,Closed,0,2020-06,ServicerD,SERVICER_FEED,1
LN0003962,2,2022-05,90DPD,95,2022-05,ServicerA,SERVICER_FEED,1
LN0003963,3,2021-10,Closed,0,2021-10,ServicerD,SERVICER_FEED,1
LN0003964,20,2020-01,60DPD,65,2020-01,ServicerC,SERVICER_FEED,1
LN0003965,2,2018-11,90DPD,95,2018-11,ServicerB,SERVICER_FEED,1
LN0003965,12,2019-09,60DPD,65,2019-09,ServicerA,SERVICER_FEED,1
LN0003966,14,2023-10,Closed,0,2023-10,ServicerC,SERVICER_FEED,1
LN0003967,8,2019-06,Prepaid,0,2019-06,ServicerC,SERVICER_FEED,1
LN0003968,5,2021-07,Prepaid,0,2021-07,ServicerA,SERVICER_FEED,1
LN0003969,7,2023-07,30DPD,35,2023-07,ServicerB,SERVICER_FEED,1
LN0003970,10,2019-09,Default,120,2019-09,ServicerB,SERVICER_FEED,1
LN0003971,11,2019-02,60DPD,65,2019-02,ServicerA,SERVICER_FEED,1
LN0003972,12,2023-01,60DPD,65,2023-01,ServicerD,SERVICER_FEED,1
LN0003973,8,2023-05,Prepaid,0,2023-05,ServicerB,SERVICER_FEED,1
LN0003974,12,2021-07,Default,120,2021-07,ServicerB,SERVICER_FEED,1
LN0003974,7,2021-02,Default,120,2021-02,ServicerB,SERVICER_FEED,1
LN0003975,4,2019-07,Closed,0,2019-07,ServicerA,SERVICER_FEED,1
LN0003976,9,2019-01,30DPD,35,2019-01,ServicerB,SERVICER_FEED,1
LN0003977,4,2022-11,Default,120,2022-11,ServicerD,SERVICER_FEED,1
LN0003978,4,2022-04,Default,120,2022-04,ServicerC,SERVICER_FEED,1
LN0003979,6,2022-12,60DPD,65,2022-12,ServicerD,SERVICER_FEED,1
LN0003980,11,2022-11,90DPD,95,2022-11,ServicerC,SERVICER_FEED,1
LN0003981,4,2020-07,30DPD,35,2020-07,ServicerC,SERVICER_FEED,1
LN0003982,3,2020-08,Closed,0,2020-08,ServicerC,SERVICER_FEED,1
LN0003983,9,2020-08,30DPD,35,2020-08,ServicerD,SERVICER_FEED,1
LN0003984,11,2022-07,60DPD,65,2022-07,ServicerA,SERVICER_FEED,1
LN0003985,8,2019-03,30DPD,35,2019-03,ServicerB,SERVICER_FEED,1
LN0003986,5,2018-08,60DPD,65,2018-08,ServicerC,SERVICER_FEED,1
LN0003987,4,2023-02,Default,120,2023-02,ServicerA,SERVICER_FEED,1
LN0003988,8,2020-04,Prepaid,0,2020-04,ServicerD,SERVICER_FEED,1
LN0003989,9,2018-12,90DPD,95,2018-12,ServicerD,SERVICER_FEED,1
LN0003990,4,2021-09,60DPD,65,2021-09,ServicerD,SERVICER_FEED,1
LN0003991,5,2020-05,Current,0,2020-05,ServicerB,SERVICER_FEED,1
LN0003992,1,2019-03,Default,120,2019-03,ServicerD,SERVICER_FEED,1
LN0003993,25,2022-04,90DPD,95,2022-04,ServicerD,SERVICER_FEED,1
LN0003993,1,2020-04,60DPD,65,2020-04,ServicerD,SERVICER_FEED,1
LN0003994,2,2020-06,Default,120,2020-06,ServicerC,SERVICER_FEED,1
LN0003995,1,2021-02,30DPD,35,2021-02,ServicerC,SERVICER_FEED,1
LN0003996,4,2022-12,Closed,0,2022-12,ServicerD,SERVICER_FEED,1
LN0003997,14,2023-07,Closed,0,2023-07,ServicerB,SERVICER_FEED,1
LN0003998,8,2022-10,30DPD,35,2022-10,ServicerB,SERVICER_FEED,1
LN0003999,12,2021-06,Current,0,2021-06,ServicerC,SERVICER_FEED,1
LN0004000,2,2020-12,Default,120,2020-12,ServicerC,SERVICER_FEED,1
LN0004001,7,2019-03,90DPD,95,2019-03,ServicerD,SERVICER_FEED,1
LN0004002,7,2021-06,Closed,0,2021-06,ServicerB,SERVICER_FEED,1
LN0004003,5,2021-10,Current,0,2021-10,ServicerB,SERVICER_FEED,1
LN0004004,11,2023-05,90DPD,95,2023-05,ServicerB,SERVICER_FEED,1
LN0004005,4,2018-07,Closed,0,2018-07,ServicerA,SERVICER_FEED,1
LN0004006,1,2022-05,30DPD,35,2022-05,ServicerB,SERVICER_FEED,1
LN0004007,10,2021-06,Prepaid,0,2021-06,ServicerC,SERVICER_FEED,1
LN0004008,3,2018-09,60DPD,65,2018-09,ServicerA,SERVICER_FEED,1
LN0004009,1,2023-01,Default,120,2023-01,ServicerC,SERVICER_FEED,1
LN0004010,8,2020-12,90DPD,95,2020-12,ServicerA,SERVICER_FEED,1
LN0004011,5,2020-06,Prepaid,0,2020-06,ServicerA,SERVICER_FEED,1
LN0004012,16,2020-04,30DPD,35,2020-04,ServicerA,SERVICER_FEED,1
LN0004013,3,2018-08,60DPD,65,2018-08,ServicerC,SERVICER_FEED,1
LN0004014,8,2019-02,30DPD,35,2019-02,ServicerA,SERVICER_FEED,1
LN0004014,9,2019-03,90DPD,95,2019-03,ServicerA,SERVICER_FEED,1
LN0004015,12,2020-05,Prepaid,0,2020-05,ServicerB,SERVICER_FEED,1
LN0004016,18,2020-12,Default,120,2020-12,ServicerC,SERVICER_FEED,1
LN0004017,25,2022-05,Closed,0,2022-05,ServicerA,SERVICER_FEED,1
LN0004017,17,2021-09,60DPD,65,2021-09,ServicerD,SERVICER_FEED,1
LN0004018,2,2021-03,30DPD,35,2021-03,ServicerD,SERVICER_FEED,1
LN0004019,5,2023-05,Closed,0,2023-05,ServicerB,SERVICER_FEED,1
LN0004020,4,2022-04,30DPD,35,2022-04,ServicerC,SERVICER_FEED,1
LN0004021,16,2021-10,Prepaid,0,2021-10,ServicerA,SERVICER_FEED,1
LN0004022,3,2022-10,90DPD,95,2022-10,ServicerB,SERVICER_FEED,1
LN0004023,2,2020-12,Prepaid,0,2020-12,ServicerD,SERVICER_FEED,1
LN0004024,10,2020-12,Prepaid,0,2020-12,ServicerA,SERVICER_FEED,1
LN0004025,32,2021-10,30DPD,35,2021-10,ServicerD,SERVICER_FEED,1
LN0004025,37,2022-03,Default,120,2022-03,ServicerB,SERVICER_FEED,1
LN0004026,2,2020-04,60DPD,65,2020-04,ServicerA,SERVICER_FEED,1
LN0004027,5,2018-08,Default,120,2018-08,ServicerA,SERVICER_FEED,1
LN0004028,16,2020-02,60DPD,65,2020-02,ServicerB,SERVICER_FEED,1
LN0004029,2,2022-11,Current,0,2022-11,ServicerB,SERVICER_FEED,1
LN0004030,6,2019-06,90DPD,95,2019-06,ServicerA,SERVICER_FEED,1
LN0004031,3,2021-01,Prepaid,0,2021-01,ServicerA,SERVICER_FEED,1
LN0004032,18,2020-01,30DPD,35,2020-01,ServicerD,SERVICER_FEED,1
LN0004033,14,2022-03,Default,120,2022-03,ServicerC,SERVICER_FEED,1
LN0004033,4,2021-05,90DPD,95,2021-05,ServicerA,SERVICER_FEED,1
LN0004034,1,2022-12,30DPD,35,2022-12,ServicerC,SERVICER_FEED,1
LN0004035,6,2020-10,60DPD,65,2020-10,ServicerB,SERVICER_FEED,1
LN0004036,1,2018-09,30DPD,35,2018-09,ServicerA,SERVICER_FEED,1
LN0004037,2,2018-04,Prepaid,0,2018-04,ServicerC,SERVICER_FEED,1
LN0004038,1,2021-11,Default,120,2021-11,ServicerA,SERVICER_FEED,1
LN0004039,10,2019-05,60DPD,65,2019-05,ServicerA,SERVICER_FEED,1
LN0004040,2,2019-10,Closed,0,2019-10,ServicerD,SERVICER_FEED,1
LN0004041,30,2024-09,60DPD,65,2024-09,ServicerC,SERVICER_FEED,1
LN0004042,3,2020-12,30DPD,35,2020-12,ServicerA,SERVICER_FEED,1
LN0004043,9,2023-02,Prepaid,0,2023-02,ServicerD,SERVICER_FEED,1
LN0004044,1,2022-06,90DPD,95,2022-06,ServicerD,SERVICER_FEED,1
LN0004045,8,2021-12,30DPD,35,2021-12,ServicerA,SERVICER_FEED,1
LN0004046,7,2023-04,Closed,0,2023-04,ServicerB,SERVICER_FEED,1
LN0004047,10,2019-01,Closed,0,2019-01,ServicerA,SERVICER_FEED,1
LN0004048,12,2020-03,30DPD,35,2020-03,ServicerB,SERVICER_FEED,1
LN0004049,3,2019-08,Current,0,2019-08,ServicerA,SERVICER_FEED,1
LN0004050,4,2022-11,Closed,0,2022-11,ServicerA,SERVICER_FEED,1
LN0004051,20,2022-10,90DPD,95,2022-10,ServicerA,SERVICER_FEED,1
LN0004052,3,2019-07,30DPD,35,2019-07,ServicerC,SERVICER_FEED,1
LN0004053,4,2019-05,Current,0,2019-05,ServicerB,SERVICER_FEED,1
LN0004054,11,2022-12,Closed,0,2022-12,ServicerB,SERVICER_FEED,1
LN0004055,37,2025-05,60DPD,65,2025-05,ServicerD,SERVICER_FEED,1
LN0004056,1,2018-02,Default,120,2018-02,ServicerD,SERVICER_FEED,1
LN0004057,5,2020-03,Default,120,2020-03,ServicerA,SERVICER_FEED,1
LN0004058,2,2020-11,Prepaid,0,2020-11,ServicerA,SERVICER_FEED,1
LN0004059,19,2020-10,Prepaid,0,2020-10,ServicerA,SERVICER_FEED,1
LN0004060,14,2022-10,30DPD,35,2022-10,ServicerA,SERVICER_FEED,1
LN0004061,3,2022-01,Prepaid,0,2022-01,ServicerB,SERVICER_FEED,1
LN0004062,5,2022-08,Current,0,2022-08,ServicerD,SERVICER_FEED,1
LN0004063,12,2022-12,Closed,0,2022-12,ServicerB,SERVICER_FEED,1
LN0004064,2,2022-05,Prepaid,0,2022-05,ServicerB,SERVICER_FEED,1
LN0004065,9,2020-07,Prepaid,0,2020-07,ServicerC,SERVICER_FEED,1
LN0004066,5,2019-11,90DPD,95,2019-11,ServicerB,SERVICER_FEED,1
LN0004067,4,2019-11,60DPD,65,2019-11,ServicerC,SERVICER_FEED,1
LN0004068,4,2022-08,Default,120,2022-08,ServicerC,SERVICER_FEED,1
LN0004069,1,2021-04,Closed,0,2021-04,ServicerC,SERVICER_FEED,1
LN0004070,22,2021-06,Prepaid,0,2021-06,ServicerB,SERVICER_FEED,1
LN0004070,18,2021-02,Closed,0,2021-02,ServicerD,SERVICER_FEED,1
LN0004071,5,2022-01,Default,120,2022-01,ServicerC,SERVICER_FEED,1
LN0004072,7,2019-10,90DPD,95,2019-10,ServicerA,SERVICER_FEED,1
LN0004073,6,2019-11,Default,120,2019-11,ServicerB,SERVICER_FEED,1
LN0004074,30,2020-07,Closed,0,2020-07,ServicerA,SERVICER_FEED,1
LN0004074,1,2018-02,Prepaid,0,2018-02,ServicerD,SERVICER_FEED,1
LN0004075,1,2022-11,Prepaid,0,2022-11,ServicerC,SERVICER_FEED,1
LN0004076,1,2019-04,Default,120,2019-04,ServicerD,SERVICER_FEED,1
LN0004077,4,2022-02,90DPD,95,2022-02,ServicerD,SERVICER_FEED,1
LN0004078,7,2019-03,Closed,0,2019-03,ServicerA,SERVICER_FEED,1
LN0004079,8,2018-11,Prepaid,0,2018-11,ServicerC,SERVICER_FEED,1
LN0004079,19,2019-10,Closed,0,2019-10,ServicerB,SERVICER_FEED,1
LN0004080,9,2022-02,Closed,0,2022-02,ServicerD,SERVICER_FEED,1
LN0004081,5,2018-11,Closed,0,2018-11,ServicerD,SERVICER_FEED,1
LN0004082,5,2019-02,30DPD,35,2019-02,ServicerB,SERVICER_FEED,1
LN0004083,11,2020-07,Current,0,2020-07,ServicerA,SERVICER_FEED,1
LN0004084,3,2021-03,90DPD,95,2021-03,ServicerD,SERVICER_FEED,1
LN0004085,8,2018-10,30DPD,35,2018-10,ServicerB,SERVICER_FEED,1
LN0004086,4,2018-12,Default,120,2018-12,ServicerD,SERVICER_FEED,1
LN0004087,3,2019-12,30DPD,35,2019-12,ServicerA,SERVICER_FEED,1
LN0004088,2,2021-09,Prepaid,0,2021-09,ServicerA,SERVICER_FEED,1
LN0004089,19,2020-01,Default,120,2020-01,ServicerA,SERVICER_FEED,1
LN0004090,5,2019-11,Prepaid,0,2019-11,ServicerA,SERVICER_FEED,1
LN0004091,3,2019-03,Closed,0,2019-03,ServicerD,SERVICER_FEED,1
LN0004092,5,2019-12,60DPD,65,2019-12,ServicerB,SERVICER_FEED,1
LN0004093,4,2019-08,30DPD,35,2019-08,ServicerA,SERVICER_FEED,1
LN0004094,11,2022-02,Prepaid,0,2022-02,ServicerA,SERVICER_FEED,1
LN0004095,10,2019-03,30DPD,35,2019-03,ServicerC,SERVICER_FEED,1
LN0004096,2,2022-11,30DPD,35,2022-11,ServicerC,SERVICER_FEED,1
LN0004097,9,2019-12,Default,120,2019-12,ServicerC,SERVICER_FEED,1
LN0004098,21,2024-09,30DPD,35,2024-09,ServicerA,SERVICER_FEED,1
LN0004099,4,2021-12,30DPD,35,2021-12,ServicerA,SERVICER_FEED,1
LN0004100,3,2020-01,Current,0,2020-01,ServicerA,SERVICER_FEED,1
LN0004101,1,2019-08,Prepaid,0,2019-08,ServicerC,SERVICER_FEED,1
LN0004102,39,2025-12,Closed,0,2025-12,ServicerD,SERVICER_FEED,1
LN0004102,1,2022-10,90DPD,95,2022-10,ServicerD,SERVICER_FEED,1
LN0004103,5,2023-05,30DPD,35,2023-05,ServicerC,SERVICER_FEED,1
LN0004104,3,2021-04,60DPD,65,2021-04,ServicerD,SERVICER_FEED,1
LN0004105,5,2018-08,90DPD,95,2018-08,ServicerB,SERVICER_FEED,1
LN0004106,31,2025-02,Closed,0,2025-02,ServicerB,SERVICER_FEED,1
LN0004106,10,2023-05,Default,120,2023-05,ServicerD,SERVICER_FEED,1
LN0004107,5,2020-10,Closed,0,2020-10,ServicerB,SERVICER_FEED,1
LN0004108,7,2018-09,Closed,0,2018-09,ServicerB,SERVICER_FEED,1
LN0004109,1,2022-02,Default,120,2022-02,ServicerC,SERVICER_FEED,1
LN0004110,7,2018-10,Prepaid,0,2018-10,ServicerD,SERVICER_FEED,1
LN0004110,12,2019-03,60DPD,65,2019-03,ServicerA,SERVICER_FEED,1
LN0004111,2,2020-01,Closed,0,2020-01,ServicerC,SERVICER_FEED,1
LN0004112,5,2018-10,60DPD,65,2018-10,ServicerA,SERVICER_FEED,1
LN0004113,2,2020-05,Closed,0,2020-05,ServicerD,SERVICER_FEED,1
LN0004114,6,2022-07,Prepaid,0,2022-07,ServicerB,SERVICER_FEED,1
LN0004115,23,2020-07,Default,120,2020-07,ServicerA,SERVICER_FEED,1
LN0004115,36,2021-08,90DPD,95,2021-08,ServicerA,SERVICER_FEED,1
LN0004116,15,2019-12,Default,120,2019-12,ServicerB,SERVICER_FEED,1
LN0004117,20,2024-06,60DPD,65,2024-06,ServicerD,SERVICER_FEED,1
LN0004118,1,2018-12,30DPD,35,2018-12,ServicerD,SERVICER_FEED,1
LN0004119,3,2018-10,Prepaid,0,2018-10,ServicerC,SERVICER_FEED,1
LN0004120,1,2021-01,90DPD,95,2021-01,ServicerB,SERVICER_FEED,1
LN0004121,8,2020-01,Default,120,2020-01,ServicerD,SERVICER_FEED,1
LN0004122,9,2023-07,Current,0,2023-07,ServicerC,SERVICER_FEED,1
LN0004123,9,2019-07,Closed,0,2019-07,ServicerD,SERVICER_FEED,1
LN0004124,11,2021-09,Prepaid,0,2021-09,ServicerD,SERVICER_FEED,1
LN0004124,20,2022-06,60DPD,65,2022-06,ServicerC,SERVICER_FEED,1
LN0004125,1,2022-09,Closed,0,2022-09,ServicerA,SERVICER_FEED,1
LN0004126,2,2021-10,Default,120,2021-10,ServicerD,SERVICER_FEED,1
LN0004127,3,2018-05,30DPD,35,2018-05,ServicerB,SERVICER_FEED,1
LN0004128,13,2020-01,Closed,0,2020-01,ServicerC,SERVICER_FEED,1
LN0004129,2,2018-10,Closed,0,2018-10,ServicerA,SERVICER_FEED,1
LN0004130,4,2022-11,90DPD,95,2022-11,ServicerD,SERVICER_FEED,1
LN0004131,15,2020-04,Prepaid,0,2020-04,ServicerD,SERVICER_FEED,1
LN0004132,1,2018-05,30DPD,35,2018-05,ServicerA,SERVICER_FEED,1
LN0004133,6,2020-05,Closed,0,2020-05,ServicerD,SERVICER_FEED,1
LN0004134,2,2019-08,30DPD,35,2019-08,ServicerB,SERVICER_FEED,1
LN0004135,26,2020-12,Closed,0,2020-12,ServicerC,SERVICER_FEED,1
LN0004136,18,2021-10,Current,0,2021-10,ServicerB,SERVICER_FEED,1
LN0004137,28,2024-11,60DPD,65,2024-11,ServicerB,SERVICER_FEED,1
LN0004138,3,2019-05,90DPD,95,2019-05,ServicerB,SERVICER_FEED,1
LN0004139,6,2023-05,90DPD,95,2023-05,ServicerB,SERVICER_FEED,1
LN0004140,7,2021-11,60DPD,65,2021-11,ServicerB,SERVICER_FEED,1
LN0004141,19,2021-06,Default,120,2021-06,ServicerA,SERVICER_FEED,1
LN0004142,5,2021-10,Prepaid,0,2021-10,ServicerD,SERVICER_FEED,1
LN0004143,3,2019-12,Default,120,2019-12,ServicerA,SERVICER_FEED,1
LN0004144,3,2019-04,30DPD,35,2019-04,ServicerB,SERVICER_FEED,1
LN0004145,9,2019-12,Closed,0,2019-12,ServicerB,SERVICER_FEED,1
LN0004146,3,2018-04,90DPD,95,2018-04,ServicerA,SERVICER_FEED,1
LN0004147,6,2021-09,60DPD,65,2021-09,ServicerD,SERVICER_FEED,1
LN0004148,4,2018-09,90DPD,95,2018-09,ServicerB,SERVICER_FEED,1
LN0004149,1,2019-01,90DPD,95,2019-01,ServicerA,SERVICER_FEED,1
LN0004150,24,2020-01,30DPD,35,2020-01,ServicerA,SERVICER_FEED,1
LN0004151,16,2019-08,Default,120,2019-08,ServicerC,SERVICER_FEED,1
LN0004152,18,2024-01,90DPD,95,2024-01,ServicerD,SERVICER_FEED,1
LN0004153,38,2021-04,Prepaid,0,2021-04,ServicerB,SERVICER_FEED,1
LN0004153,10,2018-12,Closed,0,2018-12,ServicerC,SERVICER_FEED,1
LN0004154,4,2021-06,60DPD,65,2021-06,ServicerA,SERVICER_FEED,1
LN0004155,12,2020-08,30DPD,35,2020-08,ServicerB,SERVICER_FEED,1
LN0004156,16,2020-01,Current,0,2020-01,ServicerC,SERVICER_FEED,1
LN0004157,1,2019-08,60DPD,65,2019-08,ServicerC,SERVICER_FEED,1
LN0004158,15,2019-09,Closed,0,2019-09,ServicerD,SERVICER_FEED,1
LN0004159,3,2019-10,Default,120,2019-10,ServicerA,SERVICER_FEED,1
LN0004160,3,2022-05,60DPD,65,2022-05,ServicerB,SERVICER_FEED,1
LN0004161,17,2022-07,Prepaid,0,2022-07,ServicerC,SERVICER_FEED,1
LN0004162,7,2022-08,Prepaid,0,2022-08,ServicerC,SERVICER_FEED,1
LN0004163,10,2022-04,Default,120,2022-04,ServicerC,SERVICER_FEED,1
LN0004164,11,2023-07,Default,120,2023-07,ServicerA,SERVICER_FEED,1
LN0004165,3,2018-10,90DPD,95,2018-10,ServicerC,SERVICER_FEED,1
LN0004166,9,2019-07,Closed,0,2019-07,ServicerC,SERVICER_FEED,1
LN0004167,39,2023-04,60DPD,65,2023-04,ServicerA,SERVICER_FEED,1
LN0004167,42,2023-07,90DPD,95,2023-07,ServicerA,SERVICER_FEED,1
LN0004168,20,2022-04,Closed,0,2022-04,ServicerB,SERVICER_FEED,1
LN0004169,32,2024-08,Closed,0,2024-08,ServicerB,SERVICER_FEED,1
LN0004169,17,2023-05,60DPD,65,2023-05,ServicerB,SERVICER_FEED,1
LN0004170,7,2019-03,90DPD,95,2019-03,ServicerD,SERVICER_FEED,1
LN0004171,4,2018-11,60DPD,65,2018-11,ServicerD,SERVICER_FEED,1
LN0004172,12,2022-12,90DPD,95,2022-12,ServicerB,SERVICER_FEED,1
LN0004173,5,2021-02,30DPD,35,2021-02,ServicerC,SERVICER_FEED,1
LN0004174,3,2020-04,90DPD,95,2020-04,ServicerB,SERVICER_FEED,1
LN0004175,6,2019-08,Prepaid,0,2019-08,ServicerD,SERVICER_FEED,1
LN0004176,2,2021-08,90DPD,95,2021-08,ServicerC,SERVICER_FEED,1
LN0004177,1,2022-02,60DPD,65,2022-02,ServicerA,SERVICER_FEED,1
LN0004178,4,2018-06,90DPD,95,2018-06,ServicerD,SERVICER_FEED,1
LN0004179,20,2019-12,90DPD,95,2019-12,ServicerA,SERVICER_FEED,1
LN0004180,15,2023-02,90DPD,95,2023-02,ServicerC,SERVICER_FEED,1
LN0004181,6,2022-12,90DPD,95,2022-12,ServicerC,SERVICER_FEED,1
LN0004182,13,2020-03,Default,120,2020-03,ServicerB,SERVICER_FEED,1
LN0004183,7,2022-02,Closed,0,2022-02,ServicerD,SERVICER_FEED,1
LN0004184,7,2022-10,90DPD,95,2022-10,ServicerC,SERVICER_FEED,1
LN0004185,6,2019-01,90DPD,95,2019-01,ServicerD,SERVICER_FEED,1
LN0004186,8,2019-08,Default,120,2019-08,ServicerB,SERVICER_FEED,1
LN0004187,4,2018-12,30DPD,35,2018-12,ServicerB,SERVICER_FEED,1
LN0004188,15,2023-03,Default,120,2023-03,ServicerB,SERVICER_FEED,1
LN0004189,2,2022-01,Prepaid,0,2022-01,ServicerD,SERVICER_FEED,1
LN0004190,5,2019-02,Prepaid,0,2019-02,ServicerC,SERVICER_FEED,1
LN0004191,25,2020-12,Prepaid,0,2020-12,ServicerD,SERVICER_FEED,1
LN0004192,2,2021-06,Closed,0,2021-06,ServicerD,SERVICER_FEED,1
LN0004193,3,2022-09,60DPD,65,2022-09,ServicerA,SERVICER_FEED,1
LN0004194,12,2022-11,Prepaid,0,2022-11,ServicerA,SERVICER_FEED,1
LN0004195,5,2019-04,60DPD,65,2019-04,ServicerC,SERVICER_FEED,1
LN0004196,29,2022-05,Prepaid,0,2022-05,ServicerD,SERVICER_FEED,1
LN0004196,27,2022-03,Closed,0,2022-03,ServicerA,SERVICER_FEED,1
LN0004197,25,2020-06,Prepaid,0,2020-06,ServicerD,SERVICER_FEED,1
LN0004197,19,2019-12,Default,120,2019-12,ServicerB,SERVICER_FEED,1
LN0004198,1,2019-04,90DPD,95,2019-04,ServicerB,SERVICER_FEED,1
LN0004199,2,2020-12,60DPD,65,2020-12,ServicerA,SERVICER_FEED,1
LN0004200,9,2020-06,60DPD,65,2020-06,ServicerC,SERVICER_FEED,1
LN0004201,6,2021-07,Closed,0,2021-07,ServicerB,SERVICER_FEED,1
LN0004201,26,2023-03,30DPD,35,2023-03,ServicerB,SERVICER_FEED,1
LN0004202,2,2019-08,90DPD,95,2019-08,ServicerA,SERVICER_FEED,1
LN0004203,2,2020-12,Default,120,2020-12,ServicerD,SERVICER_FEED,1
LN0004204,9,2021-12,30DPD,35,2021-12,ServicerD,SERVICER_FEED,1
LN0004205,1,2019-01,30DPD,35,2019-01,ServicerB,SERVICER_FEED,1
LN0004206,18,2019-09,Prepaid,0,2019-09,ServicerC,SERVICER_FEED,1
LN0004207,1,2019-10,30DPD,35,2019-10,ServicerA,SERVICER_FEED,1
LN0004208,4,2018-07,Prepaid,0,2018-07,ServicerA,SERVICER_FEED,1
LN0004209,20,2020-06,30DPD,35,2020-06,ServicerC,SERVICER_FEED,1
LN0004210,11,2020-05,60DPD,65,2020-05,ServicerA,SERVICER_FEED,1
LN0004211,3,2019-12,Closed,0,2019-12,ServicerA,SERVICER_FEED,1
LN0004212,2,2019-07,Closed,0,2019-07,ServicerB,SERVICER_FEED,1
LN0004213,28,2020-08,Prepaid,0,2020-08,ServicerA,SERVICER_FEED,1
LN0004213,37,2021-05,30DPD,35,2021-05,ServicerC,SERVICER_FEED,1
LN0004214,33,2021-08,Default,120,2021-08,ServicerA,SERVICER_FEED,1
LN0004214,26,2021-01,30DPD,35,2021-01,ServicerD,SERVICER_FEED,1
LN0004215,4,2022-09,30DPD,35,2022-09,ServicerD,SERVICER_FEED,1
LN0004216,3,2021-11,Closed,0,2021-11,ServicerA,SERVICER_FEED,1
LN0004217,4,2020-07,Current,0,2020-07,ServicerD,SERVICER_FEED,1
LN0004218,2,2018-04,60DPD,65,2018-04,ServicerB,SERVICER_FEED,1
LN0004219,17,2021-03,90DPD,95,2021-03,ServicerD,SERVICER_FEED,1
LN0004220,1,2022-09,Prepaid,0,2022-09,ServicerB,SERVICER_FEED,1
LN0004221,2,2022-03,Current,0,2022-03,ServicerD,SERVICER_FEED,1
LN0004222,40,2025-02,30DPD,35,2025-02,ServicerB,SERVICER_FEED,1
LN0004222,13,2022-11,Default,120,2022-11,ServicerD,SERVICER_FEED,1
LN0004223,12,2020-03,30DPD,35,2020-03,ServicerD,SERVICER_FEED,1
LN0004224,3,2020-04,Prepaid,0,2020-04,ServicerA,SERVICER_FEED,1
LN0004225,8,2018-10,Current,0,2018-10,ServicerB,SERVICER_FEED,1
LN0004226,3,2022-07,Default,120,2022-07,ServicerB,SERVICER_FEED,1
LN0004227,7,2019-02,Current,0,2019-02,ServicerD,SERVICER_FEED,1
LN0004228,8,2021-10,Default,120,2021-10,ServicerB,SERVICER_FEED,1
LN0004229,1,2019-06,90DPD,95,2019-06,ServicerA,SERVICER_FEED,1
LN0004230,1,2020-12,Closed,0,2020-12,ServicerD,SERVICER_FEED,1
LN0004231,1,2022-03,Closed,0,2022-03,ServicerD,SERVICER_FEED,1
LN0004232,6,2020-01,Default,120,2020-01,ServicerB,SERVICER_FEED,1
LN0004233,2,2018-03,90DPD,95,2018-03,ServicerC,SERVICER_FEED,1
LN0004234,1,2021-05,Closed,0,2021-05,ServicerB,SERVICER_FEED,1
LN0004235,5,2021-01,90DPD,95,2021-01,ServicerB,SERVICER_FEED,1
LN0004236,9,2019-06,Default,120,2019-06,ServicerD,SERVICER_FEED,1
LN0004237,5,2018-08,30DPD,35,2018-08,ServicerA,SERVICER_FEED,1
LN0004238,1,2020-09,Prepaid,0,2020-09,ServicerB,SERVICER_FEED,1
LN0004239,18,2022-07,60DPD,65,2022-07,ServicerD,SERVICER_FEED,1
LN0004240,2,2018-09,Closed,0,2018-09,ServicerB,SERVICER_FEED,1
LN0004241,2,2021-02,Closed,0,2021-02,ServicerA,SERVICER_FEED,1
LN0004242,5,2020-08,30DPD,35,2020-08,ServicerA,SERVICER_FEED,1
LN0004243,6,2019-03,Prepaid,0,2019-03,ServicerA,SERVICER_FEED,1
LN0004244,10,2021-11,Prepaid,0,2021-11,ServicerD,SERVICER_FEED,1
LN0004245,7,2021-10,Closed,0,2021-10,ServicerB,SERVICER_FEED,1
LN0004246,12,2019-10,Default,120,2019-10,ServicerD,SERVICER_FEED,1
LN0004247,4,2021-09,60DPD,65,2021-09,ServicerA,SERVICER_FEED,1
LN0004248,3,2019-05,Default,120,2019-05,ServicerC,SERVICER_FEED,1
LN0004248,34,2021-12,90DPD,95,2021-12,ServicerB,SERVICER_FEED,1
LN0004249,2,2021-02,Current,0,2021-02,ServicerC,SERVICER_FEED,1
LN0004250,1,2022-02,Default,120,2022-02,ServicerD,SERVICER_FEED,1
LN0004251,4,2023-01,30DPD,35,2023-01,ServicerD,SERVICER_FEED,1
LN0004252,12,2020-04,60DPD,65,2020-04,ServicerA,SERVICER_FEED,1
LN0004252,1,2019-05,90DPD,95,2019-05,ServicerD,SERVICER_FEED,1
LN0004253,5,2020-02,Closed,0,2020-02,ServicerA,SERVICER_FEED,1
LN0004254,15,2019-09,Default,120,2019-09,ServicerC,SERVICER_FEED,1
LN0004254,22,2020-04,Closed,0,2020-04,ServicerD,SERVICER_FEED,1
LN0004255,11,2023-10,Closed,0,2023-10,ServicerC,SERVICER_FEED,1
LN0004256,1,2019-09,60DPD,65,2019-09,ServicerC,SERVICER_FEED,1
LN0004257,17,2023-06,90DPD,95,2023-06,ServicerD,SERVICER_FEED,1
LN0004258,20,2024-05,Closed,0,2024-05,ServicerA,SERVICER_FEED,1
LN0004259,4,2020-09,90DPD,95,2020-09,ServicerC,SERVICER_FEED,1
LN0004260,5,2021-11,Closed,0,2021-11,ServicerC,SERVICER_FEED,1
LN0004261,3,2020-08,Closed,0,2020-08,ServicerC,SERVICER_FEED,1
LN0004262,6,2021-05,60DPD,65,2021-05,ServicerC,SERVICER_FEED,1
LN0004263,11,2020-03,Prepaid,0,2020-03,ServicerB,SERVICER_FEED,1
LN0004264,9,2022-12,60DPD,65,2022-12,ServicerB,SERVICER_FEED,1
LN0004265,5,2019-01,Default,120,2019-01,ServicerB,SERVICER_FEED,1
LN0004266,2,2021-06,Prepaid,0,2021-06,ServicerC,SERVICER_FEED,1
LN0004267,17,2024-01,Closed,0,2024-01,ServicerD,SERVICER_FEED,1
LN0004268,4,2022-05,Default,120,2022-05,ServicerD,SERVICER_FEED,1
LN0004269,11,2022-09,Current,0,2022-09,ServicerC,SERVICER_FEED,1
LN0004270,4,2021-08,60DPD,65,2021-08,ServicerD,SERVICER_FEED,1
LN0004271,13,2023-10,Closed,0,2023-10,ServicerD,SERVICER_FEED,1
LN0004272,9,2023-01,60DPD,65,2023-01,ServicerA,SERVICER_FEED,1
LN0004273,1,2019-06,90DPD,95,2019-06,ServicerA,SERVICER_FEED,1
LN0004274,1,2021-03,30DPD,35,2021-03,ServicerC,SERVICER_FEED,1
LN0004275,4,2020-06,60DPD,65,2020-06,ServicerA,SERVICER_FEED,1
LN0004276,3,2019-07,Closed,0,2019-07,ServicerC,SERVICER_FEED,1
LN0004277,5,2022-07,60DPD,65,2022-07,ServicerA,SERVICER_FEED,1
LN0004278,2,2018-05,Closed,0,2018-05,ServicerB,SERVICER_FEED,1
LN0004279,7,2019-03,60DPD,65,2019-03,ServicerB,SERVICER_FEED,1
LN0004280,6,2019-01,Prepaid,0,2019-01,ServicerB,SERVICER_FEED,1
LN0004281,3,2019-04,Closed,0,2019-04,ServicerC,SERVICER_FEED,1
LN0004282,3,2020-10,Default,120,2020-10,ServicerC,SERVICER_FEED,1
LN0004283,13,2023-10,60DPD,65,2023-10,ServicerA,SERVICER_FEED,1
LN0004284,9,2023-08,Prepaid,0,2023-08,ServicerB,SERVICER_FEED,1
LN0004285,3,2022-10,Current,0,2022-10,ServicerB,SERVICER_FEED,1
LN0004286,24,2023-10,60DPD,65,2023-10,ServicerD,SERVICER_FEED,1
LN0004287,2,2020-06,Prepaid,0,2020-06,ServicerB,SERVICER_FEED,1
LN0004288,9,2022-08,Current,0,2022-08,ServicerB,SERVICER_FEED,1
LN0004289,1,2019-06,Default,120,2019-06,ServicerD,SERVICER_FEED,1
LN0004290,29,2023-09,60DPD,65,2023-09,ServicerB,SERVICER_FEED,1
LN0004291,3,2018-04,Default,120,2018-04,ServicerB,SERVICER_FEED,1
LN0004292,4,2022-11,Current,0,2022-11,ServicerD,SERVICER_FEED,1
LN0004293,1,2022-12,60DPD,65,2022-12,ServicerA,SERVICER_FEED,1
LN0004294,4,2022-01,Prepaid,0,2022-01,ServicerC,SERVICER_FEED,1
LN0004295,14,2020-01,90DPD,95,2020-01,ServicerA,SERVICER_FEED,1
LN0004296,21,2021-01,Closed,0,2021-01,ServicerA,SERVICER_FEED,1
LN0004297,6,2022-03,Closed,0,2022-03,ServicerC,SERVICER_FEED,1
LN0004298,1,2020-07,90DPD,95,2020-07,ServicerD,SERVICER_FEED,1
LN0004299,18,2022-03,90DPD,95,2022-03,ServicerA,SERVICER_FEED,1
LN0004299,30,2023-03,Default,120,2023-03,ServicerA,SERVICER_FEED,1
LN0004300,10,2020-11,90DPD,95,2020-11,ServicerA,SERVICER_FEED,1
LN0004301,2,2022-05,Closed,0,2022-05,ServicerA,SERVICER_FEED,1
LN0004302,11,2019-09,Current,0,2019-09,ServicerA,SERVICER_FEED,1
LN0004303,11,2021-02,Prepaid,0,2021-02,ServicerA,SERVICER_FEED,1
LN0004304,20,2020-10,60DPD,65,2020-10,ServicerD,SERVICER_FEED,1
LN0004305,12,2022-06,Default,120,2022-06,ServicerB,SERVICER_FEED,1
LN0004306,11,2020-05,30DPD,35,2020-05,ServicerA,SERVICER_FEED,1
LN0004307,6,2020-01,Default,120,2020-01,ServicerA,SERVICER_FEED,1
LN0004308,1,2018-12,60DPD,65,2018-12,ServicerB,SERVICER_FEED,1
LN0004309,5,2022-09,Default,120,2022-09,ServicerA,SERVICER_FEED,1
LN0004310,2,2019-04,30DPD,35,2019-04,ServicerD,SERVICER_FEED,1
LN0004311,3,2022-08,30DPD,35,2022-08,ServicerD,SERVICER_FEED,1
LN0004312,11,2023-06,Closed,0,2023-06,ServicerA,SERVICER_FEED,1
LN0004312,7,2023-02,Default,120,2023-02,ServicerB,SERVICER_FEED,1
LN0004313,17,2024-03,Prepaid,0,2024-03,ServicerD,SERVICER_FEED,1
LN0004313,29,2025-03,60DPD,65,2025-03,ServicerA,SERVICER_FEED,1
LN0004314,4,2020-01,Prepaid,0,2020-01,ServicerD,SERVICER_FEED,1
LN0004315,36,2024-04,30DPD,35,2024-04,ServicerA,SERVICER_FEED,1
LN0004315,27,2023-07,30DPD,35,2023-07,ServicerB,SERVICER_FEED,1
LN0004316,7,2022-09,Prepaid,0,2022-09,ServicerC,SERVICER_FEED,1
LN0004317,6,2018-11,Prepaid,0,2018-11,ServicerD,SERVICER_FEED,1
LN0004318,1,2018-05,Default,120,2018-05,ServicerC,SERVICER_FEED,1
LN0004319,6,2019-07,Current,0,2019-07,ServicerB,SERVICER_FEED,1
LN0004320,8,2023-07,Default,120,2023-07,ServicerB,SERVICER_FEED,1
LN0004321,1,2018-07,90DPD,95,2018-07,ServicerD,SERVICER_FEED,1
LN0004322,12,2022-10,60DPD,65,2022-10,ServicerC,SERVICER_FEED,1
LN0004323,4,2022-07,30DPD,35,2022-07,ServicerB,SERVICER_FEED,1
LN0004324,8,2023-03,90DPD,95,2023-03,ServicerB,SERVICER_FEED,1
LN0004324,32,2025-03,90DPD,95,2025-03,ServicerA,SERVICER_FEED,1
LN0004325,40,2023-12,90DPD,95,2023-12,ServicerC,SERVICER_FEED,1
LN0004325,27,2022-11,Default,120,2022-11,ServicerA,SERVICER_FEED,1
LN0004326,24,2022-08,90DPD,95,2022-08,ServicerC,SERVICER_FEED,1
LN0004327,6,2022-03,Default,120,2022-03,ServicerD,SERVICER_FEED,1
LN0004328,11,2022-02,30DPD,35,2022-02,ServicerA,SERVICER_FEED,1
LN0004329,4,2022-04,Closed,0,2022-04,ServicerC,SERVICER_FEED,1
LN0004330,7,2020-05,Current,0,2020-05,ServicerC,SERVICER_FEED,1
LN0004331,2,2022-10,30DPD,35,2022-10,ServicerC,SERVICER_FEED,1
LN0004332,4,2020-06,60DPD,65,2020-06,ServicerB,SERVICER_FEED,1
LN0004333,17,2020-08,60DPD,65,2020-08,ServicerC,SERVICER_FEED,1
LN0004333,38,2022-05,Prepaid,0,2022-05,ServicerC,SERVICER_FEED,1
LN0004334,13,2022-11,90DPD,95,2022-11,ServicerC,SERVICER_FEED,1
LN0004335,1,2021-03,90DPD,95,2021-03,ServicerA,SERVICER_FEED,1
LN0004336,19,2019-11,Default,120,2019-11,ServicerC,SERVICER_FEED,1
LN0004336,18,2019-10,Default,120,2019-10,ServicerB,SERVICER_FEED,1
LN0004337,1,2018-11,Prepaid,0,2018-11,ServicerA,SERVICER_FEED,1
LN0004337,13,2019-11,Prepaid,0,2019-11,ServicerC,SERVICER_FEED,1
LN0004338,6,2018-09,90DPD,95,2018-09,ServicerB,SERVICER_FEED,1
LN0004339,23,2022-10,60DPD,65,2022-10,ServicerA,SERVICER_FEED,1
LN0004340,5,2022-10,90DPD,95,2022-10,ServicerD,SERVICER_FEED,1
LN0004341,7,2020-03,Prepaid,0,2020-03,ServicerC,SERVICER_FEED,1
LN0004342,4,2018-11,Current,0,2018-11,ServicerA,SERVICER_FEED,1
LN0004343,7,2022-11,Current,0,2022-11,ServicerB,SERVICER_FEED,1
LN0004343,8,2022-12,Default,120,2022-12,ServicerD,SERVICER_FEED,1
LN0004344,5,2022-01,Closed,0,2022-01,ServicerC,SERVICER_FEED,1
LN0004345,10,2021-07,Default,120,2021-07,ServicerD,SERVICER_FEED,1
LN0004346,1,2019-01,Prepaid,0,2019-01,ServicerC,SERVICER_FEED,1
LN0004347,15,2022-08,60DPD,65,2022-08,ServicerB,SERVICER_FEED,1
LN0004348,6,2020-04,90DPD,95,2020-04,ServicerA,SERVICER_FEED,1
LN0004349,6,2019-09,Closed,0,2019-09,ServicerC,SERVICER_FEED,1
LN0004350,6,2019-12,90DPD,95,2019-12,ServicerC,SERVICER_FEED,1
LN0004351,5,2018-09,Prepaid,0,2018-09,ServicerC,SERVICER_FEED,1
LN0004352,3,2020-09,Default,120,2020-09,ServicerA,SERVICER_FEED,1
LN0004353,3,2022-01,60DPD,65,2022-01,ServicerA,SERVICER_FEED,1
LN0004354,7,2022-09,Closed,0,2022-09,ServicerC,SERVICER_FEED,1
LN0004355,2,2021-10,90DPD,95,2021-10,ServicerA,SERVICER_FEED,1
LN0004356,10,2023-03,Prepaid,0,2023-03,ServicerB,SERVICER_FEED,1
LN0004357,3,2023-01,Closed,0,2023-01,ServicerC,SERVICER_FEED,1
LN0004358,2,2019-04,90DPD,95,2019-04,ServicerD,SERVICER_FEED,1
LN0004359,1,2020-04,30DPD,35,2020-04,ServicerD,SERVICER_FEED,1
LN0004360,42,2023-03,60DPD,65,2023-03,ServicerB,SERVICER_FEED,1
LN0004360,13,2020-10,90DPD,95,2020-10,ServicerC,SERVICER_FEED,1
LN0004361,3,2021-09,90DPD,95,2021-09,ServicerB,SERVICER_FEED,1
LN0004362,4,2022-07,Current,0,2022-07,ServicerB,SERVICER_FEED,1
LN0004363,4,2022-10,30DPD,35,2022-10,ServicerC,SERVICER_FEED,1
LN0004364,4,2018-10,30DPD,35,2018-10,ServicerD,SERVICER_FEED,1
LN0004365,3,2020-10,60DPD,65,2020-10,ServicerA,SERVICER_FEED,1
LN0004366,9,2019-05,Default,120,2019-05,ServicerC,SERVICER_FEED,1
LN0004367,1,2019-09,Default,120,2019-09,ServicerA,SERVICER_FEED,1
LN0004368,11,2021-04,Default,120,2021-04,ServicerA,SERVICER_FEED,1
LN0004368,26,2022-07,Prepaid,0,2022-07,ServicerB,SERVICER_FEED,1
LN0004369,12,2022-02,Default,120,2022-02,ServicerC,SERVICER_FEED,1
LN0004370,10,2022-10,60DPD,65,2022-10,ServicerB,SERVICER_FEED,1
LN0004371,18,2024-06,Current,0,2024-06,ServicerC,SERVICER_FEED,1
LN0004372,20,2021-05,30DPD,35,2021-05,ServicerA,SERVICER_FEED,1
LN0004373,9,2021-07,Closed,0,2021-07,ServicerD,SERVICER_FEED,1
LN0004374,7,2018-12,Prepaid,0,2018-12,ServicerC,SERVICER_FEED,1
LN0004375,2,2018-09,Default,120,2018-09,ServicerD,SERVICER_FEED,1
LN0004376,1,2022-12,30DPD,35,2022-12,ServicerD,SERVICER_FEED,1
LN0004377,23,2024-08,Closed,0,2024-08,ServicerA,SERVICER_FEED,1
LN0004378,4,2023-01,Current,0,2023-01,ServicerB,SERVICER_FEED,1
LN0004379,1,2019-05,Prepaid,0,2019-05,ServicerB,SERVICER_FEED,1
LN0004380,15,2022-07,90DPD,95,2022-07,ServicerC,SERVICER_FEED,1
LN0004381,9,2019-11,Prepaid,0,2019-11,ServicerB,SERVICER_FEED,1
LN0004382,22,2023-03,Prepaid,0,2023-03,ServicerA,SERVICER_FEED,1
LN0004383,2,2020-08,90DPD,95,2020-08,ServicerB,SERVICER_FEED,1
LN0004384,14,2023-10,90DPD,95,2023-10,ServicerC,SERVICER_FEED,1
LN0004384,26,2024-10,30DPD,35,2024-10,ServicerB,SERVICER_FEED,1
LN0004385,8,2020-07,Prepaid,0,2020-07,ServicerB,SERVICER_FEED,1
LN0004386,1,2021-04,Prepaid,0,2021-04,ServicerC,SERVICER_FEED,1
LN0004387,9,2022-01,60DPD,65,2022-01,ServicerA,SERVICER_FEED,1
LN0004388,1,2022-01,30DPD,35,2022-01,ServicerA,SERVICER_FEED,1
LN0004389,1,2018-05,Default,120,2018-05,ServicerD,SERVICER_FEED,1
LN0004390,9,2021-01,Closed,0,2021-01,ServicerB,SERVICER_FEED,1
LN0004391,9,2021-01,90DPD,95,2021-01,ServicerC,SERVICER_FEED,1
LN0004392,4,2019-06,Current,0,2019-06,ServicerD,SERVICER_FEED,1
LN0004393,24,2024-01,90DPD,95,2024-01,ServicerD,SERVICER_FEED,1
LN0004394,1,2022-03,60DPD,65,2022-03,ServicerC,SERVICER_FEED,1
LN0004395,8,2019-01,Closed,0,2019-01,ServicerC,SERVICER_FEED,1
LN0004396,31,2024-01,Closed,0,2024-01,ServicerA,SERVICER_FEED,1
LN0004397,8,2022-12,90DPD,95,2022-12,ServicerA,SERVICER_FEED,1
LN0004398,6,2019-12,90DPD,95,2019-12,ServicerA,SERVICER_FEED,1
LN0004399,9,2021-11,30DPD,35,2021-11,ServicerC,SERVICER_FEED,1
LN0004400,6,2021-08,90DPD,95,2021-08,ServicerB,SERVICER_FEED,1
LN0004401,9,2018-11,Prepaid,0,2018-11,ServicerB,SERVICER_FEED,1
LN0004401,15,2019-05,60DPD,65,2019-05,ServicerA,SERVICER_FEED,1
LN0004402,6,2022-07,30DPD,35,2022-07,ServicerC,SERVICER_FEED,1
LN0004403,2,2021-12,Closed,0,2021-12,ServicerA,SERVICER_FEED,1
LN0004404,10,2020-03,Prepaid,0,2020-03,ServicerA,SERVICER_FEED,1
LN0004405,5,2019-12,Closed,0,2019-12,ServicerA,SERVICER_FEED,1
LN0004406,7,2022-06,Prepaid,0,2022-06,ServicerC,SERVICER_FEED,1
LN0004407,1,2022-02,60DPD,65,2022-02,ServicerA,SERVICER_FEED,1
LN0004408,22,2020-03,90DPD,95,2020-03,ServicerA,SERVICER_FEED,1
LN0004409,5,2020-03,90DPD,95,2020-03,ServicerA,SERVICER_FEED,1
LN0004410,9,2021-11,Default,120,2021-11,ServicerC,SERVICER_FEED,1
LN0004411,13,2019-09,60DPD,65,2019-09,ServicerA,SERVICER_FEED,1
LN0004411,1,2018-09,Default,120,2018-09,ServicerB,SERVICER_FEED,1
LN0004412,3,2023-03,Closed,0,2023-03,ServicerD,SERVICER_FEED,1
LN0004413,20,2020-09,30DPD,35,2020-09,ServicerD,SERVICER_FEED,1
LN0004413,11,2019-12,60DPD,65,2019-12,ServicerC,SERVICER_FEED,1
LN0004414,3,2022-08,Prepaid,0,2022-08,ServicerD,SERVICER_FEED,1
LN0004415,1,2018-05,90DPD,95,2018-05,ServicerD,SERVICER_FEED,1
LN0004416,7,2022-12,30DPD,35,2022-12,ServicerA,SERVICER_FEED,1
LN0004417,4,2018-07,60DPD,65,2018-07,ServicerB,SERVICER_FEED,1
LN0004418,6,2021-11,Default,120,2021-11,ServicerB,SERVICER_FEED,1
LN0004419,4,2020-02,60DPD,65,2020-02,ServicerB,SERVICER_FEED,1
LN0004420,9,2021-01,90DPD,95,2021-01,ServicerB,SERVICER_FEED,1
LN0004421,6,2019-01,Closed,0,2019-01,ServicerD,SERVICER_FEED,1
LN0004422,18,2022-11,90DPD,95,2022-11,ServicerD,SERVICER_FEED,1
LN0004422,5,2021-10,90DPD,95,2021-10,ServicerD,SERVICER_FEED,1
LN0004423,4,2021-06,Closed,0,2021-06,ServicerD,SERVICER_FEED,1
LN0004424,15,2020-11,30DPD,35,2020-11,ServicerB,SERVICER_FEED,1
LN0004425,1,2020-06,Closed,0,2020-06,ServicerC,SERVICER_FEED,1
LN0004426,3,2021-01,Default,120,2021-01,ServicerD,SERVICER_FEED,1
LN0004427,8,2022-02,Closed,0,2022-02,ServicerB,SERVICER_FEED,1
LN0004427,12,2022-06,30DPD,35,2022-06,ServicerB,SERVICER_FEED,1
LN0004428,1,2020-10,Closed,0,2020-10,ServicerA,SERVICER_FEED,1
LN0004429,21,2020-01,Closed,0,2020-01,ServicerC,SERVICER_FEED,1
LN0004430,9,2021-06,Closed,0,2021-06,ServicerA,SERVICER_FEED,1
LN0004431,8,2020-05,60DPD,65,2020-05,ServicerC,SERVICER_FEED,1
LN0004432,2,2020-03,60DPD,65,2020-03,ServicerD,SERVICER_FEED,1
LN0004433,12,2020-11,60DPD,65,2020-11,ServicerB,SERVICER_FEED,1
LN0004434,5,2020-03,90DPD,95,2020-03,ServicerD,SERVICER_FEED,1
LN0004435,24,2021-03,60DPD,65,2021-03,ServicerB,SERVICER_FEED,1
LN0004436,13,2020-09,Current,0,2020-09,ServicerD,SERVICER_FEED,1
LN0004437,18,2023-01,Current,0,2023-01,ServicerD,SERVICER_FEED,1
LN0004438,15,2020-05,60DPD,65,2020-05,ServicerA,SERVICER_FEED,1
LN0004439,19,2023-05,60DPD,65,2023-05,ServicerA,SERVICER_FEED,1
LN0004440,9,2020-12,90DPD,95,2020-12,ServicerA,SERVICER_FEED,1
LN0004441,6,2021-07,30DPD,35,2021-07,ServicerB,SERVICER_FEED,1
LN0004442,1,2018-09,60DPD,65,2018-09,ServicerC,SERVICER_FEED,1
LN0004443,7,2019-08,90DPD,95,2019-08,ServicerB,SERVICER_FEED,1
LN0004444,1,2022-08,90DPD,95,2022-08,ServicerB,SERVICER_FEED,1
LN0004445,4,2022-06,Default,120,2022-06,ServicerA,SERVICER_FEED,1
LN0004445,31,2024-09,90DPD,95,2024-09,ServicerC,SERVICER_FEED,1
LN0004446,2,2018-07,Default,120,2018-07,ServicerC,SERVICER_FEED,1
LN0004447,10,2023-05,Prepaid,0,2023-05,ServicerB,SERVICER_FEED,1
LN0004447,12,2023-07,Prepaid,0,2023-07,ServicerA,SERVICER_FEED,1
LN0004448,10,2023-01,Default,120,2023-01,ServicerD,SERVICER_FEED,1
LN0004449,23,2020-08,Prepaid,0,2020-08,ServicerD,SERVICER_FEED,1
LN0004449,37,2021-10,Prepaid,0,2021-10,ServicerD,SERVICER_FEED,1
LN0004450,3,2019-06,90DPD,95,2019-06,ServicerA,SERVICER_FEED,1
LN0004451,4,2019-03,Prepaid,0,2019-03,ServicerD,SERVICER_FEED,1
LN0004452,2,2022-06,30DPD,35,2022-06,ServicerD,SERVICER_FEED,1
LN0004453,13,2023-05,Prepaid,0,2023-05,ServicerA,SERVICER_FEED,1
LN0004454,11,2022-07,Default,120,2022-07,ServicerC,SERVICER_FEED,1
LN0004455,26,2021-06,Default,120,2021-06,ServicerB,SERVICER_FEED,1
LN0004456,20,2024-04,90DPD,95,2024-04,ServicerC,SERVICER_FEED,1
LN0004456,42,2026-02,Prepaid,0,2026-02,ServicerA,SERVICER_FEED,1
LN0004457,1,2022-04,60DPD,65,2022-04,ServicerC,SERVICER_FEED,1
LN0004458,4,2022-09,Prepaid,0,2022-09,ServicerC,SERVICER_FEED,1
LN0004459,30,2022-04,90DPD,95,2022-04,ServicerB,SERVICER_FEED,1
LN0004460,3,2021-10,60DPD,65,2021-10,ServicerA,SERVICER_FEED,1
LN0004461,5,2021-10,30DPD,35,2021-10,ServicerB,SERVICER_FEED,1
LN0004462,9,2019-07,30DPD,35,2019-07,ServicerA,SERVICER_FEED,1
LN0004463,7,2021-06,60DPD,65,2021-06,ServicerA,SERVICER_FEED,1
LN0004464,2,2020-11,Default,120,2020-11,ServicerA,SERVICER_FEED,1
LN0004465,2,2021-02,90DPD,95,2021-02,ServicerD,SERVICER_FEED,1
LN0004466,8,2020-05,Closed,0,2020-05,ServicerD,SERVICER_FEED,1
LN0004466,25,2021-10,90DPD,95,2021-10,ServicerD,SERVICER_FEED,1
LN0004467,2,2021-07,Closed,0,2021-07,ServicerD,SERVICER_FEED,1
LN0004468,22,2024-04,60DPD,65,2024-04,ServicerD,SERVICER_FEED,1
LN0004469,2,2021-03,90DPD,95,2021-03,ServicerD,SERVICER_FEED,1
LN0004470,14,2023-07,Prepaid,0,2023-07,ServicerB,SERVICER_FEED,1
LN0004471,12,2022-11,Closed,0,2022-11,ServicerA,SERVICER_FEED,1
LN0004472,2,2019-09,Default,120,2019-09,ServicerC,SERVICER_FEED,1
LN0004473,8,2022-05,30DPD,35,2022-05,ServicerC,SERVICER_FEED,1
LN0004474,11,2022-04,90DPD,95,2022-04,ServicerD,SERVICER_FEED,1
LN0004475,4,2023-01,Prepaid,0,2023-01,ServicerB,SERVICER_FEED,1
LN0004476,5,2020-02,30DPD,35,2020-02,ServicerB,SERVICER_FEED,1
LN0004477,3,2019-01,Prepaid,0,2019-01,ServicerB,SERVICER_FEED,1
LN0004478,6,2021-11,60DPD,65,2021-11,ServicerC,SERVICER_FEED,1
LN0004479,2,2021-04,60DPD,65,2021-04,ServicerB,SERVICER_FEED,1
LN0004480,3,2021-04,Prepaid,0,2021-04,ServicerC,SERVICER_FEED,1
LN0004481,9,2022-06,Closed,0,2022-06,ServicerB,SERVICER_FEED,1
LN0004482,6,2021-01,90DPD,95,2021-01,ServicerD,SERVICER_FEED,1
LN0004483,7,2018-09,Closed,0,2018-09,ServicerD,SERVICER_FEED,1
LN0004484,1,2022-06,30DPD,35,2022-06,ServicerC,SERVICER_FEED,1
LN0004485,3,2019-08,30DPD,35,2019-08,ServicerA,SERVICER_FEED,1
LN0004486,1,2019-04,90DPD,95,2019-04,ServicerD,SERVICER_FEED,1
LN0004487,9,2022-10,Prepaid,0,2022-10,ServicerD,SERVICER_FEED,1
LN0004488,1,2022-01,30DPD,35,2022-01,ServicerC,SERVICER_FEED,1
LN0004489,4,2020-11,60DPD,65,2020-11,ServicerA,SERVICER_FEED,1
LN0004490,3,2021-09,30DPD,35,2021-09,ServicerD,SERVICER_FEED,1
LN0004491,6,2018-11,60DPD,65,2018-11,ServicerD,SERVICER_FEED,1
LN0004492,8,2020-01,Current,0,2020-01,ServicerD,SERVICER_FEED,1
LN0004493,5,2019-08,Current,0,2019-08,ServicerC,SERVICER_FEED,1
LN0004494,11,2021-01,Closed,0,2021-01,ServicerA,SERVICER_FEED,1
LN0004495,23,2021-09,30DPD,35,2021-09,ServicerC,SERVICER_FEED,1
LN0004495,39,2023-01,Default,120,2023-01,ServicerB,SERVICER_FEED,1
LN0004496,5,2018-10,Closed,0,2018-10,ServicerD,SERVICER_FEED,1
LN0004497,7,2022-01,30DPD,35,2022-01,ServicerA,SERVICER_FEED,1
LN0004497,15,2022-09,Default,120,2022-09,ServicerD,SERVICER_FEED,1
LN0004498,26,2023-02,90DPD,95,2023-02,ServicerA,SERVICER_FEED,1
LN0004499,6,2020-05,Default,120,2020-05,ServicerD,SERVICER_FEED,1
LN0004500,4,2022-10,30DPD,35,2022-10,ServicerB,SERVICER_FEED,1
LN0004501,41,2023-03,Default,120,2023-03,ServicerA,SERVICER_FEED,1
LN0004501,7,2020-05,Default,120,2020-05,ServicerA,SERVICER_FEED,1
LN0004502,3,2018-11,90DPD,95,2018-11,ServicerB,SERVICER_FEED,1
LN0004503,38,2025-05,90DPD,95,2025-05,ServicerB,SERVICER_FEED,1
LN0004503,35,2025-02,30DPD,35,2025-02,ServicerD,SERVICER_FEED,1
LN0004504,10,2019-06,90DPD,95,2019-06,ServicerD,SERVICER_FEED,1
LN0004505,15,2019-08,Default,120,2019-08,ServicerD,SERVICER_FEED,1
LN0004506,10,2021-03,Prepaid,0,2021-03,ServicerD,SERVICER_FEED,1
LN0004507,2,2021-01,Prepaid,0,2021-01,ServicerC,SERVICER_FEED,1
LN0004508,10,2020-03,Closed,0,2020-03,ServicerA,SERVICER_FEED,1
LN0004509,6,2022-09,Closed,0,2022-09,ServicerB,SERVICER_FEED,1
LN0004510,1,2019-06,90DPD,95,2019-06,ServicerD,SERVICER_FEED,1
LN0004511,18,2024-04,Default,120,2024-04,ServicerB,SERVICER_FEED,1
LN0004512,4,2021-07,Current,0,2021-07,ServicerA,SERVICER_FEED,1
LN0004513,2,2019-02,30DPD,35,2019-02,ServicerA,SERVICER_FEED,1
LN0004514,10,2020-11,30DPD,35,2020-11,ServicerA,SERVICER_FEED,1
LN0004515,3,2018-08,30DPD,35,2018-08,ServicerD,SERVICER_FEED,1
LN0004516,12,2023-03,Current,0,2023-03,ServicerA,SERVICER_FEED,1
LN0004516,28,2024-07,Closed,0,2024-07,ServicerD,SERVICER_FEED,1
LN0004517,4,2021-07,Closed,0,2021-07,ServicerB,SERVICER_FEED,1
LN0004518,40,2023-06,Prepaid,0,2023-06,ServicerC,SERVICER_FEED,1
LN0004518,38,2023-04,90DPD,95,2023-04,ServicerB,SERVICER_FEED,1
LN0004519,1,2021-06,90DPD,95,2021-06,ServicerD,SERVICER_FEED,1
LN0004520,1,2021-02,Closed,0,2021-02,ServicerB,SERVICER_FEED,1
LN0004521,16,2022-04,Closed,0,2022-04,ServicerC,SERVICER_FEED,1
LN0004521,18,2022-06,Closed,0,2022-06,ServicerC,SERVICER_FEED,1
LN0004522,6,2020-06,60DPD,65,2020-06,ServicerC,SERVICER_FEED,1
LN0004523,2,2019-12,Default,120,2019-12,ServicerA,SERVICER_FEED,1
LN0004524,5,2019-09,60DPD,65,2019-09,ServicerB,SERVICER_FEED,1
LN0004525,5,2022-05,Closed,0,2022-05,ServicerD,SERVICER_FEED,1
LN0004526,11,2021-04,Prepaid,0,2021-04,ServicerD,SERVICER_FEED,1
LN0004527,6,2020-11,30DPD,35,2020-11,ServicerC,SERVICER_FEED,1
LN0004528,1,2021-09,Default,120,2021-09,ServicerA,SERVICER_FEED,1
LN0004529,4,2020-12,60DPD,65,2020-12,ServicerD,SERVICER_FEED,1
LN0004530,1,2022-11,60DPD,65,2022-11,ServicerA,SERVICER_FEED,1
LN0004531,8,2019-11,60DPD,65,2019-11,ServicerB,SERVICER_FEED,1
LN0004532,22,2020-01,Closed,0,2020-01,ServicerB,SERVICER_FEED,1
LN0004533,6,2020-08,Default,120,2020-08,ServicerD,SERVICER_FEED,1
LN0004534,10,2021-06,Closed,0,2021-06,ServicerB,SERVICER_FEED,1
LN0004535,2,2022-04,Default,120,2022-04,ServicerB,SERVICER_FEED,1
LN0004536,6,2021-09,30DPD,35,2021-09,ServicerB,SERVICER_FEED,1
LN0004536,12,2022-03,Default,120,2022-03,ServicerB,SERVICER_FEED,1
LN0004537,12,2023-09,Prepaid,0,2023-09,ServicerA,SERVICER_FEED,1
LN0004538,14,2019-08,30DPD,35,2019-08,ServicerC,SERVICER_FEED,1
LN0004539,16,2022-01,Prepaid,0,2022-01,ServicerD,SERVICER_FEED,1
LN0004540,2,2022-04,90DPD,95,2022-04,ServicerC,SERVICER_FEED,1
LN0004541,28,2022-11,60DPD,65,2022-11,ServicerC,SERVICER_FEED,1
LN0004542,1,2019-06,90DPD,95,2019-06,ServicerA,SERVICER_FEED,1
LN0004543,1,2021-12,90DPD,95,2021-12,ServicerA,SERVICER_FEED,1
LN0004544,9,2023-02,Prepaid,0,2023-02,ServicerB,SERVICER_FEED,1
LN0004545,1,2019-05,Closed,0,2019-05,ServicerC,SERVICER_FEED,1
LN0004546,1,2020-11,Prepaid,0,2020-11,ServicerD,SERVICER_FEED,1
LN0004547,3,2022-04,90DPD,95,2022-04,ServicerC,SERVICER_FEED,1
LN0004548,42,2022-04,Prepaid,0,2022-04,ServicerA,SERVICER_FEED,1
LN0004548,21,2020-07,Closed,0,2020-07,ServicerD,SERVICER_FEED,1
LN0004549,16,2019-05,90DPD,95,2019-05,ServicerD,SERVICER_FEED,1
LN0004550,3,2021-12,60DPD,65,2021-12,ServicerD,SERVICER_FEED,1
LN0004551,5,2022-03,Closed,0,2022-03,ServicerC,SERVICER_FEED,1
LN0004552,27,2021-01,Default,120,2021-01,ServicerA,SERVICER_FEED,1
LN0004552,6,2019-04,90DPD,95,2019-04,ServicerA,SERVICER_FEED,1
LN0004553,5,2021-05,60DPD,65,2021-05,ServicerB,SERVICER_FEED,1
LN0004554,2,2021-10,Closed,0,2021-10,ServicerB,SERVICER_FEED,1
LN0004555,6,2023-04,30DPD,35,2023-04,ServicerD,SERVICER_FEED,1
LN0004556,1,2022-02,Default,120,2022-02,ServicerA,SERVICER_FEED,1
LN0004557,16,2020-06,Closed,0,2020-06,ServicerC,SERVICER_FEED,1
LN0004558,9,2021-08,Default,120,2021-08,ServicerD,SERVICER_FEED,1
LN0004559,13,2022-09,30DPD,35,2022-09,ServicerA,SERVICER_FEED,1
LN0004559,12,2022-08,Closed,0,2022-08,ServicerC,SERVICER_FEED,1
LN0004560,2,2019-07,60DPD,65,2019-07,ServicerC,SERVICER_FEED,1
LN0004561,10,2019-08,Current,0,2019-08,ServicerB,SERVICER_FEED,1
LN0004562,1,2020-04,Prepaid,0,2020-04,ServicerA,SERVICER_FEED,1
LN0004563,4,2021-12,Prepaid,0,2021-12,ServicerA,SERVICER_FEED,1
LN0004563,14,2022-10,90DPD,95,2022-10,ServicerD,SERVICER_FEED,1
LN0004564,2,2020-10,Prepaid,0,2020-10,ServicerC,SERVICER_FEED,1
LN0004565,5,2021-06,Prepaid,0,2021-06,ServicerD,SERVICER_FEED,1
LN0004566,1,2021-05,30DPD,35,2021-05,ServicerA,SERVICER_FEED,1
LN0004567,7,2023-05,Closed,0,2023-05,ServicerB,SERVICER_FEED,1
LN0004568,12,2022-03,60DPD,65,2022-03,ServicerC,SERVICER_FEED,1
LN0004569,16,2020-01,60DPD,65,2020-01,ServicerC,SERVICER_FEED,1
LN0004570,3,2020-04,30DPD,35,2020-04,ServicerC,SERVICER_FEED,1
LN0004571,39,2022-02,Closed,0,2022-02,ServicerA,SERVICER_FEED,1
LN0004571,35,2021-10,30DPD,35,2021-10,ServicerC,SERVICER_FEED,1
LN0004572,3,2022-01,Closed,0,2022-01,ServicerB,SERVICER_FEED,1
LN0004573,11,2023-11,60DPD,65,2023-11,ServicerB,SERVICER_FEED,1
LN0004574,3,2022-02,Closed,0,2022-02,ServicerD,SERVICER_FEED,1
LN0004575,7,2019-10,Prepaid,0,2019-10,ServicerD,SERVICER_FEED,1
LN0004576,6,2021-12,Prepaid,0,2021-12,ServicerA,SERVICER_FEED,1
LN0004577,10,2018-12,Default,120,2018-12,ServicerC,SERVICER_FEED,1
LN0004578,3,2019-08,90DPD,95,2019-08,ServicerD,SERVICER_FEED,1
LN0004579,3,2019-10,Default,120,2019-10,ServicerD,SERVICER_FEED,1
LN0004580,5,2020-10,60DPD,65,2020-10,ServicerC,SERVICER_FEED,1
LN0004581,35,2022-07,Prepaid,0,2022-07,ServicerC,SERVICER_FEED,1
LN0004582,10,2020-12,90DPD,95,2020-12,ServicerC,SERVICER_FEED,1
LN0004583,9,2018-10,Current,0,2018-10,ServicerD,SERVICER_FEED,1
LN0004584,4,2022-05,Closed,0,2022-05,ServicerA,SERVICER_FEED,1
LN0004585,6,2020-06,90DPD,95,2020-06,ServicerC,SERVICER_FEED,1
LN0004586,2,2022-03,90DPD,95,2022-03,ServicerC,SERVICER_FEED,1
LN0004587,2,2018-06,60DPD,65,2018-06,ServicerA,SERVICER_FEED,1
LN0004588,2,2022-06,Current,0,2022-06,ServicerB,SERVICER_FEED,1
LN0004589,12,2022-02,60DPD,65,2022-02,ServicerD,SERVICER_FEED,1
LN0004590,12,2020-02,Current,0,2020-02,ServicerD,SERVICER_FEED,1
LN0004591,2,2021-12,Current,0,2021-12,ServicerA,SERVICER_FEED,1
LN0004592,9,2022-06,Prepaid,0,2022-06,ServicerB,SERVICER_FEED,1
LN0004593,12,2022-08,90DPD,95,2022-08,ServicerC,SERVICER_FEED,1
LN0004594,4,2022-09,30DPD,35,2022-09,ServicerB,SERVICER_FEED,1
LN0004595,13,2023-11,90DPD,95,2023-11,ServicerD,SERVICER_FEED,1
LN0004595,7,2023-05,Closed,0,2023-05,ServicerD,SERVICER_FEED,1
LN0004596,1,2018-11,Closed,0,2018-11,ServicerC,SERVICER_FEED,1
LN0004597,11,2020-04,30DPD,35,2020-04,ServicerB,SERVICER_FEED,1
LN0004598,5,2018-08,30DPD,35,2018-08,ServicerA,SERVICER_FEED,1
LN0004599,7,2018-12,Closed,0,2018-12,ServicerD,SERVICER_FEED,1
LN0004600,14,2019-09,Prepaid,0,2019-09,ServicerA,SERVICER_FEED,1
LN0004601,12,2022-06,90DPD,95,2022-06,ServicerD,SERVICER_FEED,1
LN0004602,24,2023-01,Closed,0,2023-01,ServicerD,SERVICER_FEED,1
LN0004602,34,2023-11,Closed,0,2023-11,ServicerB,SERVICER_FEED,1
LN0004603,1,2018-04,60DPD,65,2018-04,ServicerD,SERVICER_FEED,1
LN0004604,23,2022-01,30DPD,35,2022-01,ServicerC,SERVICER_FEED,1
LN0004605,3,2018-10,90DPD,95,2018-10,ServicerA,SERVICER_FEED,1
LN0004606,8,2019-08,30DPD,35,2019-08,ServicerA,SERVICER_FEED,1
LN0004607,5,2018-09,90DPD,95,2018-09,ServicerA,SERVICER_FEED,1
LN0004608,12,2021-08,Closed,0,2021-08,ServicerA,SERVICER_FEED,1
LN0004609,1,2018-06,Prepaid,0,2018-06,ServicerB,SERVICER_FEED,1
LN0004610,6,2022-06,Default,120,2022-06,ServicerB,SERVICER_FEED,1
LN0004611,8,2023-04,30DPD,35,2023-04,ServicerB,SERVICER_FEED,1
LN0004612,10,2023-02,60DPD,65,2023-02,ServicerA,SERVICER_FEED,1
LN0004613,13,2023-03,60DPD,65,2023-03,ServicerB,SERVICER_FEED,1
LN0004614,1,2021-11,Default,120,2021-11,ServicerA,SERVICER_FEED,1
LN0004615,1,2022-08,30DPD,35,2022-08,ServicerD,SERVICER_FEED,1
LN0004616,13,2023-07,Prepaid,0,2023-07,ServicerD,SERVICER_FEED,1
LN0004616,40,2025-10,Closed,0,2025-10,ServicerA,SERVICER_FEED,1
LN0004617,4,2019-05,Default,120,2019-05,ServicerD,SERVICER_FEED,1
LN0004618,3,2021-04,Closed,0,2021-04,ServicerD,SERVICER_FEED,1
LN0004619,8,2020-03,Current,0,2020-03,ServicerA,SERVICER_FEED,1
LN0004620,5,2022-08,Current,0,2022-08,ServicerB,SERVICER_FEED,1
LN0004621,23,2019-12,Prepaid,0,2019-12,ServicerD,SERVICER_FEED,1
LN0004622,1,2020-03,30DPD,35,2020-03,ServicerD,SERVICER_FEED,1
LN0004623,1,2019-12,Default,120,2019-12,ServicerA,SERVICER_FEED,1
LN0004624,10,2023-02,Current,0,2023-02,ServicerB,SERVICER_FEED,1
LN0004625,4,2019-10,60DPD,65,2019-10,ServicerC,SERVICER_FEED,1
LN0004626,6,2022-12,Prepaid,0,2022-12,ServicerD,SERVICER_FEED,1
LN0004627,33,2023-03,Prepaid,0,2023-03,ServicerD,SERVICER_FEED,1
LN0004627,37,2023-07,90DPD,95,2023-07,ServicerC,SERVICER_FEED,1
LN0004628,7,2022-01,Default,120,2022-01,ServicerB,SERVICER_FEED,1
LN0004629,3,2020-11,90DPD,95,2020-11,ServicerC,SERVICER_FEED,1
LN0004630,2,2020-04,Prepaid,0,2020-04,ServicerB,SERVICER_FEED,1
LN0004631,22,2021-05,Prepaid,0,2021-05,ServicerD,SERVICER_FEED,1
LN0004631,24,2021-07,Default,120,2021-07,ServicerC,SERVICER_FEED,1
LN0004632,2,2019-07,90DPD,95,2019-07,ServicerA,SERVICER_FEED,1
LN0004633,1,2021-04,Prepaid,0,2021-04,ServicerB,SERVICER_FEED,1
LN0004634,7,2020-03,60DPD,65,2020-03,ServicerA,SERVICER_FEED,1
LN0004635,3,2022-07,Prepaid,0,2022-07,ServicerA,SERVICER_FEED,1
LN0004636,29,2021-01,Closed,0,2021-01,ServicerB,SERVICER_FEED,1
LN0004636,40,2021-12,Prepaid,0,2021-12,ServicerC,SERVICER_FEED,1
LN0004637,9,2019-10,Prepaid,0,2019-10,ServicerD,SERVICER_FEED,1
LN0004638,4,2018-07,30DPD,35,2018-07,ServicerD,SERVICER_FEED,1
LN0004639,10,2023-02,60DPD,65,2023-02,ServicerD,SERVICER_FEED,1
LN0004640,3,2020-04,90DPD,95,2020-04,ServicerB,SERVICER_FEED,1
LN0004641,2,2018-05,Prepaid,0,2018-05,ServicerC,SERVICER_FEED,1
LN0004642,16,2019-07,60DPD,65,2019-07,ServicerA,SERVICER_FEED,1
LN0004643,9,2023-05,Closed,0,2023-05,ServicerC,SERVICER_FEED,1
LN0004644,9,2023-02,30DPD,35,2023-02,ServicerA,SERVICER_FEED,1
LN0004645,10,2020-03,Default,120,2020-03,ServicerD,SERVICER_FEED,1
LN0004646,5,2021-09,60DPD,65,2021-09,ServicerA,SERVICER_FEED,1
LN0004647,3,2019-07,Prepaid,0,2019-07,ServicerC,SERVICER_FEED,1
LN0004648,7,2022-10,Closed,0,2022-10,ServicerA,SERVICER_FEED,1
LN0004649,1,2021-08,60DPD,65,2021-08,ServicerC,SERVICER_FEED,1
LN0004650,3,2020-06,Closed,0,2020-06,ServicerD,SERVICER_FEED,1
LN0004651,4,2022-12,Default,120,2022-12,ServicerB,SERVICER_FEED,1
LN0004652,3,2019-05,90DPD,95,2019-05,ServicerB,SERVICER_FEED,1
LN0004652,32,2021-10,60DPD,65,2021-10,ServicerB,SERVICER_FEED,1
LN0004653,2,2023-02,30DPD,35,2023-02,ServicerD,SERVICER_FEED,1
LN0004654,6,2019-12,Closed,0,2019-12,ServicerA,SERVICER_FEED,1
LN0004655,8,2023-02,60DPD,65,2023-02,ServicerC,SERVICER_FEED,1
LN0004656,5,2022-09,30DPD,35,2022-09,ServicerC,SERVICER_FEED,1
LN0004657,2,2020-12,90DPD,95,2020-12,ServicerB,SERVICER_FEED,1
LN0004658,9,2019-05,Closed,0,2019-05,ServicerA,SERVICER_FEED,1
LN0004659,17,2023-03,60DPD,65,2023-03,ServicerB,SERVICER_FEED,1
LN0004660,7,2022-01,Prepaid,0,2022-01,ServicerB,SERVICER_FEED,1
LN0004661,1,2022-05,60DPD,65,2022-05,ServicerB,SERVICER_FEED,1
LN0004662,2,2019-04,90DPD,95,2019-04,ServicerC,SERVICER_FEED,1
LN0004663,12,2020-03,90DPD,95,2020-03,ServicerB,SERVICER_FEED,1
LN0004664,1,2019-11,60DPD,65,2019-11,ServicerD,SERVICER_FEED,1
LN0004665,3,2020-02,Prepaid,0,2020-02,ServicerA,SERVICER_FEED,1
LN0004666,12,2019-01,90DPD,95,2019-01,ServicerD,SERVICER_FEED,1
LN0004667,1,2018-11,Prepaid,0,2018-11,ServicerD,SERVICER_FEED,1
LN0004667,31,2021-05,60DPD,65,2021-05,ServicerB,SERVICER_FEED,1
LN0004668,5,2020-10,90DPD,95,2020-10,ServicerD,SERVICER_FEED,1
LN0004669,1,2022-11,60DPD,65,2022-11,ServicerD,SERVICER_FEED,1
LN0004670,1,2018-09,Prepaid,0,2018-09,ServicerD,SERVICER_FEED,1
LN0004671,5,2019-08,Closed,0,2019-08,ServicerA,SERVICER_FEED,1
LN0004672,32,2024-12,Default,120,2024-12,ServicerA,SERVICER_FEED,1
LN0004673,4,2018-07,Closed,0,2018-07,ServicerC,SERVICER_FEED,1
LN0004674,18,2019-12,90DPD,95,2019-12,ServicerD,SERVICER_FEED,1
LN0004675,5,2022-11,30DPD,35,2022-11,ServicerA,SERVICER_FEED,1
LN0004676,30,2021-10,90DPD,95,2021-10,ServicerD,SERVICER_FEED,1
LN0004677,3,2019-10,90DPD,95,2019-10,ServicerA,SERVICER_FEED,1
LN0004678,9,2018-10,60DPD,65,2018-10,ServicerD,SERVICER_FEED,1
LN0004679,9,2020-10,30DPD,35,2020-10,ServicerD,SERVICER_FEED,1
LN0004680,4,2023-04,90DPD,95,2023-04,ServicerA,SERVICER_FEED,1
LN0004681,1,2023-01,30DPD,35,2023-01,ServicerC,SERVICER_FEED,1
LN0004682,1,2021-04,Prepaid,0,2021-04,ServicerD,SERVICER_FEED,1
LN0004683,6,2021-11,30DPD,35,2021-11,ServicerB,SERVICER_FEED,1
LN0004684,1,2021-04,Default,120,2021-04,ServicerB,SERVICER_FEED,1
LN0004685,33,2024-03,Default,120,2024-03,ServicerC,SERVICER_FEED,1
LN0004686,25,2022-09,Closed,0,2022-09,ServicerB,SERVICER_FEED,1
LN0004687,11,2019-12,30DPD,35,2019-12,ServicerD,SERVICER_FEED,1
LN0004688,4,2022-09,Current,0,2022-09,ServicerD,SERVICER_FEED,1
LN0004689,15,2023-08,Closed,0,2023-08,ServicerA,SERVICER_FEED,1
LN0004690,4,2019-01,90DPD,95,2019-01,ServicerB,SERVICER_FEED,1
LN0004691,9,2019-03,Prepaid,0,2019-03,ServicerC,SERVICER_FEED,1
LN0004692,5,2022-05,60DPD,65,2022-05,ServicerC,SERVICER_FEED,1
LN0004693,2,2018-05,Default,120,2018-05,ServicerB,SERVICER_FEED,1
LN0004694,2,2022-03,90DPD,95,2022-03,ServicerD,SERVICER_FEED,1
LN0004695,4,2023-03,Prepaid,0,2023-03,ServicerC,SERVICER_FEED,1
LN0004696,3,2018-06,Prepaid,0,2018-06,ServicerD,SERVICER_FEED,1
LN0004697,23,2023-11,30DPD,35,2023-11,ServicerA,SERVICER_FEED,1
LN0004697,31,2024-07,30DPD,35,2024-07,ServicerD,SERVICER_FEED,1
LN0004698,4,2018-12,90DPD,95,2018-12,ServicerC,SERVICER_FEED,1
LN0004699,10,2020-04,Prepaid,0,2020-04,ServicerB,SERVICER_FEED,1
LN0004700,3,2020-12,Closed,0,2020-12,ServicerB,SERVICER_FEED,1
LN0004701,7,2021-12,Closed,0,2021-12,ServicerA,SERVICER_FEED,1
LN0004702,2,2018-08,Closed,0,2018-08,ServicerA,SERVICER_FEED,1
LN0004703,5,2018-12,Closed,0,2018-12,ServicerA,SERVICER_FEED,1
LN0004704,6,2019-11,60DPD,65,2019-11,ServicerB,SERVICER_FEED,1
LN0004705,15,2022-08,Current,0,2022-08,ServicerD,SERVICER_FEED,1
LN0004706,34,2022-11,30DPD,35,2022-11,ServicerC,SERVICER_FEED,1
LN0004706,29,2022-06,Closed,0,2022-06,ServicerA,SERVICER_FEED,1
LN0004707,14,2020-07,60DPD,65,2020-07,ServicerC,SERVICER_FEED,1
LN0004708,10,2019-08,Default,120,2019-08,ServicerB,SERVICER_FEED,1
LN0004709,7,2023-06,90DPD,95,2023-06,ServicerB,SERVICER_FEED,1
LN0004710,12,2022-07,Closed,0,2022-07,ServicerA,SERVICER_FEED,1
LN0004711,3,2023-03,60DPD,65,2023-03,ServicerC,SERVICER_FEED,1
LN0004712,5,2020-11,60DPD,65,2020-11,ServicerB,SERVICER_FEED,1
LN0004713,7,2022-09,Default,120,2022-09,ServicerA,SERVICER_FEED,1
LN0004714,18,2022-09,Default,120,2022-09,ServicerD,SERVICER_FEED,1
LN0004715,4,2020-12,Closed,0,2020-12,ServicerB,SERVICER_FEED,1
LN0004716,10,2021-03,Default,120,2021-03,ServicerD,SERVICER_FEED,1
LN0004717,3,2020-10,60DPD,65,2020-10,ServicerB,SERVICER_FEED,1
LN0004718,5,2020-06,Default,120,2020-06,ServicerD,SERVICER_FEED,1
LN0004719,11,2022-02,90DPD,95,2022-02,ServicerB,SERVICER_FEED,1
LN0004719,19,2022-10,Current,0,2022-10,ServicerC,SERVICER_FEED,1
LN0004720,31,2023-01,Prepaid,0,2023-01,ServicerA,SERVICER_FEED,1
LN0004720,9,2021-03,30DPD,35,2021-03,ServicerA,SERVICER_FEED,1
LN0004721,1,2022-12,Prepaid,0,2022-12,ServicerA,SERVICER_FEED,1
LN0004722,8,2023-02,Closed,0,2023-02,ServicerA,SERVICER_FEED,1
LN0004723,6,2020-10,Prepaid,0,2020-10,ServicerD,SERVICER_FEED,1
LN0004724,1,2020-01,90DPD,95,2020-01,ServicerA,SERVICER_FEED,1
LN0004725,25,2023-11,Default,120,2023-11,ServicerB,SERVICER_FEED,1
LN0004726,4,2021-07,30DPD,35,2021-07,ServicerD,SERVICER_FEED,1
LN0004727,5,2019-07,Default,120,2019-07,ServicerB,SERVICER_FEED,1
LN0004728,3,2022-06,60DPD,65,2022-06,ServicerC,SERVICER_FEED,1
LN0004729,1,2021-06,90DPD,95,2021-06,ServicerC,SERVICER_FEED,1
LN0004730,3,2021-05,90DPD,95,2021-05,ServicerD,SERVICER_FEED,1
LN0004731,5,2022-04,Prepaid,0,2022-04,ServicerA,SERVICER_FEED,1
LN0004732,4,2019-06,Current,0,2019-06,ServicerB,SERVICER_FEED,1
LN0004733,19,2023-07,60DPD,65,2023-07,ServicerC,SERVICER_FEED,1
LN0004733,29,2024-05,30DPD,35,2024-05,ServicerD,SERVICER_FEED,1
LN0004734,10,2019-06,30DPD,35,2019-06,ServicerC,SERVICER_FEED,1
LN0004735,5,2022-05,90DPD,95,2022-05,ServicerD,SERVICER_FEED,1
LN0004736,7,2021-07,90DPD,95,2021-07,ServicerA,SERVICER_FEED,1
LN0004737,25,2022-12,Closed,0,2022-12,ServicerA,SERVICER_FEED,1
LN0004737,34,2023-09,60DPD,65,2023-09,ServicerC,SERVICER_FEED,1
LN0004738,2,2021-10,Closed,0,2021-10,ServicerD,SERVICER_FEED,1
LN0004739,15,2020-10,90DPD,95,2020-10,ServicerD,SERVICER_FEED,1
LN0004740,6,2022-05,Default,120,2022-05,ServicerA,SERVICER_FEED,1
LN0004741,11,2019-01,30DPD,35,2019-01,ServicerB,SERVICER_FEED,1
LN0004742,40,2024-10,Default,120,2024-10,ServicerD,SERVICER_FEED,1
LN0004742,2,2021-08,Default,120,2021-08,ServicerC,SERVICER_FEED,1
LN0004743,24,2023-12,Default,120,2023-12,ServicerA,SERVICER_FEED,1
LN0004744,6,2018-07,Default,120,2018-07,ServicerA,SERVICER_FEED,1
LN0004745,11,2022-05,30DPD,35,2022-05,ServicerA,SERVICER_FEED,1
LN0004746,12,2022-11,90DPD,95,2022-11,ServicerA,SERVICER_FEED,1
LN0004747,27,2022-11,90DPD,95,2022-11,ServicerD,SERVICER_FEED,1
LN0004748,8,2021-09,Closed,0,2021-09,ServicerC,SERVICER_FEED,1
LN0004749,5,2018-09,60DPD,65,2018-09,ServicerC,SERVICER_FEED,1
LN0004750,2,2023-02,Current,0,2023-02,ServicerD,SERVICER_FEED,1
LN0004751,1,2022-11,Default,120,2022-11,ServicerC,SERVICER_FEED,1
LN0004752,12,2022-10,Closed,0,2022-10,ServicerA,SERVICER_FEED,1
LN0004753,27,2020-04,90DPD,95,2020-04,ServicerD,SERVICER_FEED,1
LN0004753,18,2019-07,Prepaid,0,2019-07,ServicerA,SERVICER_FEED,1
LN0004754,6,2020-08,90DPD,95,2020-08,ServicerD,SERVICER_FEED,1
LN0004755,1,2022-03,90DPD,95,2022-03,ServicerC,SERVICER_FEED,1
LN0004756,12,2022-05,Current,0,2022-05,ServicerB,SERVICER_FEED,1
LN0004757,7,2023-02,60DPD,65,2023-02,ServicerB,SERVICER_FEED,1
LN0004758,6,2021-07,Prepaid,0,2021-07,ServicerD,SERVICER_FEED,1
LN0004759,13,2022-08,Prepaid,0,2022-08,ServicerB,SERVICER_FEED,1
LN0004760,1,2019-10,Prepaid,0,2019-10,ServicerA,SERVICER_FEED,1
LN0004761,18,2023-07,Closed,0,2023-07,ServicerC,SERVICER_FEED,1
LN0004762,11,2021-07,30DPD,35,2021-07,ServicerB,SERVICER_FEED,1
LN0004762,39,2023-11,Default,120,2023-11,ServicerB,SERVICER_FEED,1
LN0004763,1,2022-01,30DPD,35,2022-01,ServicerD,SERVICER_FEED,1
LN0004764,13,2020-02,Default,120,2020-02,ServicerD,SERVICER_FEED,1
LN0004765,5,2019-10,Prepaid,0,2019-10,ServicerA,SERVICER_FEED,1
LN0004766,39,2021-09,Default,120,2021-09,ServicerA,SERVICER_FEED,1
LN0004766,17,2019-11,Closed,0,2019-11,ServicerA,SERVICER_FEED,1
LN0004767,27,2023-08,Prepaid,0,2023-08,ServicerD,SERVICER_FEED,1
LN0004767,40,2024-09,30DPD,35,2024-09,ServicerC,SERVICER_FEED,1
LN0004768,3,2021-11,Current,0,2021-11,ServicerC,SERVICER_FEED,1
LN0004769,6,2019-12,Default,120,2019-12,ServicerA,SERVICER_FEED,1
LN0004770,2,2020-02,30DPD,35,2020-02,ServicerC,SERVICER_FEED,1
LN0004770,12,2020-12,Default,120,2020-12,ServicerB,SERVICER_FEED,1
LN0004771,19,2022-06,Current,0,2022-06,ServicerC,SERVICER_FEED,1
LN0004772,8,2022-06,Prepaid,0,2022-06,ServicerC,SERVICER_FEED,1
LN0004772,18,2023-04,Prepaid,0,2023-04,ServicerB,SERVICER_FEED,1
LN0004773,8,2020-03,Prepaid,0,2020-03,ServicerB,SERVICER_FEED,1
LN0004774,2,2020-08,Closed,0,2020-08,ServicerA,SERVICER_FEED,1
LN0004775,17,2020-05,90DPD,95,2020-05,ServicerB,SERVICER_FEED,1
LN0004776,9,2022-10,30DPD,35,2022-10,ServicerC,SERVICER_FEED,1
LN0004777,30,2024-11,30DPD,35,2024-11,ServicerC,SERVICER_FEED,1
LN0004778,7,2022-04,Prepaid,0,2022-04,ServicerA,SERVICER_FEED,1
LN0004779,1,2022-02,Default,120,2022-02,ServicerB,SERVICER_FEED,1
LN0004780,11,2022-09,90DPD,95,2022-09,ServicerB,SERVICER_FEED,1
LN0004781,21,2023-12,Current,0,2023-12,ServicerA,SERVICER_FEED,1
LN0004782,5,2020-07,Prepaid,0,2020-07,ServicerA,SERVICER_FEED,1
LN0004783,1,2019-02,60DPD,65,2019-02,ServicerD,SERVICER_FEED,1
LN0004784,14,2023-12,30DPD,35,2023-12,ServicerA,SERVICER_FEED,1
LN0004785,3,2018-04,60DPD,65,2018-04,ServicerD,SERVICER_FEED,1
LN0004786,3,2020-04,60DPD,65,2020-04,ServicerC,SERVICER_FEED,1
LN0004787,3,2021-11,Default,120,2021-11,ServicerC,SERVICER_FEED,1
LN0004788,6,2022-06,60DPD,65,2022-06,ServicerD,SERVICER_FEED,1
LN0004789,15,2022-09,60DPD,65,2022-09,ServicerB,SERVICER_FEED,1
LN0004790,3,2020-09,Default,120,2020-09,ServicerC,SERVICER_FEED,1
LN0004791,4,2022-12,90DPD,95,2022-12,ServicerC,SERVICER_FEED,1
LN0004792,1,2019-04,Closed,0,2019-04,ServicerB,SERVICER_FEED,1
LN0004793,4,2019-01,60DPD,65,2019-01,ServicerC,SERVICER_FEED,1
LN0004794,9,2021-11,90DPD,95,2021-11,ServicerD,SERVICER_FEED,1
LN0004795,12,2020-08,60DPD,65,2020-08,ServicerD,SERVICER_FEED,1
LN0004796,15,2021-08,Closed,0,2021-08,ServicerA,SERVICER_FEED,1
LN0004796,33,2023-02,60DPD,65,2023-02,ServicerB,SERVICER_FEED,1
LN0004797,7,2020-11,Closed,0,2020-11,ServicerA,SERVICER_FEED,1
LN0004798,1,2019-05,30DPD,35,2019-05,ServicerC,SERVICER_FEED,1
LN0004799,28,2025-04,Prepaid,0,2025-04,ServicerB,SERVICER_FEED,1
LN0004799,8,2023-08,60DPD,65,2023-08,ServicerD,SERVICER_FEED,1
LN0004800,1,2019-12,60DPD,65,2019-12,ServicerD,SERVICER_FEED,1
LN0004801,3,2021-08,90DPD,95,2021-08,ServicerD,SERVICER_FEED,1
LN0004802,10,2019-08,Prepaid,0,2019-08,ServicerA,SERVICER_FEED,1
LN0004803,3,2023-03,60DPD,65,2023-03,ServicerA,SERVICER_FEED,1
LN0004804,12,2023-12,Closed,0,2023-12,ServicerB,SERVICER_FEED,1
LN0004805,16,2019-09,30DPD,35,2019-09,ServicerC,SERVICER_FEED,1
LN0004806,2,2021-05,90DPD,95,2021-05,ServicerC,SERVICER_FEED,1
LN0004807,23,2022-11,Default,120,2022-11,ServicerD,SERVICER_FEED,1
LN0004808,13,2019-12,Prepaid,0,2019-12,ServicerA,SERVICER_FEED,1
LN0004809,3,2022-02,90DPD,95,2022-02,ServicerD,SERVICER_FEED,1
LN0004810,5,2022-03,Prepaid,0,2022-03,ServicerB,SERVICER_FEED,1
LN0004811,8,2022-11,Default,120,2022-11,ServicerC,SERVICER_FEED,1
LN0004812,16,2022-05,Default,120,2022-05,ServicerC,SERVICER_FEED,1
LN0004813,4,2021-11,Prepaid,0,2021-11,ServicerA,SERVICER_FEED,1
LN0004814,7,2022-03,Default,120,2022-03,ServicerD,SERVICER_FEED,1
LN0004815,16,2023-03,60DPD,65,2023-03,ServicerD,SERVICER_FEED,1
LN0004816,19,2022-07,90DPD,95,2022-07,ServicerC,SERVICER_FEED,1
LN0004817,1,2021-10,90DPD,95,2021-10,ServicerC,SERVICER_FEED,1
LN0004818,23,2020-03,30DPD,35,2020-03,ServicerA,SERVICER_FEED,1
LN0004819,6,2021-08,Closed,0,2021-08,ServicerC,SERVICER_FEED,1
LN0004820,12,2020-01,90DPD,95,2020-01,ServicerD,SERVICER_FEED,1
LN0004821,5,2020-06,60DPD,65,2020-06,ServicerC,SERVICER_FEED,1
LN0004822,3,2022-02,Prepaid,0,2022-02,ServicerB,SERVICER_FEED,1
LN0004823,16,2019-11,Closed,0,2019-11,ServicerD,SERVICER_FEED,1
LN0004824,15,2023-01,Closed,0,2023-01,ServicerC,SERVICER_FEED,1
LN0004825,1,2019-05,60DPD,65,2019-05,ServicerC,SERVICER_FEED,1
LN0004826,1,2021-11,Default,120,2021-11,ServicerA,SERVICER_FEED,1
LN0004827,7,2022-05,Current,0,2022-05,ServicerA,SERVICER_FEED,1
LN0004828,30,2020-07,Prepaid,0,2020-07,ServicerB,SERVICER_FEED,1
LN0004828,5,2018-06,Closed,0,2018-06,ServicerD,SERVICER_FEED,1
LN0004829,20,2020-11,60DPD,65,2020-11,ServicerD,SERVICER_FEED,1
LN0004830,2,2022-03,90DPD,95,2022-03,ServicerD,SERVICER_FEED,1
LN0004831,6,2020-03,30DPD,35,2020-03,ServicerD,SERVICER_FEED,1
LN0004832,3,2020-06,60DPD,65,2020-06,ServicerA,SERVICER_FEED,1
LN0004833,11,2018-12,60DPD,65,2018-12,ServicerB,SERVICER_FEED,1
LN0004834,5,2021-11,Default,120,2021-11,ServicerD,SERVICER_FEED,1
LN0004835,4,2018-10,90DPD,95,2018-10,ServicerD,SERVICER_FEED,1
LN0004836,1,2019-06,60DPD,65,2019-06,ServicerB,SERVICER_FEED,1
LN0004837,4,2020-09,Default,120,2020-09,ServicerA,SERVICER_FEED,1
LN0004838,10,2022-09,Closed,0,2022-09,ServicerA,SERVICER_FEED,1
LN0004839,2,2020-08,Closed,0,2020-08,ServicerD,SERVICER_FEED,1
LN0004840,16,2024-03,Default,120,2024-03,ServicerC,SERVICER_FEED,1
LN0004840,22,2024-09,30DPD,35,2024-09,ServicerB,SERVICER_FEED,1
LN0004841,8,2021-04,Closed,0,2021-04,ServicerC,SERVICER_FEED,1
LN0004842,17,2020-09,Default,120,2020-09,ServicerA,SERVICER_FEED,1
LN0004843,16,2020-04,Closed,0,2020-04,ServicerC,SERVICER_FEED,1
LN0004844,13,2023-01,Default,120,2023-01,ServicerB,SERVICER_FEED,1
LN0004844,38,2025-02,Current,0,2025-02,ServicerD,SERVICER_FEED,1
LN0004845,2,2020-06,Closed,0,2020-06,ServicerD,SERVICER_FEED,1
LN0004846,9,2021-10,Default,120,2021-10,ServicerA,SERVICER_FEED,1
LN0004847,1,2019-12,30DPD,35,2019-12,ServicerB,SERVICER_FEED,1
LN0004848,4,2019-09,60DPD,65,2019-09,ServicerC,SERVICER_FEED,1
LN0004849,1,2021-01,30DPD,35,2021-01,ServicerA,SERVICER_FEED,1
LN0004850,23,2021-05,Default,120,2021-05,ServicerD,SERVICER_FEED,1
LN0004850,6,2019-12,90DPD,95,2019-12,ServicerB,SERVICER_FEED,1
LN0004851,13,2024-01,Default,120,2024-01,ServicerC,SERVICER_FEED,1
LN0004852,7,2022-03,Default,120,2022-03,ServicerD,SERVICER_FEED,1
LN0004853,1,2022-03,30DPD,35,2022-03,ServicerC,SERVICER_FEED,1
LN0004854,3,2019-09,Default,120,2019-09,ServicerA,SERVICER_FEED,1
LN0004855,23,2020-01,Prepaid,0,2020-01,ServicerD,SERVICER_FEED,1
LN0004856,3,2018-06,Prepaid,0,2018-06,ServicerA,SERVICER_FEED,1
LN0004857,10,2023-02,90DPD,95,2023-02,ServicerC,SERVICER_FEED,1
LN0004858,4,2022-09,Default,120,2022-09,ServicerD,SERVICER_FEED,1
LN0004859,7,2021-12,30DPD,35,2021-12,ServicerC,SERVICER_FEED,1
LN0004860,2,2021-02,Closed,0,2021-02,ServicerC,SERVICER_FEED,1
LN0004861,8,2019-09,Default,120,2019-09,ServicerD,SERVICER_FEED,1
LN0004862,2,2021-12,Default,120,2021-12,ServicerD,SERVICER_FEED,1
LN0004863,22,2022-05,Default,120,2022-05,ServicerB,SERVICER_FEED,1
LN0004864,2,2021-03,90DPD,95,2021-03,ServicerB,SERVICER_FEED,1
LN0004865,9,2018-11,Closed,0,2018-11,ServicerD,SERVICER_FEED,1
LN0004866,3,2020-10,30DPD,35,2020-10,ServicerA,SERVICER_FEED,1
LN0004867,12,2022-06,Default,120,2022-06,ServicerB,SERVICER_FEED,1
LN0004868,7,2022-06,60DPD,65,2022-06,ServicerA,SERVICER_FEED,1
LN0004869,9,2019-06,30DPD,35,2019-06,ServicerB,SERVICER_FEED,1
LN0004870,5,2018-07,30DPD,35,2018-07,ServicerC,SERVICER_FEED,1
LN0004871,7,2022-11,Default,120,2022-11,ServicerD,SERVICER_FEED,1
LN0004872,10,2020-05,Default,120,2020-05,ServicerB,SERVICER_FEED,1
LN0004873,3,2020-08,90DPD,95,2020-08,ServicerD,SERVICER_FEED,1
LN0004874,1,2021-03,60DPD,65,2021-03,ServicerA,SERVICER_FEED,1
LN0004875,15,2021-09,60DPD,65,2021-09,ServicerB,SERVICER_FEED,1
LN0004875,7,2021-01,60DPD,65,2021-01,ServicerB,SERVICER_FEED,1
LN0004876,1,2022-10,90DPD,95,2022-10,ServicerA,SERVICER_FEED,1
LN0004877,1,2022-04,Default,120,2022-04,ServicerC,SERVICER_FEED,1
LN0004878,8,2020-08,Default,120,2020-08,ServicerC,SERVICER_FEED,1
LN0004879,1,2019-01,30DPD,35,2019-01,ServicerA,SERVICER_FEED,1
LN0004879,36,2021-12,90DPD,95,2021-12,ServicerD,SERVICER_FEED,1
LN0004880,17,2024-04,Current,0,2024-04,ServicerC,SERVICER_FEED,1
LN0004881,3,2021-10,90DPD,95,2021-10,ServicerC,SERVICER_FEED,1
LN0004882,3,2022-01,Closed,0,2022-01,ServicerB,SERVICER_FEED,1
LN0004883,3,2020-07,90DPD,95,2020-07,ServicerD,SERVICER_FEED,1
LN0004884,11,2021-05,Default,120,2021-05,ServicerC,SERVICER_FEED,1
LN0004885,1,2018-12,Default,120,2018-12,ServicerC,SERVICER_FEED,1
LN0004886,23,2022-01,90DPD,95,2022-01,ServicerC,SERVICER_FEED,1
LN0004887,4,2021-01,30DPD,35,2021-01,ServicerB,SERVICER_FEED,1
LN0004888,9,2019-05,60DPD,65,2019-05,ServicerD,SERVICER_FEED,1
LN0004889,1,2021-04,90DPD,95,2021-04,ServicerC,SERVICER_FEED,1
LN0004890,6,2021-07,Current,0,2021-07,ServicerD,SERVICER_FEED,1
LN0004891,11,2023-02,90DPD,95,2023-02,ServicerA,SERVICER_FEED,1
LN0004892,11,2019-03,90DPD,95,2019-03,ServicerA,SERVICER_FEED,1
LN0004893,2,2019-04,Closed,0,2019-04,ServicerD,SERVICER_FEED,1
LN0004894,1,2020-03,Prepaid,0,2020-03,ServicerA,SERVICER_FEED,1
LN0004895,1,2022-06,Prepaid,0,2022-06,ServicerC,SERVICER_FEED,1
LN0004896,4,2019-07,Current,0,2019-07,ServicerB,SERVICER_FEED,1
LN0004897,39,2026-02,90DPD,95,2026-02,ServicerB,SERVICER_FEED,1
LN0004897,34,2025-09,90DPD,95,2025-09,ServicerD,SERVICER_FEED,1
LN0004898,3,2023-01,90DPD,95,2023-01,ServicerB,SERVICER_FEED,1
LN0004899,3,2018-09,60DPD,65,2018-09,ServicerA,SERVICER_FEED,1
LN0004900,22,2021-08,Prepaid,0,2021-08,ServicerD,SERVICER_FEED,1
LN0004901,8,2019-12,Prepaid,0,2019-12,ServicerA,SERVICER_FEED,1
LN0004902,3,2020-09,60DPD,65,2020-09,ServicerD,SERVICER_FEED,1
LN0004903,42,2026-02,Closed,0,2026-02,ServicerD,SERVICER_FEED,1
LN0004903,30,2025-02,Default,120,2025-02,ServicerA,SERVICER_FEED,1
LN0004904,15,2021-02,30DPD,35,2021-02,ServicerB,SERVICER_FEED,1
LN0004905,12,2022-04,30DPD,35,2022-04,ServicerD,SERVICER_FEED,1
LN0004906,1,2018-10,Closed,0,2018-10,ServicerA,SERVICER_FEED,1
LN0004907,6,2021-05,Closed,0,2021-05,ServicerD,SERVICER_FEED,1
LN0004908,1,2019-11,90DPD,95,2019-11,ServicerD,SERVICER_FEED,1
LN0004909,2,2022-10,Prepaid,0,2022-10,ServicerB,SERVICER_FEED,1
LN0004910,2,2022-01,Closed,0,2022-01,ServicerA,SERVICER_FEED,1
LN0004911,6,2019-07,30DPD,35,2019-07,ServicerD,SERVICER_FEED,1
LN0004912,9,2021-11,Prepaid,0,2021-11,ServicerA,SERVICER_FEED,1
LN0004913,3,2019-12,60DPD,65,2019-12,ServicerA,SERVICER_FEED,1
LN0004914,8,2020-11,Prepaid,0,2020-11,ServicerA,SERVICER_FEED,1
LN0004915,3,2020-07,60DPD,65,2020-07,ServicerB,SERVICER_FEED,1
LN0004916,2,2022-04,Prepaid,0,2022-04,ServicerA,SERVICER_FEED,1
LN0004917,10,2020-04,Prepaid,0,2020-04,ServicerB,SERVICER_FEED,1
LN0004918,1,2018-02,Closed,0,2018-02,ServicerA,SERVICER_FEED,1
LN0004919,7,2019-07,90DPD,95,2019-07,ServicerD,SERVICER_FEED,1
LN0004920,3,2022-05,Default,120,2022-05,ServicerA,SERVICER_FEED,1
LN0004921,2,2019-08,60DPD,65,2019-08,ServicerB,SERVICER_FEED,1
LN0004922,2,2018-06,Prepaid,0,2018-06,ServicerA,SERVICER_FEED,1
LN0004923,26,2022-03,60DPD,65,2022-03,ServicerB,SERVICER_FEED,1
LN0004924,26,2024-07,60DPD,65,2024-07,ServicerA,SERVICER_FEED,1
LN0004925,4,2022-09,Current,0,2022-09,ServicerA,SERVICER_FEED,1
LN0004926,4,2023-01,60DPD,65,2023-01,ServicerA,SERVICER_FEED,1
LN0004927,1,2021-07,60DPD,65,2021-07,ServicerC,SERVICER_FEED,1
LN0004928,4,2022-06,90DPD,95,2022-06,ServicerA,SERVICER_FEED,1
LN0004929,2,2022-01,Default,120,2022-01,ServicerB,SERVICER_FEED,1
LN0004930,7,2018-09,Prepaid,0,2018-09,ServicerB,SERVICER_FEED,1
LN0004931,9,2020-11,Prepaid,0,2020-11,ServicerD,SERVICER_FEED,1
LN0004932,7,2021-03,60DPD,65,2021-03,ServicerB,SERVICER_FEED,1
LN0004933,10,2021-02,Closed,0,2021-02,ServicerB,SERVICER_FEED,1
LN0004933,9,2021-01,Default,120,2021-01,ServicerD,SERVICER_FEED,1
LN0004934,2,2022-04,90DPD,95,2022-04,ServicerB,SERVICER_FEED,1
LN0004935,7,2023-06,Closed,0,2023-06,ServicerA,SERVICER_FEED,1
LN0004936,14,2021-11,90DPD,95,2021-11,ServicerC,SERVICER_FEED,1
LN0004937,25,2020-07,30DPD,35,2020-07,ServicerC,SERVICER_FEED,1
LN0004937,27,2020-09,Prepaid,0,2020-09,ServicerA,SERVICER_FEED,1
LN0004938,3,2020-01,Closed,0,2020-01,ServicerC,SERVICER_FEED,1
LN0004939,2,2019-02,30DPD,35,2019-02,ServicerA,SERVICER_FEED,1
LN0004940,2,2020-07,60DPD,65,2020-07,ServicerB,SERVICER_FEED,1
LN0004941,1,2019-04,30DPD,35,2019-04,ServicerA,SERVICER_FEED,1
LN0004942,1,2018-06,30DPD,35,2018-06,ServicerA,SERVICER_FEED,1
LN0004943,16,2020-03,Closed,0,2020-03,ServicerB,SERVICER_FEED,1
LN0004943,7,2019-06,30DPD,35,2019-06,ServicerD,SERVICER_FEED,1
LN0004944,3,2020-09,90DPD,95,2020-09,ServicerC,SERVICER_FEED,1
LN0004945,1,2018-10,90DPD,95,2018-10,ServicerB,SERVICER_FEED,1
LN0004946,11,2019-01,Closed,0,2019-01,ServicerA,SERVICER_FEED,1
LN0004947,4,2019-09,90DPD,95,2019-09,ServicerC,SERVICER_FEED,1
LN0004948,2,2021-05,Closed,0,2021-05,ServicerD,SERVICER_FEED,1
LN0004949,4,2021-06,Closed,0,2021-06,ServicerC,SERVICER_FEED,1
LN0004950,25,2022-01,30DPD,35,2022-01,ServicerB,SERVICER_FEED,1
LN0004951,20,2022-12,Prepaid,0,2022-12,ServicerD,SERVICER_FEED,1
LN0004951,38,2024-06,Prepaid,0,2024-06,ServicerA,SERVICER_FEED,1
LN0004952,5,2019-05,Closed,0,2019-05,ServicerD,SERVICER_FEED,1
LN0004953,21,2023-05,Default,120,2023-05,ServicerB,SERVICER_FEED,1
LN0004954,11,2019-01,Closed,0,2019-01,ServicerD,SERVICER_FEED,1
LN0004955,5,2019-02,Prepaid,0,2019-02,ServicerC,SERVICER_FEED,1
LN0004956,8,2023-04,90DPD,95,2023-04,ServicerD,SERVICER_FEED,1
LN0004957,5,2020-10,Default,120,2020-10,ServicerB,SERVICER_FEED,1
LN0004958,12,2021-10,90DPD,95,2021-10,ServicerD,SERVICER_FEED,1
LN0004959,15,2021-03,Prepaid,0,2021-03,ServicerA,SERVICER_FEED,1
LN0004960,34,2024-01,30DPD,35,2024-01,ServicerA,SERVICER_FEED,1
LN0004961,2,2021-11,Default,120,2021-11,ServicerB,SERVICER_FEED,1
LN0004962,8,2022-07,30DPD,35,2022-07,ServicerD,SERVICER_FEED,1
LN0004963,8,2019-11,Closed,0,2019-11,ServicerC,SERVICER_FEED,1
LN0004964,2,2021-04,30DPD,35,2021-04,ServicerD,SERVICER_FEED,1
LN0004965,1,2022-01,30DPD,35,2022-01,ServicerA,SERVICER_FEED,1
LN0004966,4,2020-05,Prepaid,0,2020-05,ServicerC,SERVICER_FEED,1
LN0004967,17,2021-04,Closed,0,2021-04,ServicerA,SERVICER_FEED,1
LN0004968,1,2021-03,30DPD,35,2021-03,ServicerB,SERVICER_FEED,1
LN0004969,3,2021-02,Closed,0,2021-02,ServicerB,SERVICER_FEED,1
LN0004970,3,2019-07,30DPD,35,2019-07,ServicerC,SERVICER_FEED,1
LN0004971,8,2023-06,60DPD,65,2023-06,ServicerC,SERVICER_FEED,1
LN0004972,4,2021-02,Closed,0,2021-02,ServicerB,SERVICER_FEED,1
LN0004973,22,2022-08,60DPD,65,2022-08,ServicerD,SERVICER_FEED,1
LN0004973,40,2024-02,Default,120,2024-02,ServicerD,SERVICER_FEED,1
LN0004974,10,2019-11,Closed,0,2019-11,ServicerB,SERVICER_FEED,1
LN0004975,26,2023-07,Prepaid,0,2023-07,ServicerB,SERVICER_FEED,1
LN0004975,17,2022-10,Closed,0,2022-10,ServicerB,SERVICER_FEED,1
LN0004976,4,2022-12,60DPD,65,2022-12,ServicerD,SERVICER_FEED,1
LN0004977,1,2021-09,90DPD,95,2021-09,ServicerC,SERVICER_FEED,1
LN0004978,1,2020-08,90DPD,95,2020-08,ServicerC,SERVICER_FEED,1
LN0004979,19,2022-10,30DPD,35,2022-10,ServicerC,SERVICER_FEED,1
LN0004980,4,2019-07,60DPD,65,2019-07,ServicerB,SERVICER_FEED,1
LN0004981,5,2018-09,Closed,0,2018-09,ServicerC,SERVICER_FEED,1
LN0004982,2,2021-05,Prepaid,0,2021-05,ServicerD,SERVICER_FEED,1
LN0004983,7,2019-06,60DPD,65,2019-06,ServicerD,SERVICER_FEED,1
LN0004984,14,2019-08,Default,120,2019-08,ServicerA,SERVICER_FEED,1
LN0004985,1,2021-12,Default,120,2021-12,ServicerA,SERVICER_FEED,1
LN0004986,5,2020-08,Default,120,2020-08,ServicerA,SERVICER_FEED,1
LN0004987,7,2022-11,30DPD,35,2022-11,ServicerB,SERVICER_FEED,1
LN0004988,4,2022-08,Prepaid,0,2022-08,ServicerA,SERVICER_FEED,1
LN0004989,3,2018-11,Default,120,2018-11,ServicerC,SERVICER_FEED,1
LN0004990,12,2022-11,90DPD,95,2022-11,ServicerD,SERVICER_FEED,1
LN0004991,14,2020-11,30DPD,35,2020-11,ServicerA,SERVICER_FEED,1
LN0004992,4,2021-11,90DPD,95,2021-11,ServicerB,SERVICER_FEED,1
LN0004993,2,2018-05,Closed,0,2018-05,ServicerC,SERVICER_FEED,1
LN0004994,9,2021-02,60DPD,65,2021-02,ServicerC,SERVICER_FEED,1
LN0004995,15,2022-05,Default,120,2022-05,ServicerA,SERVICER_FEED,1
LN0004996,25,2022-04,Default,120,2022-04,ServicerC,SERVICER_FEED,1
LN0004997,5,2021-03,Current,0,2021-03,ServicerD,SERVICER_FEED,1
LN0004998,20,2019-09,30DPD,35,2019-09,ServicerC,SERVICER_FEED,1
LN0004999,4,2018-05,60DPD,65,2018-05,ServicerB,SERVICER_FEED,1
LN0005000,2,2021-02,30DPD,35,2021-02,ServicerB,SERVICER_FEED,1
