loan_id,as_of_month,prob_delinquency_3m,prob_delinquency_6m,prob_default_12m,prob_prepayment_12m,predicted_next_state,exception_flag,exception_type,anomaly_score,top_drivers,recommended_action,confidence
LN0000746,2022-07,0.0,0.0,0.0,0.0,,0,,0.0,,,0.0
LN0004422,2024-09,0.0,0.0,0.0,0.0,,0,,0.0,,,0.0
LN0000307,2022-02,0.0,0.0,0.0,0.0,,0,,0.0,,,0.0
LN0004521,2024-03,0.0,0.0,0.0,0.0,,0,,0.0,,,0.0
LN0003661,2024-07,0.0,0.0,0.0,0.0,,0,,0.0,,,0.0
LN0000839,2021-09,0.0,0.0,0.0,0.0,,0,,0.0,,,0.0
LN0000193,2024-11,0.0,0.0,0.0,0.0,,0,,0.0,,,0.0
LN0002447,2022-11,0.0,0.0,0.0,0.0,,0,,0.0,,,0.0
LN0004521,2023-06,0.0,0.0,0.0,0.0,,0,,0.0,,,0.0
LN0004393,2024-07,0.0,0.0,0.0,0.0,,0,,0.0,,,0.0
LN0003035,2025-05,0.0,0.0,0.0,0.0,,0,,0.0,,,0.0
LN0003442,2023-10,0.0,0.0,0.0,0.0,,0,,0.0,,,0.0
LN0004396,2023-09,0.0,0.0,0.0,0.0,,0,,0.0,,,0.0
LN0003831,2024-08,0.0,0.0,0.0,0.0,,0,,0.0,,,0.0
LN0003401,2021-05,0.0,0.0,0.0,0.0,,0,,0.0,,,0.0
LN0003777,2020-12,0.0,0.0,0.0,0.0,,0,,0.0,,,0.0
LN0004106,2025-10,0.0,0.0,0.0,0.0,,0,,0.0,,,0.0
LN0003412,2022-04,0.0,0.0,0.0,0.0,,0,,0.0,,,0.0
LN0003214,2025-08,0.0,0.0,0.0,0.0,,0,,0.0,,,0.0
LN0004886,2022-12,0.0,0.0,0.0,0.0,,0,,0.0,,,0.0
LN0001491,2023-08,0.0,0.0,0.0,0.0,,0,,0.0,,,0.0
LN0002728,2022-01,0.0,0.0,0.0,0.0,,0,,0.0,,,0.0
LN0000887,2020-10,0.0,0.0,0.0,0.0,,0,,0.0,,,0.0
LN0000109,2024-04,0.0,0.0,0.0,0.0,,0,,0.0,,,0.0
LN0000655,2021-01,0.0,0.0,0.0,0.0,,0,,0.0,,,0.0
LN0002561,2023-08,0.0,0.0,0.0,0.0,,0,,0.0,,,0.0
LN0000383,2024-02,0.0,0.0,0.0,0.0,,0,,0.0,,,0.0
LN0003349,2021-05,0.0,0.0,0.0,0.0,,0,,0.0,,,0.0
LN0002390,2024-08,0.0,0.0,0.0,0.0,,0,,0.0,,,0.0
LN0002072,2021-09,0.0,0.0,0.0,0.0,,0,,0.0,,,0.0
LN0001760,2021-06,0.0,0.0,0.0,0.0,,0,,0.0,,,0.0
LN0004334,2024-04,0.0,0.0,0.0,0.0,,0,,0.0,,,0.0
LN0000193,2025-02,0.0,0.0,0.0,0.0,,0,,0.0,,,0.0
LN0003861,2021-09,0.0,0.0,0.0,0.0,,0,,0.0,,,0.0
LN0002390,2025-08,0.0,0.0,0.0,0.0,,0,,0.0,,,0.0
LN0004336,2021-06,0.0,0.0,0.0,0.0,,0,,0.0,,,0.0
LN0003081,2022-05,0.0,0.0,0.0,0.0,,0,,0.0,,,0.0
LN0001304,2021-10,0.0,0.0,0.0,0.0,,0,,0.0,,,0.0
LN0004697,2024-06,0.0,0.0,0.0,0.0,,0,,0.0,,,0.0
LN0004033,2024-03,0.0,0.0,0.0,0.0,,0,,0.0,,,0.0
LN0003137,2023-08,0.0,0.0,0.0,0.0,,0,,0.0,,,0.0
LN0000409,2025-05,0.0,0.0,0.0,0.0,,0,,0.0,,,0.0
LN0002814,2022-05,0.0,0.0,0.0,0.0,,0,,0.0,,,0.0
LN0003569,2022-10,0.0,0.0,0.0,0.0,,0,,0.0,,,0.0
LN0004719,2023-07,0.0,0.0,0.0,0.0,,0,,0.0,,,0.0
LN0003481,2024-09,0.0,0.0,0.0,0.0,,0,,0.0,,,0.0
LN0004161,2023-04,0.0,0.0,0.0,0.0,,0,,0.0,,,0.0
LN0004549,2020-10,0.0,0.0,0.0,0.0,,0,,0.0,,,0.0
LN0003815,2024-01,0.0,0.0,0.0,0.0,,0,,0.0,,,0.0
LN0001911,2025-04,0.0,0.0,0.0,0.0,,0,,0.0,,,0.0
LN0000302,2024-09,0.0,0.0,0.0,0.0,,0,,0.0,,,0.0
LN0004975,2024-08,0.0,0.0,0.0,0.0,,0,,0.0,,,0.0
LN0001185,2021-01,0.0,0.0,0.0,0.0,,0,,0.0,,,0.0
LN0003861,2021-08,0.0,0.0,0.0,0.0,,0,,0.0,,,0.0
LN0002403,2023-07,0.0,0.0,0.0,0.0,,0,,0.0,,,0.0
LN0004115,2021-03,0.0,0.0,0.0,0.0,,0,,0.0,,,0.0
LN0000930,2023-11,0.0,0.0,0.0,0.0,,0,,0.0,,,0.0
LN0000222,2021-01,0.0,0.0,0.0,0.0,,0,,0.0,,,0.0
LN0004070,2022-05,0.0,0.0,0.0,0.0,,0,,0.0,,,0.0
LN0000417,2023-08,0.0,0.0,0.0,0.0,,0,,0.0,,,0.0
LN0004248,2022-06,0.0,0.0,0.0,0.0,,0,,0.0,,,0.0
LN0001791,2023-04,0.0,0.0,0.0,0.0,,0,,0.0,,,0.0
LN0004563,2024-08,0.0,0.0,0.0,0.0,,0,,0.0,,,0.0
LN0000925,2021-10,0.0,0.0,0.0,0.0,,0,,0.0,,,0.0
LN0003846,2022-02,0.0,0.0,0.0,0.0,,0,,0.0,,,0.0
LN0003137,2024-05,0.0,0.0,0.0,0.0,,0,,0.0,,,0.0
LN0004374,2020-09,0.0,0.0,0.0,0.0,,0,,0.0,,,0.0
LN0002734,2024-09,0.0,0.0,0.0,0.0,,0,,0.0,,,0.0
LN0003896,2025-08,0.0,0.0,0.0,0.0,,0,,0.0,,,0.0
LN0001731,2021-05,0.0,0.0,0.0,0.0,,0,,0.0,,,0.0
LN0004014,2021-09,0.0,0.0,0.0,0.0,,0,,0.0,,,0.0
LN0003740,2021-02,0.0,0.0,0.0,0.0,,0,,0.0,,,0.0
LN0003974,2022-12,0.0,0.0,0.0,0.0,,0,,0.0,,,0.0
LN0002946,2020-11,0.0,0.0,0.0,0.0,,0,,0.0,,,0.0
LN0001180,2024-07,0.0,0.0,0.0,0.0,,0,,0.0,,,0.0
LN0000839,2022-02,0.0,0.0,0.0,0.0,,0,,0.0,,,0.0
LN0002934,2023-07,0.0,0.0,0.0,0.0,,0,,0.0,,,0.0
LN0004850,2022-11,0.0,0.0,0.0,0.0,,0,,0.0,,,0.0
LN0000706,2022-05,0.0,0.0,0.0,0.0,,0,,0.0,,,0.0
LN0004115,2021-01,0.0,0.0,0.0,0.0,,0,,0.0,,,0.0
LN0000020,2021-04,0.0,0.0,0.0,0.0,,0,,0.0,,,0.0
LN0001719,2023-02,0.0,0.0,0.0,0.0,,0,,0.0,,,0.0
LN0001838,2021-09,0.0,0.0,0.0,0.0,,0,,0.0,,,0.0
LN0003442,2024-03,0.0,0.0,0.0,0.0,,0,,0.0,,,0.0
LN0001450,2022-04,0.0,0.0,0.0,0.0,,0,,0.0,,,0.0
LN0001227,2024-05,0.0,0.0,0.0,0.0,,0,,0.0,,,0.0
LN0003335,2024-01,0.0,0.0,0.0,0.0,,0,,0.0,,,0.0
LN0002908,2022-08,0.0,0.0,0.0,0.0,,0,,0.0,,,0.0
LN0001314,2024-01,0.0,0.0,0.0,0.0,,0,,0.0,,,0.0
LN0001330,2023-06,0.0,0.0,0.0,0.0,,0,,0.0,,,0.0
LN0003629,2020-10,0.0,0.0,0.0,0.0,,0,,0.0,,,0.0
LN0001792,2022-03,0.0,0.0,0.0,0.0,,0,,0.0,,,0.0
LN0001573,2021-01,0.0,0.0,0.0,0.0,,0,,0.0,,,0.0
LN0000405,2023-11,0.0,0.0,0.0,0.0,,0,,0.0,,,0.0
LN0004124,2023-01,0.0,0.0,0.0,0.0,,0,,0.0,,,0.0
LN0000082,2023-05,0.0,0.0,0.0,0.0,,0,,0.0,,,0.0
LN0003282,2022-09,0.0,0.0,0.0,0.0,,0,,0.0,,,0.0
LN0004636,2020-10,0.0,0.0,0.0,0.0,,0,,0.0,,,0.0
LN0003126,2023-02,0.0,0.0,0.0,0.0,,0,,0.0,,,0.0
LN0000020,2021-05,0.0,0.0,0.0,0.0,,0,,0.0,,,0.0
LN0003880,2024-03,0.0,0.0,0.0,0.0,,0,,0.0,,,0.0
LN0003170,2022-02,0.0,0.0,0.0,0.0,,0,,0.0,,,0.0
LN0004055,2025-03,0.0,0.0,0.0,0.0,,0,,0.0,,,0.0
LN0004333,2022-01,0.0,0.0,0.0,0.0,,0,,0.0,,,0.0
LN0004658,2021-03,0.0,0.0,0.0,0.0,,0,,0.0,,,0.0
LN0003965,2021-03,0.0,0.0,0.0,0.0,,0,,0.0,,,0.0
LN0002234,2022-02,0.0,0.0,0.0,0.0,,0,,0.0,,,0.0
LN0002512,2023-09,0.0,0.0,0.0,0.0,,0,,0.0,,,0.0
LN0004923,2022-07,0.0,0.0,0.0,0.0,,0,,0.0,,,0.0
LN0000243,2024-05,0.0,0.0,0.0,0.0,,0,,0.0,,,0.0
LN0000546,2020-12,0.0,0.0,0.0,0.0,,0,,0.0,,,0.0
LN0002468,2023-09,0.0,0.0,0.0,0.0,,0,,0.0,,,0.0
LN0002931,2022-03,0.0,0.0,0.0,0.0,,0,,0.0,,,0.0
LN0001691,2022-10,0.0,0.0,0.0,0.0,,0,,0.0,,,0.0
LN0004124,2023-11,0.0,0.0,0.0,0.0,,0,,0.0,,,0.0
LN0001660,2021-02,0.0,0.0,0.0,0.0,,0,,0.0,,,0.0
LN0001669,2024-12,0.0,0.0,0.0,0.0,,0,,0.0,,,0.0
LN0003933,2024-09,0.0,0.0,0.0,0.0,,0,,0.0,,,0.0
LN0001664,2025-03,0.0,0.0,0.0,0.0,,0,,0.0,,,0.0
LN0002398,2023-06,0.0,0.0,0.0,0.0,,0,,0.0,,,0.0
LN0004304,2021-11,0.0,0.0,0.0,0.0,,0,,0.0,,,0.0
LN0004795,2021-11,0.0,0.0,0.0,0.0,,0,,0.0,,,0.0
LN0002154,2021-07,0.0,0.0,0.0,0.0,,0,,0.0,,,0.0
LN0002640,2023-01,0.0,0.0,0.0,0.0,,0,,0.0,,,0.0
LN0002449,2022-04,0.0,0.0,0.0,0.0,,0,,0.0,,,0.0
LN0002946,2020-04,0.0,0.0,0.0,0.0,,0,,0.0,,,0.0
LN0003468,2022-07,0.0,0.0,0.0,0.0,,0,,0.0,,,0.0
LN0002969,2024-03,0.0,0.0,0.0,0.0,,0,,0.0,,,0.0
LN0000383,2023-12,0.0,0.0,0.0,0.0,,0,,0.0,,,0.0
LN0000041,2025-07,0.0,0.0,0.0,0.0,,0,,0.0,,,0.0
LN0001924,2024-02,0.0,0.0,0.0,0.0,,0,,0.0,,,0.0
LN0001652,2022-11,0.0,0.0,0.0,0.0,,0,,0.0,,,0.0
LN0004248,2022-08,0.0,0.0,0.0,0.0,,0,,0.0,,,0.0
LN0002938,2025-03,0.0,0.0,0.0,0.0,,0,,0.0,,,0.0
LN0004115,2021-05,0.0,0.0,0.0,0.0,,0,,0.0,,,0.0
LN0002613,2025-04,0.0,0.0,0.0,0.0,,0,,0.0,,,0.0
LN0004495,2022-11,0.0,0.0,0.0,0.0,,0,,0.0,,,0.0
LN0000430,2020-10,0.0,0.0,0.0,0.0,,0,,0.0,,,0.0
LN0003361,2021-01,0.0,0.0,0.0,0.0,,0,,0.0,,,0.0
LN0003496,2023-12,0.0,0.0,0.0,0.0,,0,,0.0,,,0.0
LN0000227,2020-12,0.0,0.0,0.0,0.0,,0,,0.0,,,0.0
LN0000468,2020-12,0.0,0.0,0.0,0.0,,0,,0.0,,,0.0
LN0004213,2021-03,0.0,0.0,0.0,0.0,,0,,0.0,,,0.0
LN0003386,2024-04,0.0,0.0,0.0,0.0,,0,,0.0,,,0.0
LN0003381,2021-10,0.0,0.0,0.0,0.0,,0,,0.0,,,0.0
LN0001691,2022-11,0.0,0.0,0.0,0.0,,0,,0.0,,,0.0
LN0002187,2020-06,0.0,0.0,0.0,0.0,,0,,0.0,,,0.0
LN0004753,2021-05,0.0,0.0,0.0,0.0,,0,,0.0,,,0.0
LN0004937,2020-08,0.0,0.0,0.0,0.0,,0,,0.0,,,0.0
LN0001161,2022-06,0.0,0.0,0.0,0.0,,0,,0.0,,,0.0
LN0004676,2021-11,0.0,0.0,0.0,0.0,,0,,0.0,,,0.0
LN0003321,2024-01,0.0,0.0,0.0,0.0,,0,,0.0,,,0.0
LN0004868,2024-09,0.0,0.0,0.0,0.0,,0,,0.0,,,0.0
LN0004710,2023-10,0.0,0.0,0.0,0.0,,0,,0.0,,,0.0
LN0000353,2022-11,0.0,0.0,0.0,0.0,,0,,0.0,,,0.0
LN0001959,2025-08,0.0,0.0,0.0,0.0,,0,,0.0,,,0.0
LN0004875,2023-02,0.0,0.0,0.0,0.0,,0,,0.0,,,0.0
LN0001604,2021-06,0.0,0.0,0.0,0.0,,0,,0.0,,,0.0
LN0002626,2021-10,0.0,0.0,0.0,0.0,,0,,0.0,,,0.0
LN0003737,2021-09,0.0,0.0,0.0,0.0,,0,,0.0,,,0.0
LN0002640,2022-10,0.0,0.0,0.0,0.0,,0,,0.0,,,0.0
LN0003454,2021-06,0.0,0.0,0.0,0.0,,0,,0.0,,,0.0
LN0004235,2022-10,0.0,0.0,0.0,0.0,,0,,0.0,,,0.0
LN0004503,2024-08,0.0,0.0,0.0,0.0,,0,,0.0,,,0.0
LN0003039,2021-12,0.0,0.0,0.0,0.0,,0,,0.0,,,0.0
LN0003403,2022-12,0.0,0.0,0.0,0.0,,0,,0.0,,,0.0
LN0004325,2023-11,0.0,0.0,0.0,0.0,,0,,0.0,,,0.0
LN0002934,2022-12,0.0,0.0,0.0,0.0,,0,,0.0,,,0.0
LN0003636,2021-01,0.0,0.0,0.0,0.0,,0,,0.0,,,0.0
LN0003755,2023-09,0.0,0.0,0.0,0.0,,0,,0.0,,,0.0
LN0000387,2024-03,0.0,0.0,0.0,0.0,,0,,0.0,,,0.0
LN0002506,2025-05,0.0,0.0,0.0,0.0,,0,,0.0,,,0.0
LN0004563,2024-11,0.0,0.0,0.0,0.0,,0,,0.0,,,0.0
LN0004041,2024-06,0.0,0.0,0.0,0.0,,0,,0.0,,,0.0
LN0001330,2023-07,0.0,0.0,0.0,0.0,,0,,0.0,,,0.0
LN0001625,2022-04,0.0,0.0,0.0,0.0,,0,,0.0,,,0.0
LN0004759,2024-02,0.0,0.0,0.0,0.0,,0,,0.0,,,0.0
LN0004312,2024-11,0.0,0.0,0.0,0.0,,0,,0.0,,,0.0
LN0004197,2021-07,0.0,0.0,0.0,0.0,,0,,0.0,,,0.0
LN0000148,2023-08,0.0,0.0,0.0,0.0,,0,,0.0,,,0.0
LN0001620,2020-10,0.0,0.0,0.0,0.0,,0,,0.0,,,0.0
LN0001254,2021-09,0.0,0.0,0.0,0.0,,0,,0.0,,,0.0
LN0004456,2025-03,0.0,0.0,0.0,0.0,,0,,0.0,,,0.0
LN0001446,2021-12,0.0,0.0,0.0,0.0,,0,,0.0,,,0.0
LN0000697,2025-11,0.0,0.0,0.0,0.0,,0,,0.0,,,0.0
LN0004629,2023-04,0.0,0.0,0.0,0.0,,0,,0.0,,,0.0
LN0003146,2024-07,0.0,0.0,0.0,0.0,,0,,0.0,,,0.0
LN0003449,2024-07,0.0,0.0,0.0,0.0,,0,,0.0,,,0.0
LN0003193,2024-04,0.0,0.0,0.0,0.0,,0,,0.0,,,0.0
LN0000058,2021-04,0.0,0.0,0.0,0.0,,0,,0.0,,,0.0
LN0002668,2023-06,0.0,0.0,0.0,0.0,,0,,0.0,,,0.0
LN0004886,2022-06,0.0,0.0,0.0,0.0,,0,,0.0,,,0.0
LN0001091,2024-10,0.0,0.0,0.0,0.0,,0,,0.0,,,0.0
LN0000156,2021-03,0.0,0.0,0.0,0.0,,0,,0.0,,,0.0
LN0004536,2024-07,0.0,0.0,0.0,0.0,,0,,0.0,,,0.0
LN0004879,2021-03,0.0,0.0,0.0,0.0,,0,,0.0,,,0.0
LN0004804,2025-12,0.0,0.0,0.0,0.0,,0,,0.0,,,0.0
LN0001388,2022-12,0.0,0.0,0.0,0.0,,0,,0.0,,,0.0
LN0004518,2022-04,0.0,0.0,0.0,0.0,,0,,0.0,,,0.0
LN0004447,2024-09,0.0,0.0,0.0,0.0,,0,,0.0,,,0.0
LN0001783,2022-08,0.0,0.0,0.0,0.0,,0,,0.0,,,0.0
LN0001721,2025-06,0.0,0.0,0.0,0.0,,0,,0.0,,,0.0
LN0000431,2020-11,0.0,0.0,0.0,0.0,,0,,0.0,,,0.0
LN0004652,2021-11,0.0,0.0,0.0,0.0,,0,,0.0,,,0.0
LN0003926,2024-09,0.0,0.0,0.0,0.0,,0,,0.0,,,0.0
LN0001894,2020-07,0.0,0.0,0.0,0.0,,0,,0.0,,,0.0
LN0002963,2024-02,0.0,0.0,0.0,0.0,,0,,0.0,,,0.0
LN0003630,2021-09,0.0,0.0,0.0,0.0,,0,,0.0,,,0.0
LN0003321,2023-07,0.0,0.0,0.0,0.0,,0,,0.0,,,0.0
LN0003909,2025-03,0.0,0.0,0.0,0.0,,0,,0.0,,,0.0
LN0000148,2024-04,0.0,0.0,0.0,0.0,,0,,0.0,,,0.0
LN0000701,2022-12,0.0,0.0,0.0,0.0,,0,,0.0,,,0.0
LN0000887,2021-02,0.0,0.0,0.0,0.0,,0,,0.0,,,0.0
LN0000383,2024-07,0.0,0.0,0.0,0.0,,0,,0.0,,,0.0
LN0004025,2022-04,0.0,0.0,0.0,0.0,,0,,0.0,,,0.0
LN0002397,2024-07,0.0,0.0,0.0,0.0,,0,,0.0,,,0.0
LN0000167,2021-06,0.0,0.0,0.0,0.0,,0,,0.0,,,0.0
LN0000902,2023-06,0.0,0.0,0.0,0.0,,0,,0.0,,,0.0
LN0002399,2021-01,0.0,0.0,0.0,0.0,,0,,0.0,,,0.0
LN0001390,2023-09,0.0,0.0,0.0,0.0,,0,,0.0,,,0.0
LN0003335,2024-09,0.0,0.0,0.0,0.0,,0,,0.0,,,0.0
LN0003861,2022-05,0.0,0.0,0.0,0.0,,0,,0.0,,,0.0
LN0004333,2022-08,0.0,0.0,0.0,0.0,,0,,0.0,,,0.0
LN0000516,2024-11,0.0,0.0,0.0,0.0,,0,,0.0,,,0.0
LN0002227,2020-04,0.0,0.0,0.0,0.0,,0,,0.0,,,0.0
LN0002358,2023-09,0.0,0.0,0.0,0.0,,0,,0.0,,,0.0
LN0004456,2025-08,0.0,0.0,0.0,0.0,,0,,0.0,,,0.0
LN0003816,2021-09,0.0,0.0,0.0,0.0,,0,,0.0,,,0.0
LN0000693,2024-01,0.0,0.0,0.0,0.0,,0,,0.0,,,0.0
LN0003214,2025-02,0.0,0.0,0.0,0.0,,0,,0.0,,,0.0
LN0000319,2021-04,0.0,0.0,0.0,0.0,,0,,0.0,,,0.0
LN0003896,2025-03,0.0,0.0,0.0,0.0,,0,,0.0,,,0.0
LN0002468,2023-10,0.0,0.0,0.0,0.0,,0,,0.0,,,0.0
LN0001750,2022-05,0.0,0.0,0.0,0.0,,0,,0.0,,,0.0
LN0004017,2022-11,0.0,0.0,0.0,0.0,,0,,0.0,,,0.0
LN0001382,2024-10,0.0,0.0,0.0,0.0,,0,,0.0,,,0.0
LN0000918,2020-09,0.0,0.0,0.0,0.0,,0,,0.0,,,0.0
LN0001947,2024-12,0.0,0.0,0.0,0.0,,0,,0.0,,,0.0
LN0001624,2024-12,0.0,0.0,0.0,0.0,,0,,0.0,,,0.0
LN0003633,2023-04,0.0,0.0,0.0,0.0,,0,,0.0,,,0.0
LN0001382,2024-06,0.0,0.0,0.0,0.0,,0,,0.0,,,0.0
LN0002478,2021-05,0.0,0.0,0.0,0.0,,0,,0.0,,,0.0
LN0001894,2020-08,0.0,0.0,0.0,0.0,,0,,0.0,,,0.0
LN0004382,2023-12,0.0,0.0,0.0,0.0,,0,,0.0,,,0.0
LN0003816,2021-12,0.0,0.0,0.0,0.0,,0,,0.0,,,0.0
LN0003846,2021-12,0.0,0.0,0.0,0.0,,0,,0.0,,,0.0
LN0004597,2022-01,0.0,0.0,0.0,0.0,,0,,0.0,,,0.0
LN0002328,2020-10,0.0,0.0,0.0,0.0,,0,,0.0,,,0.0
LN0001573,2022-05,0.0,0.0,0.0,0.0,,0,,0.0,,,0.0
LN0003449,2024-10,0.0,0.0,0.0,0.0,,0,,0.0,,,0.0
LN0001840,2022-10,0.0,0.0,0.0,0.0,,0,,0.0,,,0.0
LN0000430,2021-02,0.0,0.0,0.0,0.0,,0,,0.0,,,0.0
LN0002981,2022-04,0.0,0.0,0.0,0.0,,0,,0.0,,,0.0
LN0002901,2024-11,0.0,0.0,0.0,0.0,,0,,0.0,,,0.0
LN0001625,2023-01,0.0,0.0,0.0,0.0,,0,,0.0,,,0.0
LN0004334,2023-12,0.0,0.0,0.0,0.0,,0,,0.0,,,0.0
LN0002150,2021-09,0.0,0.0,0.0,0.0,,0,,0.0,,,0.0
LN0002072,2021-06,0.0,0.0,0.0,0.0,,0,,0.0,,,0.0
LN0004243,2021-02,0.0,0.0,0.0,0.0,,0,,0.0,,,0.0
LN0003289,2023-03,0.0,0.0,0.0,0.0,,0,,0.0,,,0.0
LN0003737,2021-02,0.0,0.0,0.0,0.0,,0,,0.0,,,0.0
LN0002538,2024-07,0.0,0.0,0.0,0.0,,0,,0.0,,,0.0
LN0004581,2022-03,0.0,0.0,0.0,0.0,,0,,0.0,,,0.0
LN0001520,2022-04,0.0,0.0,0.0,0.0,,0,,0.0,,,0.0
LN0000665,2024-03,0.0,0.0,0.0,0.0,,0,,0.0,,,0.0
LN0001253,2021-06,0.0,0.0,0.0,0.0,,0,,0.0,,,0.0
LN0001831,2024-06,0.0,0.0,0.0,0.0,,0,,0.0,,,0.0
LN0004191,2021-03,0.0,0.0,0.0,0.0,,0,,0.0,,,0.0
LN0003422,2020-12,0.0,0.0,0.0,0.0,,0,,0.0,,,0.0
LN0004828,2020-04,0.0,0.0,0.0,0.0,,0,,0.0,,,0.0
LN0002734,2024-10,0.0,0.0,0.0,0.0,,0,,0.0,,,0.0
LN0001491,2024-01,0.0,0.0,0.0,0.0,,0,,0.0,,,0.0
LN0003146,2024-08,0.0,0.0,0.0,0.0,,0,,0.0,,,0.0
LN0003313,2024-05,0.0,0.0,0.0,0.0,,0,,0.0,,,0.0
LN0003536,2023-06,0.0,0.0,0.0,0.0,,0,,0.0,,,0.0
LN0001889,2025-09,0.0,0.0,0.0,0.0,,0,,0.0,,,0.0
LN0002222,2021-04,0.0,0.0,0.0,0.0,,0,,0.0,,,0.0
LN0000589,2023-11,0.0,0.0,0.0,0.0,,0,,0.0,,,0.0
LN0002238,2022-09,0.0,0.0,0.0,0.0,,0,,0.0,,,0.0
LN0001126,2022-10,0.0,0.0,0.0,0.0,,0,,0.0,,,0.0
LN0001663,2022-08,0.0,0.0,0.0,0.0,,0,,0.0,,,0.0
LN0003896,2024-07,0.0,0.0,0.0,0.0,,0,,0.0,,,0.0
LN0003951,2021-02,0.0,0.0,0.0,0.0,,0,,0.0,,,0.0
LN0001663,2021-09,0.0,0.0,0.0,0.0,,0,,0.0,,,0.0
LN0004333,2021-09,0.0,0.0,0.0,0.0,,0,,0.0,,,0.0
LN0001924,2024-04,0.0,0.0,0.0,0.0,,0,,0.0,,,0.0
LN0003220,2022-04,0.0,0.0,0.0,0.0,,0,,0.0,,,0.0
LN0000902,2023-02,0.0,0.0,0.0,0.0,,0,,0.0,,,0.0
LN0002323,2022-03,0.0,0.0,0.0,0.0,,0,,0.0,,,0.0
LN0000450,2024-08,0.0,0.0,0.0,0.0,,0,,0.0,,,0.0
LN0004196,2022-11,0.0,0.0,0.0,0.0,,0,,0.0,,,0.0
LN0003146,2025-03,0.0,0.0,0.0,0.0,,0,,0.0,,,0.0
LN0001139,2024-08,0.0,0.0,0.0,0.0,,0,,0.0,,,0.0
LN0002858,2023-06,0.0,0.0,0.0,0.0,,0,,0.0,,,0.0
LN0000468,2021-01,0.0,0.0,0.0,0.0,,0,,0.0,,,0.0
LN0001840,2022-06,0.0,0.0,0.0,0.0,,0,,0.0,,,0.0
LN0001751,2021-04,0.0,0.0,0.0,0.0,,0,,0.0,,,0.0
LN0004518,2022-06,0.0,0.0,0.0,0.0,,0,,0.0,,,0.0
LN0002505,2023-07,0.0,0.0,0.0,0.0,,0,,0.0,,,0.0
LN0002626,2021-07,0.0,0.0,0.0,0.0,,0,,0.0,,,0.0
LN0000723,2024-10,0.0,0.0,0.0,0.0,,0,,0.0,,,0.0
LN0000015,2021-03,0.0,0.0,0.0,0.0,,0,,0.0,,,0.0
LN0004776,2024-08,0.0,0.0,0.0,0.0,,0,,0.0,,,0.0
LN0004413,2022-01,0.0,0.0,0.0,0.0,,0,,0.0,,,0.0
LN0004041,2024-12,0.0,0.0,0.0,0.0,,0,,0.0,,,0.0
LN0001849,2021-08,0.0,0.0,0.0,0.0,,0,,0.0,,,0.0
LN0003033,2022-04,0.0,0.0,0.0,0.0,,0,,0.0,,,0.0
LN0001195,2025-05,0.0,0.0,0.0,0.0,,0,,0.0,,,0.0
LN0002372,2021-04,0.0,0.0,0.0,0.0,,0,,0.0,,,0.0
LN0001196,2024-02,0.0,0.0,0.0,0.0,,0,,0.0,,,0.0
LN0004551,2024-03,0.0,0.0,0.0,0.0,,0,,0.0,,,0.0
LN0003630,2021-03,0.0,0.0,0.0,0.0,,0,,0.0,,,0.0
LN0004222,2023-12,0.0,0.0,0.0,0.0,,0,,0.0,,,0.0
LN0001456,2024-04,0.0,0.0,0.0,0.0,,0,,0.0,,,0.0
LN0004033,2023-10,0.0,0.0,0.0,0.0,,0,,0.0,,,0.0
LN0002470,2020-07,0.0,0.0,0.0,0.0,,0,,0.0,,,0.0
LN0004762,2024-01,0.0,0.0,0.0,0.0,,0,,0.0,,,0.0
LN0001259,2025-07,0.0,0.0,0.0,0.0,,0,,0.0,,,0.0
LN0000837,2025-01,0.0,0.0,0.0,0.0,,0,,0.0,,,0.0
LN0000720,2023-12,0.0,0.0,0.0,0.0,,0,,0.0,,,0.0
LN0001778,2023-02,0.0,0.0,0.0,0.0,,0,,0.0,,,0.0
LN0000192,2023-07,0.0,0.0,0.0,0.0,,0,,0.0,,,0.0
LN0000721,2024-11,0.0,0.0,0.0,0.0,,0,,0.0,,,0.0
LN0004158,2020-09,0.0,0.0,0.0,0.0,,0,,0.0,,,0.0
LN0001691,2022-07,0.0,0.0,0.0,0.0,,0,,0.0,,,0.0
LN0004720,2022-09,0.0,0.0,0.0,0.0,,0,,0.0,,,0.0
LN0001562,2023-04,0.0,0.0,0.0,0.0,,0,,0.0,,,0.0
LN0002595,2023-04,0.0,0.0,0.0,0.0,,0,,0.0,,,0.0
LN0003319,2021-01,0.0,0.0,0.0,0.0,,0,,0.0,,,0.0
LN0002117,2024-02,0.0,0.0,0.0,0.0,,0,,0.0,,,0.0
LN0000584,2020-10,0.0,0.0,0.0,0.0,,0,,0.0,,,0.0
LN0003866,2023-08,0.0,0.0,0.0,0.0,,0,,0.0,,,0.0
LN0001234,2023-08,0.0,0.0,0.0,0.0,,0,,0.0,,,0.0
LN0002013,2022-02,0.0,0.0,0.0,0.0,,0,,0.0,,,0.0
LN0002908,2022-03,0.0,0.0,0.0,0.0,,0,,0.0,,,0.0
LN0001724,2025-02,0.0,0.0,0.0,0.0,,0,,0.0,,,0.0
LN0002212,2021-04,0.0,0.0,0.0,0.0,,0,,0.0,,,0.0
LN0002764,2022-08,0.0,0.0,0.0,0.0,,0,,0.0,,,0.0
LN0000633,2025-05,0.0,0.0,0.0,0.0,,0,,0.0,,,0.0
LN0004742,2023-10,0.0,0.0,0.0,0.0,,0,,0.0,,,0.0
LN0000297,2021-02,0.0,0.0,0.0,0.0,,0,,0.0,,,0.0
LN0004613,2024-07,0.0,0.0,0.0,0.0,,0,,0.0,,,0.0
LN0002390,2025-04,0.0,0.0,0.0,0.0,,0,,0.0,,,0.0
LN0002155,2026-01,0.0,0.0,0.0,0.0,,0,,0.0,,,0.0
LN0003142,2021-02,0.0,0.0,0.0,0.0,,0,,0.0,,,0.0
LN0003741,2024-01,0.0,0.0,0.0,0.0,,0,,0.0,,,0.0
LN0001826,2020-08,0.0,0.0,0.0,0.0,,0,,0.0,,,0.0
LN0004975,2023-07,0.0,0.0,0.0,0.0,,0,,0.0,,,0.0
LN0002877,2025-04,0.0,0.0,0.0,0.0,,0,,0.0,,,0.0
LN0001860,2021-09,0.0,0.0,0.0,0.0,,0,,0.0,,,0.0
LN0003846,2021-10,0.0,0.0,0.0,0.0,,0,,0.0,,,0.0
LN0002401,2024-11,0.0,0.0,0.0,0.0,,0,,0.0,,,0.0
LN0001446,2021-08,0.0,0.0,0.0,0.0,,0,,0.0,,,0.0
LN0004602,2023-10,0.0,0.0,0.0,0.0,,0,,0.0,,,0.0
LN0002714,2023-12,0.0,0.0,0.0,0.0,,0,,0.0,,,0.0
LN0004335,2023-05,0.0,0.0,0.0,0.0,,0,,0.0,,,0.0
LN0000363,2022-10,0.0,0.0,0.0,0.0,,0,,0.0,,,0.0
LN0002207,2021-09,0.0,0.0,0.0,0.0,,0,,0.0,,,0.0
LN0001896,2021-01,0.0,0.0,0.0,0.0,,0,,0.0,,,0.0
LN0004828,2020-10,0.0,0.0,0.0,0.0,,0,,0.0,,,0.0
LN0001192,2021-03,0.0,0.0,0.0,0.0,,0,,0.0,,,0.0
LN0000733,2023-05,0.0,0.0,0.0,0.0,,0,,0.0,,,0.0
LN0000022,2022-04,0.0,0.0,0.0,0.0,,0,,0.0,,,0.0
LN0003086,2024-03,0.0,0.0,0.0,0.0,,0,,0.0,,,0.0
LN0004977,2024-08,0.0,0.0,0.0,0.0,,0,,0.0,,,0.0
LN0002605,2021-10,0.0,0.0,0.0,0.0,,0,,0.0,,,0.0
LN0004017,2023-10,0.0,0.0,0.0,0.0,,0,,0.0,,,0.0
LN0002038,2021-01,0.0,0.0,0.0,0.0,,0,,0.0,,,0.0
LN0002483,2025-11,0.0,0.0,0.0,0.0,,0,,0.0,,,0.0
LN0004110,2021-06,0.0,0.0,0.0,0.0,,0,,0.0,,,0.0
LN0002566,2023-05,0.0,0.0,0.0,0.0,,0,,0.0,,,0.0
LN0003994,2022-06,0.0,0.0,0.0,0.0,,0,,0.0,,,0.0
LN0001277,2022-08,0.0,0.0,0.0,0.0,,0,,0.0,,,0.0
LN0000348,2020-08,0.0,0.0,0.0,0.0,,0,,0.0,,,0.0
LN0002049,2025-01,0.0,0.0,0.0,0.0,,0,,0.0,,,0.0
LN0003442,2024-02,0.0,0.0,0.0,0.0,,0,,0.0,,,0.0
LN0000697,2024-12,0.0,0.0,0.0,0.0,,0,,0.0,,,0.0
LN0001314,2024-04,0.0,0.0,0.0,0.0,,0,,0.0,,,0.0
LN0004977,2024-04,0.0,0.0,0.0,0.0,,0,,0.0,,,0.0
LN0002981,2021-11,0.0,0.0,0.0,0.0,,0,,0.0,,,0.0
LN0003140,2022-09,0.0,0.0,0.0,0.0,,0,,0.0,,,0.0
LN0004973,2023-01,0.0,0.0,0.0,0.0,,0,,0.0,,,0.0
LN0001840,2023-09,0.0,0.0,0.0,0.0,,0,,0.0,,,0.0
LN0004435,2021-05,0.0,0.0,0.0,0.0,,0,,0.0,,,0.0
LN0003137,2023-07,0.0,0.0,0.0,0.0,,0,,0.0,,,0.0
LN0000508,2022-07,0.0,0.0,0.0,0.0,,0,,0.0,,,0.0
LN0001259,2024-12,0.0,0.0,0.0,0.0,,0,,0.0,,,0.0
LN0001660,2021-10,0.0,0.0,0.0,0.0,,0,,0.0,,,0.0
LN0003059,2022-08,0.0,0.0,0.0,0.0,,0,,0.0,,,0.0
LN0004074,2020-11,0.0,0.0,0.0,0.0,,0,,0.0,,,0.0
LN0002323,2021-11,0.0,0.0,0.0,0.0,,0,,0.0,,,0.0
LN0004652,2021-06,0.0,0.0,0.0,0.0,,0,,0.0,,,0.0
LN0003595,2023-03,0.0,0.0,0.0,0.0,,0,,0.0,,,0.0
LN0002038,2021-03,0.0,0.0,0.0,0.0,,0,,0.0,,,0.0
LN0000792,2022-07,0.0,0.0,0.0,0.0,,0,,0.0,,,0.0
LN0001443,2024-05,0.0,0.0,0.0,0.0,,0,,0.0,,,0.0
LN0003939,2021-04,0.0,0.0,0.0,0.0,,0,,0.0,,,0.0
LN0001710,2025-09,0.0,0.0,0.0,0.0,,0,,0.0,,,0.0
LN0003449,2025-02,0.0,0.0,0.0,0.0,,0,,0.0,,,0.0
LN0000697,2025-09,0.0,0.0,0.0,0.0,,0,,0.0,,,0.0
LN0004177,2024-04,0.0,0.0,0.0,0.0,,0,,0.0,,,0.0
LN0000672,2023-08,0.0,0.0,0.0,0.0,,0,,0.0,,,0.0
LN0004422,2024-08,0.0,0.0,0.0,0.0,,0,,0.0,,,0.0
LN0001185,2021-07,0.0,0.0,0.0,0.0,,0,,0.0,,,0.0
LN0004828,2020-06,0.0,0.0,0.0,0.0,,0,,0.0,,,0.0
LN0000302,2025-03,0.0,0.0,0.0,0.0,,0,,0.0,,,0.0
LN0001011,2023-11,0.0,0.0,0.0,0.0,,0,,0.0,,,0.0
LN0003536,2024-04,0.0,0.0,0.0,0.0,,0,,0.0,,,0.0
LN0003008,2025-01,0.0,0.0,0.0,0.0,,0,,0.0,,,0.0
LN0002127,2024-04,0.0,0.0,0.0,0.0,,0,,0.0,,,0.0
LN0002063,2020-12,0.0,0.0,0.0,0.0,,0,,0.0,,,0.0
LN0001604,2020-11,0.0,0.0,0.0,0.0,,0,,0.0,,,0.0
LN0002038,2021-11,0.0,0.0,0.0,0.0,,0,,0.0,,,0.0
LN0004248,2021-11,0.0,0.0,0.0,0.0,,0,,0.0,,,0.0
LN0002600,2024-12,0.0,0.0,0.0,0.0,,0,,0.0,,,0.0
LN0000840,2020-10,0.0,0.0,0.0,0.0,,0,,0.0,,,0.0
LN0003956,2025-10,0.0,0.0,0.0,0.0,,0,,0.0,,,0.0
LN0004167,2022-11,0.0,0.0,0.0,0.0,,0,,0.0,,,0.0
LN0003841,2024-11,0.0,0.0,0.0,0.0,,0,,0.0,,,0.0
LN0004106,2024-10,0.0,0.0,0.0,0.0,,0,,0.0,,,0.0
LN0004705,2023-07,0.0,0.0,0.0,0.0,,0,,0.0,,,0.0
LN0000297,2020-10,0.0,0.0,0.0,0.0,,0,,0.0,,,0.0
LN0001750,2022-02,0.0,0.0,0.0,0.0,,0,,0.0,,,0.0
LN0003964,2020-12,0.0,0.0,0.0,0.0,,0,,0.0,,,0.0
LN0004312,2024-09,0.0,0.0,0.0,0.0,,0,,0.0,,,0.0
LN0003866,2022-07,0.0,0.0,0.0,0.0,,0,,0.0,,,0.0
LN0001482,2023-01,0.0,0.0,0.0,0.0,,0,,0.0,,,0.0
LN0000126,2025-09,0.0,0.0,0.0,0.0,,0,,0.0,,,0.0
LN0000075,2020-12,0.0,0.0,0.0,0.0,,0,,0.0,,,0.0
LN0004818,2020-10,0.0,0.0,0.0,0.0,,0,,0.0,,,0.0
LN0000227,2021-03,0.0,0.0,0.0,0.0,,0,,0.0,,,0.0
LN0003742,2021-06,0.0,0.0,0.0,0.0,,0,,0.0,,,0.0
LN0002728,2022-04,0.0,0.0,0.0,0.0,,0,,0.0,,,0.0
LN0001972,2020-07,0.0,0.0,0.0,0.0,,0,,0.0,,,0.0
LN0003813,2021-04,0.0,0.0,0.0,0.0,,0,,0.0,,,0.0
LN0002626,2021-09,0.0,0.0,0.0,0.0,,0,,0.0,,,0.0
LN0001660,2021-03,0.0,0.0,0.0,0.0,,0,,0.0,,,0.0
LN0002476,2024-05,0.0,0.0,0.0,0.0,,0,,0.0,,,0.0
LN0000228,2024-04,0.0,0.0,0.0,0.0,,0,,0.0,,,0.0
LN0000697,2024-10,0.0,0.0,0.0,0.0,,0,,0.0,,,0.0
LN0003796,2021-06,0.0,0.0,0.0,0.0,,0,,0.0,,,0.0
LN0000793,2021-05,0.0,0.0,0.0,0.0,,0,,0.0,,,0.0
LN0004776,2024-05,0.0,0.0,0.0,0.0,,0,,0.0,,,0.0
LN0000672,2023-09,0.0,0.0,0.0,0.0,,0,,0.0,,,0.0
LN0002726,2022-08,0.0,0.0,0.0,0.0,,0,,0.0,,,0.0
LN0004213,2021-09,0.0,0.0,0.0,0.0,,0,,0.0,,,0.0
LN0004447,2024-10,0.0,0.0,0.0,0.0,,0,,0.0,,,0.0
LN0000904,2021-05,0.0,0.0,0.0,0.0,,0,,0.0,,,0.0
LN0004413,2022-05,0.0,0.0,0.0,0.0,,0,,0.0,,,0.0
LN0001197,2025-11,0.0,0.0,0.0,0.0,,0,,0.0,,,0.0
LN0000672,2024-01,0.0,0.0,0.0,0.0,,0,,0.0,,,0.0
LN0003752,2022-06,0.0,0.0,0.0,0.0,,0,,0.0,,,0.0
LN0004602,2024-04,0.0,0.0,0.0,0.0,,0,,0.0,,,0.0
LN0000481,2025-12,0.0,0.0,0.0,0.0,,0,,0.0,,,0.0
LN0001908,2024-10,0.0,0.0,0.0,0.0,,0,,0.0,,,0.0
LN0003777,2022-01,0.0,0.0,0.0,0.0,,0,,0.0,,,0.0
LN0003923,2022-10,0.0,0.0,0.0,0.0,,0,,0.0,,,0.0
LN0003450,2024-01,0.0,0.0,0.0,0.0,,0,,0.0,,,0.0
LN0004445,2025-08,0.0,0.0,0.0,0.0,,0,,0.0,,,0.0
LN0004304,2021-05,0.0,0.0,0.0,0.0,,0,,0.0,,,0.0
LN0003059,2023-11,0.0,0.0,0.0,0.0,,0,,0.0,,,0.0
LN0000904,2020-10,0.0,0.0,0.0,0.0,,0,,0.0,,,0.0
LN0001462,2022-11,0.0,0.0,0.0,0.0,,0,,0.0,,,0.0
LN0004516,2025-06,0.0,0.0,0.0,0.0,,0,,0.0,,,0.0
LN0001524,2022-08,0.0,0.0,0.0,0.0,,0,,0.0,,,0.0
LN0004110,2021-09,0.0,0.0,0.0,0.0,,0,,0.0,,,0.0
LN0003846,2021-09,0.0,0.0,0.0,0.0,,0,,0.0,,,0.0
LN0000964,2025-01,0.0,0.0,0.0,0.0,,0,,0.0,,,0.0
LN0002718,2025-02,0.0,0.0,0.0,0.0,,0,,0.0,,,0.0
LN0000432,2024-02,0.0,0.0,0.0,0.0,,0,,0.0,,,0.0
LN0004466,2022-04,0.0,0.0,0.0,0.0,,0,,0.0,,,0.0
LN0004597,2021-09,0.0,0.0,0.0,0.0,,0,,0.0,,,0.0
LN0002863,2025-06,0.0,0.0,0.0,0.0,,0,,0.0,,,0.0
LN0004252,2021-09,0.0,0.0,0.0,0.0,,0,,0.0,,,0.0
LN0001330,2024-03,0.0,0.0,0.0,0.0,,0,,0.0,,,0.0
LN0000906,2023-09,0.0,0.0,0.0,0.0,,0,,0.0,,,0.0
LN0001889,2025-08,0.0,0.0,0.0,0.0,,0,,0.0,,,0.0
LN0001869,2022-09,0.0,0.0,0.0,0.0,,0,,0.0,,,0.0
LN0002705,2022-05,0.0,0.0,0.0,0.0,,0,,0.0,,,0.0
LN0003035,2025-04,0.0,0.0,0.0,0.0,,0,,0.0,,,0.0
LN0002863,2025-07,0.0,0.0,0.0,0.0,,0,,0.0,,,0.0
LN0002858,2022-07,0.0,0.0,0.0,0.0,,0,,0.0,,,0.0
LN0003909,2025-12,0.0,0.0,0.0,0.0,,0,,0.0,,,0.0
LN0002561,2023-07,0.0,0.0,0.0,0.0,,0,,0.0,,,0.0
LN0001236,2022-05,0.0,0.0,0.0,0.0,,0,,0.0,,,0.0
LN0001664,2025-11,0.0,0.0,0.0,0.0,,0,,0.0,,,0.0
LN0002734,2023-11,0.0,0.0,0.0,0.0,,0,,0.0,,,0.0
LN0000052,2024-06,0.0,0.0,0.0,0.0,,0,,0.0,,,0.0
LN0004447,2025-12,0.0,0.0,0.0,0.0,,0,,0.0,,,0.0
LN0004079,2021-07,0.0,0.0,0.0,0.0,,0,,0.0,,,0.0
LN0001826,2021-10,0.0,0.0,0.0,0.0,,0,,0.0,,,0.0
LN0002476,2024-11,0.0,0.0,0.0,0.0,,0,,0.0,,,0.0
LN0000249,2021-12,0.0,0.0,0.0,0.0,,0,,0.0,,,0.0
LN0000877,2023-08,0.0,0.0,0.0,0.0,,0,,0.0,,,0.0
LN0004951,2023-10,0.0,0.0,0.0,0.0,,0,,0.0,,,0.0
LN0000281,2020-06,0.0,0.0,0.0,0.0,,0,,0.0,,,0.0
LN0004549,2020-08,0.0,0.0,0.0,0.0,,0,,0.0,,,0.0
LN0002630,2023-04,0.0,0.0,0.0,0.0,,0,,0.0,,,0.0
LN0004110,2021-01,0.0,0.0,0.0,0.0,,0,,0.0,,,0.0
LN0003601,2024-09,0.0,0.0,0.0,0.0,,0,,0.0,,,0.0
LN0002847,2023-11,0.0,0.0,0.0,0.0,,0,,0.0,,,0.0
LN0004977,2024-02,0.0,0.0,0.0,0.0,,0,,0.0,,,0.0
LN0003436,2024-12,0.0,0.0,0.0,0.0,,0,,0.0,,,0.0
LN0004781,2024-06,0.0,0.0,0.0,0.0,,0,,0.0,,,0.0
LN0002867,2021-12,0.0,0.0,0.0,0.0,,0,,0.0,,,0.0
LN0002109,2023-05,0.0,0.0,0.0,0.0,,0,,0.0,,,0.0
LN0002231,2026-02,0.0,0.0,0.0,0.0,,0,,0.0,,,0.0
LN0001830,2023-08,0.0,0.0,0.0,0.0,,0,,0.0,,,0.0
LN0001646,2025-08,0.0,0.0,0.0,0.0,,0,,0.0,,,0.0
LN0002488,2023-11,0.0,0.0,0.0,0.0,,0,,0.0,,,0.0
LN0004466,2022-07,0.0,0.0,0.0,0.0,,0,,0.0,,,0.0
LN0000925,2021-02,0.0,0.0,0.0,0.0,,0,,0.0,,,0.0
LN0003965,2022-02,0.0,0.0,0.0,0.0,,0,,0.0,,,0.0
LN0001941,2024-08,0.0,0.0,0.0,0.0,,0,,0.0,,,0.0
LN0000039,2023-12,0.0,0.0,0.0,0.0,,0,,0.0,,,0.0
LN0001253,2021-05,0.0,0.0,0.0,0.0,,0,,0.0,,,0.0
LN0001792,2021-12,0.0,0.0,0.0,0.0,,0,,0.0,,,0.0
LN0004339,2023-10,0.0,0.0,0.0,0.0,,0,,0.0,,,0.0
LN0004636,2021-07,0.0,0.0,0.0,0.0,,0,,0.0,,,0.0
LN0002048,2022-10,0.0,0.0,0.0,0.0,,0,,0.0,,,0.0
LN0001192,2020-09,0.0,0.0,0.0,0.0,,0,,0.0,,,0.0
LN0000307,2021-07,0.0,0.0,0.0,0.0,,0,,0.0,,,0.0
LN0004222,2024-06,0.0,0.0,0.0,0.0,,0,,0.0,,,0.0
LN0000363,2022-09,0.0,0.0,0.0,0.0,,0,,0.0,,,0.0
LN0004923,2022-05,0.0,0.0,0.0,0.0,,0,,0.0,,,0.0
LN0004368,2022-10,0.0,0.0,0.0,0.0,,0,,0.0,,,0.0
LN0000239,2021-09,0.0,0.0,0.0,0.0,,0,,0.0,,,0.0
LN0001227,2024-12,0.0,0.0,0.0,0.0,,0,,0.0,,,0.0
LN0002263,2024-10,0.0,0.0,0.0,0.0,,0,,0.0,,,0.0
LN0001122,2023-02,0.0,0.0,0.0,0.0,,0,,0.0,,,0.0
LN0003442,2024-10,0.0,0.0,0.0,0.0,,0,,0.0,,,0.0
LN0002226,2022-02,0.0,0.0,0.0,0.0,,0,,0.0,,,0.0
LN0004796,2023-07,0.0,0.0,0.0,0.0,,0,,0.0,,,0.0
LN0003322,2022-12,0.0,0.0,0.0,0.0,,0,,0.0,,,0.0
LN0003934,2021-10,0.0,0.0,0.0,0.0,,0,,0.0,,,0.0
LN0001882,2024-12,0.0,0.0,0.0,0.0,,0,,0.0,,,0.0
LN0002373,2023-05,0.0,0.0,0.0,0.0,,0,,0.0,,,0.0
LN0001940,2023-02,0.0,0.0,0.0,0.0,,0,,0.0,,,0.0
LN0000633,2025-04,0.0,0.0,0.0,0.0,,0,,0.0,,,0.0
LN0003096,2023-10,0.0,0.0,0.0,0.0,,0,,0.0,,,0.0
LN0003138,2025-03,0.0,0.0,0.0,0.0,,0,,0.0,,,0.0
LN0002543,2025-05,0.0,0.0,0.0,0.0,,0,,0.0,,,0.0
LN0000383,2024-08,0.0,0.0,0.0,0.0,,0,,0.0,,,0.0
LN0004401,2020-11,0.0,0.0,0.0,0.0,,0,,0.0,,,0.0
LN0004239,2023-07,0.0,0.0,0.0,0.0,,0,,0.0,,,0.0
LN0002719,2023-09,0.0,0.0,0.0,0.0,,0,,0.0,,,0.0
LN0004427,2024-12,0.0,0.0,0.0,0.0,,0,,0.0,,,0.0
LN0003248,2024-02,0.0,0.0,0.0,0.0,,0,,0.0,,,0.0
LN0004427,2024-03,0.0,0.0,0.0,0.0,,0,,0.0,,,0.0
LN0004767,2024-11,0.0,0.0,0.0,0.0,,0,,0.0,,,0.0
LN0001941,2024-02,0.0,0.0,0.0,0.0,,0,,0.0,,,0.0
LN0002458,2022-10,0.0,0.0,0.0,0.0,,0,,0.0,,,0.0
LN0000082,2022-06,0.0,0.0,0.0,0.0,,0,,0.0,,,0.0
LN0002868,2021-04,0.0,0.0,0.0,0.0,,0,,0.0,,,0.0
LN0000747,2020-03,0.0,0.0,0.0,0.0,,0,,0.0,,,0.0
LN0000311,2021-10,0.0,0.0,0.0,0.0,,0,,0.0,,,0.0
LN0000804,2021-07,0.0,0.0,0.0,0.0,,0,,0.0,,,0.0
LN0000068,2024-08,0.0,0.0,0.0,0.0,,0,,0.0,,,0.0
LN0004411,2022-02,0.0,0.0,0.0,0.0,,0,,0.0,,,0.0
LN0002273,2024-08,0.0,0.0,0.0,0.0,,0,,0.0,,,0.0
LN0002847,2024-04,0.0,0.0,0.0,0.0,,0,,0.0,,,0.0
LN0002048,2022-12,0.0,0.0,0.0,0.0,,0,,0.0,,,0.0
LN0003965,2020-11,0.0,0.0,0.0,0.0,,0,,0.0,,,0.0
LN0003126,2022-09,0.0,0.0,0.0,0.0,,0,,0.0,,,0.0
LN0000877,2024-02,0.0,0.0,0.0,0.0,,0,,0.0,,,0.0
LN0001597,2023-10,0.0,0.0,0.0,0.0,,0,,0.0,,,0.0
LN0001398,2023-07,0.0,0.0,0.0,0.0,,0,,0.0,,,0.0
LN0004705,2023-10,0.0,0.0,0.0,0.0,,0,,0.0,,,0.0
LN0001830,2023-07,0.0,0.0,0.0,0.0,,0,,0.0,,,0.0
LN0004973,2022-12,0.0,0.0,0.0,0.0,,0,,0.0,,,0.0
LN0003933,2024-10,0.0,0.0,0.0,0.0,,0,,0.0,,,0.0
LN0002714,2024-10,0.0,0.0,0.0,0.0,,0,,0.0,,,0.0
LN0002901,2024-12,0.0,0.0,0.0,0.0,,0,,0.0,,,0.0
LN0003933,2024-07,0.0,0.0,0.0,0.0,,0,,0.0,,,0.0
LN0002072,2021-11,0.0,0.0,0.0,0.0,,0,,0.0,,,0.0
LN0002221,2022-03,0.0,0.0,0.0,0.0,,0,,0.0,,,0.0
LN0002901,2025-08,0.0,0.0,0.0,0.0,,0,,0.0,,,0.0
LN0000818,2022-04,0.0,0.0,0.0,0.0,,0,,0.0,,,0.0
LN0000151,2021-08,0.0,0.0,0.0,0.0,,0,,0.0,,,0.0
LN0000790,2024-07,0.0,0.0,0.0,0.0,,0,,0.0,,,0.0
LN0004343,2024-10,0.0,0.0,0.0,0.0,,0,,0.0,,,0.0
LN0004868,2024-05,0.0,0.0,0.0,0.0,,0,,0.0,,,0.0
LN0002526,2022-03,0.0,0.0,0.0,0.0,,0,,0.0,,,0.0
LN0002447,2022-12,0.0,0.0,0.0,0.0,,0,,0.0,,,0.0
LN0004762,2023-12,0.0,0.0,0.0,0.0,,0,,0.0,,,0.0
LN0003191,2022-11,0.0,0.0,0.0,0.0,,0,,0.0,,,0.0
LN0000219,2022-05,0.0,0.0,0.0,0.0,,0,,0.0,,,0.0
LN0002946,2020-05,0.0,0.0,0.0,0.0,,0,,0.0,,,0.0
LN0000477,2020-11,0.0,0.0,0.0,0.0,,0,,0.0,,,0.0
LN0000898,2024-03,0.0,0.0,0.0,0.0,,0,,0.0,,,0.0
LN0003061,2024-03,0.0,0.0,0.0,0.0,,0,,0.0,,,0.0
LN0000224,2025-01,0.0,0.0,0.0,0.0,,0,,0.0,,,0.0
LN0004014,2021-04,0.0,0.0,0.0,0.0,,0,,0.0,,,0.0
LN0003752,2023-01,0.0,0.0,0.0,0.0,,0,,0.0,,,0.0
LN0003536,2024-06,0.0,0.0,0.0,0.0,,0,,0.0,,,0.0
LN0000172,2025-04,0.0,0.0,0.0,0.0,,0,,0.0,,,0.0
LN0000324,2022-11,0.0,0.0,0.0,0.0,,0,,0.0,,,0.0
LN0000319,2021-02,0.0,0.0,0.0,0.0,,0,,0.0,,,0.0
LN0004066,2021-09,0.0,0.0,0.0,0.0,,0,,0.0,,,0.0
LN0004521,2023-02,0.0,0.0,0.0,0.0,,0,,0.0,,,0.0
LN0001088,2022-03,0.0,0.0,0.0,0.0,,0,,0.0,,,0.0
LN0000516,2024-04,0.0,0.0,0.0,0.0,,0,,0.0,,,0.0
LN0002179,2023-08,0.0,0.0,0.0,0.0,,0,,0.0,,,0.0
LN0000722,2022-05,0.0,0.0,0.0,0.0,,0,,0.0,,,0.0
LN0003693,2025-10,0.0,0.0,0.0,0.0,,0,,0.0,,,0.0
LN0001304,2022-01,0.0,0.0,0.0,0.0,,0,,0.0,,,0.0
LN0000796,2025-08,0.0,0.0,0.0,0.0,,0,,0.0,,,0.0
LN0004497,2024-02,0.0,0.0,0.0,0.0,,0,,0.0,,,0.0
LN0000148,2023-07,0.0,0.0,0.0,0.0,,0,,0.0,,,0.0
LN0004629,2023-05,0.0,0.0,0.0,0.0,,0,,0.0,,,0.0
LN0004382,2023-10,0.0,0.0,0.0,0.0,,0,,0.0,,,0.0
LN0002390,2025-02,0.0,0.0,0.0,0.0,,0,,0.0,,,0.0
LN0004137,2024-10,0.0,0.0,0.0,0.0,,0,,0.0,,,0.0
LN0001281,2023-05,0.0,0.0,0.0,0.0,,0,,0.0,,,0.0
LN0003059,2023-09,0.0,0.0,0.0,0.0,,0,,0.0,,,0.0
LN0000123,2024-02,0.0,0.0,0.0,0.0,,0,,0.0,,,0.0
LN0004304,2021-08,0.0,0.0,0.0,0.0,,0,,0.0,,,0.0
LN0002154,2021-08,0.0,0.0,0.0,0.0,,0,,0.0,,,0.0
LN0002344,2022-07,0.0,0.0,0.0,0.0,,0,,0.0,,,0.0
LN0003503,2021-04,0.0,0.0,0.0,0.0,,0,,0.0,,,0.0
LN0001699,2021-08,0.0,0.0,0.0,0.0,,0,,0.0,,,0.0
LN0004719,2024-08,0.0,0.0,0.0,0.0,,0,,0.0,,,0.0
LN0001778,2023-08,0.0,0.0,0.0,0.0,,0,,0.0,,,0.0
LN0003724,2023-01,0.0,0.0,0.0,0.0,,0,,0.0,,,0.0
LN0003965,2021-09,0.0,0.0,0.0,0.0,,0,,0.0,,,0.0
LN0002595,2022-10,0.0,0.0,0.0,0.0,,0,,0.0,,,0.0
LN0001277,2022-09,0.0,0.0,0.0,0.0,,0,,0.0,,,0.0
LN0000260,2022-12,0.0,0.0,0.0,0.0,,0,,0.0,,,0.0
LN0000512,2021-12,0.0,0.0,0.0,0.0,,0,,0.0,,,0.0
LN0001660,2020-12,0.0,0.0,0.0,0.0,,0,,0.0,,,0.0
LN0001941,2023-08,0.0,0.0,0.0,0.0,,0,,0.0,,,0.0
LN0002668,2023-05,0.0,0.0,0.0,0.0,,0,,0.0,,,0.0
LN0002109,2022-12,0.0,0.0,0.0,0.0,,0,,0.0,,,0.0
LN0002476,2024-07,0.0,0.0,0.0,0.0,,0,,0.0,,,0.0
LN0000477,2020-12,0.0,0.0,0.0,0.0,,0,,0.0,,,0.0
LN0004095,2020-08,0.0,0.0,0.0,0.0,,0,,0.0,,,0.0
LN0000768,2026-05,0.0,0.0,0.0,0.0,,0,,0.0,,,0.0
LN0000837,2025-06,0.0,0.0,0.0,0.0,,0,,0.0,,,0.0
LN0004497,2023-11,0.0,0.0,0.0,0.0,,0,,0.0,,,0.0
LN0004445,2025-07,0.0,0.0,0.0,0.0,,0,,0.0,,,0.0
LN0003900,2022-07,0.0,0.0,0.0,0.0,,0,,0.0,,,0.0
LN0001331,2021-10,0.0,0.0,0.0,0.0,,0,,0.0,,,0.0
LN0003335,2023-07,0.0,0.0,0.0,0.0,,0,,0.0,,,0.0
LN0000468,2021-08,0.0,0.0,0.0,0.0,,0,,0.0,,,0.0
LN0000888,2026-02,0.0,0.0,0.0,0.0,,0,,0.0,,,0.0
LN0003654,2025-02,0.0,0.0,0.0,0.0,,0,,0.0,,,0.0
LN0001267,2022-07,0.0,0.0,0.0,0.0,,0,,0.0,,,0.0
LN0001197,2025-01,0.0,0.0,0.0,0.0,,0,,0.0,,,0.0
LN0001122,2024-02,0.0,0.0,0.0,0.0,,0,,0.0,,,0.0
LN0003700,2021-11,0.0,0.0,0.0,0.0,,0,,0.0,,,0.0
LN0004501,2022-06,0.0,0.0,0.0,0.0,,0,,0.0,,,0.0
LN0000417,2023-05,0.0,0.0,0.0,0.0,,0,,0.0,,,0.0
LN0004455,2021-07,0.0,0.0,0.0,0.0,,0,,0.0,,,0.0
LN0001908,2024-11,0.0,0.0,0.0,0.0,,0,,0.0,,,0.0
LN0001942,2025-11,0.0,0.0,0.0,0.0,,0,,0.0,,,0.0
LN0002705,2022-06,0.0,0.0,0.0,0.0,,0,,0.0,,,0.0
LN0004844,2025-04,0.0,0.0,0.0,0.0,,0,,0.0,,,0.0
LN0001721,2025-02,0.0,0.0,0.0,0.0,,0,,0.0,,,0.0
LN0000887,2021-08,0.0,0.0,0.0,0.0,,0,,0.0,,,0.0
LN0001651,2022-08,0.0,0.0,0.0,0.0,,0,,0.0,,,0.0
LN0002212,2021-11,0.0,0.0,0.0,0.0,,0,,0.0,,,0.0
LN0003436,2025-06,0.0,0.0,0.0,0.0,,0,,0.0,,,0.0
LN0002231,2025-04,0.0,0.0,0.0,0.0,,0,,0.0,,,0.0
LN0001710,2025-08,0.0,0.0,0.0,0.0,,0,,0.0,,,0.0
LN0004634,2022-04,0.0,0.0,0.0,0.0,,0,,0.0,,,0.0
LN0002207,2021-07,0.0,0.0,0.0,0.0,,0,,0.0,,,0.0
LN0000019,2024-01,0.0,0.0,0.0,0.0,,0,,0.0,,,0.0
LN0001677,2020-07,0.0,0.0,0.0,0.0,,0,,0.0,,,0.0
LN0001944,2025-08,0.0,0.0,0.0,0.0,,0,,0.0,,,0.0
LN0004804,2025-10,0.0,0.0,0.0,0.0,,0,,0.0,,,0.0
LN0000431,2020-10,0.0,0.0,0.0,0.0,,0,,0.0,,,0.0
LN0004214,2022-02,0.0,0.0,0.0,0.0,,0,,0.0,,,0.0
LN0003234,2020-04,0.0,0.0,0.0,0.0,,0,,0.0,,,0.0
LN0003363,2024-06,0.0,0.0,0.0,0.0,,0,,0.0,,,0.0
LN0001091,2025-01,0.0,0.0,0.0,0.0,,0,,0.0,,,0.0
LN0004762,2023-11,0.0,0.0,0.0,0.0,,0,,0.0,,,0.0
LN0004960,2024-03,0.0,0.0,0.0,0.0,,0,,0.0,,,0.0
LN0004248,2021-04,0.0,0.0,0.0,0.0,,0,,0.0,,,0.0
LN0004664,2022-05,0.0,0.0,0.0,0.0,,0,,0.0,,,0.0
LN0002374,2024-04,0.0,0.0,0.0,0.0,,0,,0.0,,,0.0
LN0000920,2022-03,0.0,0.0,0.0,0.0,,0,,0.0,,,0.0
LN0002605,2021-12,0.0,0.0,0.0,0.0,,0,,0.0,,,0.0
LN0002390,2024-07,0.0,0.0,0.0,0.0,,0,,0.0,,,0.0
LN0004706,2022-05,0.0,0.0,0.0,0.0,,0,,0.0,,,0.0
LN0000387,2023-07,0.0,0.0,0.0,0.0,,0,,0.0,,,0.0
LN0003412,2021-10,0.0,0.0,0.0,0.0,,0,,0.0,,,0.0
LN0001382,2023-08,0.0,0.0,0.0,0.0,,0,,0.0,,,0.0
LN0000721,2025-03,0.0,0.0,0.0,0.0,,0,,0.0,,,0.0
LN0003361,2021-04,0.0,0.0,0.0,0.0,,0,,0.0,,,0.0
LN0000549,2021-11,0.0,0.0,0.0,0.0,,0,,0.0,,,0.0
LN0004060,2024-05,0.0,0.0,0.0,0.0,,0,,0.0,,,0.0
LN0002534,2025-03,0.0,0.0,0.0,0.0,,0,,0.0,,,0.0
LN0002226,2022-06,0.0,0.0,0.0,0.0,,0,,0.0,,,0.0
LN0004201,2024-06,0.0,0.0,0.0,0.0,,0,,0.0,,,0.0
LN0004770,2023-06,0.0,0.0,0.0,0.0,,0,,0.0,,,0.0
LN0003309,2021-01,0.0,0.0,0.0,0.0,,0,,0.0,,,0.0
LN0000930,2024-03,0.0,0.0,0.0,0.0,,0,,0.0,,,0.0
LN0003705,2025-02,0.0,0.0,0.0,0.0,,0,,0.0,,,0.0
LN0003595,2023-01,0.0,0.0,0.0,0.0,,0,,0.0,,,0.0
LN0002877,2025-07,0.0,0.0,0.0,0.0,,0,,0.0,,,0.0
LN0000805,2023-03,0.0,0.0,0.0,0.0,,0,,0.0,,,0.0
LN0002772,2021-11,0.0,0.0,0.0,0.0,,0,,0.0,,,0.0
LN0000379,2023-03,0.0,0.0,0.0,0.0,,0,,0.0,,,0.0
LN0002610,2022-06,0.0,0.0,0.0,0.0,,0,,0.0,,,0.0
LN0000249,2022-01,0.0,0.0,0.0,0.0,,0,,0.0,,,0.0
LN0003813,2021-08,0.0,0.0,0.0,0.0,,0,,0.0,,,0.0
LN0000768,2026-02,0.0,0.0,0.0,0.0,,0,,0.0,,,0.0
LN0000925,2021-11,0.0,0.0,0.0,0.0,,0,,0.0,,,0.0
LN0004844,2024-12,0.0,0.0,0.0,0.0,,0,,0.0,,,0.0
LN0000589,2023-02,0.0,0.0,0.0,0.0,,0,,0.0,,,0.0
LN0001443,2024-07,0.0,0.0,0.0,0.0,,0,,0.0,,,0.0
LN0000402,2022-10,0.0,0.0,0.0,0.0,,0,,0.0,,,0.0
LN0001819,2023-08,0.0,0.0,0.0,0.0,,0,,0.0,,,0.0
LN0004497,2024-04,0.0,0.0,0.0,0.0,,0,,0.0,,,0.0
LN0004563,2024-03,0.0,0.0,0.0,0.0,,0,,0.0,,,0.0
LN0001678,2022-03,0.0,0.0,0.0,0.0,,0,,0.0,,,0.0
LN0000319,2021-08,0.0,0.0,0.0,0.0,,0,,0.0,,,0.0
LN0001380,2021-03,0.0,0.0,0.0,0.0,,0,,0.0,,,0.0
LN0004252,2022-10,0.0,0.0,0.0,0.0,,0,,0.0,,,0.0
LN0004697,2024-03,0.0,0.0,0.0,0.0,,0,,0.0,,,0.0
LN0003059,2023-05,0.0,0.0,0.0,0.0,,0,,0.0,,,0.0
LN0001462,2022-05,0.0,0.0,0.0,0.0,,0,,0.0,,,0.0
LN0000125,2023-05,0.0,0.0,0.0,0.0,,0,,0.0,,,0.0
LN0001524,2022-11,0.0,0.0,0.0,0.0,,0,,0.0,,,0.0
LN0001741,2022-05,0.0,0.0,0.0,0.0,,0,,0.0,,,0.0
LN0000888,2025-07,0.0,0.0,0.0,0.0,,0,,0.0,,,0.0
LN0004002,2023-03,0.0,0.0,0.0,0.0,,0,,0.0,,,0.0
LN0002613,2024-08,0.0,0.0,0.0,0.0,,0,,0.0,,,0.0
LN0000339,2024-03,0.0,0.0,0.0,0.0,,0,,0.0,,,0.0
LN0004776,2024-04,0.0,0.0,0.0,0.0,,0,,0.0,,,0.0
LN0001011,2023-03,0.0,0.0,0.0,0.0,,0,,0.0,,,0.0
LN0003923,2023-01,0.0,0.0,0.0,0.0,,0,,0.0,,,0.0
LN0001192,2021-02,0.0,0.0,0.0,0.0,,0,,0.0,,,0.0
LN0001382,2024-11,0.0,0.0,0.0,0.0,,0,,0.0,,,0.0
LN0000639,2022-05,0.0,0.0,0.0,0.0,,0,,0.0,,,0.0
LN0003960,2021-07,0.0,0.0,0.0,0.0,,0,,0.0,,,0.0
LN0000156,2021-06,0.0,0.0,0.0,0.0,,0,,0.0,,,0.0
LN0001270,2024-05,0.0,0.0,0.0,0.0,,0,,0.0,,,0.0
LN0003481,2025-03,0.0,0.0,0.0,0.0,,0,,0.0,,,0.0
LN0002659,2024-05,0.0,0.0,0.0,0.0,,0,,0.0,,,0.0
LN0004222,2024-12,0.0,0.0,0.0,0.0,,0,,0.0,,,0.0
LN0002029,2024-09,0.0,0.0,0.0,0.0,,0,,0.0,,,0.0
LN0003216,2025-08,0.0,0.0,0.0,0.0,,0,,0.0,,,0.0
LN0001112,2023-07,0.0,0.0,0.0,0.0,,0,,0.0,,,0.0
LN0002851,2024-10,0.0,0.0,0.0,0.0,,0,,0.0,,,0.0
LN0004427,2023-11,0.0,0.0,0.0,0.0,,0,,0.0,,,0.0
LN0004676,2021-07,0.0,0.0,0.0,0.0,,0,,0.0,,,0.0
LN0003562,2021-04,0.0,0.0,0.0,0.0,,0,,0.0,,,0.0
LN0000384,2022-07,0.0,0.0,0.0,0.0,,0,,0.0,,,0.0
LN0002648,2024-07,0.0,0.0,0.0,0.0,,0,,0.0,,,0.0
LN0000569,2024-01,0.0,0.0,0.0,0.0,,0,,0.0,,,0.0
LN0004141,2022-03,0.0,0.0,0.0,0.0,,0,,0.0,,,0.0
LN0000369,2022-06,0.0,0.0,0.0,0.0,,0,,0.0,,,0.0
LN0003086,2023-10,0.0,0.0,0.0,0.0,,0,,0.0,,,0.0
LN0004571,2022-01,0.0,0.0,0.0,0.0,,0,,0.0,,,0.0
LN0000705,2024-05,0.0,0.0,0.0,0.0,,0,,0.0,,,0.0
LN0001236,2023-01,0.0,0.0,0.0,0.0,,0,,0.0,,,0.0
LN0002458,2022-06,0.0,0.0,0.0,0.0,,0,,0.0,,,0.0
LN0000075,2021-06,0.0,0.0,0.0,0.0,,0,,0.0,,,0.0
LN0002159,2025-11,0.0,0.0,0.0,0.0,,0,,0.0,,,0.0
LN0002226,2022-08,0.0,0.0,0.0,0.0,,0,,0.0,,,0.0
LN0003056,2020-12,0.0,0.0,0.0,0.0,,0,,0.0,,,0.0
LN0002791,2022-12,0.0,0.0,0.0,0.0,,0,,0.0,,,0.0
LN0000697,2025-10,0.0,0.0,0.0,0.0,,0,,0.0,,,0.0
LN0000279,2022-08,0.0,0.0,0.0,0.0,,0,,0.0,,,0.0
LN0001390,2024-02,0.0,0.0,0.0,0.0,,0,,0.0,,,0.0
LN0002613,2024-03,0.0,0.0,0.0,0.0,,0,,0.0,,,0.0
LN0000972,2023-08,0.0,0.0,0.0,0.0,,0,,0.0,,,0.0
LN0000693,2022-12,0.0,0.0,0.0,0.0,,0,,0.0,,,0.0
LN0001253,2021-03,0.0,0.0,0.0,0.0,,0,,0.0,,,0.0
LN0000746,2023-04,0.0,0.0,0.0,0.0,,0,,0.0,,,0.0
LN0000289,2025-10,0.0,0.0,0.0,0.0,,0,,0.0,,,0.0
LN0002290,2022-08,0.0,0.0,0.0,0.0,,0,,0.0,,,0.0
LN0003589,2021-04,0.0,0.0,0.0,0.0,,0,,0.0,,,0.0
LN0000041,2025-02,0.0,0.0,0.0,0.0,,0,,0.0,,,0.0
LN0000503,2022-01,0.0,0.0,0.0,0.0,,0,,0.0,,,0.0
LN0000720,2024-07,0.0,0.0,0.0,0.0,,0,,0.0,,,0.0
LN0004334,2024-02,0.0,0.0,0.0,0.0,,0,,0.0,,,0.0
LN0004360,2022-01,0.0,0.0,0.0,0.0,,0,,0.0,,,0.0
LN0002222,2021-09,0.0,0.0,0.0,0.0,,0,,0.0,,,0.0
LN0001783,2023-01,0.0,0.0,0.0,0.0,,0,,0.0,,,0.0
LN0001750,2023-01,0.0,0.0,0.0,0.0,,0,,0.0,,,0.0
LN0003993,2022-09,0.0,0.0,0.0,0.0,,0,,0.0,,,0.0
LN0002525,2023-09,0.0,0.0,0.0,0.0,,0,,0.0,,,0.0
LN0000302,2024-01,0.0,0.0,0.0,0.0,,0,,0.0,,,0.0
LN0000432,2024-07,0.0,0.0,0.0,0.0,,0,,0.0,,,0.0
LN0001959,2025-10,0.0,0.0,0.0,0.0,,0,,0.0,,,0.0
LN0004343,2025-08,0.0,0.0,0.0,0.0,,0,,0.0,,,0.0
LN0003259,2022-10,0.0,0.0,0.0,0.0,,0,,0.0,,,0.0
LN0002372,2021-09,0.0,0.0,0.0,0.0,,0,,0.0,,,0.0
LN0002506,2024-05,0.0,0.0,0.0,0.0,,0,,0.0,,,0.0
LN0003601,2024-08,0.0,0.0,0.0,0.0,,0,,0.0,,,0.0
LN0003961,2022-02,0.0,0.0,0.0,0.0,,0,,0.0,,,0.0
LN0003088,2023-09,0.0,0.0,0.0,0.0,,0,,0.0,,,0.0
LN0004719,2023-11,0.0,0.0,0.0,0.0,,0,,0.0,,,0.0
LN0003896,2025-01,0.0,0.0,0.0,0.0,,0,,0.0,,,0.0
LN0000720,2023-08,0.0,0.0,0.0,0.0,,0,,0.0,,,0.0
LN0001362,2021-06,0.0,0.0,0.0,0.0,,0,,0.0,,,0.0
LN0000059,2024-10,0.0,0.0,0.0,0.0,,0,,0.0,,,0.0
LN0003856,2022-07,0.0,0.0,0.0,0.0,,0,,0.0,,,0.0
LN0001056,2023-12,0.0,0.0,0.0,0.0,,0,,0.0,,,0.0
LN0004141,2022-02,0.0,0.0,0.0,0.0,,0,,0.0,,,0.0
LN0000156,2020-07,0.0,0.0,0.0,0.0,,0,,0.0,,,0.0
LN0003086,2024-06,0.0,0.0,0.0,0.0,,0,,0.0,,,0.0
LN0000192,2023-01,0.0,0.0,0.0,0.0,,0,,0.0,,,0.0
LN0004161,2023-09,0.0,0.0,0.0,0.0,,0,,0.0,,,0.0
LN0003496,2024-01,0.0,0.0,0.0,0.0,,0,,0.0,,,0.0
LN0004070,2022-01,0.0,0.0,0.0,0.0,,0,,0.0,,,0.0
LN0001663,2022-11,0.0,0.0,0.0,0.0,,0,,0.0,,,0.0
LN0000839,2021-12,0.0,0.0,0.0,0.0,,0,,0.0,,,0.0
LN0001462,2023-01,0.0,0.0,0.0,0.0,,0,,0.0,,,0.0
LN0000219,2022-06,0.0,0.0,0.0,0.0,,0,,0.0,,,0.0
LN0000260,2023-03,0.0,0.0,0.0,0.0,,0,,0.0,,,0.0
LN0002534,2024-09,0.0,0.0,0.0,0.0,,0,,0.0,,,0.0
LN0001919,2024-01,0.0,0.0,0.0,0.0,,0,,0.0,,,0.0
LN0003846,2022-09,0.0,0.0,0.0,0.0,,0,,0.0,,,0.0
LN0004943,2021-06,0.0,0.0,0.0,0.0,,0,,0.0,,,0.0
LN0003960,2021-04,0.0,0.0,0.0,0.0,,0,,0.0,,,0.0
LN0003402,2020-11,0.0,0.0,0.0,0.0,,0,,0.0,,,0.0
LN0000694,2024-02,0.0,0.0,0.0,0.0,,0,,0.0,,,0.0
LN0003449,2025-01,0.0,0.0,0.0,0.0,,0,,0.0,,,0.0
LN0002505,2023-12,0.0,0.0,0.0,0.0,,0,,0.0,,,0.0
LN0000431,2021-06,0.0,0.0,0.0,0.0,,0,,0.0,,,0.0
LN0002548,2021-07,0.0,0.0,0.0,0.0,,0,,0.0,,,0.0
LN0001940,2022-12,0.0,0.0,0.0,0.0,,0,,0.0,,,0.0
LN0002670,2024-12,0.0,0.0,0.0,0.0,,0,,0.0,,,0.0
LN0000906,2023-05,0.0,0.0,0.0,0.0,,0,,0.0,,,0.0
LN0000249,2022-03,0.0,0.0,0.0,0.0,,0,,0.0,,,0.0
LN0000381,2024-07,0.0,0.0,0.0,0.0,,0,,0.0,,,0.0
LN0004254,2020-10,0.0,0.0,0.0,0.0,,0,,0.0,,,0.0
LN0001691,2021-09,0.0,0.0,0.0,0.0,,0,,0.0,,,0.0
LN0000417,2023-04,0.0,0.0,0.0,0.0,,0,,0.0,,,0.0
LN0000697,2025-12,0.0,0.0,0.0,0.0,,0,,0.0,,,0.0
LN0000471,2024-11,0.0,0.0,0.0,0.0,,0,,0.0,,,0.0
LN0004333,2021-05,0.0,0.0,0.0,0.0,,0,,0.0,,,0.0
LN0002506,2025-03,0.0,0.0,0.0,0.0,,0,,0.0,,,0.0
LN0001274,2024-08,0.0,0.0,0.0,0.0,,0,,0.0,,,0.0
LN0000964,2025-08,0.0,0.0,0.0,0.0,,0,,0.0,,,0.0
LN0003811,2023-11,0.0,0.0,0.0,0.0,,0,,0.0,,,0.0
LN0004395,2020-11,0.0,0.0,0.0,0.0,,0,,0.0,,,0.0
LN0004167,2023-02,0.0,0.0,0.0,0.0,,0,,0.0,,,0.0
LN0004153,2020-09,0.0,0.0,0.0,0.0,,0,,0.0,,,0.0
LN0001573,2022-02,0.0,0.0,0.0,0.0,,0,,0.0,,,0.0
LN0004213,2021-06,0.0,0.0,0.0,0.0,,0,,0.0,,,0.0
LN0002908,2022-05,0.0,0.0,0.0,0.0,,0,,0.0,,,0.0
LN0003247,2022-11,0.0,0.0,0.0,0.0,,0,,0.0,,,0.0
LN0000324,2023-02,0.0,0.0,0.0,0.0,,0,,0.0,,,0.0
LN0002506,2024-12,0.0,0.0,0.0,0.0,,0,,0.0,,,0.0
LN0000818,2022-02,0.0,0.0,0.0,0.0,,0,,0.0,,,0.0
LN0003926,2025-01,0.0,0.0,0.0,0.0,,0,,0.0,,,0.0
LN0004324,2025-12,0.0,0.0,0.0,0.0,,0,,0.0,,,0.0
LN0002390,2025-01,0.0,0.0,0.0,0.0,,0,,0.0,,,0.0
LN0002273,2024-03,0.0,0.0,0.0,0.0,,0,,0.0,,,0.0
LN0003321,2023-08,0.0,0.0,0.0,0.0,,0,,0.0,,,0.0
LN0003322,2022-11,0.0,0.0,0.0,0.0,,0,,0.0,,,0.0
LN0001940,2022-09,0.0,0.0,0.0,0.0,,0,,0.0,,,0.0
LN0003608,2024-11,0.0,0.0,0.0,0.0,,0,,0.0,,,0.0
LN0003193,2024-07,0.0,0.0,0.0,0.0,,0,,0.0,,,0.0
LN0003126,2023-03,0.0,0.0,0.0,0.0,,0,,0.0,,,0.0
LN0002505,2023-10,0.0,0.0,0.0,0.0,,0,,0.0,,,0.0
LN0000148,2024-01,0.0,0.0,0.0,0.0,,0,,0.0,,,0.0
LN0000310,2024-01,0.0,0.0,0.0,0.0,,0,,0.0,,,0.0
LN0000468,2020-10,0.0,0.0,0.0,0.0,,0,,0.0,,,0.0
LN0002753,2023-10,0.0,0.0,0.0,0.0,,0,,0.0,,,0.0
LN0003024,2021-12,0.0,0.0,0.0,0.0,,0,,0.0,,,0.0
LN0003271,2024-05,0.0,0.0,0.0,0.0,,0,,0.0,,,0.0
LN0000768,2025-01,0.0,0.0,0.0,0.0,,0,,0.0,,,0.0
LN0000468,2021-03,0.0,0.0,0.0,0.0,,0,,0.0,,,0.0
LN0003990,2023-08,0.0,0.0,0.0,0.0,,0,,0.0,,,0.0
LN0000302,2024-10,0.0,0.0,0.0,0.0,,0,,0.0,,,0.0
LN0004254,2020-09,0.0,0.0,0.0,0.0,,0,,0.0,,,0.0
LN0001204,2023-05,0.0,0.0,0.0,0.0,,0,,0.0,,,0.0
LN0002117,2024-01,0.0,0.0,0.0,0.0,,0,,0.0,,,0.0
LN0004676,2021-08,0.0,0.0,0.0,0.0,,0,,0.0,,,0.0
LN0000126,2024-10,0.0,0.0,0.0,0.0,,0,,0.0,,,0.0
LN0000022,2022-03,0.0,0.0,0.0,0.0,,0,,0.0,,,0.0
LN0001388,2022-11,0.0,0.0,0.0,0.0,,0,,0.0,,,0.0
LN0000179,2023-05,0.0,0.0,0.0,0.0,,0,,0.0,,,0.0
LN0002238,2022-08,0.0,0.0,0.0,0.0,,0,,0.0,,,0.0
LN0000930,2024-11,0.0,0.0,0.0,0.0,,0,,0.0,,,0.0
LN0000421,2025-05,0.0,0.0,0.0,0.0,,0,,0.0,,,0.0
LN0001838,2021-10,0.0,0.0,0.0,0.0,,0,,0.0,,,0.0
LN0000549,2021-05,0.0,0.0,0.0,0.0,,0,,0.0,,,0.0
LN0002323,2021-07,0.0,0.0,0.0,0.0,,0,,0.0,,,0.0
LN0003234,2020-10,0.0,0.0,0.0,0.0,,0,,0.0,,,0.0
LN0000508,2022-06,0.0,0.0,0.0,0.0,,0,,0.0,,,0.0
LN0001088,2022-02,0.0,0.0,0.0,0.0,,0,,0.0,,,0.0
LN0000888,2026-06,0.0,0.0,0.0,0.0,,0,,0.0,,,0.0
LN0001180,2023-09,0.0,0.0,0.0,0.0,,0,,0.0,,,0.0
LN0000720,2024-05,0.0,0.0,0.0,0.0,,0,,0.0,,,0.0
LN0004722,2024-10,0.0,0.0,0.0,0.0,,0,,0.0,,,0.0
LN0000793,2022-04,0.0,0.0,0.0,0.0,,0,,0.0,,,0.0
LN0003356,2023-09,0.0,0.0,0.0,0.0,,0,,0.0,,,0.0
LN0002459,2022-03,0.0,0.0,0.0,0.0,,0,,0.0,,,0.0
LN0004558,2023-03,0.0,0.0,0.0,0.0,,0,,0.0,,,0.0
LN0001911,2025-06,0.0,0.0,0.0,0.0,,0,,0.0,,,0.0
LN0001741,2022-09,0.0,0.0,0.0,0.0,,0,,0.0,,,0.0
LN0002784,2023-04,0.0,0.0,0.0,0.0,,0,,0.0,,,0.0
LN0003403,2022-11,0.0,0.0,0.0,0.0,,0,,0.0,,,0.0
LN0003082,2023-03,0.0,0.0,0.0,0.0,,0,,0.0,,,0.0
LN0001904,2021-01,0.0,0.0,0.0,0.0,,0,,0.0,,,0.0
LN0001253,2021-09,0.0,0.0,0.0,0.0,,0,,0.0,,,0.0
LN0003199,2022-04,0.0,0.0,0.0,0.0,,0,,0.0,,,0.0
LN0004903,2025-06,0.0,0.0,0.0,0.0,,0,,0.0,,,0.0
LN0002289,2025-03,0.0,0.0,0.0,0.0,,0,,0.0,,,0.0
LN0002363,2021-07,0.0,0.0,0.0,0.0,,0,,0.0,,,0.0
LN0004753,2020-10,0.0,0.0,0.0,0.0,,0,,0.0,,,0.0
LN0000887,2021-06,0.0,0.0,0.0,0.0,,0,,0.0,,,0.0
LN0004325,2022-12,0.0,0.0,0.0,0.0,,0,,0.0,,,0.0
LN0000430,2021-08,0.0,0.0,0.0,0.0,,0,,0.0,,,0.0
LN0002374,2025-07,0.0,0.0,0.0,0.0,,0,,0.0,,,0.0
LN0002338,2021-06,0.0,0.0,0.0,0.0,,0,,0.0,,,0.0
LN0000589,2024-03,0.0,0.0,0.0,0.0,,0,,0.0,,,0.0
LN0003537,2023-04,0.0,0.0,0.0,0.0,,0,,0.0,,,0.0
LN0002626,2021-05,0.0,0.0,0.0,0.0,,0,,0.0,,,0.0
LN0001117,2023-02,0.0,0.0,0.0,0.0,,0,,0.0,,,0.0
LN0003578,2023-05,0.0,0.0,0.0,0.0,,0,,0.0,,,0.0
LN0001615,2020-04,0.0,0.0,0.0,0.0,,0,,0.0,,,0.0
LN0003752,2022-02,0.0,0.0,0.0,0.0,,0,,0.0,,,0.0
LN0003356,2024-03,0.0,0.0,0.0,0.0,,0,,0.0,,,0.0
LN0001614,2023-01,0.0,0.0,0.0,0.0,,0,,0.0,,,0.0
LN0004672,2024-06,0.0,0.0,0.0,0.0,,0,,0.0,,,0.0
LN0004563,2023-12,0.0,0.0,0.0,0.0,,0,,0.0,,,0.0
LN0002117,2023-02,0.0,0.0,0.0,0.0,,0,,0.0,,,0.0
LN0002905,2021-01,0.0,0.0,0.0,0.0,,0,,0.0,,,0.0
LN0004536,2023-09,0.0,0.0,0.0,0.0,,0,,0.0,,,0.0
LN0000311,2020-12,0.0,0.0,0.0,0.0,,0,,0.0,,,0.0
LN0003088,2023-06,0.0,0.0,0.0,0.0,,0,,0.0,,,0.0
LN0000125,2023-07,0.0,0.0,0.0,0.0,,0,,0.0,,,0.0
LN0003811,2024-07,0.0,0.0,0.0,0.0,,0,,0.0,,,0.0
LN0004384,2025-12,0.0,0.0,0.0,0.0,,0,,0.0,,,0.0
LN0003449,2024-12,0.0,0.0,0.0,0.0,,0,,0.0,,,0.0
LN0003697,2021-02,0.0,0.0,0.0,0.0,,0,,0.0,,,0.0
LN0004117,2024-12,0.0,0.0,0.0,0.0,,0,,0.0,,,0.0
LN0004497,2023-08,0.0,0.0,0.0,0.0,,0,,0.0,,,0.0
LN0000020,2021-09,0.0,0.0,0.0,0.0,,0,,0.0,,,0.0
LN0004151,2020-10,0.0,0.0,0.0,0.0,,0,,0.0,,,0.0
LN0001624,2025-09,0.0,0.0,0.0,0.0,,0,,0.0,,,0.0
LN0002506,2025-02,0.0,0.0,0.0,0.0,,0,,0.0,,,0.0
LN0001179,2022-03,0.0,0.0,0.0,0.0,,0,,0.0,,,0.0
LN0003907,2022-04,0.0,0.0,0.0,0.0,,0,,0.0,,,0.0
LN0001208,2020-11,0.0,0.0,0.0,0.0,,0,,0.0,,,0.0
LN0003381,2022-04,0.0,0.0,0.0,0.0,,0,,0.0,,,0.0
LN0002390,2025-05,0.0,0.0,0.0,0.0,,0,,0.0,,,0.0
LN0004312,2025-06,0.0,0.0,0.0,0.0,,0,,0.0,,,0.0
LN0001869,2023-05,0.0,0.0,0.0,0.0,,0,,0.0,,,0.0
LN0004951,2023-09,0.0,0.0,0.0,0.0,,0,,0.0,,,0.0
LN0004581,2022-07,0.0,0.0,0.0,0.0,,0,,0.0,,,0.0
LN0003896,2025-05,0.0,0.0,0.0,0.0,,0,,0.0,,,0.0
LN0000020,2020-11,0.0,0.0,0.0,0.0,,0,,0.0,,,0.0
LN0002372,2021-06,0.0,0.0,0.0,0.0,,0,,0.0,,,0.0
LN0002809,2024-09,0.0,0.0,0.0,0.0,,0,,0.0,,,0.0
LN0004117,2025-07,0.0,0.0,0.0,0.0,,0,,0.0,,,0.0
LN0002969,2023-09,0.0,0.0,0.0,0.0,,0,,0.0,,,0.0
LN0004516,2024-09,0.0,0.0,0.0,0.0,,0,,0.0,,,0.0
LN0004079,2021-03,0.0,0.0,0.0,0.0,,0,,0.0,,,0.0
LN0004025,2022-01,0.0,0.0,0.0,0.0,,0,,0.0,,,0.0
LN0001139,2025-01,0.0,0.0,0.0,0.0,,0,,0.0,,,0.0
LN0003823,2024-01,0.0,0.0,0.0,0.0,,0,,0.0,,,0.0
LN0001562,2023-02,0.0,0.0,0.0,0.0,,0,,0.0,,,0.0
LN0004197,2020-11,0.0,0.0,0.0,0.0,,0,,0.0,,,0.0
LN0001409,2022-12,0.0,0.0,0.0,0.0,,0,,0.0,,,0.0
LN0001073,2025-04,0.0,0.0,0.0,0.0,,0,,0.0,,,0.0
LN0004536,2023-11,0.0,0.0,0.0,0.0,,0,,0.0,,,0.0
LN0002048,2022-04,0.0,0.0,0.0,0.0,,0,,0.0,,,0.0
LN0003740,2021-09,0.0,0.0,0.0,0.0,,0,,0.0,,,0.0
LN0004299,2023-12,0.0,0.0,0.0,0.0,,0,,0.0,,,0.0
LN0000133,2025-01,0.0,0.0,0.0,0.0,,0,,0.0,,,0.0
LN0000804,2021-12,0.0,0.0,0.0,0.0,,0,,0.0,,,0.0
LN0000332,2022-02,0.0,0.0,0.0,0.0,,0,,0.0,,,0.0
LN0004706,2022-04,0.0,0.0,0.0,0.0,,0,,0.0,,,0.0
LN0001792,2022-08,0.0,0.0,0.0,0.0,,0,,0.0,,,0.0
LN0004339,2023-06,0.0,0.0,0.0,0.0,,0,,0.0,,,0.0
LN0004222,2025-02,0.0,0.0,0.0,0.0,,0,,0.0,,,0.0
LN0001840,2022-07,0.0,0.0,0.0,0.0,,0,,0.0,,,0.0
LN0002231,2026-01,0.0,0.0,0.0,0.0,,0,,0.0,,,0.0
LN0004324,2024-11,0.0,0.0,0.0,0.0,,0,,0.0,,,0.0
LN0001924,2023-12,0.0,0.0,0.0,0.0,,0,,0.0,,,0.0
LN0003283,2021-03,0.0,0.0,0.0,0.0,,0,,0.0,,,0.0
LN0004137,2025-01,0.0,0.0,0.0,0.0,,0,,0.0,,,0.0
LN0000041,2025-08,0.0,0.0,0.0,0.0,,0,,0.0,,,0.0
LN0002513,2021-06,0.0,0.0,0.0,0.0,,0,,0.0,,,0.0
LN0003724,2022-09,0.0,0.0,0.0,0.0,,0,,0.0,,,0.0
LN0002809,2024-08,0.0,0.0,0.0,0.0,,0,,0.0,,,0.0
LN0002526,2022-05,0.0,0.0,0.0,0.0,,0,,0.0,,,0.0
LN0003349,2021-04,0.0,0.0,0.0,0.0,,0,,0.0,,,0.0
LN0000733,2023-08,0.0,0.0,0.0,0.0,,0,,0.0,,,0.0
LN0002687,2023-11,0.0,0.0,0.0,0.0,,0,,0.0,,,0.0
LN0000249,2021-03,0.0,0.0,0.0,0.0,,0,,0.0,,,0.0
LN0001234,2024-09,0.0,0.0,0.0,0.0,,0,,0.0,,,0.0
LN0000015,2021-06,0.0,0.0,0.0,0.0,,0,,0.0,,,0.0
LN0004595,2025-07,0.0,0.0,0.0,0.0,,0,,0.0,,,0.0
LN0002374,2025-04,0.0,0.0,0.0,0.0,,0,,0.0,,,0.0
LN0004595,2024-12,0.0,0.0,0.0,0.0,,0,,0.0,,,0.0
LN0001348,2024-01,0.0,0.0,0.0,0.0,,0,,0.0,,,0.0
LN0000902,2022-11,0.0,0.0,0.0,0.0,,0,,0.0,,,0.0
LN0002337,2022-01,0.0,0.0,0.0,0.0,,0,,0.0,,,0.0
LN0004975,2023-08,0.0,0.0,0.0,0.0,,0,,0.0,,,0.0
LN0000768,2025-12,0.0,0.0,0.0,0.0,,0,,0.0,,,0.0
LN0004937,2021-04,0.0,0.0,0.0,0.0,,0,,0.0,,,0.0
LN0002784,2022-10,0.0,0.0,0.0,0.0,,0,,0.0,,,0.0
LN0000588,2024-11,0.0,0.0,0.0,0.0,,0,,0.0,,,0.0
LN0004631,2021-09,0.0,0.0,0.0,0.0,,0,,0.0,,,0.0
LN0002912,2022-03,0.0,0.0,0.0,0.0,,0,,0.0,,,0.0
LN0003909,2026-04,0.0,0.0,0.0,0.0,,0,,0.0,,,0.0
LN0003402,2021-07,0.0,0.0,0.0,0.0,,0,,0.0,,,0.0
LN0001330,2023-05,0.0,0.0,0.0,0.0,,0,,0.0,,,0.0
LN0000243,2024-07,0.0,0.0,0.0,0.0,,0,,0.0,,,0.0
LN0002127,2023-07,0.0,0.0,0.0,0.0,,0,,0.0,,,0.0
LN0004102,2026-03,0.0,0.0,0.0,0.0,,0,,0.0,,,0.0
LN0000501,2024-04,0.0,0.0,0.0,0.0,,0,,0.0,,,0.0
LN0001889,2024-09,0.0,0.0,0.0,0.0,,0,,0.0,,,0.0
LN0002548,2021-04,0.0,0.0,0.0,0.0,,0,,0.0,,,0.0
LN0001562,2022-12,0.0,0.0,0.0,0.0,,0,,0.0,,,0.0
LN0000239,2020-06,0.0,0.0,0.0,0.0,,0,,0.0,,,0.0
LN0002728,2022-05,0.0,0.0,0.0,0.0,,0,,0.0,,,0.0
LN0000384,2022-06,0.0,0.0,0.0,0.0,,0,,0.0,,,0.0
LN0003900,2022-06,0.0,0.0,0.0,0.0,,0,,0.0,,,0.0
LN0002129,2021-04,0.0,0.0,0.0,0.0,,0,,0.0,,,0.0
LN0002403,2022-10,0.0,0.0,0.0,0.0,,0,,0.0,,,0.0
LN0004595,2025-09,0.0,0.0,0.0,0.0,,0,,0.0,,,0.0
LN0000402,2022-01,0.0,0.0,0.0,0.0,,0,,0.0,,,0.0
LN0002497,2022-01,0.0,0.0,0.0,0.0,,0,,0.0,,,0.0
LN0002764,2022-03,0.0,0.0,0.0,0.0,,0,,0.0,,,0.0
LN0001664,2024-12,0.0,0.0,0.0,0.0,,0,,0.0,,,0.0
LN0004521,2023-09,0.0,0.0,0.0,0.0,,0,,0.0,,,0.0
LN0003961,2021-09,0.0,0.0,0.0,0.0,,0,,0.0,,,0.0
LN0001879,2021-02,0.0,0.0,0.0,0.0,,0,,0.0,,,0.0
LN0003335,2024-08,0.0,0.0,0.0,0.0,,0,,0.0,,,0.0
LN0004840,2026-04,0.0,0.0,0.0,0.0,,0,,0.0,,,0.0
LN0004558,2023-04,0.0,0.0,0.0,0.0,,0,,0.0,,,0.0
LN0004951,2023-08,0.0,0.0,0.0,0.0,,0,,0.0,,,0.0
LN0004153,2020-07,0.0,0.0,0.0,0.0,,0,,0.0,,,0.0
LN0000508,2022-11,0.0,0.0,0.0,0.0,,0,,0.0,,,0.0
LN0000837,2025-04,0.0,0.0,0.0,0.0,,0,,0.0,,,0.0
LN0002447,2021-11,0.0,0.0,0.0,0.0,,0,,0.0,,,0.0
LN0004312,2025-04,0.0,0.0,0.0,0.0,,0,,0.0,,,0.0
LN0004767,2024-02,0.0,0.0,0.0,0.0,,0,,0.0,,,0.0
LN0000132,2024-06,0.0,0.0,0.0,0.0,,0,,0.0,,,0.0
LN0003705,2025-08,0.0,0.0,0.0,0.0,,0,,0.0,,,0.0
LN0001105,2023-09,0.0,0.0,0.0,0.0,,0,,0.0,,,0.0
LN0003052,2022-12,0.0,0.0,0.0,0.0,,0,,0.0,,,0.0
LN0000835,2023-12,0.0,0.0,0.0,0.0,,0,,0.0,,,0.0
LN0000020,2021-06,0.0,0.0,0.0,0.0,,0,,0.0,,,0.0
LN0000925,2021-03,0.0,0.0,0.0,0.0,,0,,0.0,,,0.0
LN0001777,2021-07,0.0,0.0,0.0,0.0,,0,,0.0,,,0.0
LN0004222,2024-04,0.0,0.0,0.0,0.0,,0,,0.0,,,0.0
LN0003234,2021-03,0.0,0.0,0.0,0.0,,0,,0.0,,,0.0
LN0000311,2021-11,0.0,0.0,0.0,0.0,,0,,0.0,,,0.0
LN0003282,2022-01,0.0,0.0,0.0,0.0,,0,,0.0,,,0.0
LN0002933,2023-03,0.0,0.0,0.0,0.0,,0,,0.0,,,0.0
LN0000898,2023-11,0.0,0.0,0.0,0.0,,0,,0.0,,,0.0
LN0001491,2023-11,0.0,0.0,0.0,0.0,,0,,0.0,,,0.0
LN0002938,2025-06,0.0,0.0,0.0,0.0,,0,,0.0,,,0.0
LN0004501,2023-03,0.0,0.0,0.0,0.0,,0,,0.0,,,0.0
LN0004716,2022-07,0.0,0.0,0.0,0.0,,0,,0.0,,,0.0
LN0003896,2025-09,0.0,0.0,0.0,0.0,,0,,0.0,,,0.0
LN0002038,2021-07,0.0,0.0,0.0,0.0,,0,,0.0,,,0.0
LN0002117,2023-06,0.0,0.0,0.0,0.0,,0,,0.0,,,0.0
LN0002772,2021-09,0.0,0.0,0.0,0.0,,0,,0.0,,,0.0
LN0000792,2022-04,0.0,0.0,0.0,0.0,,0,,0.0,,,0.0
LN0001281,2023-07,0.0,0.0,0.0,0.0,,0,,0.0,,,0.0
LN0002868,2021-11,0.0,0.0,0.0,0.0,,0,,0.0,,,0.0
LN0000964,2026-01,0.0,0.0,0.0,0.0,,0,,0.0,,,0.0
LN0000972,2024-03,0.0,0.0,0.0,0.0,,0,,0.0,,,0.0
LN0004772,2024-04,0.0,0.0,0.0,0.0,,0,,0.0,,,0.0
LN0003974,2022-11,0.0,0.0,0.0,0.0,,0,,0.0,,,0.0
LN0003866,2022-10,0.0,0.0,0.0,0.0,,0,,0.0,,,0.0
LN0003236,2020-12,0.0,0.0,0.0,0.0,,0,,0.0,,,0.0
LN0004559,2024-06,0.0,0.0,0.0,0.0,,0,,0.0,,,0.0
LN0004627,2023-02,0.0,0.0,0.0,0.0,,0,,0.0,,,0.0
LN0003696,2021-04,0.0,0.0,0.0,0.0,,0,,0.0,,,0.0
LN0003170,2021-10,0.0,0.0,0.0,0.0,,0,,0.0,,,0.0
LN0001172,2024-09,0.0,0.0,0.0,0.0,,0,,0.0,,,0.0
LN0001259,2025-09,0.0,0.0,0.0,0.0,,0,,0.0,,,0.0
LN0000421,2025-03,0.0,0.0,0.0,0.0,,0,,0.0,,,0.0
LN0002234,2022-09,0.0,0.0,0.0,0.0,,0,,0.0,,,0.0
LN0000559,2021-03,0.0,0.0,0.0,0.0,,0,,0.0,,,0.0
LN0000366,2023-11,0.0,0.0,0.0,0.0,,0,,0.0,,,0.0
LN0001263,2023-04,0.0,0.0,0.0,0.0,,0,,0.0,,,0.0
LN0001568,2023-11,0.0,0.0,0.0,0.0,,0,,0.0,,,0.0
LN0002791,2024-02,0.0,0.0,0.0,0.0,,0,,0.0,,,0.0
LN0000360,2020-12,0.0,0.0,0.0,0.0,,0,,0.0,,,0.0
LN0000677,2020-09,0.0,0.0,0.0,0.0,,0,,0.0,,,0.0
LN0002374,2024-05,0.0,0.0,0.0,0.0,,0,,0.0,,,0.0
LN0004095,2021-08,0.0,0.0,0.0,0.0,,0,,0.0,,,0.0
LN0004413,2021-09,0.0,0.0,0.0,0.0,,0,,0.0,,,0.0
LN0004115,2020-11,0.0,0.0,0.0,0.0,,0,,0.0,,,0.0
LN0004325,2023-06,0.0,0.0,0.0,0.0,,0,,0.0,,,0.0
LN0001462,2022-12,0.0,0.0,0.0,0.0,,0,,0.0,,,0.0
LN0001243,2023-12,0.0,0.0,0.0,0.0,,0,,0.0,,,0.0
LN0003081,2022-06,0.0,0.0,0.0,0.0,,0,,0.0,,,0.0
LN0001126,2023-02,0.0,0.0,0.0,0.0,,0,,0.0,,,0.0
LN0002273,2024-05,0.0,0.0,0.0,0.0,,0,,0.0,,,0.0
LN0000572,2025-05,0.0,0.0,0.0,0.0,,0,,0.0,,,0.0
LN0002323,2022-04,0.0,0.0,0.0,0.0,,0,,0.0,,,0.0
LN0004124,2023-12,0.0,0.0,0.0,0.0,,0,,0.0,,,0.0
LN0000747,2020-04,0.0,0.0,0.0,0.0,,0,,0.0,,,0.0
LN0002613,2024-07,0.0,0.0,0.0,0.0,,0,,0.0,,,0.0
LN0003878,2023-10,0.0,0.0,0.0,0.0,,0,,0.0,,,0.0
LN0002179,2023-09,0.0,0.0,0.0,0.0,,0,,0.0,,,0.0
LN0004196,2023-01,0.0,0.0,0.0,0.0,,0,,0.0,,,0.0
LN0003722,2023-10,0.0,0.0,0.0,0.0,,0,,0.0,,,0.0
LN0000920,2022-09,0.0,0.0,0.0,0.0,,0,,0.0,,,0.0
LN0004799,2026-02,0.0,0.0,0.0,0.0,,0,,0.0,,,0.0
LN0000503,2021-07,0.0,0.0,0.0,0.0,,0,,0.0,,,0.0
LN0000899,2022-10,0.0,0.0,0.0,0.0,,0,,0.0,,,0.0
LN0002160,2023-11,0.0,0.0,0.0,0.0,,0,,0.0,,,0.0
LN0003236,2020-10,0.0,0.0,0.0,0.0,,0,,0.0,,,0.0
LN0003357,2021-03,0.0,0.0,0.0,0.0,,0,,0.0,,,0.0
LN0002048,2022-03,0.0,0.0,0.0,0.0,,0,,0.0,,,0.0
LN0000417,2023-11,0.0,0.0,0.0,0.0,,0,,0.0,,,0.0
LN0002426,2025-02,0.0,0.0,0.0,0.0,,0,,0.0,,,0.0
LN0001156,2023-03,0.0,0.0,0.0,0.0,,0,,0.0,,,0.0
LN0004733,2025-02,0.0,0.0,0.0,0.0,,0,,0.0,,,0.0
LN0003907,2022-03,0.0,0.0,0.0,0.0,,0,,0.0,,,0.0
LN0003674,2023-10,0.0,0.0,0.0,0.0,,0,,0.0,,,0.0
LN0003246,2020-04,0.0,0.0,0.0,0.0,,0,,0.0,,,0.0
LN0003214,2025-01,0.0,0.0,0.0,0.0,,0,,0.0,,,0.0
LN0000936,2023-06,0.0,0.0,0.0,0.0,,0,,0.0,,,0.0
LN0003742,2020-07,0.0,0.0,0.0,0.0,,0,,0.0,,,0.0
LN0004324,2025-08,0.0,0.0,0.0,0.0,,0,,0.0,,,0.0
LN0004117,2025-04,0.0,0.0,0.0,0.0,,0,,0.0,,,0.0
LN0003220,2022-08,0.0,0.0,0.0,0.0,,0,,0.0,,,0.0
LN0002476,2024-03,0.0,0.0,0.0,0.0,,0,,0.0,,,0.0
LN0002049,2024-11,0.0,0.0,0.0,0.0,,0,,0.0,,,0.0
LN0004161,2023-08,0.0,0.0,0.0,0.0,,0,,0.0,,,0.0
LN0001462,2022-09,0.0,0.0,0.0,0.0,,0,,0.0,,,0.0
LN0001838,2021-04,0.0,0.0,0.0,0.0,,0,,0.0,,,0.0
LN0000019,2023-01,0.0,0.0,0.0,0.0,,0,,0.0,,,0.0
LN0002855,2023-08,0.0,0.0,0.0,0.0,,0,,0.0,,,0.0
LN0001719,2023-04,0.0,0.0,0.0,0.0,,0,,0.0,,,0.0
LN0001660,2021-05,0.0,0.0,0.0,0.0,,0,,0.0,,,0.0
LN0001908,2024-04,0.0,0.0,0.0,0.0,,0,,0.0,,,0.0
LN0001179,2021-12,0.0,0.0,0.0,0.0,,0,,0.0,,,0.0
LN0000578,2024-04,0.0,0.0,0.0,0.0,,0,,0.0,,,0.0
LN0002791,2023-12,0.0,0.0,0.0,0.0,,0,,0.0,,,0.0
LN0002635,2021-01,0.0,0.0,0.0,0.0,,0,,0.0,,,0.0
LN0002350,2023-10,0.0,0.0,0.0,0.0,,0,,0.0,,,0.0
LN0001390,2023-04,0.0,0.0,0.0,0.0,,0,,0.0,,,0.0
LN0003282,2021-12,0.0,0.0,0.0,0.0,,0,,0.0,,,0.0
LN0003532,2021-10,0.0,0.0,0.0,0.0,,0,,0.0,,,0.0
LN0002260,2024-04,0.0,0.0,0.0,0.0,,0,,0.0,,,0.0
LN0003841,2024-09,0.0,0.0,0.0,0.0,,0,,0.0,,,0.0
LN0001924,2025-02,0.0,0.0,0.0,0.0,,0,,0.0,,,0.0
LN0003911,2025-11,0.0,0.0,0.0,0.0,,0,,0.0,,,0.0
LN0004014,2021-05,0.0,0.0,0.0,0.0,,0,,0.0,,,0.0
LN0002934,2023-06,0.0,0.0,0.0,0.0,,0,,0.0,,,0.0
LN0001600,2022-06,0.0,0.0,0.0,0.0,,0,,0.0,,,0.0
LN0004850,2021-10,0.0,0.0,0.0,0.0,,0,,0.0,,,0.0
LN0002612,2023-01,0.0,0.0,0.0,0.0,,0,,0.0,,,0.0
LN0000082,2023-03,0.0,0.0,0.0,0.0,,0,,0.0,,,0.0
LN0000747,2020-09,0.0,0.0,0.0,0.0,,0,,0.0,,,0.0
LN0000906,2022-09,0.0,0.0,0.0,0.0,,0,,0.0,,,0.0
LN0000468,2020-08,0.0,0.0,0.0,0.0,,0,,0.0,,,0.0
LN0002612,2023-10,0.0,0.0,0.0,0.0,,0,,0.0,,,0.0
LN0002089,2025-09,0.0,0.0,0.0,0.0,,0,,0.0,,,0.0
LN0003918,2025-03,0.0,0.0,0.0,0.0,,0,,0.0,,,0.0
LN0004943,2021-02,0.0,0.0,0.0,0.0,,0,,0.0,,,0.0
LN0003777,2021-06,0.0,0.0,0.0,0.0,,0,,0.0,,,0.0
LN0001228,2024-05,0.0,0.0,0.0,0.0,,0,,0.0,,,0.0
LN0002835,2021-05,0.0,0.0,0.0,0.0,,0,,0.0,,,0.0
LN0000402,2022-04,0.0,0.0,0.0,0.0,,0,,0.0,,,0.0
LN0000109,2024-02,0.0,0.0,0.0,0.0,,0,,0.0,,,0.0
LN0004799,2025-11,0.0,0.0,0.0,0.0,,0,,0.0,,,0.0
LN0000402,2022-02,0.0,0.0,0.0,0.0,,0,,0.0,,,0.0
LN0004667,2021-07,0.0,0.0,0.0,0.0,,0,,0.0,,,0.0
LN0001777,2020-12,0.0,0.0,0.0,0.0,,0,,0.0,,,0.0
LN0000589,2023-04,0.0,0.0,0.0,0.0,,0,,0.0,,,0.0
LN0000332,2022-06,0.0,0.0,0.0,0.0,,0,,0.0,,,0.0
LN0002479,2021-02,0.0,0.0,0.0,0.0,,0,,0.0,,,0.0
LN0004548,2021-03,0.0,0.0,0.0,0.0,,0,,0.0,,,0.0
LN0004150,2020-08,0.0,0.0,0.0,0.0,,0,,0.0,,,0.0
LN0003435,2023-09,0.0,0.0,0.0,0.0,,0,,0.0,,,0.0
LN0002550,2022-05,0.0,0.0,0.0,0.0,,0,,0.0,,,0.0
LN0003454,2020-09,0.0,0.0,0.0,0.0,,0,,0.0,,,0.0
LN0003737,2022-04,0.0,0.0,0.0,0.0,,0,,0.0,,,0.0
LN0004960,2023-08,0.0,0.0,0.0,0.0,,0,,0.0,,,0.0
LN0004521,2023-10,0.0,0.0,0.0,0.0,,0,,0.0,,,0.0
LN0000925,2021-04,0.0,0.0,0.0,0.0,,0,,0.0,,,0.0
LN0002534,2025-02,0.0,0.0,0.0,0.0,,0,,0.0,,,0.0
LN0004214,2021-09,0.0,0.0,0.0,0.0,,0,,0.0,,,0.0
LN0004977,2024-09,0.0,0.0,0.0,0.0,,0,,0.0,,,0.0
LN0004395,2021-02,0.0,0.0,0.0,0.0,,0,,0.0,,,0.0
LN0004814,2023-10,0.0,0.0,0.0,0.0,,0,,0.0,,,0.0
LN0000920,2022-06,0.0,0.0,0.0,0.0,,0,,0.0,,,0.0
LN0003356,2024-04,0.0,0.0,0.0,0.0,,0,,0.0,,,0.0
LN0004333,2022-09,0.0,0.0,0.0,0.0,,0,,0.0,,,0.0
LN0003449,2024-06,0.0,0.0,0.0,0.0,,0,,0.0,,,0.0
LN0000904,2020-11,0.0,0.0,0.0,0.0,,0,,0.0,,,0.0
LN0003214,2025-05,0.0,0.0,0.0,0.0,,0,,0.0,,,0.0
LN0002613,2025-03,0.0,0.0,0.0,0.0,,0,,0.0,,,0.0
LN0004059,2021-09,0.0,0.0,0.0,0.0,,0,,0.0,,,0.0
LN0003737,2021-11,0.0,0.0,0.0,0.0,,0,,0.0,,,0.0
LN0002543,2024-05,0.0,0.0,0.0,0.0,,0,,0.0,,,0.0
LN0002928,2022-09,0.0,0.0,0.0,0.0,,0,,0.0,,,0.0
LN0001792,2022-05,0.0,0.0,0.0,0.0,,0,,0.0,,,0.0
LN0004627,2023-09,0.0,0.0,0.0,0.0,,0,,0.0,,,0.0
LN0002072,2021-10,0.0,0.0,0.0,0.0,,0,,0.0,,,0.0
LN0001547,2026-01,0.0,0.0,0.0,0.0,,0,,0.0,,,0.0
LN0001751,2021-10,0.0,0.0,0.0,0.0,,0,,0.0,,,0.0
LN0000192,2023-05,0.0,0.0,0.0,0.0,,0,,0.0,,,0.0
LN0004559,2023-12,0.0,0.0,0.0,0.0,,0,,0.0,,,0.0
LN0003974,2023-11,0.0,0.0,0.0,0.0,,0,,0.0,,,0.0
LN0003532,2022-02,0.0,0.0,0.0,0.0,,0,,0.0,,,0.0
LN0004766,2021-05,0.0,0.0,0.0,0.0,,0,,0.0,,,0.0
LN0002933,2022-10,0.0,0.0,0.0,0.0,,0,,0.0,,,0.0
LN0000559,2021-07,0.0,0.0,0.0,0.0,,0,,0.0,,,0.0
LN0002543,2024-07,0.0,0.0,0.0,0.0,,0,,0.0,,,0.0
LN0004196,2022-06,0.0,0.0,0.0,0.0,,0,,0.0,,,0.0
LN0003549,2023-12,0.0,0.0,0.0,0.0,,0,,0.0,,,0.0
LN0004213,2021-01,0.0,0.0,0.0,0.0,,0,,0.0,,,0.0
LN0000156,2021-09,0.0,0.0,0.0,0.0,,0,,0.0,,,0.0
LN0001783,2021-12,0.0,0.0,0.0,0.0,,0,,0.0,,,0.0
LN0003696,2021-06,0.0,0.0,0.0,0.0,,0,,0.0,,,0.0
LN0002561,2024-04,0.0,0.0,0.0,0.0,,0,,0.0,,,0.0
LN0002934,2023-08,0.0,0.0,0.0,0.0,,0,,0.0,,,0.0
LN0001230,2021-11,0.0,0.0,0.0,0.0,,0,,0.0,,,0.0
LN0004737,2023-11,0.0,0.0,0.0,0.0,,0,,0.0,,,0.0
LN0004631,2022-10,0.0,0.0,0.0,0.0,,0,,0.0,,,0.0
LN0002343,2021-06,0.0,0.0,0.0,0.0,,0,,0.0,,,0.0
LN0000706,2022-07,0.0,0.0,0.0,0.0,,0,,0.0,,,0.0
LN0001686,2022-10,0.0,0.0,0.0,0.0,,0,,0.0,,,0.0
LN0002718,2025-03,0.0,0.0,0.0,0.0,,0,,0.0,,,0.0
LN0003777,2021-11,0.0,0.0,0.0,0.0,,0,,0.0,,,0.0
LN0002791,2023-02,0.0,0.0,0.0,0.0,,0,,0.0,,,0.0
LN0001149,2022-06,0.0,0.0,0.0,0.0,,0,,0.0,,,0.0
LN0003088,2023-07,0.0,0.0,0.0,0.0,,0,,0.0,,,0.0
LN0000888,2026-03,0.0,0.0,0.0,0.0,,0,,0.0,,,0.0
LN0002687,2023-01,0.0,0.0,0.0,0.0,,0,,0.0,,,0.0
LN0004396,2024-08,0.0,0.0,0.0,0.0,,0,,0.0,,,0.0
LN0002047,2023-11,0.0,0.0,0.0,0.0,,0,,0.0,,,0.0
LN0001911,2025-07,0.0,0.0,0.0,0.0,,0,,0.0,,,0.0
LN0000229,2021-11,0.0,0.0,0.0,0.0,,0,,0.0,,,0.0
LN0001614,2022-08,0.0,0.0,0.0,0.0,,0,,0.0,,,0.0
LN0000260,2022-08,0.0,0.0,0.0,0.0,,0,,0.0,,,0.0
LN0001592,2022-07,0.0,0.0,0.0,0.0,,0,,0.0,,,0.0
LN0001259,2025-03,0.0,0.0,0.0,0.0,,0,,0.0,,,0.0
LN0000402,2022-11,0.0,0.0,0.0,0.0,,0,,0.0,,,0.0
LN0000686,2024-11,0.0,0.0,0.0,0.0,,0,,0.0,,,0.0
LN0003633,2023-06,0.0,0.0,0.0,0.0,,0,,0.0,,,0.0
LN0004951,2023-12,0.0,0.0,0.0,0.0,,0,,0.0,,,0.0
LN0003401,2021-07,0.0,0.0,0.0,0.0,,0,,0.0,,,0.0
LN0001651,2023-01,0.0,0.0,0.0,0.0,,0,,0.0,,,0.0
LN0001315,2023-11,0.0,0.0,0.0,0.0,,0,,0.0,,,0.0
LN0003335,2023-12,0.0,0.0,0.0,0.0,,0,,0.0,,,0.0
LN0003909,2026-01,0.0,0.0,0.0,0.0,,0,,0.0,,,0.0
LN0000589,2024-04,0.0,0.0,0.0,0.0,,0,,0.0,,,0.0
LN0002140,2023-12,0.0,0.0,0.0,0.0,,0,,0.0,,,0.0
LN0000421,2025-01,0.0,0.0,0.0,0.0,,0,,0.0,,,0.0
LN0004753,2020-11,0.0,0.0,0.0,0.0,,0,,0.0,,,0.0
LN0001315,2023-04,0.0,0.0,0.0,0.0,,0,,0.0,,,0.0
LN0002814,2022-06,0.0,0.0,0.0,0.0,,0,,0.0,,,0.0
LN0002668,2022-12,0.0,0.0,0.0,0.0,,0,,0.0,,,0.0
LN0002736,2023-11,0.0,0.0,0.0,0.0,,0,,0.0,,,0.0
LN0003039,2022-03,0.0,0.0,0.0,0.0,,0,,0.0,,,0.0
LN0001870,2020-08,0.0,0.0,0.0,0.0,,0,,0.0,,,0.0
LN0004201,2023-08,0.0,0.0,0.0,0.0,,0,,0.0,,,0.0
LN0000219,2021-12,0.0,0.0,0.0,0.0,,0,,0.0,,,0.0
LN0004017,2023-02,0.0,0.0,0.0,0.0,,0,,0.0,,,0.0
LN0003357,2021-01,0.0,0.0,0.0,0.0,,0,,0.0,,,0.0
LN0003313,2024-03,0.0,0.0,0.0,0.0,,0,,0.0,,,0.0
LN0002863,2025-02,0.0,0.0,0.0,0.0,,0,,0.0,,,0.0
LN0003896,2025-02,0.0,0.0,0.0,0.0,,0,,0.0,,,0.0
LN0004943,2022-04,0.0,0.0,0.0,0.0,,0,,0.0,,,0.0
LN0004252,2021-08,0.0,0.0,0.0,0.0,,0,,0.0,,,0.0
LN0002931,2022-05,0.0,0.0,0.0,0.0,,0,,0.0,,,0.0
LN0001681,2021-04,0.0,0.0,0.0,0.0,,0,,0.0,,,0.0
LN0003747,2022-04,0.0,0.0,0.0,0.0,,0,,0.0,,,0.0
LN0004943,2021-12,0.0,0.0,0.0,0.0,,0,,0.0,,,0.0
LN0004503,2025-04,0.0,0.0,0.0,0.0,,0,,0.0,,,0.0
LN0001081,2024-08,0.0,0.0,0.0,0.0,,0,,0.0,,,0.0
LN0004422,2024-01,0.0,0.0,0.0,0.0,,0,,0.0,,,0.0
LN0001604,2020-04,0.0,0.0,0.0,0.0,,0,,0.0,,,0.0
LN0002605,2021-07,0.0,0.0,0.0,0.0,,0,,0.0,,,0.0
LN0001204,2022-12,0.0,0.0,0.0,0.0,,0,,0.0,,,0.0
LN0004449,2021-07,0.0,0.0,0.0,0.0,,0,,0.0,,,0.0
LN0001747,2021-09,0.0,0.0,0.0,0.0,,0,,0.0,,,0.0
LN0001230,2021-12,0.0,0.0,0.0,0.0,,0,,0.0,,,0.0
LN0003636,2021-05,0.0,0.0,0.0,0.0,,0,,0.0,,,0.0
LN0004110,2020-12,0.0,0.0,0.0,0.0,,0,,0.0,,,0.0
LN0000430,2021-01,0.0,0.0,0.0,0.0,,0,,0.0,,,0.0
LN0003878,2024-02,0.0,0.0,0.0,0.0,,0,,0.0,,,0.0
LN0004002,2023-04,0.0,0.0,0.0,0.0,,0,,0.0,,,0.0
LN0001646,2025-11,0.0,0.0,0.0,0.0,,0,,0.0,,,0.0
LN0000079,2022-06,0.0,0.0,0.0,0.0,,0,,0.0,,,0.0
LN0004627,2022-12,0.0,0.0,0.0,0.0,,0,,0.0,,,0.0
LN0003193,2025-05,0.0,0.0,0.0,0.0,,0,,0.0,,,0.0
LN0002403,2023-11,0.0,0.0,0.0,0.0,,0,,0.0,,,0.0
LN0000665,2024-02,0.0,0.0,0.0,0.0,,0,,0.0,,,0.0
LN0002159,2025-08,0.0,0.0,0.0,0.0,,0,,0.0,,,0.0
LN0000899,2022-01,0.0,0.0,0.0,0.0,,0,,0.0,,,0.0
LN0004177,2024-03,0.0,0.0,0.0,0.0,,0,,0.0,,,0.0
LN0002505,2024-05,0.0,0.0,0.0,0.0,,0,,0.0,,,0.0
LN0000720,2023-10,0.0,0.0,0.0,0.0,,0,,0.0,,,0.0
LN0000796,2025-03,0.0,0.0,0.0,0.0,,0,,0.0,,,0.0
LN0003595,2023-06,0.0,0.0,0.0,0.0,,0,,0.0,,,0.0
LN0003724,2022-10,0.0,0.0,0.0,0.0,,0,,0.0,,,0.0
LN0002593,2020-10,0.0,0.0,0.0,0.0,,0,,0.0,,,0.0
LN0002338,2021-10,0.0,0.0,0.0,0.0,,0,,0.0,,,0.0
LN0002600,2025-01,0.0,0.0,0.0,0.0,,0,,0.0,,,0.0
LN0002877,2025-01,0.0,0.0,0.0,0.0,,0,,0.0,,,0.0
LN0002212,2021-08,0.0,0.0,0.0,0.0,,0,,0.0,,,0.0
LN0000289,2025-01,0.0,0.0,0.0,0.0,,0,,0.0,,,0.0
LN0004495,2022-08,0.0,0.0,0.0,0.0,,0,,0.0,,,0.0
LN0000918,2021-09,0.0,0.0,0.0,0.0,,0,,0.0,,,0.0
LN0000587,2020-11,0.0,0.0,0.0,0.0,,0,,0.0,,,0.0
LN0001388,2022-04,0.0,0.0,0.0,0.0,,0,,0.0,,,0.0
LN0001747,2021-07,0.0,0.0,0.0,0.0,,0,,0.0,,,0.0
LN0000768,2025-07,0.0,0.0,0.0,0.0,,0,,0.0,,,0.0
LN0002626,2020-09,0.0,0.0,0.0,0.0,,0,,0.0,,,0.0
LN0003813,2021-07,0.0,0.0,0.0,0.0,,0,,0.0,,,0.0
LN0003993,2022-12,0.0,0.0,0.0,0.0,,0,,0.0,,,0.0
LN0001139,2024-07,0.0,0.0,0.0,0.0,,0,,0.0,,,0.0
LN0000307,2021-10,0.0,0.0,0.0,0.0,,0,,0.0,,,0.0
LN0004079,2021-08,0.0,0.0,0.0,0.0,,0,,0.0,,,0.0
LN0004060,2024-02,0.0,0.0,0.0,0.0,,0,,0.0,,,0.0
LN0003956,2025-09,0.0,0.0,0.0,0.0,,0,,0.0,,,0.0
LN0004222,2024-11,0.0,0.0,0.0,0.0,,0,,0.0,,,0.0
LN0004115,2021-07,0.0,0.0,0.0,0.0,,0,,0.0,,,0.0
LN0003401,2021-04,0.0,0.0,0.0,0.0,,0,,0.0,,,0.0
LN0004616,2025-09,0.0,0.0,0.0,0.0,,0,,0.0,,,0.0
LN0000925,2021-09,0.0,0.0,0.0,0.0,,0,,0.0,,,0.0
LN0003874,2024-12,0.0,0.0,0.0,0.0,,0,,0.0,,,0.0
LN0001281,2023-03,0.0,0.0,0.0,0.0,,0,,0.0,,,0.0
LN0002772,2021-08,0.0,0.0,0.0,0.0,,0,,0.0,,,0.0
LN0000747,2021-03,0.0,0.0,0.0,0.0,,0,,0.0,,,0.0
LN0001760,2021-10,0.0,0.0,0.0,0.0,,0,,0.0,,,0.0
LN0003964,2021-03,0.0,0.0,0.0,0.0,,0,,0.0,,,0.0
LN0000877,2024-05,0.0,0.0,0.0,0.0,,0,,0.0,,,0.0
LN0001514,2025-03,0.0,0.0,0.0,0.0,,0,,0.0,,,0.0
LN0000825,2022-05,0.0,0.0,0.0,0.0,,0,,0.0,,,0.0
LN0001122,2023-09,0.0,0.0,0.0,0.0,,0,,0.0,,,0.0
LN0002289,2025-05,0.0,0.0,0.0,0.0,,0,,0.0,,,0.0
LN0001491,2024-02,0.0,0.0,0.0,0.0,,0,,0.0,,,0.0
LN0004563,2024-01,0.0,0.0,0.0,0.0,,0,,0.0,,,0.0
LN0002403,2023-05,0.0,0.0,0.0,0.0,,0,,0.0,,,0.0
LN0003265,2025-02,0.0,0.0,0.0,0.0,,0,,0.0,,,0.0
LN0002719,2024-01,0.0,0.0,0.0,0.0,,0,,0.0,,,0.0
LN0003589,2021-01,0.0,0.0,0.0,0.0,,0,,0.0,,,0.0
LN0003392,2025-03,0.0,0.0,0.0,0.0,,0,,0.0,,,0.0
LN0003358,2020-11,0.0,0.0,0.0,0.0,,0,,0.0,,,0.0
LN0001663,2021-12,0.0,0.0,0.0,0.0,,0,,0.0,,,0.0
LN0001443,2024-04,0.0,0.0,0.0,0.0,,0,,0.0,,,0.0
LN0001724,2024-11,0.0,0.0,0.0,0.0,,0,,0.0,,,0.0
LN0004548,2022-02,0.0,0.0,0.0,0.0,,0,,0.0,,,0.0
LN0004799,2025-06,0.0,0.0,0.0,0.0,,0,,0.0,,,0.0
LN0000243,2023-10,0.0,0.0,0.0,0.0,,0,,0.0,,,0.0
LN0004953,2024-05,0.0,0.0,0.0,0.0,,0,,0.0,,,0.0
LN0000324,2022-12,0.0,0.0,0.0,0.0,,0,,0.0,,,0.0
LN0003381,2021-08,0.0,0.0,0.0,0.0,,0,,0.0,,,0.0
LN0003363,2024-09,0.0,0.0,0.0,0.0,,0,,0.0,,,0.0
LN0000430,2021-07,0.0,0.0,0.0,0.0,,0,,0.0,,,0.0
LN0002160,2023-10,0.0,0.0,0.0,0.0,,0,,0.0,,,0.0
LN0001514,2024-12,0.0,0.0,0.0,0.0,,0,,0.0,,,0.0
LN0000721,2025-04,0.0,0.0,0.0,0.0,,0,,0.0,,,0.0
LN0001315,2024-01,0.0,0.0,0.0,0.0,,0,,0.0,,,0.0
LN0003468,2022-09,0.0,0.0,0.0,0.0,,0,,0.0,,,0.0
LN0002566,2022-10,0.0,0.0,0.0,0.0,,0,,0.0,,,0.0
LN0004449,2020-11,0.0,0.0,0.0,0.0,,0,,0.0,,,0.0
LN0000964,2024-12,0.0,0.0,0.0,0.0,,0,,0.0,,,0.0
LN0003138,2025-11,0.0,0.0,0.0,0.0,,0,,0.0,,,0.0
LN0000477,2021-01,0.0,0.0,0.0,0.0,,0,,0.0,,,0.0
LN0002403,2023-06,0.0,0.0,0.0,0.0,,0,,0.0,,,0.0
LN0000842,2021-01,0.0,0.0,0.0,0.0,,0,,0.0,,,0.0
LN0004973,2023-03,0.0,0.0,0.0,0.0,,0,,0.0,,,0.0
LN0002946,2020-08,0.0,0.0,0.0,0.0,,0,,0.0,,,0.0
LN0001710,2026-06,0.0,0.0,0.0,0.0,,0,,0.0,,,0.0
LN0003879,2023-06,0.0,0.0,0.0,0.0,,0,,0.0,,,0.0
LN0002201,2022-05,0.0,0.0,0.0,0.0,,0,,0.0,,,0.0
LN0001721,2026-01,0.0,0.0,0.0,0.0,,0,,0.0,,,0.0
LN0004548,2021-05,0.0,0.0,0.0,0.0,,0,,0.0,,,0.0
LN0003259,2021-08,0.0,0.0,0.0,0.0,,0,,0.0,,,0.0
LN0002734,2024-11,0.0,0.0,0.0,0.0,,0,,0.0,,,0.0
LN0001243,2023-10,0.0,0.0,0.0,0.0,,0,,0.0,,,0.0
LN0004059,2021-06,0.0,0.0,0.0,0.0,,0,,0.0,,,0.0
LN0004767,2024-03,0.0,0.0,0.0,0.0,,0,,0.0,,,0.0
LN0001651,2022-12,0.0,0.0,0.0,0.0,,0,,0.0,,,0.0
LN0004541,2022-11,0.0,0.0,0.0,0.0,,0,,0.0,,,0.0
LN0000378,2025-10,0.0,0.0,0.0,0.0,,0,,0.0,,,0.0
LN0000058,2020-08,0.0,0.0,0.0,0.0,,0,,0.0,,,0.0
LN0002998,2023-05,0.0,0.0,0.0,0.0,,0,,0.0,,,0.0
LN0004368,2022-08,0.0,0.0,0.0,0.0,,0,,0.0,,,0.0
LN0003392,2025-01,0.0,0.0,0.0,0.0,,0,,0.0,,,0.0
LN0001625,2022-07,0.0,0.0,0.0,0.0,,0,,0.0,,,0.0
LN0003193,2024-11,0.0,0.0,0.0,0.0,,0,,0.0,,,0.0
LN0001091,2025-08,0.0,0.0,0.0,0.0,,0,,0.0,,,0.0
LN0002543,2024-03,0.0,0.0,0.0,0.0,,0,,0.0,,,0.0
LN0002877,2025-09,0.0,0.0,0.0,0.0,,0,,0.0,,,0.0
LN0004521,2024-01,0.0,0.0,0.0,0.0,,0,,0.0,,,0.0
LN0003138,2024-11,0.0,0.0,0.0,0.0,,0,,0.0,,,0.0
LN0002828,2021-10,0.0,0.0,0.0,0.0,,0,,0.0,,,0.0
LN0002029,2025-03,0.0,0.0,0.0,0.0,,0,,0.0,,,0.0
LN0004025,2022-02,0.0,0.0,0.0,0.0,,0,,0.0,,,0.0
LN0004911,2021-04,0.0,0.0,0.0,0.0,,0,,0.0,,,0.0
LN0000041,2025-06,0.0,0.0,0.0,0.0,,0,,0.0,,,0.0
LN0004074,2020-05,0.0,0.0,0.0,0.0,,0,,0.0,,,0.0
LN0004548,2021-06,0.0,0.0,0.0,0.0,,0,,0.0,,,0.0
LN0003537,2023-06,0.0,0.0,0.0,0.0,,0,,0.0,,,0.0
LN0001456,2023-05,0.0,0.0,0.0,0.0,,0,,0.0,,,0.0
LN0000324,2023-05,0.0,0.0,0.0,0.0,,0,,0.0,,,0.0
LN0000270,2021-05,0.0,0.0,0.0,0.0,,0,,0.0,,,0.0
LN0004697,2025-03,0.0,0.0,0.0,0.0,,0,,0.0,,,0.0
LN0000587,2021-10,0.0,0.0,0.0,0.0,,0,,0.0,,,0.0
LN0000059,2025-10,0.0,0.0,0.0,0.0,,0,,0.0,,,0.0
LN0000249,2022-06,0.0,0.0,0.0,0.0,,0,,0.0,,,0.0
LN0002719,2024-04,0.0,0.0,0.0,0.0,,0,,0.0,,,0.0
LN0000167,2021-04,0.0,0.0,0.0,0.0,,0,,0.0,,,0.0
LN0004875,2023-09,0.0,0.0,0.0,0.0,,0,,0.0,,,0.0
LN0003309,2020-08,0.0,0.0,0.0,0.0,,0,,0.0,,,0.0
LN0001833,2023-06,0.0,0.0,0.0,0.0,,0,,0.0,,,0.0
LN0004814,2024-03,0.0,0.0,0.0,0.0,,0,,0.0,,,0.0
LN0001624,2025-03,0.0,0.0,0.0,0.0,,0,,0.0,,,0.0
LN0003661,2025-02,0.0,0.0,0.0,0.0,,0,,0.0,,,0.0
LN0004933,2023-08,0.0,0.0,0.0,0.0,,0,,0.0,,,0.0
LN0002337,2021-07,0.0,0.0,0.0,0.0,,0,,0.0,,,0.0
LN0002933,2023-05,0.0,0.0,0.0,0.0,,0,,0.0,,,0.0
LN0004334,2024-03,0.0,0.0,0.0,0.0,,0,,0.0,,,0.0
LN0000010,2024-08,0.0,0.0,0.0,0.0,,0,,0.0,,,0.0
LN0001724,2024-06,0.0,0.0,0.0,0.0,,0,,0.0,,,0.0
LN0003024,2021-03,0.0,0.0,0.0,0.0,,0,,0.0,,,0.0
LN0001831,2024-05,0.0,0.0,0.0,0.0,,0,,0.0,,,0.0
LN0002595,2023-02,0.0,0.0,0.0,0.0,,0,,0.0,,,0.0
LN0004875,2023-06,0.0,0.0,0.0,0.0,,0,,0.0,,,0.0
LN0002109,2023-07,0.0,0.0,0.0,0.0,,0,,0.0,,,0.0
LN0004659,2024-06,0.0,0.0,0.0,0.0,,0,,0.0,,,0.0
LN0000796,2025-05,0.0,0.0,0.0,0.0,,0,,0.0,,,0.0
LN0003831,2024-05,0.0,0.0,0.0,0.0,,0,,0.0,,,0.0
LN0002933,2022-08,0.0,0.0,0.0,0.0,,0,,0.0,,,0.0
LN0000224,2024-04,0.0,0.0,0.0,0.0,,0,,0.0,,,0.0
LN0004025,2021-04,0.0,0.0,0.0,0.0,,0,,0.0,,,0.0
LN0000302,2025-01,0.0,0.0,0.0,0.0,,0,,0.0,,,0.0
LN0002627,2023-03,0.0,0.0,0.0,0.0,,0,,0.0,,,0.0
LN0003636,2022-04,0.0,0.0,0.0,0.0,,0,,0.0,,,0.0
LN0001879,2021-03,0.0,0.0,0.0,0.0,,0,,0.0,,,0.0
LN0002643,2020-09,0.0,0.0,0.0,0.0,,0,,0.0,,,0.0
LN0003580,2020-11,0.0,0.0,0.0,0.0,,0,,0.0,,,0.0
LN0004766,2020-10,0.0,0.0,0.0,0.0,,0,,0.0,,,0.0
LN0001204,2022-08,0.0,0.0,0.0,0.0,,0,,0.0,,,0.0
LN0002399,2021-02,0.0,0.0,0.0,0.0,,0,,0.0,,,0.0
LN0002449,2023-07,0.0,0.0,0.0,0.0,,0,,0.0,,,0.0
LN0002117,2023-03,0.0,0.0,0.0,0.0,,0,,0.0,,,0.0
LN0001388,2021-10,0.0,0.0,0.0,0.0,,0,,0.0,,,0.0
LN0003993,2022-08,0.0,0.0,0.0,0.0,,0,,0.0,,,0.0
LN0003309,2021-03,0.0,0.0,0.0,0.0,,0,,0.0,,,0.0
LN0003923,2022-03,0.0,0.0,0.0,0.0,,0,,0.0,,,0.0
LN0000877,2023-12,0.0,0.0,0.0,0.0,,0,,0.0,,,0.0
LN0004950,2022-04,0.0,0.0,0.0,0.0,,0,,0.0,,,0.0
LN0004002,2023-02,0.0,0.0,0.0,0.0,,0,,0.0,,,0.0
LN0000454,2023-11,0.0,0.0,0.0,0.0,,0,,0.0,,,0.0
LN0001156,2023-02,0.0,0.0,0.0,0.0,,0,,0.0,,,0.0
LN0004685,2023-11,0.0,0.0,0.0,0.0,,0,,0.0,,,0.0
LN0004772,2024-08,0.0,0.0,0.0,0.0,,0,,0.0,,,0.0
LN0000383,2024-10,0.0,0.0,0.0,0.0,,0,,0.0,,,0.0
LN0003823,2024-02,0.0,0.0,0.0,0.0,,0,,0.0,,,0.0
LN0000804,2021-08,0.0,0.0,0.0,0.0,,0,,0.0,,,0.0
LN0004766,2021-02,0.0,0.0,0.0,0.0,,0,,0.0,,,0.0
LN0000842,2020-08,0.0,0.0,0.0,0.0,,0,,0.0,,,0.0
LN0003742,2021-10,0.0,0.0,0.0,0.0,,0,,0.0,,,0.0
LN0003279,2023-10,0.0,0.0,0.0,0.0,,0,,0.0,,,0.0
LN0001161,2023-02,0.0,0.0,0.0,0.0,,0,,0.0,,,0.0
LN0000010,2024-04,0.0,0.0,0.0,0.0,,0,,0.0,,,0.0
LN0003283,2021-06,0.0,0.0,0.0,0.0,,0,,0.0,,,0.0
LN0003654,2025-03,0.0,0.0,0.0,0.0,,0,,0.0,,,0.0
LN0000633,2024-11,0.0,0.0,0.0,0.0,,0,,0.0,,,0.0
LN0001237,2022-02,0.0,0.0,0.0,0.0,,0,,0.0,,,0.0
LN0000156,2021-10,0.0,0.0,0.0,0.0,,0,,0.0,,,0.0
LN0004759,2023-11,0.0,0.0,0.0,0.0,,0,,0.0,,,0.0
LN0001646,2025-04,0.0,0.0,0.0,0.0,,0,,0.0,,,0.0
LN0004664,2022-04,0.0,0.0,0.0,0.0,,0,,0.0,,,0.0
LN0001840,2023-05,0.0,0.0,0.0,0.0,,0,,0.0,,,0.0
LN0003356,2024-06,0.0,0.0,0.0,0.0,,0,,0.0,,,0.0
LN0000004,2022-05,0.0,0.0,0.0,0.0,,0,,0.0,,,0.0
LN0001185,2020-07,0.0,0.0,0.0,0.0,,0,,0.0,,,0.0
LN0000743,2022-08,0.0,0.0,0.0,0.0,,0,,0.0,,,0.0
LN0004636,2021-04,0.0,0.0,0.0,0.0,,0,,0.0,,,0.0
LN0004664,2021-12,0.0,0.0,0.0,0.0,,0,,0.0,,,0.0
LN0000588,2025-03,0.0,0.0,0.0,0.0,,0,,0.0,,,0.0
LN0003896,2025-11,0.0,0.0,0.0,0.0,,0,,0.0,,,0.0
LN0004002,2023-07,0.0,0.0,0.0,0.0,,0,,0.0,,,0.0
LN0001778,2023-05,0.0,0.0,0.0,0.0,,0,,0.0,,,0.0
LN0001547,2025-05,0.0,0.0,0.0,0.0,,0,,0.0,,,0.0
LN0003951,2021-05,0.0,0.0,0.0,0.0,,0,,0.0,,,0.0
LN0002728,2021-09,0.0,0.0,0.0,0.0,,0,,0.0,,,0.0
LN0000093,2023-03,0.0,0.0,0.0,0.0,,0,,0.0,,,0.0
LN0000723,2023-11,0.0,0.0,0.0,0.0,,0,,0.0,,,0.0
LN0004733,2024-10,0.0,0.0,0.0,0.0,,0,,0.0,,,0.0
LN0003332,2024-05,0.0,0.0,0.0,0.0,,0,,0.0,,,0.0
LN0000888,2026-01,0.0,0.0,0.0,0.0,,0,,0.0,,,0.0
LN0001491,2023-12,0.0,0.0,0.0,0.0,,0,,0.0,,,0.0
LN0001710,2025-11,0.0,0.0,0.0,0.0,,0,,0.0,,,0.0
LN0002726,2022-07,0.0,0.0,0.0,0.0,,0,,0.0,,,0.0
LN0000897,2024-01,0.0,0.0,0.0,0.0,,0,,0.0,,,0.0
LN0003271,2024-08,0.0,0.0,0.0,0.0,,0,,0.0,,,0.0
LN0002418,2022-10,0.0,0.0,0.0,0.0,,0,,0.0,,,0.0
LN0002692,2021-05,0.0,0.0,0.0,0.0,,0,,0.0,,,0.0
LN0004753,2020-05,0.0,0.0,0.0,0.0,,0,,0.0,,,0.0
LN0001947,2025-02,0.0,0.0,0.0,0.0,,0,,0.0,,,0.0
LN0001225,2022-11,0.0,0.0,0.0,0.0,,0,,0.0,,,0.0
LN0001270,2023-05,0.0,0.0,0.0,0.0,,0,,0.0,,,0.0
LN0004002,2023-08,0.0,0.0,0.0,0.0,,0,,0.0,,,0.0
LN0001562,2024-02,0.0,0.0,0.0,0.0,,0,,0.0,,,0.0
LN0001751,2021-08,0.0,0.0,0.0,0.0,,0,,0.0,,,0.0
LN0002221,2022-01,0.0,0.0,0.0,0.0,,0,,0.0,,,0.0
LN0004447,2025-02,0.0,0.0,0.0,0.0,,0,,0.0,,,0.0
LN0001660,2021-06,0.0,0.0,0.0,0.0,,0,,0.0,,,0.0
LN0004705,2024-02,0.0,0.0,0.0,0.0,,0,,0.0,,,0.0
LN0002668,2023-12,0.0,0.0,0.0,0.0,,0,,0.0,,,0.0
LN0004977,2023-12,0.0,0.0,0.0,0.0,,0,,0.0,,,0.0
LN0002483,2025-09,0.0,0.0,0.0,0.0,,0,,0.0,,,0.0
LN0002835,2021-02,0.0,0.0,0.0,0.0,,0,,0.0,,,0.0
LN0001652,2022-12,0.0,0.0,0.0,0.0,,0,,0.0,,,0.0
LN0004973,2023-12,0.0,0.0,0.0,0.0,,0,,0.0,,,0.0
LN0000123,2024-05,0.0,0.0,0.0,0.0,,0,,0.0,,,0.0
LN0001204,2022-09,0.0,0.0,0.0,0.0,,0,,0.0,,,0.0
LN0003381,2022-11,0.0,0.0,0.0,0.0,,0,,0.0,,,0.0
LN0003216,2026-01,0.0,0.0,0.0,0.0,,0,,0.0,,,0.0
LN0002374,2024-11,0.0,0.0,0.0,0.0,,0,,0.0,,,0.0
LN0002458,2023-01,0.0,0.0,0.0,0.0,,0,,0.0,,,0.0
LN0000701,2023-03,0.0,0.0,0.0,0.0,,0,,0.0,,,0.0
LN0000964,2025-04,0.0,0.0,0.0,0.0,,0,,0.0,,,0.0
LN0003868,2021-08,0.0,0.0,0.0,0.0,,0,,0.0,,,0.0
LN0003081,2023-05,0.0,0.0,0.0,0.0,,0,,0.0,,,0.0
LN0002072,2021-07,0.0,0.0,0.0,0.0,,0,,0.0,,,0.0
LN0004828,2020-03,0.0,0.0,0.0,0.0,,0,,0.0,,,0.0
LN0004337,2022-02,0.0,0.0,0.0,0.0,,0,,0.0,,,0.0
LN0001277,2023-05,0.0,0.0,0.0,0.0,,0,,0.0,,,0.0
LN0001931,2021-03,0.0,0.0,0.0,0.0,,0,,0.0,,,0.0
LN0000587,2021-06,0.0,0.0,0.0,0.0,,0,,0.0,,,0.0
LN0001628,2024-11,0.0,0.0,0.0,0.0,,0,,0.0,,,0.0
LN0003402,2021-01,0.0,0.0,0.0,0.0,,0,,0.0,,,0.0
LN0001349,2021-02,0.0,0.0,0.0,0.0,,0,,0.0,,,0.0
LN0000421,2024-10,0.0,0.0,0.0,0.0,,0,,0.0,,,0.0
LN0003589,2021-07,0.0,0.0,0.0,0.0,,0,,0.0,,,0.0
LN0001520,2022-05,0.0,0.0,0.0,0.0,,0,,0.0,,,0.0
LN0003918,2026-06,0.0,0.0,0.0,0.0,,0,,0.0,,,0.0
LN0000584,2021-06,0.0,0.0,0.0,0.0,,0,,0.0,,,0.0
LN0002358,2024-08,0.0,0.0,0.0,0.0,,0,,0.0,,,0.0
LN0004337,2021-03,0.0,0.0,0.0,0.0,,0,,0.0,,,0.0
LN0003061,2023-09,0.0,0.0,0.0,0.0,,0,,0.0,,,0.0
LN0000936,2023-10,0.0,0.0,0.0,0.0,,0,,0.0,,,0.0
LN0003912,2022-08,0.0,0.0,0.0,0.0,,0,,0.0,,,0.0
LN0003283,2021-11,0.0,0.0,0.0,0.0,,0,,0.0,,,0.0
LN0001646,2025-05,0.0,0.0,0.0,0.0,,0,,0.0,,,0.0
LN0000625,2023-02,0.0,0.0,0.0,0.0,,0,,0.0,,,0.0
LN0003137,2024-02,0.0,0.0,0.0,0.0,,0,,0.0,,,0.0
LN0003126,2023-08,0.0,0.0,0.0,0.0,,0,,0.0,,,0.0
LN0003997,2024-09,0.0,0.0,0.0,0.0,,0,,0.0,,,0.0
LN0003356,2024-01,0.0,0.0,0.0,0.0,,0,,0.0,,,0.0
LN0001192,2020-07,0.0,0.0,0.0,0.0,,0,,0.0,,,0.0
LN0001363,2023-04,0.0,0.0,0.0,0.0,,0,,0.0,,,0.0
LN0002868,2021-12,0.0,0.0,0.0,0.0,,0,,0.0,,,0.0
LN0002766,2023-09,0.0,0.0,0.0,0.0,,0,,0.0,,,0.0
LN0001724,2024-03,0.0,0.0,0.0,0.0,,0,,0.0,,,0.0
LN0004427,2024-08,0.0,0.0,0.0,0.0,,0,,0.0,,,0.0
LN0001777,2021-06,0.0,0.0,0.0,0.0,,0,,0.0,,,0.0
LN0004733,2024-06,0.0,0.0,0.0,0.0,,0,,0.0,,,0.0
LN0002705,2022-07,0.0,0.0,0.0,0.0,,0,,0.0,,,0.0
LN0002534,2025-01,0.0,0.0,0.0,0.0,,0,,0.0,,,0.0
LN0000468,2021-05,0.0,0.0,0.0,0.0,,0,,0.0,,,0.0
LN0004411,2022-01,0.0,0.0,0.0,0.0,,0,,0.0,,,0.0
LN0002828,2022-08,0.0,0.0,0.0,0.0,,0,,0.0,,,0.0
LN0004135,2020-12,0.0,0.0,0.0,0.0,,0,,0.0,,,0.0
LN0001833,2023-01,0.0,0.0,0.0,0.0,,0,,0.0,,,0.0
LN0001234,2024-04,0.0,0.0,0.0,0.0,,0,,0.0,,,0.0
LN0000079,2022-05,0.0,0.0,0.0,0.0,,0,,0.0,,,0.0
LN0004600,2020-10,0.0,0.0,0.0,0.0,,0,,0.0,,,0.0
LN0003706,2021-12,0.0,0.0,0.0,0.0,,0,,0.0,,,0.0
LN0004747,2022-11,0.0,0.0,0.0,0.0,,0,,0.0,,,0.0
LN0003819,2023-12,0.0,0.0,0.0,0.0,,0,,0.0,,,0.0
LN0002497,2022-02,0.0,0.0,0.0,0.0,,0,,0.0,,,0.0
LN0003449,2024-05,0.0,0.0,0.0,0.0,,0,,0.0,,,0.0
LN0001237,2022-10,0.0,0.0,0.0,0.0,,0,,0.0,,,0.0
LN0004214,2022-03,0.0,0.0,0.0,0.0,,0,,0.0,,,0.0
LN0002561,2024-02,0.0,0.0,0.0,0.0,,0,,0.0,,,0.0
LN0000648,2023-05,0.0,0.0,0.0,0.0,,0,,0.0,,,0.0
LN0001390,2023-10,0.0,0.0,0.0,0.0,,0,,0.0,,,0.0
LN0003965,2021-02,0.0,0.0,0.0,0.0,,0,,0.0,,,0.0
LN0004548,2021-04,0.0,0.0,0.0,0.0,,0,,0.0,,,0.0
LN0002538,2024-05,0.0,0.0,0.0,0.0,,0,,0.0,,,0.0
LN0003403,2022-09,0.0,0.0,0.0,0.0,,0,,0.0,,,0.0
LN0003183,2024-10,0.0,0.0,0.0,0.0,,0,,0.0,,,0.0
LN0003859,2021-08,0.0,0.0,0.0,0.0,,0,,0.0,,,0.0
LN0003140,2023-07,0.0,0.0,0.0,0.0,,0,,0.0,,,0.0
LN0003052,2023-02,0.0,0.0,0.0,0.0,,0,,0.0,,,0.0
LN0003170,2021-11,0.0,0.0,0.0,0.0,,0,,0.0,,,0.0
LN0003214,2024-10,0.0,0.0,0.0,0.0,,0,,0.0,,,0.0
LN0004595,2026-02,0.0,0.0,0.0,0.0,,0,,0.0,,,0.0
LN0004447,2025-01,0.0,0.0,0.0,0.0,,0,,0.0,,,0.0
LN0001660,2020-11,0.0,0.0,0.0,0.0,,0,,0.0,,,0.0
LN0004324,2025-11,0.0,0.0,0.0,0.0,,0,,0.0,,,0.0
LN0004213,2021-05,0.0,0.0,0.0,0.0,,0,,0.0,,,0.0
LN0000697,2025-05,0.0,0.0,0.0,0.0,,0,,0.0,,,0.0
LN0001778,2023-03,0.0,0.0,0.0,0.0,,0,,0.0,,,0.0
LN0002154,2021-09,0.0,0.0,0.0,0.0,,0,,0.0,,,0.0
LN0001578,2021-06,0.0,0.0,0.0,0.0,,0,,0.0,,,0.0
LN0000402,2021-12,0.0,0.0,0.0,0.0,,0,,0.0,,,0.0
LN0004706,2022-11,0.0,0.0,0.0,0.0,,0,,0.0,,,0.0
LN0001254,2021-10,0.0,0.0,0.0,0.0,,0,,0.0,,,0.0
LN0001491,2024-04,0.0,0.0,0.0,0.0,,0,,0.0,,,0.0
LN0001331,2020-12,0.0,0.0,0.0,0.0,,0,,0.0,,,0.0
LN0004360,2022-03,0.0,0.0,0.0,0.0,,0,,0.0,,,0.0
LN0003859,2021-05,0.0,0.0,0.0,0.0,,0,,0.0,,,0.0
LN0001281,2024-02,0.0,0.0,0.0,0.0,,0,,0.0,,,0.0
LN0000722,2022-06,0.0,0.0,0.0,0.0,,0,,0.0,,,0.0
LN0000477,2020-09,0.0,0.0,0.0,0.0,,0,,0.0,,,0.0
LN0001253,2021-12,0.0,0.0,0.0,0.0,,0,,0.0,,,0.0
LN0003970,2021-02,0.0,0.0,0.0,0.0,,0,,0.0,,,0.0
LN0003601,2024-04,0.0,0.0,0.0,0.0,,0,,0.0,,,0.0
LN0000036,2020-06,0.0,0.0,0.0,0.0,,0,,0.0,,,0.0
LN0004324,2025-10,0.0,0.0,0.0,0.0,,0,,0.0,,,0.0
LN0004413,2022-06,0.0,0.0,0.0,0.0,,0,,0.0,,,0.0
LN0002038,2021-10,0.0,0.0,0.0,0.0,,0,,0.0,,,0.0
LN0003183,2024-11,0.0,0.0,0.0,0.0,,0,,0.0,,,0.0
LN0001441,2020-07,0.0,0.0,0.0,0.0,,0,,0.0,,,0.0
LN0003234,2021-06,0.0,0.0,0.0,0.0,,0,,0.0,,,0.0
LN0004953,2024-03,0.0,0.0,0.0,0.0,,0,,0.0,,,0.0
LN0004705,2023-09,0.0,0.0,0.0,0.0,,0,,0.0,,,0.0
LN0004449,2021-04,0.0,0.0,0.0,0.0,,0,,0.0,,,0.0
LN0003532,2021-12,0.0,0.0,0.0,0.0,,0,,0.0,,,0.0
LN0004413,2021-04,0.0,0.0,0.0,0.0,,0,,0.0,,,0.0
LN0000906,2023-04,0.0,0.0,0.0,0.0,,0,,0.0,,,0.0
LN0002753,2023-09,0.0,0.0,0.0,0.0,,0,,0.0,,,0.0
LN0001911,2025-02,0.0,0.0,0.0,0.0,,0,,0.0,,,0.0
LN0002967,2021-08,0.0,0.0,0.0,0.0,,0,,0.0,,,0.0
LN0002595,2022-07,0.0,0.0,0.0,0.0,,0,,0.0,,,0.0
LN0001179,2022-10,0.0,0.0,0.0,0.0,,0,,0.0,,,0.0
LN0000569,2022-12,0.0,0.0,0.0,0.0,,0,,0.0,,,0.0
LN0002212,2020-08,0.0,0.0,0.0,0.0,,0,,0.0,,,0.0
LN0002449,2022-10,0.0,0.0,0.0,0.0,,0,,0.0,,,0.0
LN0001482,2022-09,0.0,0.0,0.0,0.0,,0,,0.0,,,0.0
LN0004079,2021-09,0.0,0.0,0.0,0.0,,0,,0.0,,,0.0
LN0000815,2021-06,0.0,0.0,0.0,0.0,,0,,0.0,,,0.0
LN0001724,2023-11,0.0,0.0,0.0,0.0,,0,,0.0,,,0.0
LN0004197,2021-10,0.0,0.0,0.0,0.0,,0,,0.0,,,0.0
LN0004552,2021-07,0.0,0.0,0.0,0.0,,0,,0.0,,,0.0
LN0001614,2023-08,0.0,0.0,0.0,0.0,,0,,0.0,,,0.0
LN0000052,2025-02,0.0,0.0,0.0,0.0,,0,,0.0,,,0.0
LN0003142,2021-10,0.0,0.0,0.0,0.0,,0,,0.0,,,0.0
LN0004659,2024-01,0.0,0.0,0.0,0.0,,0,,0.0,,,0.0
LN0000720,2023-11,0.0,0.0,0.0,0.0,,0,,0.0,,,0.0
LN0004629,2022-10,0.0,0.0,0.0,0.0,,0,,0.0,,,0.0
LN0003846,2022-12,0.0,0.0,0.0,0.0,,0,,0.0,,,0.0
LN0001892,2024-03,0.0,0.0,0.0,0.0,,0,,0.0,,,0.0
LN0002013,2022-03,0.0,0.0,0.0,0.0,,0,,0.0,,,0.0
LN0002526,2022-01,0.0,0.0,0.0,0.0,,0,,0.0,,,0.0
LN0003549,2023-11,0.0,0.0,0.0,0.0,,0,,0.0,,,0.0
LN0000472,2020-10,0.0,0.0,0.0,0.0,,0,,0.0,,,0.0
LN0004324,2024-12,0.0,0.0,0.0,0.0,,0,,0.0,,,0.0
LN0001331,2021-07,0.0,0.0,0.0,0.0,,0,,0.0,,,0.0
LN0004667,2021-04,0.0,0.0,0.0,0.0,,0,,0.0,,,0.0
LN0003140,2023-01,0.0,0.0,0.0,0.0,,0,,0.0,,,0.0
LN0000584,2020-12,0.0,0.0,0.0,0.0,,0,,0.0,,,0.0
LN0004627,2022-08,0.0,0.0,0.0,0.0,,0,,0.0,,,0.0
LN0004759,2023-09,0.0,0.0,0.0,0.0,,0,,0.0,,,0.0
LN0003562,2021-01,0.0,0.0,0.0,0.0,,0,,0.0,,,0.0
LN0004943,2021-01,0.0,0.0,0.0,0.0,,0,,0.0,,,0.0
LN0003900,2022-02,0.0,0.0,0.0,0.0,,0,,0.0,,,0.0
LN0004706,2022-09,0.0,0.0,0.0,0.0,,0,,0.0,,,0.0
LN0004335,2023-09,0.0,0.0,0.0,0.0,,0,,0.0,,,0.0
LN0002595,2023-08,0.0,0.0,0.0,0.0,,0,,0.0,,,0.0
LN0001724,2023-12,0.0,0.0,0.0,0.0,,0,,0.0,,,0.0
LN0004498,2023-05,0.0,0.0,0.0,0.0,,0,,0.0,,,0.0
LN0000339,2023-06,0.0,0.0,0.0,0.0,,0,,0.0,,,0.0
LN0001267,2022-01,0.0,0.0,0.0,0.0,,0,,0.0,,,0.0
LN0000260,2022-07,0.0,0.0,0.0,0.0,,0,,0.0,,,0.0
LN0004903,2025-03,0.0,0.0,0.0,0.0,,0,,0.0,,,0.0
LN0002129,2021-02,0.0,0.0,0.0,0.0,,0,,0.0,,,0.0
LN0003907,2022-06,0.0,0.0,0.0,0.0,,0,,0.0,,,0.0
LN0003868,2021-07,0.0,0.0,0.0,0.0,,0,,0.0,,,0.0
LN0003381,2022-05,0.0,0.0,0.0,0.0,,0,,0.0,,,0.0
LN0000930,2024-07,0.0,0.0,0.0,0.0,,0,,0.0,,,0.0
LN0004631,2022-06,0.0,0.0,0.0,0.0,,0,,0.0,,,0.0
LN0004445,2025-05,0.0,0.0,0.0,0.0,,0,,0.0,,,0.0
LN0001691,2022-05,0.0,0.0,0.0,0.0,,0,,0.0,,,0.0
LN0002238,2022-05,0.0,0.0,0.0,0.0,,0,,0.0,,,0.0
LN0004674,2020-10,0.0,0.0,0.0,0.0,,0,,0.0,,,0.0
LN0001889,2025-12,0.0,0.0,0.0,0.0,,0,,0.0,,,0.0
LN0001783,2022-07,0.0,0.0,0.0,0.0,,0,,0.0,,,0.0
LN0001122,2024-04,0.0,0.0,0.0,0.0,,0,,0.0,,,0.0
LN0001686,2023-02,0.0,0.0,0.0,0.0,,0,,0.0,,,0.0
LN0002753,2023-11,0.0,0.0,0.0,0.0,,0,,0.0,,,0.0
LN0000227,2021-10,0.0,0.0,0.0,0.0,,0,,0.0,,,0.0
LN0001270,2024-07,0.0,0.0,0.0,0.0,,0,,0.0,,,0.0
LN0004937,2021-08,0.0,0.0,0.0,0.0,,0,,0.0,,,0.0
LN0003234,2020-05,0.0,0.0,0.0,0.0,,0,,0.0,,,0.0
LN0004222,2024-10,0.0,0.0,0.0,0.0,,0,,0.0,,,0.0
LN0004667,2021-11,0.0,0.0,0.0,0.0,,0,,0.0,,,0.0
LN0000148,2023-09,0.0,0.0,0.0,0.0,,0,,0.0,,,0.0
LN0001456,2024-07,0.0,0.0,0.0,0.0,,0,,0.0,,,0.0
LN0000319,2021-11,0.0,0.0,0.0,0.0,,0,,0.0,,,0.0
LN0000036,2021-02,0.0,0.0,0.0,0.0,,0,,0.0,,,0.0
LN0001236,2023-07,0.0,0.0,0.0,0.0,,0,,0.0,,,0.0
LN0004201,2024-04,0.0,0.0,0.0,0.0,,0,,0.0,,,0.0
LN0004807,2023-08,0.0,0.0,0.0,0.0,,0,,0.0,,,0.0
LN0004017,2022-07,0.0,0.0,0.0,0.0,,0,,0.0,,,0.0
LN0003234,2020-07,0.0,0.0,0.0,0.0,,0,,0.0,,,0.0
LN0002736,2023-08,0.0,0.0,0.0,0.0,,0,,0.0,,,0.0
LN0003126,2023-07,0.0,0.0,0.0,0.0,,0,,0.0,,,0.0
LN0003197,2021-05,0.0,0.0,0.0,0.0,,0,,0.0,,,0.0
LN0000059,2025-06,0.0,0.0,0.0,0.0,,0,,0.0,,,0.0
LN0000508,2023-10,0.0,0.0,0.0,0.0,,0,,0.0,,,0.0
LN0002013,2022-08,0.0,0.0,0.0,0.0,,0,,0.0,,,0.0
LN0004360,2022-07,0.0,0.0,0.0,0.0,,0,,0.0,,,0.0
LN0003193,2025-02,0.0,0.0,0.0,0.0,,0,,0.0,,,0.0
LN0000683,2022-07,0.0,0.0,0.0,0.0,,0,,0.0,,,0.0
LN0002548,2021-11,0.0,0.0,0.0,0.0,,0,,0.0,,,0.0
LN0001678,2022-01,0.0,0.0,0.0,0.0,,0,,0.0,,,0.0
LN0004676,2021-06,0.0,0.0,0.0,0.0,,0,,0.0,,,0.0
LN0003309,2021-04,0.0,0.0,0.0,0.0,,0,,0.0,,,0.0
LN0003722,2023-09,0.0,0.0,0.0,0.0,,0,,0.0,,,0.0
LN0000161,2023-05,0.0,0.0,0.0,0.0,,0,,0.0,,,0.0
LN0001604,2021-02,0.0,0.0,0.0,0.0,,0,,0.0,,,0.0
LN0004313,2025-03,0.0,0.0,0.0,0.0,,0,,0.0,,,0.0
LN0000549,2021-02,0.0,0.0,0.0,0.0,,0,,0.0,,,0.0
LN0000887,2020-08,0.0,0.0,0.0,0.0,,0,,0.0,,,0.0
LN0003900,2021-04,0.0,0.0,0.0,0.0,,0,,0.0,,,0.0
LN0000825,2021-08,0.0,0.0,0.0,0.0,,0,,0.0,,,0.0
LN0001408,2023-11,0.0,0.0,0.0,0.0,,0,,0.0,,,0.0
LN0003216,2025-01,0.0,0.0,0.0,0.0,,0,,0.0,,,0.0
LN0003321,2024-04,0.0,0.0,0.0,0.0,,0,,0.0,,,0.0
LN0001878,2024-09,0.0,0.0,0.0,0.0,,0,,0.0,,,0.0
LN0000705,2025-01,0.0,0.0,0.0,0.0,,0,,0.0,,,0.0
LN0000243,2023-12,0.0,0.0,0.0,0.0,,0,,0.0,,,0.0
LN0002063,2021-06,0.0,0.0,0.0,0.0,,0,,0.0,,,0.0
LN0001878,2024-01,0.0,0.0,0.0,0.0,,0,,0.0,,,0.0
LN0002734,2024-07,0.0,0.0,0.0,0.0,,0,,0.0,,,0.0
LN0003191,2024-02,0.0,0.0,0.0,0.0,,0,,0.0,,,0.0
LN0004766,2021-09,0.0,0.0,0.0,0.0,,0,,0.0,,,0.0
LN0001942,2025-12,0.0,0.0,0.0,0.0,,0,,0.0,,,0.0
LN0004396,2023-08,0.0,0.0,0.0,0.0,,0,,0.0,,,0.0
LN0000890,2025-02,0.0,0.0,0.0,0.0,,0,,0.0,,,0.0
LN0004697,2024-10,0.0,0.0,0.0,0.0,,0,,0.0,,,0.0
LN0000059,2025-01,0.0,0.0,0.0,0.0,,0,,0.0,,,0.0
LN0000156,2020-09,0.0,0.0,0.0,0.0,,0,,0.0,,,0.0
LN0004747,2022-10,0.0,0.0,0.0,0.0,,0,,0.0,,,0.0
LN0001751,2020-12,0.0,0.0,0.0,0.0,,0,,0.0,,,0.0
LN0000409,2024-11,0.0,0.0,0.0,0.0,,0,,0.0,,,0.0
LN0001691,2021-12,0.0,0.0,0.0,0.0,,0,,0.0,,,0.0
LN0001573,2022-01,0.0,0.0,0.0,0.0,,0,,0.0,,,0.0
LN0003923,2022-05,0.0,0.0,0.0,0.0,,0,,0.0,,,0.0
LN0003742,2020-06,0.0,0.0,0.0,0.0,,0,,0.0,,,0.0
LN0002338,2021-07,0.0,0.0,0.0,0.0,,0,,0.0,,,0.0
LN0002447,2022-08,0.0,0.0,0.0,0.0,,0,,0.0,,,0.0
LN0003234,2020-09,0.0,0.0,0.0,0.0,,0,,0.0,,,0.0
LN0000224,2024-09,0.0,0.0,0.0,0.0,,0,,0.0,,,0.0
LN0000207,2021-02,0.0,0.0,0.0,0.0,,0,,0.0,,,0.0
LN0000501,2023-12,0.0,0.0,0.0,0.0,,0,,0.0,,,0.0
LN0000569,2024-04,0.0,0.0,0.0,0.0,,0,,0.0,,,0.0
LN0001724,2024-08,0.0,0.0,0.0,0.0,,0,,0.0,,,0.0
LN0003666,2025-03,0.0,0.0,0.0,0.0,,0,,0.0,,,0.0
LN0004106,2026-01,0.0,0.0,0.0,0.0,,0,,0.0,,,0.0
LN0001205,2020-12,0.0,0.0,0.0,0.0,,0,,0.0,,,0.0
LN0003199,2022-06,0.0,0.0,0.0,0.0,,0,,0.0,,,0.0
LN0001185,2020-09,0.0,0.0,0.0,0.0,,0,,0.0,,,0.0
LN0001894,2020-04,0.0,0.0,0.0,0.0,,0,,0.0,,,0.0
LN0003282,2021-11,0.0,0.0,0.0,0.0,,0,,0.0,,,0.0
LN0004325,2023-10,0.0,0.0,0.0,0.0,,0,,0.0,,,0.0
LN0004743,2024-06,0.0,0.0,0.0,0.0,,0,,0.0,,,0.0
LN0004074,2020-10,0.0,0.0,0.0,0.0,,0,,0.0,,,0.0
LN0000888,2025-02,0.0,0.0,0.0,0.0,,0,,0.0,,,0.0
LN0000589,2023-08,0.0,0.0,0.0,0.0,,0,,0.0,,,0.0
LN0003951,2020-09,0.0,0.0,0.0,0.0,,0,,0.0,,,0.0
LN0004850,2022-06,0.0,0.0,0.0,0.0,,0,,0.0,,,0.0
LN0002458,2023-02,0.0,0.0,0.0,0.0,,0,,0.0,,,0.0
LN0002726,2022-06,0.0,0.0,0.0,0.0,,0,,0.0,,,0.0
LN0003332,2024-10,0.0,0.0,0.0,0.0,,0,,0.0,,,0.0
LN0000899,2022-11,0.0,0.0,0.0,0.0,,0,,0.0,,,0.0
LN0004742,2023-09,0.0,0.0,0.0,0.0,,0,,0.0,,,0.0
LN0003537,2023-03,0.0,0.0,0.0,0.0,,0,,0.0,,,0.0
LN0004776,2024-09,0.0,0.0,0.0,0.0,,0,,0.0,,,0.0
LN0002525,2024-11,0.0,0.0,0.0,0.0,,0,,0.0,,,0.0
LN0004685,2023-10,0.0,0.0,0.0,0.0,,0,,0.0,,,0.0
LN0004495,2022-07,0.0,0.0,0.0,0.0,,0,,0.0,,,0.0
LN0002670,2025-01,0.0,0.0,0.0,0.0,,0,,0.0,,,0.0
LN0002659,2024-04,0.0,0.0,0.0,0.0,,0,,0.0,,,0.0
LN0002659,2024-06,0.0,0.0,0.0,0.0,,0,,0.0,,,0.0
LN0000068,2024-10,0.0,0.0,0.0,0.0,,0,,0.0,,,0.0
LN0003386,2024-05,0.0,0.0,0.0,0.0,,0,,0.0,,,0.0
LN0000825,2022-01,0.0,0.0,0.0,0.0,,0,,0.0,,,0.0
LN0003707,2022-07,0.0,0.0,0.0,0.0,,0,,0.0,,,0.0
LN0003454,2020-11,0.0,0.0,0.0,0.0,,0,,0.0,,,0.0
LN0001604,2020-08,0.0,0.0,0.0,0.0,,0,,0.0,,,0.0
LN0003763,2020-08,0.0,0.0,0.0,0.0,,0,,0.0,,,0.0
LN0003061,2024-06,0.0,0.0,0.0,0.0,,0,,0.0,,,0.0
LN0000805,2023-06,0.0,0.0,0.0,0.0,,0,,0.0,,,0.0
LN0002014,2024-05,0.0,0.0,0.0,0.0,,0,,0.0,,,0.0
LN0001942,2025-08,0.0,0.0,0.0,0.0,,0,,0.0,,,0.0
LN0001678,2022-06,0.0,0.0,0.0,0.0,,0,,0.0,,,0.0
LN0003880,2024-06,0.0,0.0,0.0,0.0,,0,,0.0,,,0.0
LN0000584,2021-10,0.0,0.0,0.0,0.0,,0,,0.0,,,0.0
LN0000260,2023-07,0.0,0.0,0.0,0.0,,0,,0.0,,,0.0
LN0003481,2025-04,0.0,0.0,0.0,0.0,,0,,0.0,,,0.0
LN0003056,2020-10,0.0,0.0,0.0,0.0,,0,,0.0,,,0.0
LN0004115,2021-02,0.0,0.0,0.0,0.0,,0,,0.0,,,0.0
LN0003356,2024-10,0.0,0.0,0.0,0.0,,0,,0.0,,,0.0
LN0004025,2022-05,0.0,0.0,0.0,0.0,,0,,0.0,,,0.0
LN0003191,2023-03,0.0,0.0,0.0,0.0,,0,,0.0,,,0.0
LN0000964,2025-10,0.0,0.0,0.0,0.0,,0,,0.0,,,0.0
LN0000272,2021-01,0.0,0.0,0.0,0.0,,0,,0.0,,,0.0
LN0004339,2023-01,0.0,0.0,0.0,0.0,,0,,0.0,,,0.0
LN0004360,2022-11,0.0,0.0,0.0,0.0,,0,,0.0,,,0.0
LN0002231,2025-11,0.0,0.0,0.0,0.0,,0,,0.0,,,0.0
LN0001877,2022-11,0.0,0.0,0.0,0.0,,0,,0.0,,,0.0
LN0000693,2023-05,0.0,0.0,0.0,0.0,,0,,0.0,,,0.0
LN0003265,2025-05,0.0,0.0,0.0,0.0,,0,,0.0,,,0.0
LN0004422,2024-04,0.0,0.0,0.0,0.0,,0,,0.0,,,0.0
LN0001000,2023-08,0.0,0.0,0.0,0.0,,0,,0.0,,,0.0
LN0003335,2024-04,0.0,0.0,0.0,0.0,,0,,0.0,,,0.0
LN0002858,2022-12,0.0,0.0,0.0,0.0,,0,,0.0,,,0.0
LN0001208,2021-05,0.0,0.0,0.0,0.0,,0,,0.0,,,0.0
LN0002933,2023-08,0.0,0.0,0.0,0.0,,0,,0.0,,,0.0
LN0003722,2023-05,0.0,0.0,0.0,0.0,,0,,0.0,,,0.0
LN0001908,2025-04,0.0,0.0,0.0,0.0,,0,,0.0,,,0.0
LN0001277,2022-05,0.0,0.0,0.0,0.0,,0,,0.0,,,0.0
LN0003024,2022-02,0.0,0.0,0.0,0.0,,0,,0.0,,,0.0
LN0002212,2020-11,0.0,0.0,0.0,0.0,,0,,0.0,,,0.0
LN0000904,2021-03,0.0,0.0,0.0,0.0,,0,,0.0,,,0.0
LN0000721,2024-10,0.0,0.0,0.0,0.0,,0,,0.0,,,0.0
LN0000837,2024-12,0.0,0.0,0.0,0.0,,0,,0.0,,,0.0
LN0004466,2022-02,0.0,0.0,0.0,0.0,,0,,0.0,,,0.0
LN0000572,2025-01,0.0,0.0,0.0,0.0,,0,,0.0,,,0.0
LN0000898,2024-08,0.0,0.0,0.0,0.0,,0,,0.0,,,0.0
LN0001514,2025-08,0.0,0.0,0.0,0.0,,0,,0.0,,,0.0
LN0001462,2022-01,0.0,0.0,0.0,0.0,,0,,0.0,,,0.0
LN0001678,2021-12,0.0,0.0,0.0,0.0,,0,,0.0,,,0.0
LN0004449,2021-10,0.0,0.0,0.0,0.0,,0,,0.0,,,0.0
LN0003740,2020-11,0.0,0.0,0.0,0.0,,0,,0.0,,,0.0
LN0004705,2024-04,0.0,0.0,0.0,0.0,,0,,0.0,,,0.0
LN0004136,2022-06,0.0,0.0,0.0,0.0,,0,,0.0,,,0.0
LN0004304,2021-06,0.0,0.0,0.0,0.0,,0,,0.0,,,0.0
LN0001277,2023-03,0.0,0.0,0.0,0.0,,0,,0.0,,,0.0
LN0001919,2022-12,0.0,0.0,0.0,0.0,,0,,0.0,,,0.0
LN0003140,2023-04,0.0,0.0,0.0,0.0,,0,,0.0,,,0.0
LN0000904,2021-11,0.0,0.0,0.0,0.0,,0,,0.0,,,0.0
LN0002809,2025-01,0.0,0.0,0.0,0.0,,0,,0.0,,,0.0
LN0000672,2024-03,0.0,0.0,0.0,0.0,,0,,0.0,,,0.0
LN0003496,2024-06,0.0,0.0,0.0,0.0,,0,,0.0,,,0.0
LN0004201,2023-06,0.0,0.0,0.0,0.0,,0,,0.0,,,0.0
LN0000877,2023-07,0.0,0.0,0.0,0.0,,0,,0.0,,,0.0
LN0000723,2024-08,0.0,0.0,0.0,0.0,,0,,0.0,,,0.0
LN0002534,2024-08,0.0,0.0,0.0,0.0,,0,,0.0,,,0.0
LN0003234,2020-11,0.0,0.0,0.0,0.0,,0,,0.0,,,0.0
LN0004014,2021-12,0.0,0.0,0.0,0.0,,0,,0.0,,,0.0
LN0001185,2020-06,0.0,0.0,0.0,0.0,,0,,0.0,,,0.0
LN0000270,2020-10,0.0,0.0,0.0,0.0,,0,,0.0,,,0.0
LN0000381,2024-11,0.0,0.0,0.0,0.0,,0,,0.0,,,0.0
LN0000677,2021-12,0.0,0.0,0.0,0.0,,0,,0.0,,,0.0
LN0004248,2021-07,0.0,0.0,0.0,0.0,,0,,0.0,,,0.0
LN0004814,2024-01,0.0,0.0,0.0,0.0,,0,,0.0,,,0.0
LN0002089,2025-04,0.0,0.0,0.0,0.0,,0,,0.0,,,0.0
LN0003722,2023-11,0.0,0.0,0.0,0.0,,0,,0.0,,,0.0
LN0002610,2022-04,0.0,0.0,0.0,0.0,,0,,0.0,,,0.0
LN0002734,2024-02,0.0,0.0,0.0,0.0,,0,,0.0,,,0.0
LN0001263,2023-11,0.0,0.0,0.0,0.0,,0,,0.0,,,0.0
LN0002828,2022-09,0.0,0.0,0.0,0.0,,0,,0.0,,,0.0
LN0001011,2023-05,0.0,0.0,0.0,0.0,,0,,0.0,,,0.0
LN0004222,2025-04,0.0,0.0,0.0,0.0,,0,,0.0,,,0.0
LN0001203,2024-07,0.0,0.0,0.0,0.0,,0,,0.0,,,0.0
LN0003911,2025-04,0.0,0.0,0.0,0.0,,0,,0.0,,,0.0
LN0001942,2025-05,0.0,0.0,0.0,0.0,,0,,0.0,,,0.0
LN0004781,2024-11,0.0,0.0,0.0,0.0,,0,,0.0,,,0.0
LN0001046,2023-04,0.0,0.0,0.0,0.0,,0,,0.0,,,0.0
LN0004897,2025-04,0.0,0.0,0.0,0.0,,0,,0.0,,,0.0
LN0001198,2025-02,0.0,0.0,0.0,0.0,,0,,0.0,,,0.0
LN0003412,2022-03,0.0,0.0,0.0,0.0,,0,,0.0,,,0.0
LN0004106,2025-11,0.0,0.0,0.0,0.0,,0,,0.0,,,0.0
LN0001382,2024-01,0.0,0.0,0.0,0.0,,0,,0.0,,,0.0
LN0002934,2022-10,0.0,0.0,0.0,0.0,,0,,0.0,,,0.0
LN0002323,2022-05,0.0,0.0,0.0,0.0,,0,,0.0,,,0.0
LN0001751,2021-02,0.0,0.0,0.0,0.0,,0,,0.0,,,0.0
LN0004772,2024-06,0.0,0.0,0.0,0.0,,0,,0.0,,,0.0
LN0004737,2024-03,0.0,0.0,0.0,0.0,,0,,0.0,,,0.0
LN0000768,2025-10,0.0,0.0,0.0,0.0,,0,,0.0,,,0.0
LN0004571,2021-06,0.0,0.0,0.0,0.0,,0,,0.0,,,0.0
LN0003363,2024-05,0.0,0.0,0.0,0.0,,0,,0.0,,,0.0
LN0001678,2021-11,0.0,0.0,0.0,0.0,,0,,0.0,,,0.0
LN0002226,2023-02,0.0,0.0,0.0,0.0,,0,,0.0,,,0.0
LN0004501,2022-05,0.0,0.0,0.0,0.0,,0,,0.0,,,0.0
LN0004923,2022-08,0.0,0.0,0.0,0.0,,0,,0.0,,,0.0
LN0000387,2023-10,0.0,0.0,0.0,0.0,,0,,0.0,,,0.0
LN0001959,2025-07,0.0,0.0,0.0,0.0,,0,,0.0,,,0.0
LN0004466,2022-06,0.0,0.0,0.0,0.0,,0,,0.0,,,0.0
LN0001685,2022-06,0.0,0.0,0.0,0.0,,0,,0.0,,,0.0
LN0002476,2024-10,0.0,0.0,0.0,0.0,,0,,0.0,,,0.0
LN0001456,2024-06,0.0,0.0,0.0,0.0,,0,,0.0,,,0.0
LN0000468,2020-06,0.0,0.0,0.0,0.0,,0,,0.0,,,0.0
LN0004548,2021-09,0.0,0.0,0.0,0.0,,0,,0.0,,,0.0
LN0002344,2022-08,0.0,0.0,0.0,0.0,,0,,0.0,,,0.0
LN0003724,2022-02,0.0,0.0,0.0,0.0,,0,,0.0,,,0.0
LN0003629,2021-01,0.0,0.0,0.0,0.0,,0,,0.0,,,0.0
LN0003601,2024-05,0.0,0.0,0.0,0.0,,0,,0.0,,,0.0
LN0000319,2021-07,0.0,0.0,0.0,0.0,,0,,0.0,,,0.0
LN0000508,2023-04,0.0,0.0,0.0,0.0,,0,,0.0,,,0.0
LN0000402,2021-07,0.0,0.0,0.0,0.0,,0,,0.0,,,0.0
LN0002038,2020-10,0.0,0.0,0.0,0.0,,0,,0.0,,,0.0
LN0003939,2021-06,0.0,0.0,0.0,0.0,,0,,0.0,,,0.0
LN0001161,2023-06,0.0,0.0,0.0,0.0,,0,,0.0,,,0.0
LN0001161,2022-08,0.0,0.0,0.0,0.0,,0,,0.0,,,0.0
LN0003037,2021-04,0.0,0.0,0.0,0.0,,0,,0.0,,,0.0
LN0001091,2024-12,0.0,0.0,0.0,0.0,,0,,0.0,,,0.0
LN0000229,2021-07,0.0,0.0,0.0,0.0,,0,,0.0,,,0.0
LN0002354,2022-08,0.0,0.0,0.0,0.0,,0,,0.0,,,0.0
LN0003082,2023-02,0.0,0.0,0.0,0.0,,0,,0.0,,,0.0
LN0003724,2022-11,0.0,0.0,0.0,0.0,,0,,0.0,,,0.0
LN0002063,2021-05,0.0,0.0,0.0,0.0,,0,,0.0,,,0.0
LN0002726,2022-05,0.0,0.0,0.0,0.0,,0,,0.0,,,0.0
LN0002181,2024-05,0.0,0.0,0.0,0.0,,0,,0.0,,,0.0
LN0002609,2023-11,0.0,0.0,0.0,0.0,,0,,0.0,,,0.0
LN0003468,2022-05,0.0,0.0,0.0,0.0,,0,,0.0,,,0.0
LN0000472,2021-10,0.0,0.0,0.0,0.0,,0,,0.0,,,0.0
LN0003956,2025-12,0.0,0.0,0.0,0.0,,0,,0.0,,,0.0
LN0003401,2021-08,0.0,0.0,0.0,0.0,,0,,0.0,,,0.0
LN0004855,2020-07,0.0,0.0,0.0,0.0,,0,,0.0,,,0.0
LN0004879,2022-03,0.0,0.0,0.0,0.0,,0,,0.0,,,0.0
LN0002525,2023-11,0.0,0.0,0.0,0.0,,0,,0.0,,,0.0
LN0003279,2024-03,0.0,0.0,0.0,0.0,,0,,0.0,,,0.0
LN0004767,2024-05,0.0,0.0,0.0,0.0,,0,,0.0,,,0.0
LN0004840,2025-02,0.0,0.0,0.0,0.0,,0,,0.0,,,0.0
LN0003752,2022-03,0.0,0.0,0.0,0.0,,0,,0.0,,,0.0
LN0002726,2021-10,0.0,0.0,0.0,0.0,,0,,0.0,,,0.0
LN0003578,2023-06,0.0,0.0,0.0,0.0,,0,,0.0,,,0.0
LN0002877,2025-11,0.0,0.0,0.0,0.0,,0,,0.0,,,0.0
LN0003777,2021-12,0.0,0.0,0.0,0.0,,0,,0.0,,,0.0
LN0003918,2025-09,0.0,0.0,0.0,0.0,,0,,0.0,,,0.0
LN0003442,2023-12,0.0,0.0,0.0,0.0,,0,,0.0,,,0.0
LN0003081,2022-10,0.0,0.0,0.0,0.0,,0,,0.0,,,0.0
LN0002868,2021-02,0.0,0.0,0.0,0.0,,0,,0.0,,,0.0
LN0000569,2023-11,0.0,0.0,0.0,0.0,,0,,0.0,,,0.0
LN0003859,2021-06,0.0,0.0,0.0,0.0,,0,,0.0,,,0.0
LN0002561,2024-03,0.0,0.0,0.0,0.0,,0,,0.0,,,0.0
LN0002600,2025-04,0.0,0.0,0.0,0.0,,0,,0.0,,,0.0
LN0004818,2020-07,0.0,0.0,0.0,0.0,,0,,0.0,,,0.0
LN0000449,2021-11,0.0,0.0,0.0,0.0,,0,,0.0,,,0.0
LN0002013,2022-11,0.0,0.0,0.0,0.0,,0,,0.0,,,0.0
LN0001719,2022-09,0.0,0.0,0.0,0.0,,0,,0.0,,,0.0
LN0001879,2021-07,0.0,0.0,0.0,0.0,,0,,0.0,,,0.0
LN0002046,2024-10,0.0,0.0,0.0,0.0,,0,,0.0,,,0.0
LN0003926,2025-06,0.0,0.0,0.0,0.0,,0,,0.0,,,0.0
LN0000010,2024-07,0.0,0.0,0.0,0.0,,0,,0.0,,,0.0
LN0002526,2022-07,0.0,0.0,0.0,0.0,,0,,0.0,,,0.0
LN0001685,2021-12,0.0,0.0,0.0,0.0,,0,,0.0,,,0.0
LN0002187,2020-08,0.0,0.0,0.0,0.0,,0,,0.0,,,0.0
LN0004315,2024-07,0.0,0.0,0.0,0.0,,0,,0.0,,,0.0
LN0002714,2025-02,0.0,0.0,0.0,0.0,,0,,0.0,,,0.0
LN0002692,2021-09,0.0,0.0,0.0,0.0,,0,,0.0,,,0.0
LN0000747,2021-02,0.0,0.0,0.0,0.0,,0,,0.0,,,0.0
LN0001230,2021-07,0.0,0.0,0.0,0.0,,0,,0.0,,,0.0
LN0000972,2024-05,0.0,0.0,0.0,0.0,,0,,0.0,,,0.0
LN0002728,2022-08,0.0,0.0,0.0,0.0,,0,,0.0,,,0.0
LN0002534,2024-05,0.0,0.0,0.0,0.0,,0,,0.0,,,0.0
LN0003649,2025-04,0.0,0.0,0.0,0.0,,0,,0.0,,,0.0
LN0002306,2024-05,0.0,0.0,0.0,0.0,,0,,0.0,,,0.0
LN0002938,2025-04,0.0,0.0,0.0,0.0,,0,,0.0,,,0.0
LN0004447,2025-07,0.0,0.0,0.0,0.0,,0,,0.0,,,0.0
LN0004501,2022-12,0.0,0.0,0.0,0.0,,0,,0.0,,,0.0
LN0004041,2025-02,0.0,0.0,0.0,0.0,,0,,0.0,,,0.0
LN0002868,2021-01,0.0,0.0,0.0,0.0,,0,,0.0,,,0.0
LN0000694,2023-10,0.0,0.0,0.0,0.0,,0,,0.0,,,0.0
LN0001514,2025-01,0.0,0.0,0.0,0.0,,0,,0.0,,,0.0
LN0004652,2021-04,0.0,0.0,0.0,0.0,,0,,0.0,,,0.0
LN0003859,2022-04,0.0,0.0,0.0,0.0,,0,,0.0,,,0.0
LN0001563,2022-12,0.0,0.0,0.0,0.0,,0,,0.0,,,0.0
LN0000747,2021-06,0.0,0.0,0.0,0.0,,0,,0.0,,,0.0
LN0000723,2024-02,0.0,0.0,0.0,0.0,,0,,0.0,,,0.0
LN0003740,2021-03,0.0,0.0,0.0,0.0,,0,,0.0,,,0.0
LN0004539,2022-11,0.0,0.0,0.0,0.0,,0,,0.0,,,0.0
LN0000793,2021-03,0.0,0.0,0.0,0.0,,0,,0.0,,,0.0
LN0000818,2022-07,0.0,0.0,0.0,0.0,,0,,0.0,,,0.0
LN0002855,2023-06,0.0,0.0,0.0,0.0,,0,,0.0,,,0.0
LN0003592,2020-11,0.0,0.0,0.0,0.0,,0,,0.0,,,0.0
LN0001501,2023-03,0.0,0.0,0.0,0.0,,0,,0.0,,,0.0
LN0000052,2024-10,0.0,0.0,0.0,0.0,,0,,0.0,,,0.0
LN0004536,2024-08,0.0,0.0,0.0,0.0,,0,,0.0,,,0.0
LN0000516,2024-12,0.0,0.0,0.0,0.0,,0,,0.0,,,0.0
LN0001161,2022-05,0.0,0.0,0.0,0.0,,0,,0.0,,,0.0
LN0003137,2024-03,0.0,0.0,0.0,0.0,,0,,0.0,,,0.0
LN0000720,2024-01,0.0,0.0,0.0,0.0,,0,,0.0,,,0.0
LN0003791,2022-09,0.0,0.0,0.0,0.0,,0,,0.0,,,0.0
LN0003072,2022-04,0.0,0.0,0.0,0.0,,0,,0.0,,,0.0
LN0002374,2024-10,0.0,0.0,0.0,0.0,,0,,0.0,,,0.0
LN0002561,2023-11,0.0,0.0,0.0,0.0,,0,,0.0,,,0.0
LN0000925,2020-09,0.0,0.0,0.0,0.0,,0,,0.0,,,0.0
LN0002835,2021-08,0.0,0.0,0.0,0.0,,0,,0.0,,,0.0
LN0001482,2022-08,0.0,0.0,0.0,0.0,,0,,0.0,,,0.0
LN0004466,2022-12,0.0,0.0,0.0,0.0,,0,,0.0,,,0.0
LN0002013,2022-07,0.0,0.0,0.0,0.0,,0,,0.0,,,0.0
LN0000472,2021-05,0.0,0.0,0.0,0.0,,0,,0.0,,,0.0
LN0004518,2022-05,0.0,0.0,0.0,0.0,,0,,0.0,,,0.0
LN0002373,2022-11,0.0,0.0,0.0,0.0,,0,,0.0,,,0.0
LN0000421,2025-11,0.0,0.0,0.0,0.0,,0,,0.0,,,0.0
LN0001331,2021-06,0.0,0.0,0.0,0.0,,0,,0.0,,,0.0
LN0001382,2024-04,0.0,0.0,0.0,0.0,,0,,0.0,,,0.0
LN0004055,2025-04,0.0,0.0,0.0,0.0,,0,,0.0,,,0.0
LN0003742,2020-11,0.0,0.0,0.0,0.0,,0,,0.0,,,0.0
LN0004743,2024-04,0.0,0.0,0.0,0.0,,0,,0.0,,,0.0
LN0003629,2021-04,0.0,0.0,0.0,0.0,,0,,0.0,,,0.0
LN0001924,2024-09,0.0,0.0,0.0,0.0,,0,,0.0,,,0.0
LN0000746,2022-01,0.0,0.0,0.0,0.0,,0,,0.0,,,0.0
LN0002238,2022-07,0.0,0.0,0.0,0.0,,0,,0.0,,,0.0
LN0002566,2023-08,0.0,0.0,0.0,0.0,,0,,0.0,,,0.0
LN0004459,2022-03,0.0,0.0,0.0,0.0,,0,,0.0,,,0.0
LN0001314,2022-12,0.0,0.0,0.0,0.0,,0,,0.0,,,0.0
LN0001573,2021-10,0.0,0.0,0.0,0.0,,0,,0.0,,,0.0
LN0003866,2022-08,0.0,0.0,0.0,0.0,,0,,0.0,,,0.0
LN0003930,2022-08,0.0,0.0,0.0,0.0,,0,,0.0,,,0.0
LN0000289,2025-12,0.0,0.0,0.0,0.0,,0,,0.0,,,0.0
LN0004466,2022-11,0.0,0.0,0.0,0.0,,0,,0.0,,,0.0
LN0003601,2025-01,0.0,0.0,0.0,0.0,,0,,0.0,,,0.0
LN0002048,2022-09,0.0,0.0,0.0,0.0,,0,,0.0,,,0.0
LN0004070,2021-10,0.0,0.0,0.0,0.0,,0,,0.0,,,0.0
LN0001314,2023-11,0.0,0.0,0.0,0.0,,0,,0.0,,,0.0
LN0002791,2023-07,0.0,0.0,0.0,0.0,,0,,0.0,,,0.0
LN0000302,2024-06,0.0,0.0,0.0,0.0,,0,,0.0,,,0.0
LN0004124,2023-09,0.0,0.0,0.0,0.0,,0,,0.0,,,0.0
LN0002337,2021-08,0.0,0.0,0.0,0.0,,0,,0.0,,,0.0
LN0002089,2025-02,0.0,0.0,0.0,0.0,,0,,0.0,,,0.0
LN0004095,2021-04,0.0,0.0,0.0,0.0,,0,,0.0,,,0.0
LN0003146,2024-03,0.0,0.0,0.0,0.0,,0,,0.0,,,0.0
LN0003965,2021-01,0.0,0.0,0.0,0.0,,0,,0.0,,,0.0
LN0003951,2020-12,0.0,0.0,0.0,0.0,,0,,0.0,,,0.0
LN0004897,2025-03,0.0,0.0,0.0,0.0,,0,,0.0,,,0.0
LN0000249,2021-02,0.0,0.0,0.0,0.0,,0,,0.0,,,0.0
LN0002497,2021-12,0.0,0.0,0.0,0.0,,0,,0.0,,,0.0
LN0002858,2023-04,0.0,0.0,0.0,0.0,,0,,0.0,,,0.0
LN0003811,2024-02,0.0,0.0,0.0,0.0,,0,,0.0,,,0.0
LN0001520,2021-07,0.0,0.0,0.0,0.0,,0,,0.0,,,0.0
LN0000192,2022-05,0.0,0.0,0.0,0.0,,0,,0.0,,,0.0
LN0004815,2024-01,0.0,0.0,0.0,0.0,,0,,0.0,,,0.0
LN0003841,2024-12,0.0,0.0,0.0,0.0,,0,,0.0,,,0.0
LN0001501,2023-04,0.0,0.0,0.0,0.0,,0,,0.0,,,0.0
LN0003436,2024-11,0.0,0.0,0.0,0.0,,0,,0.0,,,0.0
LN0003706,2022-04,0.0,0.0,0.0,0.0,,0,,0.0,,,0.0
LN0001698,2022-02,0.0,0.0,0.0,0.0,,0,,0.0,,,0.0
LN0003422,2021-03,0.0,0.0,0.0,0.0,,0,,0.0,,,0.0
LN0001562,2023-10,0.0,0.0,0.0,0.0,,0,,0.0,,,0.0
LN0004055,2024-10,0.0,0.0,0.0,0.0,,0,,0.0,,,0.0
LN0002736,2023-12,0.0,0.0,0.0,0.0,,0,,0.0,,,0.0
LN0001330,2024-06,0.0,0.0,0.0,0.0,,0,,0.0,,,0.0
LN0003856,2022-01,0.0,0.0,0.0,0.0,,0,,0.0,,,0.0
LN0003589,2021-05,0.0,0.0,0.0,0.0,,0,,0.0,,,0.0
LN0004498,2023-03,0.0,0.0,0.0,0.0,,0,,0.0,,,0.0
LN0003140,2023-05,0.0,0.0,0.0,0.0,,0,,0.0,,,0.0
LN0000172,2025-02,0.0,0.0,0.0,0.0,,0,,0.0,,,0.0
LN0000059,2025-09,0.0,0.0,0.0,0.0,,0,,0.0,,,0.0
LN0001658,2021-09,0.0,0.0,0.0,0.0,,0,,0.0,,,0.0
LN0003363,2024-10,0.0,0.0,0.0,0.0,,0,,0.0,,,0.0
LN0003039,2022-01,0.0,0.0,0.0,0.0,,0,,0.0,,,0.0
LN0002934,2023-01,0.0,0.0,0.0,0.0,,0,,0.0,,,0.0
LN0001091,2025-05,0.0,0.0,0.0,0.0,,0,,0.0,,,0.0
LN0003926,2024-12,0.0,0.0,0.0,0.0,,0,,0.0,,,0.0
LN0003321,2024-02,0.0,0.0,0.0,0.0,,0,,0.0,,,0.0
LN0001254,2021-02,0.0,0.0,0.0,0.0,,0,,0.0,,,0.0
LN0001664,2024-11,0.0,0.0,0.0,0.0,,0,,0.0,,,0.0
LN0003661,2025-01,0.0,0.0,0.0,0.0,,0,,0.0,,,0.0
LN0003636,2021-09,0.0,0.0,0.0,0.0,,0,,0.0,,,0.0
LN0001520,2021-12,0.0,0.0,0.0,0.0,,0,,0.0,,,0.0
LN0004877,2024-06,0.0,0.0,0.0,0.0,,0,,0.0,,,0.0
LN0003666,2025-07,0.0,0.0,0.0,0.0,,0,,0.0,,,0.0
LN0002726,2021-12,0.0,0.0,0.0,0.0,,0,,0.0,,,0.0
LN0004299,2023-04,0.0,0.0,0.0,0.0,,0,,0.0,,,0.0
LN0001894,2020-12,0.0,0.0,0.0,0.0,,0,,0.0,,,0.0
LN0003401,2020-11,0.0,0.0,0.0,0.0,,0,,0.0,,,0.0
LN0004659,2024-04,0.0,0.0,0.0,0.0,,0,,0.0,,,0.0
LN0000075,2021-04,0.0,0.0,0.0,0.0,,0,,0.0,,,0.0
LN0004447,2024-12,0.0,0.0,0.0,0.0,,0,,0.0,,,0.0
LN0001962,2020-11,0.0,0.0,0.0,0.0,,0,,0.0,,,0.0
LN0000015,2021-01,0.0,0.0,0.0,0.0,,0,,0.0,,,0.0
LN0002013,2022-04,0.0,0.0,0.0,0.0,,0,,0.0,,,0.0
LN0003705,2025-10,0.0,0.0,0.0,0.0,,0,,0.0,,,0.0
LN0002063,2020-10,0.0,0.0,0.0,0.0,,0,,0.0,,,0.0
LN0002851,2024-12,0.0,0.0,0.0,0.0,,0,,0.0,,,0.0
LN0000041,2026-02,0.0,0.0,0.0,0.0,,0,,0.0,,,0.0
LN0002150,2021-08,0.0,0.0,0.0,0.0,,0,,0.0,,,0.0
LN0001778,2023-04,0.0,0.0,0.0,0.0,,0,,0.0,,,0.0
LN0004840,2025-04,0.0,0.0,0.0,0.0,,0,,0.0,,,0.0
LN0000369,2022-11,0.0,0.0,0.0,0.0,,0,,0.0,,,0.0
LN0001388,2023-01,0.0,0.0,0.0,0.0,,0,,0.0,,,0.0
LN0003841,2025-05,0.0,0.0,0.0,0.0,,0,,0.0,,,0.0
LN0002450,2024-07,0.0,0.0,0.0,0.0,,0,,0.0,,,0.0
LN0002227,2020-07,0.0,0.0,0.0,0.0,,0,,0.0,,,0.0
LN0004315,2023-10,0.0,0.0,0.0,0.0,,0,,0.0,,,0.0
LN0001263,2023-10,0.0,0.0,0.0,0.0,,0,,0.0,,,0.0
LN0002014,2024-02,0.0,0.0,0.0,0.0,,0,,0.0,,,0.0
LN0003878,2024-03,0.0,0.0,0.0,0.0,,0,,0.0,,,0.0
LN0004445,2025-01,0.0,0.0,0.0,0.0,,0,,0.0,,,0.0
LN0003337,2026-03,0.0,0.0,0.0,0.0,,0,,0.0,,,0.0
LN0002908,2021-10,0.0,0.0,0.0,0.0,,0,,0.0,,,0.0
LN0000430,2022-01,0.0,0.0,0.0,0.0,,0,,0.0,,,0.0
LN0000289,2024-12,0.0,0.0,0.0,0.0,,0,,0.0,,,0.0
LN0002836,2022-07,0.0,0.0,0.0,0.0,,0,,0.0,,,0.0
LN0002643,2021-01,0.0,0.0,0.0,0.0,,0,,0.0,,,0.0
LN0000589,2023-10,0.0,0.0,0.0,0.0,,0,,0.0,,,0.0
LN0003442,2023-11,0.0,0.0,0.0,0.0,,0,,0.0,,,0.0
LN0004267,2024-11,0.0,0.0,0.0,0.0,,0,,0.0,,,0.0
LN0000405,2023-07,0.0,0.0,0.0,0.0,,0,,0.0,,,0.0
LN0002640,2022-11,0.0,0.0,0.0,0.0,,0,,0.0,,,0.0
LN0001341,2021-12,0.0,0.0,0.0,0.0,,0,,0.0,,,0.0
LN0002605,2021-11,0.0,0.0,0.0,0.0,,0,,0.0,,,0.0
LN0003537,2023-02,0.0,0.0,0.0,0.0,,0,,0.0,,,0.0
LN0004634,2022-01,0.0,0.0,0.0,0.0,,0,,0.0,,,0.0
LN0001663,2022-09,0.0,0.0,0.0,0.0,,0,,0.0,,,0.0
LN0002610,2021-10,0.0,0.0,0.0,0.0,,0,,0.0,,,0.0
LN0002867,2021-09,0.0,0.0,0.0,0.0,,0,,0.0,,,0.0
LN0003930,2022-07,0.0,0.0,0.0,0.0,,0,,0.0,,,0.0
LN0002512,2023-06,0.0,0.0,0.0,0.0,,0,,0.0,,,0.0
LN0000384,2021-10,0.0,0.0,0.0,0.0,,0,,0.0,,,0.0
LN0001646,2026-02,0.0,0.0,0.0,0.0,,0,,0.0,,,0.0
LN0000219,2022-07,0.0,0.0,0.0,0.0,,0,,0.0,,,0.0
LN0001709,2023-05,0.0,0.0,0.0,0.0,,0,,0.0,,,0.0
LN0002749,2021-01,0.0,0.0,0.0,0.0,,0,,0.0,,,0.0
LN0001658,2021-06,0.0,0.0,0.0,0.0,,0,,0.0,,,0.0
LN0001270,2023-10,0.0,0.0,0.0,0.0,,0,,0.0,,,0.0
LN0000921,2022-12,0.0,0.0,0.0,0.0,,0,,0.0,,,0.0
LN0002260,2024-05,0.0,0.0,0.0,0.0,,0,,0.0,,,0.0
LN0000274,2024-12,0.0,0.0,0.0,0.0,,0,,0.0,,,0.0
LN0004503,2025-05,0.0,0.0,0.0,0.0,,0,,0.0,,,0.0
LN0004850,2022-04,0.0,0.0,0.0,0.0,,0,,0.0,,,0.0
LN0004384,2025-04,0.0,0.0,0.0,0.0,,0,,0.0,,,0.0
LN0004106,2024-12,0.0,0.0,0.0,0.0,,0,,0.0,,,0.0
LN0000052,2025-03,0.0,0.0,0.0,0.0,,0,,0.0,,,0.0
LN0003933,2024-04,0.0,0.0,0.0,0.0,,0,,0.0,,,0.0
LN0001281,2023-04,0.0,0.0,0.0,0.0,,0,,0.0,,,0.0
LN0003796,2021-05,0.0,0.0,0.0,0.0,,0,,0.0,,,0.0
LN0003961,2021-12,0.0,0.0,0.0,0.0,,0,,0.0,,,0.0
LN0003661,2024-04,0.0,0.0,0.0,0.0,,0,,0.0,,,0.0
LN0002981,2022-01,0.0,0.0,0.0,0.0,,0,,0.0,,,0.0
LN0002526,2022-04,0.0,0.0,0.0,0.0,,0,,0.0,,,0.0
LN0001267,2022-09,0.0,0.0,0.0,0.0,,0,,0.0,,,0.0
LN0003081,2023-02,0.0,0.0,0.0,0.0,,0,,0.0,,,0.0
LN0002397,2024-03,0.0,0.0,0.0,0.0,,0,,0.0,,,0.0
LN0001253,2022-01,0.0,0.0,0.0,0.0,,0,,0.0,,,0.0
LN0001838,2021-11,0.0,0.0,0.0,0.0,,0,,0.0,,,0.0
LN0002772,2021-05,0.0,0.0,0.0,0.0,,0,,0.0,,,0.0
LN0003322,2022-10,0.0,0.0,0.0,0.0,,0,,0.0,,,0.0
LN0003562,2020-11,0.0,0.0,0.0,0.0,,0,,0.0,,,0.0
LN0000319,2021-03,0.0,0.0,0.0,0.0,,0,,0.0,,,0.0
LN0001524,2022-07,0.0,0.0,0.0,0.0,,0,,0.0,,,0.0
LN0004697,2024-08,0.0,0.0,0.0,0.0,,0,,0.0,,,0.0
LN0003137,2023-11,0.0,0.0,0.0,0.0,,0,,0.0,,,0.0
LN0000263,2023-08,0.0,0.0,0.0,0.0,,0,,0.0,,,0.0
LN0003496,2024-04,0.0,0.0,0.0,0.0,,0,,0.0,,,0.0
LN0000516,2025-03,0.0,0.0,0.0,0.0,,0,,0.0,,,0.0
LN0003052,2022-11,0.0,0.0,0.0,0.0,,0,,0.0,,,0.0
LN0003832,2022-12,0.0,0.0,0.0,0.0,,0,,0.0,,,0.0
LN0002828,2022-10,0.0,0.0,0.0,0.0,,0,,0.0,,,0.0
LN0000888,2025-10,0.0,0.0,0.0,0.0,,0,,0.0,,,0.0
LN0003496,2024-03,0.0,0.0,0.0,0.0,,0,,0.0,,,0.0
LN0001791,2022-07,0.0,0.0,0.0,0.0,,0,,0.0,,,0.0
LN0004886,2022-07,0.0,0.0,0.0,0.0,,0,,0.0,,,0.0
LN0001878,2024-03,0.0,0.0,0.0,0.0,,0,,0.0,,,0.0
LN0004602,2024-05,0.0,0.0,0.0,0.0,,0,,0.0,,,0.0
LN0004401,2020-08,0.0,0.0,0.0,0.0,,0,,0.0,,,0.0
LN0003536,2024-07,0.0,0.0,0.0,0.0,,0,,0.0,,,0.0
LN0002868,2022-02,0.0,0.0,0.0,0.0,,0,,0.0,,,0.0
LN0000156,2020-10,0.0,0.0,0.0,0.0,,0,,0.0,,,0.0
LN0001904,2021-07,0.0,0.0,0.0,0.0,,0,,0.0,,,0.0
LN0000450,2024-06,0.0,0.0,0.0,0.0,,0,,0.0,,,0.0
LN0004153,2021-02,0.0,0.0,0.0,0.0,,0,,0.0,,,0.0
LN0003859,2021-01,0.0,0.0,0.0,0.0,,0,,0.0,,,0.0
LN0001520,2021-03,0.0,0.0,0.0,0.0,,0,,0.0,,,0.0
LN0004762,2023-09,0.0,0.0,0.0,0.0,,0,,0.0,,,0.0
LN0003138,2025-02,0.0,0.0,0.0,0.0,,0,,0.0,,,0.0
LN0004360,2021-11,0.0,0.0,0.0,0.0,,0,,0.0,,,0.0
LN0004937,2021-12,0.0,0.0,0.0,0.0,,0,,0.0,,,0.0
LN0002764,2022-04,0.0,0.0,0.0,0.0,,0,,0.0,,,0.0
LN0001185,2021-03,0.0,0.0,0.0,0.0,,0,,0.0,,,0.0
LN0004705,2024-03,0.0,0.0,0.0,0.0,,0,,0.0,,,0.0
LN0000219,2021-07,0.0,0.0,0.0,0.0,,0,,0.0,,,0.0
LN0004720,2023-05,0.0,0.0,0.0,0.0,,0,,0.0,,,0.0
LN0001717,2021-11,0.0,0.0,0.0,0.0,,0,,0.0,,,0.0
LN0000383,2024-01,0.0,0.0,0.0,0.0,,0,,0.0,,,0.0
LN0003435,2023-06,0.0,0.0,0.0,0.0,,0,,0.0,,,0.0
LN0001349,2021-03,0.0,0.0,0.0,0.0,,0,,0.0,,,0.0
LN0000924,2023-10,0.0,0.0,0.0,0.0,,0,,0.0,,,0.0
LN0004014,2020-11,0.0,0.0,0.0,0.0,,0,,0.0,,,0.0
LN0002187,2020-09,0.0,0.0,0.0,0.0,,0,,0.0,,,0.0
LN0001741,2022-12,0.0,0.0,0.0,0.0,,0,,0.0,,,0.0
LN0002459,2022-02,0.0,0.0,0.0,0.0,,0,,0.0,,,0.0
LN0003532,2022-03,0.0,0.0,0.0,0.0,,0,,0.0,,,0.0
LN0003248,2024-07,0.0,0.0,0.0,0.0,,0,,0.0,,,0.0
LN0002273,2024-09,0.0,0.0,0.0,0.0,,0,,0.0,,,0.0
LN0001547,2025-10,0.0,0.0,0.0,0.0,,0,,0.0,,,0.0
LN0004201,2024-07,0.0,0.0,0.0,0.0,,0,,0.0,,,0.0
LN0001156,2022-05,0.0,0.0,0.0,0.0,,0,,0.0,,,0.0
LN0001947,2024-07,0.0,0.0,0.0,0.0,,0,,0.0,,,0.0
LN0001208,2020-04,0.0,0.0,0.0,0.0,,0,,0.0,,,0.0
LN0001959,2025-06,0.0,0.0,0.0,0.0,,0,,0.0,,,0.0
LN0003697,2021-06,0.0,0.0,0.0,0.0,,0,,0.0,,,0.0
LN0004807,2023-06,0.0,0.0,0.0,0.0,,0,,0.0,,,0.0
LN0004674,2021-01,0.0,0.0,0.0,0.0,,0,,0.0,,,0.0
LN0002630,2022-03,0.0,0.0,0.0,0.0,,0,,0.0,,,0.0
LN0004686,2022-12,0.0,0.0,0.0,0.0,,0,,0.0,,,0.0
LN0001259,2025-04,0.0,0.0,0.0,0.0,,0,,0.0,,,0.0
LN0000625,2023-03,0.0,0.0,0.0,0.0,,0,,0.0,,,0.0
LN0000936,2023-08,0.0,0.0,0.0,0.0,,0,,0.0,,,0.0
LN0000842,2020-11,0.0,0.0,0.0,0.0,,0,,0.0,,,0.0
LN0000677,2021-01,0.0,0.0,0.0,0.0,,0,,0.0,,,0.0
LN0003327,2023-11,0.0,0.0,0.0,0.0,,0,,0.0,,,0.0
LN0004554,2024-01,0.0,0.0,0.0,0.0,,0,,0.0,,,0.0
LN0001205,2020-11,0.0,0.0,0.0,0.0,,0,,0.0,,,0.0
LN0004060,2024-09,0.0,0.0,0.0,0.0,,0,,0.0,,,0.0
LN0004953,2023-11,0.0,0.0,0.0,0.0,,0,,0.0,,,0.0
LN0000019,2024-03,0.0,0.0,0.0,0.0,,0,,0.0,,,0.0
LN0003335,2023-11,0.0,0.0,0.0,0.0,,0,,0.0,,,0.0
LN0002791,2023-03,0.0,0.0,0.0,0.0,,0,,0.0,,,0.0
LN0002505,2023-06,0.0,0.0,0.0,0.0,,0,,0.0,,,0.0
LN0000512,2021-10,0.0,0.0,0.0,0.0,,0,,0.0,,,0.0
LN0000133,2024-10,0.0,0.0,0.0,0.0,,0,,0.0,,,0.0
LN0002877,2025-12,0.0,0.0,0.0,0.0,,0,,0.0,,,0.0
LN0003930,2022-12,0.0,0.0,0.0,0.0,,0,,0.0,,,0.0
LN0002728,2021-08,0.0,0.0,0.0,0.0,,0,,0.0,,,0.0
LN0003964,2021-02,0.0,0.0,0.0,0.0,,0,,0.0,,,0.0
LN0000768,2025-04,0.0,0.0,0.0,0.0,,0,,0.0,,,0.0
LN0004868,2025-01,0.0,0.0,0.0,0.0,,0,,0.0,,,0.0
LN0002645,2025-01,0.0,0.0,0.0,0.0,,0,,0.0,,,0.0
LN0003816,2022-03,0.0,0.0,0.0,0.0,,0,,0.0,,,0.0
LN0001750,2023-03,0.0,0.0,0.0,0.0,,0,,0.0,,,0.0
LN0004396,2024-01,0.0,0.0,0.0,0.0,,0,,0.0,,,0.0
LN0000571,2020-09,0.0,0.0,0.0,0.0,,0,,0.0,,,0.0
LN0003142,2020-12,0.0,0.0,0.0,0.0,,0,,0.0,,,0.0
LN0000106,2023-10,0.0,0.0,0.0,0.0,,0,,0.0,,,0.0
LN0000888,2025-04,0.0,0.0,0.0,0.0,,0,,0.0,,,0.0
LN0001870,2020-11,0.0,0.0,0.0,0.0,,0,,0.0,,,0.0
LN0003279,2024-08,0.0,0.0,0.0,0.0,,0,,0.0,,,0.0
LN0000589,2022-12,0.0,0.0,0.0,0.0,,0,,0.0,,,0.0
LN0003666,2025-05,0.0,0.0,0.0,0.0,,0,,0.0,,,0.0
LN0000793,2021-04,0.0,0.0,0.0,0.0,,0,,0.0,,,0.0
LN0000655,2022-01,0.0,0.0,0.0,0.0,,0,,0.0,,,0.0
LN0000512,2021-11,0.0,0.0,0.0,0.0,,0,,0.0,,,0.0
LN0004252,2022-01,0.0,0.0,0.0,0.0,,0,,0.0,,,0.0
LN0002350,2023-07,0.0,0.0,0.0,0.0,,0,,0.0,,,0.0
LN0000431,2021-07,0.0,0.0,0.0,0.0,,0,,0.0,,,0.0
LN0000825,2021-06,0.0,0.0,0.0,0.0,,0,,0.0,,,0.0
LN0000015,2021-11,0.0,0.0,0.0,0.0,,0,,0.0,,,0.0
LN0001073,2025-03,0.0,0.0,0.0,0.0,,0,,0.0,,,0.0
LN0002513,2021-10,0.0,0.0,0.0,0.0,,0,,0.0,,,0.0
LN0000167,2020-06,0.0,0.0,0.0,0.0,,0,,0.0,,,0.0
LN0002726,2022-03,0.0,0.0,0.0,0.0,,0,,0.0,,,0.0
LN0002998,2023-09,0.0,0.0,0.0,0.0,,0,,0.0,,,0.0
LN0001911,2026-05,0.0,0.0,0.0,0.0,,0,,0.0,,,0.0
LN0003737,2021-08,0.0,0.0,0.0,0.0,,0,,0.0,,,0.0
LN0004627,2022-10,0.0,0.0,0.0,0.0,,0,,0.0,,,0.0
LN0002273,2024-02,0.0,0.0,0.0,0.0,,0,,0.0,,,0.0
LN0001161,2023-03,0.0,0.0,0.0,0.0,,0,,0.0,,,0.0
LN0002478,2021-09,0.0,0.0,0.0,0.0,,0,,0.0,,,0.0
LN0003724,2022-07,0.0,0.0,0.0,0.0,,0,,0.0,,,0.0
LN0003827,2021-03,0.0,0.0,0.0,0.0,,0,,0.0,,,0.0
LN0004070,2021-12,0.0,0.0,0.0,0.0,,0,,0.0,,,0.0
LN0004602,2023-11,0.0,0.0,0.0,0.0,,0,,0.0,,,0.0
LN0001826,2021-08,0.0,0.0,0.0,0.0,,0,,0.0,,,0.0
LN0001180,2024-09,0.0,0.0,0.0,0.0,,0,,0.0,,,0.0
LN0001456,2023-12,0.0,0.0,0.0,0.0,,0,,0.0,,,0.0
LN0001196,2024-12,0.0,0.0,0.0,0.0,,0,,0.0,,,0.0
LN0000818,2022-10,0.0,0.0,0.0,0.0,,0,,0.0,,,0.0
LN0004552,2021-09,0.0,0.0,0.0,0.0,,0,,0.0,,,0.0
LN0000501,2023-10,0.0,0.0,0.0,0.0,,0,,0.0,,,0.0
LN0003861,2022-02,0.0,0.0,0.0,0.0,,0,,0.0,,,0.0
LN0000583,2021-04,0.0,0.0,0.0,0.0,,0,,0.0,,,0.0
LN0001944,2026-05,0.0,0.0,0.0,0.0,,0,,0.0,,,0.0
LN0003265,2025-01,0.0,0.0,0.0,0.0,,0,,0.0,,,0.0
LN0000366,2023-09,0.0,0.0,0.0,0.0,,0,,0.0,,,0.0
LN0002867,2022-04,0.0,0.0,0.0,0.0,,0,,0.0,,,0.0
LN0001721,2025-09,0.0,0.0,0.0,0.0,,0,,0.0,,,0.0
LN0003740,2020-08,0.0,0.0,0.0,0.0,,0,,0.0,,,0.0
LN0004337,2021-09,0.0,0.0,0.0,0.0,,0,,0.0,,,0.0
LN0004617,2021-04,0.0,0.0,0.0,0.0,,0,,0.0,,,0.0
LN0004943,2021-08,0.0,0.0,0.0,0.0,,0,,0.0,,,0.0
LN0004025,2021-11,0.0,0.0,0.0,0.0,,0,,0.0,,,0.0
LN0001161,2022-12,0.0,0.0,0.0,0.0,,0,,0.0,,,0.0
LN0004449,2021-08,0.0,0.0,0.0,0.0,,0,,0.0,,,0.0
LN0001501,2023-06,0.0,0.0,0.0,0.0,,0,,0.0,,,0.0
LN0000763,2020-07,0.0,0.0,0.0,0.0,,0,,0.0,,,0.0
LN0004201,2023-03,0.0,0.0,0.0,0.0,,0,,0.0,,,0.0
LN0004770,2022-03,0.0,0.0,0.0,0.0,,0,,0.0,,,0.0
LN0004074,2020-08,0.0,0.0,0.0,0.0,,0,,0.0,,,0.0
LN0003059,2022-11,0.0,0.0,0.0,0.0,,0,,0.0,,,0.0
LN0003923,2021-10,0.0,0.0,0.0,0.0,,0,,0.0,,,0.0
LN0000721,2024-09,0.0,0.0,0.0,0.0,,0,,0.0,,,0.0
LN0004868,2024-02,0.0,0.0,0.0,0.0,,0,,0.0,,,0.0
LN0000311,2021-06,0.0,0.0,0.0,0.0,,0,,0.0,,,0.0
LN0002273,2023-12,0.0,0.0,0.0,0.0,,0,,0.0,,,0.0
LN0002154,2021-11,0.0,0.0,0.0,0.0,,0,,0.0,,,0.0
LN0000360,2020-11,0.0,0.0,0.0,0.0,,0,,0.0,,,0.0
LN0000818,2022-11,0.0,0.0,0.0,0.0,,0,,0.0,,,0.0
LN0001941,2023-12,0.0,0.0,0.0,0.0,,0,,0.0,,,0.0
LN0003337,2025-11,0.0,0.0,0.0,0.0,,0,,0.0,,,0.0
LN0000902,2023-07,0.0,0.0,0.0,0.0,,0,,0.0,,,0.0
LN0001088,2021-12,0.0,0.0,0.0,0.0,,0,,0.0,,,0.0
LN0002234,2022-11,0.0,0.0,0.0,0.0,,0,,0.0,,,0.0
LN0003436,2025-04,0.0,0.0,0.0,0.0,,0,,0.0,,,0.0
LN0001197,2024-12,0.0,0.0,0.0,0.0,,0,,0.0,,,0.0
LN0004571,2022-04,0.0,0.0,0.0,0.0,,0,,0.0,,,0.0
LN0002328,2021-10,0.0,0.0,0.0,0.0,,0,,0.0,,,0.0
LN0003271,2024-07,0.0,0.0,0.0,0.0,,0,,0.0,,,0.0
LN0002497,2021-10,0.0,0.0,0.0,0.0,,0,,0.0,,,0.0
LN0003777,2020-10,0.0,0.0,0.0,0.0,,0,,0.0,,,0.0
LN0003335,2024-10,0.0,0.0,0.0,0.0,,0,,0.0,,,0.0
LN0004456,2025-12,0.0,0.0,0.0,0.0,,0,,0.0,,,0.0
LN0002234,2022-07,0.0,0.0,0.0,0.0,,0,,0.0,,,0.0
LN0002630,2022-07,0.0,0.0,0.0,0.0,,0,,0.0,,,0.0
LN0000369,2023-02,0.0,0.0,0.0,0.0,,0,,0.0,,,0.0
LN0000815,2021-03,0.0,0.0,0.0,0.0,,0,,0.0,,,0.0
LN0003358,2021-05,0.0,0.0,0.0,0.0,,0,,0.0,,,0.0
LN0004017,2023-01,0.0,0.0,0.0,0.0,,0,,0.0,,,0.0
LN0002958,2023-05,0.0,0.0,0.0,0.0,,0,,0.0,,,0.0
LN0003361,2020-07,0.0,0.0,0.0,0.0,,0,,0.0,,,0.0
LN0004413,2021-11,0.0,0.0,0.0,0.0,,0,,0.0,,,0.0
LN0004324,2026-01,0.0,0.0,0.0,0.0,,0,,0.0,,,0.0
LN0002160,2023-09,0.0,0.0,0.0,0.0,,0,,0.0,,,0.0
LN0002372,2021-10,0.0,0.0,0.0,0.0,,0,,0.0,,,0.0
LN0002714,2024-07,0.0,0.0,0.0,0.0,,0,,0.0,,,0.0
LN0000239,2021-01,0.0,0.0,0.0,0.0,,0,,0.0,,,0.0
LN0000587,2022-03,0.0,0.0,0.0,0.0,,0,,0.0,,,0.0
LN0002476,2024-06,0.0,0.0,0.0,0.0,,0,,0.0,,,0.0
LN0003816,2021-10,0.0,0.0,0.0,0.0,,0,,0.0,,,0.0
LN0004613,2024-05,0.0,0.0,0.0,0.0,,0,,0.0,,,0.0
LN0004571,2021-01,0.0,0.0,0.0,0.0,,0,,0.0,,,0.0
LN0000921,2022-06,0.0,0.0,0.0,0.0,,0,,0.0,,,0.0
LN0001869,2023-02,0.0,0.0,0.0,0.0,,0,,0.0,,,0.0
LN0000151,2021-03,0.0,0.0,0.0,0.0,,0,,0.0,,,0.0
LN0001660,2020-10,0.0,0.0,0.0,0.0,,0,,0.0,,,0.0
LN0000051,2024-11,0.0,0.0,0.0,0.0,,0,,0.0,,,0.0
LN0003930,2022-05,0.0,0.0,0.0,0.0,,0,,0.0,,,0.0
LN0002154,2021-06,0.0,0.0,0.0,0.0,,0,,0.0,,,0.0
LN0001462,2022-08,0.0,0.0,0.0,0.0,,0,,0.0,,,0.0
LN0001698,2022-03,0.0,0.0,0.0,0.0,,0,,0.0,,,0.0
LN0000584,2021-02,0.0,0.0,0.0,0.0,,0,,0.0,,,0.0
LN0004339,2023-02,0.0,0.0,0.0,0.0,,0,,0.0,,,0.0
LN0000036,2021-05,0.0,0.0,0.0,0.0,,0,,0.0,,,0.0
LN0004396,2024-07,0.0,0.0,0.0,0.0,,0,,0.0,,,0.0
LN0000019,2023-12,0.0,0.0,0.0,0.0,,0,,0.0,,,0.0
LN0004384,2026-02,0.0,0.0,0.0,0.0,,0,,0.0,,,0.0
LN0003752,2022-07,0.0,0.0,0.0,0.0,,0,,0.0,,,0.0
LN0004960,2024-02,0.0,0.0,0.0,0.0,,0,,0.0,,,0.0
LN0000805,2023-07,0.0,0.0,0.0,0.0,,0,,0.0,,,0.0
LN0003265,2025-07,0.0,0.0,0.0,0.0,,0,,0.0,,,0.0
LN0000193,2024-05,0.0,0.0,0.0,0.0,,0,,0.0,,,0.0
LN0003088,2023-10,0.0,0.0,0.0,0.0,,0,,0.0,,,0.0
LN0001514,2025-11,0.0,0.0,0.0,0.0,,0,,0.0,,,0.0
LN0000082,2022-07,0.0,0.0,0.0,0.0,,0,,0.0,,,0.0
LN0003037,2021-08,0.0,0.0,0.0,0.0,,0,,0.0,,,0.0
LN0004055,2024-08,0.0,0.0,0.0,0.0,,0,,0.0,,,0.0
LN0002328,2021-12,0.0,0.0,0.0,0.0,,0,,0.0,,,0.0
LN0002719,2024-03,0.0,0.0,0.0,0.0,,0,,0.0,,,0.0
LN0004973,2023-11,0.0,0.0,0.0,0.0,,0,,0.0,,,0.0
LN0004933,2023-05,0.0,0.0,0.0,0.0,,0,,0.0,,,0.0
LN0000888,2025-09,0.0,0.0,0.0,0.0,,0,,0.0,,,0.0
LN0001208,2020-10,0.0,0.0,0.0,0.0,,0,,0.0,,,0.0
LN0004404,2021-08,0.0,0.0,0.0,0.0,,0,,0.0,,,0.0
LN0004518,2023-05,0.0,0.0,0.0,0.0,,0,,0.0,,,0.0
LN0003902,2022-06,0.0,0.0,0.0,0.0,,0,,0.0,,,0.0
LN0002273,2024-11,0.0,0.0,0.0,0.0,,0,,0.0,,,0.0
LN0004581,2022-06,0.0,0.0,0.0,0.0,,0,,0.0,,,0.0
LN0000549,2020-09,0.0,0.0,0.0,0.0,,0,,0.0,,,0.0
LN0001409,2022-10,0.0,0.0,0.0,0.0,,0,,0.0,,,0.0
LN0002372,2022-04,0.0,0.0,0.0,0.0,,0,,0.0,,,0.0
LN0003907,2022-02,0.0,0.0,0.0,0.0,,0,,0.0,,,0.0
LN0002227,2020-05,0.0,0.0,0.0,0.0,,0,,0.0,,,0.0
LN0003592,2021-01,0.0,0.0,0.0,0.0,,0,,0.0,,,0.0
LN0003595,2023-05,0.0,0.0,0.0,0.0,,0,,0.0,,,0.0
LN0003146,2025-04,0.0,0.0,0.0,0.0,,0,,0.0,,,0.0
LN0004636,2021-10,0.0,0.0,0.0,0.0,,0,,0.0,,,0.0
LN0002645,2025-12,0.0,0.0,0.0,0.0,,0,,0.0,,,0.0
LN0004674,2021-05,0.0,0.0,0.0,0.0,,0,,0.0,,,0.0
LN0001904,2020-12,0.0,0.0,0.0,0.0,,0,,0.0,,,0.0
LN0004759,2023-12,0.0,0.0,0.0,0.0,,0,,0.0,,,0.0
LN0000311,2022-01,0.0,0.0,0.0,0.0,,0,,0.0,,,0.0
LN0002109,2023-06,0.0,0.0,0.0,0.0,,0,,0.0,,,0.0
LN0000902,2023-04,0.0,0.0,0.0,0.0,,0,,0.0,,,0.0
LN0001786,2024-11,0.0,0.0,0.0,0.0,,0,,0.0,,,0.0
LN0003422,2021-06,0.0,0.0,0.0,0.0,,0,,0.0,,,0.0
LN0003363,2024-12,0.0,0.0,0.0,0.0,,0,,0.0,,,0.0
LN0002195,2022-04,0.0,0.0,0.0,0.0,,0,,0.0,,,0.0
LN0002784,2023-03,0.0,0.0,0.0,0.0,,0,,0.0,,,0.0
LN0001156,2022-04,0.0,0.0,0.0,0.0,,0,,0.0,,,0.0
LN0000172,2024-08,0.0,0.0,0.0,0.0,,0,,0.0,,,0.0
LN0001811,2020-05,0.0,0.0,0.0,0.0,,0,,0.0,,,0.0
LN0004501,2023-04,0.0,0.0,0.0,0.0,,0,,0.0,,,0.0
LN0003879,2023-11,0.0,0.0,0.0,0.0,,0,,0.0,,,0.0
LN0004495,2023-04,0.0,0.0,0.0,0.0,,0,,0.0,,,0.0
LN0002479,2021-06,0.0,0.0,0.0,0.0,,0,,0.0,,,0.0
LN0004017,2023-06,0.0,0.0,0.0,0.0,,0,,0.0,,,0.0
LN0004616,2025-02,0.0,0.0,0.0,0.0,,0,,0.0,,,0.0
LN0004676,2021-09,0.0,0.0,0.0,0.0,,0,,0.0,,,0.0
LN0003755,2023-03,0.0,0.0,0.0,0.0,,0,,0.0,,,0.0
LN0001204,2022-10,0.0,0.0,0.0,0.0,,0,,0.0,,,0.0
LN0001149,2022-10,0.0,0.0,0.0,0.0,,0,,0.0,,,0.0
LN0001562,2023-09,0.0,0.0,0.0,0.0,,0,,0.0,,,0.0
LN0000217,2021-05,0.0,0.0,0.0,0.0,,0,,0.0,,,0.0
LN0003248,2024-04,0.0,0.0,0.0,0.0,,0,,0.0,,,0.0
LN0000192,2023-02,0.0,0.0,0.0,0.0,,0,,0.0,,,0.0
LN0000384,2022-05,0.0,0.0,0.0,0.0,,0,,0.0,,,0.0
LN0004343,2024-12,0.0,0.0,0.0,0.0,,0,,0.0,,,0.0
LN0000298,2020-09,0.0,0.0,0.0,0.0,,0,,0.0,,,0.0
LN0004521,2023-05,0.0,0.0,0.0,0.0,,0,,0.0,,,0.0
LN0002992,2021-10,0.0,0.0,0.0,0.0,,0,,0.0,,,0.0
LN0000228,2023-08,0.0,0.0,0.0,0.0,,0,,0.0,,,0.0
LN0003061,2023-04,0.0,0.0,0.0,0.0,,0,,0.0,,,0.0
LN0002029,2024-06,0.0,0.0,0.0,0.0,,0,,0.0,,,0.0
LN0002401,2025-08,0.0,0.0,0.0,0.0,,0,,0.0,,,0.0
LN0003859,2021-07,0.0,0.0,0.0,0.0,,0,,0.0,,,0.0
LN0000680,2024-08,0.0,0.0,0.0,0.0,,0,,0.0,,,0.0
LN0003332,2024-08,0.0,0.0,0.0,0.0,,0,,0.0,,,0.0
LN0003747,2022-08,0.0,0.0,0.0,0.0,,0,,0.0,,,0.0
LN0001962,2020-10,0.0,0.0,0.0,0.0,,0,,0.0,,,0.0
LN0000010,2024-10,0.0,0.0,0.0,0.0,,0,,0.0,,,0.0
LN0004025,2022-07,0.0,0.0,0.0,0.0,,0,,0.0,,,0.0
LN0004384,2024-11,0.0,0.0,0.0,0.0,,0,,0.0,,,0.0
LN0000587,2021-01,0.0,0.0,0.0,0.0,,0,,0.0,,,0.0
LN0000721,2025-01,0.0,0.0,0.0,0.0,,0,,0.0,,,0.0
LN0004933,2023-06,0.0,0.0,0.0,0.0,,0,,0.0,,,0.0
LN0000107,2020-10,0.0,0.0,0.0,0.0,,0,,0.0,,,0.0
LN0003402,2020-12,0.0,0.0,0.0,0.0,,0,,0.0,,,0.0
LN0003082,2022-06,0.0,0.0,0.0,0.0,,0,,0.0,,,0.0
LN0004597,2022-08,0.0,0.0,0.0,0.0,,0,,0.0,,,0.0
LN0001030,2022-03,0.0,0.0,0.0,0.0,,0,,0.0,,,0.0
LN0001919,2024-02,0.0,0.0,0.0,0.0,,0,,0.0,,,0.0
LN0001604,2021-07,0.0,0.0,0.0,0.0,,0,,0.0,,,0.0
LN0004401,2020-09,0.0,0.0,0.0,0.0,,0,,0.0,,,0.0
LN0002505,2024-02,0.0,0.0,0.0,0.0,,0,,0.0,,,0.0
LN0004552,2021-02,0.0,0.0,0.0,0.0,,0,,0.0,,,0.0
LN0001588,2024-05,0.0,0.0,0.0,0.0,,0,,0.0,,,0.0
LN0000694,2024-08,0.0,0.0,0.0,0.0,,0,,0.0,,,0.0
LN0001681,2021-05,0.0,0.0,0.0,0.0,,0,,0.0,,,0.0
LN0001941,2023-11,0.0,0.0,0.0,0.0,,0,,0.0,,,0.0
LN0001441,2020-12,0.0,0.0,0.0,0.0,,0,,0.0,,,0.0
LN0000899,2021-11,0.0,0.0,0.0,0.0,,0,,0.0,,,0.0
LN0001205,2020-07,0.0,0.0,0.0,0.0,,0,,0.0,,,0.0
LN0004197,2020-08,0.0,0.0,0.0,0.0,,0,,0.0,,,0.0
LN0000391,2024-05,0.0,0.0,0.0,0.0,,0,,0.0,,,0.0
LN0000378,2024-10,0.0,0.0,0.0,0.0,,0,,0.0,,,0.0
LN0002784,2022-11,0.0,0.0,0.0,0.0,,0,,0.0,,,0.0
LN0004497,2024-03,0.0,0.0,0.0,0.0,,0,,0.0,,,0.0
LN0004776,2025-02,0.0,0.0,0.0,0.0,,0,,0.0,,,0.0
LN0002571,2022-02,0.0,0.0,0.0,0.0,,0,,0.0,,,0.0
LN0001663,2022-01,0.0,0.0,0.0,0.0,,0,,0.0,,,0.0
LN0001409,2022-11,0.0,0.0,0.0,0.0,,0,,0.0,,,0.0
LN0002403,2023-02,0.0,0.0,0.0,0.0,,0,,0.0,,,0.0
LN0000239,2021-06,0.0,0.0,0.0,0.0,,0,,0.0,,,0.0
LN0003216,2026-02,0.0,0.0,0.0,0.0,,0,,0.0,,,0.0
LN0004213,2020-08,0.0,0.0,0.0,0.0,,0,,0.0,,,0.0
LN0000332,2022-12,0.0,0.0,0.0,0.0,,0,,0.0,,,0.0
LN0001710,2025-12,0.0,0.0,0.0,0.0,,0,,0.0,,,0.0
LN0004659,2024-08,0.0,0.0,0.0,0.0,,0,,0.0,,,0.0
LN0001826,2021-02,0.0,0.0,0.0,0.0,,0,,0.0,,,0.0
LN0004151,2020-09,0.0,0.0,0.0,0.0,,0,,0.0,,,0.0
LN0002212,2021-09,0.0,0.0,0.0,0.0,,0,,0.0,,,0.0
LN0004422,2023-12,0.0,0.0,0.0,0.0,,0,,0.0,,,0.0
LN0004804,2026-01,0.0,0.0,0.0,0.0,,0,,0.0,,,0.0
LN0004396,2024-04,0.0,0.0,0.0,0.0,,0,,0.0,,,0.0
LN0000148,2023-04,0.0,0.0,0.0,0.0,,0,,0.0,,,0.0
LN0002858,2023-03,0.0,0.0,0.0,0.0,,0,,0.0,,,0.0
LN0002497,2022-10,0.0,0.0,0.0,0.0,,0,,0.0,,,0.0
LN0002963,2024-10,0.0,0.0,0.0,0.0,,0,,0.0,,,0.0
LN0004325,2023-04,0.0,0.0,0.0,0.0,,0,,0.0,,,0.0
LN0001562,2023-06,0.0,0.0,0.0,0.0,,0,,0.0,,,0.0
LN0000899,2023-01,0.0,0.0,0.0,0.0,,0,,0.0,,,0.0
LN0000546,2021-03,0.0,0.0,0.0,0.0,,0,,0.0,,,0.0
LN0004235,2022-11,0.0,0.0,0.0,0.0,,0,,0.0,,,0.0
LN0001225,2023-01,0.0,0.0,0.0,0.0,,0,,0.0,,,0.0
LN0001267,2022-06,0.0,0.0,0.0,0.0,,0,,0.0,,,0.0
LN0001196,2024-07,0.0,0.0,0.0,0.0,,0,,0.0,,,0.0
LN0001441,2020-08,0.0,0.0,0.0,0.0,,0,,0.0,,,0.0
LN0003454,2020-10,0.0,0.0,0.0,0.0,,0,,0.0,,,0.0
LN0000300,2021-11,0.0,0.0,0.0,0.0,,0,,0.0,,,0.0
LN0002600,2025-07,0.0,0.0,0.0,0.0,,0,,0.0,,,0.0
LN0001826,2020-10,0.0,0.0,0.0,0.0,,0,,0.0,,,0.0
LN0004772,2024-10,0.0,0.0,0.0,0.0,,0,,0.0,,,0.0
LN0003846,2021-08,0.0,0.0,0.0,0.0,,0,,0.0,,,0.0
LN0002908,2021-12,0.0,0.0,0.0,0.0,,0,,0.0,,,0.0
LN0004503,2024-10,0.0,0.0,0.0,0.0,,0,,0.0,,,0.0
LN0000877,2023-10,0.0,0.0,0.0,0.0,,0,,0.0,,,0.0
LN0000677,2021-11,0.0,0.0,0.0,0.0,,0,,0.0,,,0.0
LN0000920,2022-01,0.0,0.0,0.0,0.0,,0,,0.0,,,0.0
LN0000004,2021-12,0.0,0.0,0.0,0.0,,0,,0.0,,,0.0
LN0003357,2021-10,0.0,0.0,0.0,0.0,,0,,0.0,,,0.0
LN0000332,2022-08,0.0,0.0,0.0,0.0,,0,,0.0,,,0.0
LN0003816,2022-04,0.0,0.0,0.0,0.0,,0,,0.0,,,0.0
LN0001397,2022-12,0.0,0.0,0.0,0.0,,0,,0.0,,,0.0
LN0004552,2021-10,0.0,0.0,0.0,0.0,,0,,0.0,,,0.0
LN0003974,2023-12,0.0,0.0,0.0,0.0,,0,,0.0,,,0.0
LN0003964,2020-10,0.0,0.0,0.0,0.0,,0,,0.0,,,0.0
LN0004943,2021-05,0.0,0.0,0.0,0.0,,0,,0.0,,,0.0
LN0001931,2021-01,0.0,0.0,0.0,0.0,,0,,0.0,,,0.0
LN0000156,2020-08,0.0,0.0,0.0,0.0,,0,,0.0,,,0.0
LN0002612,2023-06,0.0,0.0,0.0,0.0,,0,,0.0,,,0.0
LN0002687,2024-01,0.0,0.0,0.0,0.0,,0,,0.0,,,0.0
LN0002201,2022-06,0.0,0.0,0.0,0.0,,0,,0.0,,,0.0
LN0003856,2022-02,0.0,0.0,0.0,0.0,,0,,0.0,,,0.0
LN0000036,2020-09,0.0,0.0,0.0,0.0,,0,,0.0,,,0.0
LN0002606,2021-10,0.0,0.0,0.0,0.0,,0,,0.0,,,0.0
LN0003923,2022-02,0.0,0.0,0.0,0.0,,0,,0.0,,,0.0
LN0004559,2024-04,0.0,0.0,0.0,0.0,,0,,0.0,,,0.0
LN0002635,2021-11,0.0,0.0,0.0,0.0,,0,,0.0,,,0.0
LN0002201,2022-09,0.0,0.0,0.0,0.0,,0,,0.0,,,0.0
LN0001205,2021-05,0.0,0.0,0.0,0.0,,0,,0.0,,,0.0
LN0000793,2021-07,0.0,0.0,0.0,0.0,,0,,0.0,,,0.0
LN0003594,2022-12,0.0,0.0,0.0,0.0,,0,,0.0,,,0.0
LN0003661,2024-11,0.0,0.0,0.0,0.0,,0,,0.0,,,0.0
LN0001254,2022-03,0.0,0.0,0.0,0.0,,0,,0.0,,,0.0
LN0004933,2022-12,0.0,0.0,0.0,0.0,,0,,0.0,,,0.0
LN0003706,2022-05,0.0,0.0,0.0,0.0,,0,,0.0,,,0.0
LN0000677,2020-12,0.0,0.0,0.0,0.0,,0,,0.0,,,0.0
LN0001879,2021-01,0.0,0.0,0.0,0.0,,0,,0.0,,,0.0
LN0003283,2022-01,0.0,0.0,0.0,0.0,,0,,0.0,,,0.0
LN0000172,2025-06,0.0,0.0,0.0,0.0,,0,,0.0,,,0.0
LN0004737,2024-02,0.0,0.0,0.0,0.0,,0,,0.0,,,0.0
LN0003859,2021-09,0.0,0.0,0.0,0.0,,0,,0.0,,,0.0
LN0000442,2022-04,0.0,0.0,0.0,0.0,,0,,0.0,,,0.0
LN0002566,2022-11,0.0,0.0,0.0,0.0,,0,,0.0,,,0.0
LN0004336,2021-07,0.0,0.0,0.0,0.0,,0,,0.0,,,0.0
LN0003442,2024-01,0.0,0.0,0.0,0.0,,0,,0.0,,,0.0
LN0002612,2023-09,0.0,0.0,0.0,0.0,,0,,0.0,,,0.0
LN0001236,2023-05,0.0,0.0,0.0,0.0,,0,,0.0,,,0.0
LN0001664,2025-02,0.0,0.0,0.0,0.0,,0,,0.0,,,0.0
LN0003700,2021-09,0.0,0.0,0.0,0.0,,0,,0.0,,,0.0
LN0000263,2023-10,0.0,0.0,0.0,0.0,,0,,0.0,,,0.0
LN0003592,2021-09,0.0,0.0,0.0,0.0,,0,,0.0,,,0.0
LN0001149,2022-12,0.0,0.0,0.0,0.0,,0,,0.0,,,0.0
LN0003666,2025-09,0.0,0.0,0.0,0.0,,0,,0.0,,,0.0
LN0003832,2023-05,0.0,0.0,0.0,0.0,,0,,0.0,,,0.0
LN0004516,2024-12,0.0,0.0,0.0,0.0,,0,,0.0,,,0.0
LN0001741,2022-07,0.0,0.0,0.0,0.0,,0,,0.0,,,0.0
LN0000921,2023-05,0.0,0.0,0.0,0.0,,0,,0.0,,,0.0
LN0003633,2023-01,0.0,0.0,0.0,0.0,,0,,0.0,,,0.0
LN0004937,2021-07,0.0,0.0,0.0,0.0,,0,,0.0,,,0.0
LN0003846,2022-01,0.0,0.0,0.0,0.0,,0,,0.0,,,0.0
LN0001000,2023-05,0.0,0.0,0.0,0.0,,0,,0.0,,,0.0
LN0001388,2022-01,0.0,0.0,0.0,0.0,,0,,0.0,,,0.0
LN0001441,2021-02,0.0,0.0,0.0,0.0,,0,,0.0,,,0.0
LN0002692,2021-06,0.0,0.0,0.0,0.0,,0,,0.0,,,0.0
LN0001838,2021-12,0.0,0.0,0.0,0.0,,0,,0.0,,,0.0
LN0000332,2023-01,0.0,0.0,0.0,0.0,,0,,0.0,,,0.0
LN0003674,2023-09,0.0,0.0,0.0,0.0,,0,,0.0,,,0.0
LN0000192,2023-03,0.0,0.0,0.0,0.0,,0,,0.0,,,0.0
LN0001149,2022-11,0.0,0.0,0.0,0.0,,0,,0.0,,,0.0
LN0000041,2025-03,0.0,0.0,0.0,0.0,,0,,0.0,,,0.0
LN0001625,2023-02,0.0,0.0,0.0,0.0,,0,,0.0,,,0.0
LN0003265,2025-09,0.0,0.0,0.0,0.0,,0,,0.0,,,0.0
LN0004495,2022-09,0.0,0.0,0.0,0.0,,0,,0.0,,,0.0
LN0000733,2023-07,0.0,0.0,0.0,0.0,,0,,0.0,,,0.0
LN0003813,2020-10,0.0,0.0,0.0,0.0,,0,,0.0,,,0.0
LN0000279,2022-06,0.0,0.0,0.0,0.0,,0,,0.0,,,0.0
LN0003874,2025-01,0.0,0.0,0.0,0.0,,0,,0.0,,,0.0
LN0003960,2020-09,0.0,0.0,0.0,0.0,,0,,0.0,,,0.0
LN0002823,2024-07,0.0,0.0,0.0,0.0,,0,,0.0,,,0.0
LN0001747,2021-10,0.0,0.0,0.0,0.0,,0,,0.0,,,0.0
LN0000572,2024-10,0.0,0.0,0.0,0.0,,0,,0.0,,,0.0
LN0002526,2022-06,0.0,0.0,0.0,0.0,,0,,0.0,,,0.0
LN0001562,2022-11,0.0,0.0,0.0,0.0,,0,,0.0,,,0.0
LN0002753,2024-02,0.0,0.0,0.0,0.0,,0,,0.0,,,0.0
LN0001236,2022-10,0.0,0.0,0.0,0.0,,0,,0.0,,,0.0
LN0004239,2023-06,0.0,0.0,0.0,0.0,,0,,0.0,,,0.0
LN0001721,2025-03,0.0,0.0,0.0,0.0,,0,,0.0,,,0.0
LN0001105,2023-08,0.0,0.0,0.0,0.0,,0,,0.0,,,0.0
LN0001685,2022-02,0.0,0.0,0.0,0.0,,0,,0.0,,,0.0
LN0004807,2023-03,0.0,0.0,0.0,0.0,,0,,0.0,,,0.0
LN0001940,2022-05,0.0,0.0,0.0,0.0,,0,,0.0,,,0.0
LN0000004,2023-01,0.0,0.0,0.0,0.0,,0,,0.0,,,0.0
LN0000409,2025-07,0.0,0.0,0.0,0.0,,0,,0.0,,,0.0
LN0002719,2024-10,0.0,0.0,0.0,0.0,,0,,0.0,,,0.0
LN0001205,2021-07,0.0,0.0,0.0,0.0,,0,,0.0,,,0.0
LN0004447,2024-11,0.0,0.0,0.0,0.0,,0,,0.0,,,0.0
LN0003874,2025-02,0.0,0.0,0.0,0.0,,0,,0.0,,,0.0
LN0001597,2024-02,0.0,0.0,0.0,0.0,,0,,0.0,,,0.0
LN0001959,2025-04,0.0,0.0,0.0,0.0,,0,,0.0,,,0.0
LN0000179,2023-04,0.0,0.0,0.0,0.0,,0,,0.0,,,0.0
LN0004422,2024-07,0.0,0.0,0.0,0.0,,0,,0.0,,,0.0
LN0003081,2023-01,0.0,0.0,0.0,0.0,,0,,0.0,,,0.0
LN0002583,2021-04,0.0,0.0,0.0,0.0,,0,,0.0,,,0.0
LN0004360,2023-03,0.0,0.0,0.0,0.0,,0,,0.0,,,0.0
LN0003450,2024-04,0.0,0.0,0.0,0.0,,0,,0.0,,,0.0
LN0000918,2020-12,0.0,0.0,0.0,0.0,,0,,0.0,,,0.0
LN0000904,2021-06,0.0,0.0,0.0,0.0,,0,,0.0,,,0.0
LN0004150,2021-01,0.0,0.0,0.0,0.0,,0,,0.0,,,0.0
LN0004516,2025-07,0.0,0.0,0.0,0.0,,0,,0.0,,,0.0
LN0001185,2021-06,0.0,0.0,0.0,0.0,,0,,0.0,,,0.0
LN0002659,2023-10,0.0,0.0,0.0,0.0,,0,,0.0,,,0.0
LN0004315,2024-04,0.0,0.0,0.0,0.0,,0,,0.0,,,0.0
LN0000167,2020-10,0.0,0.0,0.0,0.0,,0,,0.0,,,0.0
LN0003140,2023-10,0.0,0.0,0.0,0.0,,0,,0.0,,,0.0
LN0000075,2020-10,0.0,0.0,0.0,0.0,,0,,0.0,,,0.0
LN0003960,2021-12,0.0,0.0,0.0,0.0,,0,,0.0,,,0.0
LN0001664,2024-09,0.0,0.0,0.0,0.0,,0,,0.0,,,0.0
LN0001234,2023-12,0.0,0.0,0.0,0.0,,0,,0.0,,,0.0
LN0003578,2023-07,0.0,0.0,0.0,0.0,,0,,0.0,,,0.0
LN0000307,2021-11,0.0,0.0,0.0,0.0,,0,,0.0,,,0.0
LN0002263,2024-06,0.0,0.0,0.0,0.0,,0,,0.0,,,0.0
LN0004697,2024-11,0.0,0.0,0.0,0.0,,0,,0.0,,,0.0
LN0001270,2023-08,0.0,0.0,0.0,0.0,,0,,0.0,,,0.0
LN0000381,2024-12,0.0,0.0,0.0,0.0,,0,,0.0,,,0.0
LN0000930,2024-08,0.0,0.0,0.0,0.0,,0,,0.0,,,0.0
LN0003271,2024-04,0.0,0.0,0.0,0.0,,0,,0.0,,,0.0
LN0001719,2022-10,0.0,0.0,0.0,0.0,,0,,0.0,,,0.0
LN0003468,2023-03,0.0,0.0,0.0,0.0,,0,,0.0,,,0.0
LN0001237,2021-12,0.0,0.0,0.0,0.0,,0,,0.0,,,0.0
LN0001944,2025-05,0.0,0.0,0.0,0.0,,0,,0.0,,,0.0
LN0000249,2021-06,0.0,0.0,0.0,0.0,,0,,0.0,,,0.0
LN0002155,2026-02,0.0,0.0,0.0,0.0,,0,,0.0,,,0.0
LN0003918,2026-01,0.0,0.0,0.0,0.0,,0,,0.0,,,0.0
LN0001709,2023-04,0.0,0.0,0.0,0.0,,0,,0.0,,,0.0
LN0002231,2025-02,0.0,0.0,0.0,0.0,,0,,0.0,,,0.0
LN0001208,2021-01,0.0,0.0,0.0,0.0,,0,,0.0,,,0.0
LN0002120,2024-06,0.0,0.0,0.0,0.0,,0,,0.0,,,0.0
LN0004549,2020-04,0.0,0.0,0.0,0.0,,0,,0.0,,,0.0
LN0003289,2023-02,0.0,0.0,0.0,0.0,,0,,0.0,,,0.0
LN0001330,2024-07,0.0,0.0,0.0,0.0,,0,,0.0,,,0.0
LN0004503,2025-09,0.0,0.0,0.0,0.0,,0,,0.0,,,0.0
LN0000442,2022-03,0.0,0.0,0.0,0.0,,0,,0.0,,,0.0
LN0004239,2023-04,0.0,0.0,0.0,0.0,,0,,0.0,,,0.0
LN0000588,2025-06,0.0,0.0,0.0,0.0,,0,,0.0,,,0.0
LN0000972,2024-06,0.0,0.0,0.0,0.0,,0,,0.0,,,0.0
LN0001840,2023-07,0.0,0.0,0.0,0.0,,0,,0.0,,,0.0
LN0000019,2023-06,0.0,0.0,0.0,0.0,,0,,0.0,,,0.0
LN0003008,2025-02,0.0,0.0,0.0,0.0,,0,,0.0,,,0.0
LN0003357,2021-06,0.0,0.0,0.0,0.0,,0,,0.0,,,0.0
LN0002931,2022-04,0.0,0.0,0.0,0.0,,0,,0.0,,,0.0
LN0000431,2021-03,0.0,0.0,0.0,0.0,,0,,0.0,,,0.0
LN0000743,2022-02,0.0,0.0,0.0,0.0,,0,,0.0,,,0.0
LN0003197,2020-12,0.0,0.0,0.0,0.0,,0,,0.0,,,0.0
LN0000899,2022-12,0.0,0.0,0.0,0.0,,0,,0.0,,,0.0
LN0000082,2022-11,0.0,0.0,0.0,0.0,,0,,0.0,,,0.0
LN0002273,2024-07,0.0,0.0,0.0,0.0,,0,,0.0,,,0.0
LN0004447,2025-04,0.0,0.0,0.0,0.0,,0,,0.0,,,0.0
LN0003813,2022-02,0.0,0.0,0.0,0.0,,0,,0.0,,,0.0
LN0004571,2021-07,0.0,0.0,0.0,0.0,,0,,0.0,,,0.0
LN0001892,2024-05,0.0,0.0,0.0,0.0,,0,,0.0,,,0.0
LN0002129,2021-12,0.0,0.0,0.0,0.0,,0,,0.0,,,0.0
LN0001838,2021-03,0.0,0.0,0.0,0.0,,0,,0.0,,,0.0
LN0000468,2020-09,0.0,0.0,0.0,0.0,,0,,0.0,,,0.0
LN0003289,2022-11,0.0,0.0,0.0,0.0,,0,,0.0,,,0.0
LN0000890,2024-10,0.0,0.0,0.0,0.0,,0,,0.0,,,0.0
LN0001597,2024-03,0.0,0.0,0.0,0.0,,0,,0.0,,,0.0
LN0001904,2021-10,0.0,0.0,0.0,0.0,,0,,0.0,,,0.0
LN0004597,2021-07,0.0,0.0,0.0,0.0,,0,,0.0,,,0.0
LN0003841,2025-11,0.0,0.0,0.0,0.0,,0,,0.0,,,0.0
LN0004335,2023-10,0.0,0.0,0.0,0.0,,0,,0.0,,,0.0
LN0000655,2021-12,0.0,0.0,0.0,0.0,,0,,0.0,,,0.0
LN0002901,2025-03,0.0,0.0,0.0,0.0,,0,,0.0,,,0.0
LN0004716,2023-01,0.0,0.0,0.0,0.0,,0,,0.0,,,0.0
LN0000281,2020-08,0.0,0.0,0.0,0.0,,0,,0.0,,,0.0
LN0002358,2023-10,0.0,0.0,0.0,0.0,,0,,0.0,,,0.0
LN0001382,2024-07,0.0,0.0,0.0,0.0,,0,,0.0,,,0.0
LN0003877,2024-06,0.0,0.0,0.0,0.0,,0,,0.0,,,0.0
LN0004315,2024-02,0.0,0.0,0.0,0.0,,0,,0.0,,,0.0
LN0002234,2022-10,0.0,0.0,0.0,0.0,,0,,0.0,,,0.0
LN0004924,2024-09,0.0,0.0,0.0,0.0,,0,,0.0,,,0.0
LN0004796,2023-06,0.0,0.0,0.0,0.0,,0,,0.0,,,0.0
LN0004563,2025-01,0.0,0.0,0.0,0.0,,0,,0.0,,,0.0
LN0002231,2025-05,0.0,0.0,0.0,0.0,,0,,0.0,,,0.0
LN0003903,2021-12,0.0,0.0,0.0,0.0,,0,,0.0,,,0.0
LN0002373,2023-10,0.0,0.0,0.0,0.0,,0,,0.0,,,0.0
LN0003633,2023-03,0.0,0.0,0.0,0.0,,0,,0.0,,,0.0
LN0002998,2024-01,0.0,0.0,0.0,0.0,,0,,0.0,,,0.0
LN0000904,2020-12,0.0,0.0,0.0,0.0,,0,,0.0,,,0.0
LN0004518,2022-11,0.0,0.0,0.0,0.0,,0,,0.0,,,0.0
LN0001625,2023-05,0.0,0.0,0.0,0.0,,0,,0.0,,,0.0
LN0003629,2021-07,0.0,0.0,0.0,0.0,,0,,0.0,,,0.0
LN0004315,2024-09,0.0,0.0,0.0,0.0,,0,,0.0,,,0.0
LN0000924,2023-05,0.0,0.0,0.0,0.0,,0,,0.0,,,0.0
LN0003956,2025-01,0.0,0.0,0.0,0.0,,0,,0.0,,,0.0
LN0003193,2024-09,0.0,0.0,0.0,0.0,,0,,0.0,,,0.0
LN0003700,2021-12,0.0,0.0,0.0,0.0,,0,,0.0,,,0.0
LN0002550,2022-04,0.0,0.0,0.0,0.0,,0,,0.0,,,0.0
LN0002764,2022-07,0.0,0.0,0.0,0.0,,0,,0.0,,,0.0
LN0002714,2024-08,0.0,0.0,0.0,0.0,,0,,0.0,,,0.0
LN0002627,2023-05,0.0,0.0,0.0,0.0,,0,,0.0,,,0.0
LN0002164,2020-04,0.0,0.0,0.0,0.0,,0,,0.0,,,0.0
LN0001941,2024-01,0.0,0.0,0.0,0.0,,0,,0.0,,,0.0
LN0000972,2023-10,0.0,0.0,0.0,0.0,,0,,0.0,,,0.0
LN0004167,2023-03,0.0,0.0,0.0,0.0,,0,,0.0,,,0.0
LN0001962,2020-09,0.0,0.0,0.0,0.0,,0,,0.0,,,0.0
LN0000222,2021-05,0.0,0.0,0.0,0.0,,0,,0.0,,,0.0
LN0000454,2023-12,0.0,0.0,0.0,0.0,,0,,0.0,,,0.0
LN0004762,2023-10,0.0,0.0,0.0,0.0,,0,,0.0,,,0.0
LN0001180,2024-02,0.0,0.0,0.0,0.0,,0,,0.0,,,0.0
LN0001462,2022-06,0.0,0.0,0.0,0.0,,0,,0.0,,,0.0
LN0001806,2021-12,0.0,0.0,0.0,0.0,,0,,0.0,,,0.0
LN0004674,2020-09,0.0,0.0,0.0,0.0,,0,,0.0,,,0.0
LN0004169,2024-12,0.0,0.0,0.0,0.0,,0,,0.0,,,0.0
LN0002719,2023-12,0.0,0.0,0.0,0.0,,0,,0.0,,,0.0
LN0000516,2024-02,0.0,0.0,0.0,0.0,,0,,0.0,,,0.0
LN0003137,2024-09,0.0,0.0,0.0,0.0,,0,,0.0,,,0.0
LN0002610,2021-11,0.0,0.0,0.0,0.0,,0,,0.0,,,0.0
LN0004333,2021-08,0.0,0.0,0.0,0.0,,0,,0.0,,,0.0
LN0001911,2025-10,0.0,0.0,0.0,0.0,,0,,0.0,,,0.0
LN0003086,2024-02,0.0,0.0,0.0,0.0,,0,,0.0,,,0.0
LN0004368,2023-05,0.0,0.0,0.0,0.0,,0,,0.0,,,0.0
LN0003693,2025-03,0.0,0.0,0.0,0.0,,0,,0.0,,,0.0
LN0004770,2022-09,0.0,0.0,0.0,0.0,,0,,0.0,,,0.0
LN0002640,2022-12,0.0,0.0,0.0,0.0,,0,,0.0,,,0.0
LN0003580,2021-03,0.0,0.0,0.0,0.0,,0,,0.0,,,0.0
LN0000132,2024-04,0.0,0.0,0.0,0.0,,0,,0.0,,,0.0
LN0000553,2023-07,0.0,0.0,0.0,0.0,,0,,0.0,,,0.0
LN0002692,2021-12,0.0,0.0,0.0,0.0,,0,,0.0,,,0.0
LN0000270,2020-08,0.0,0.0,0.0,0.0,,0,,0.0,,,0.0
LN0000108,2022-08,0.0,0.0,0.0,0.0,,0,,0.0,,,0.0
LN0002063,2021-02,0.0,0.0,0.0,0.0,,0,,0.0,,,0.0
LN0002764,2023-01,0.0,0.0,0.0,0.0,,0,,0.0,,,0.0
LN0003191,2024-01,0.0,0.0,0.0,0.0,,0,,0.0,,,0.0
LN0003082,2022-08,0.0,0.0,0.0,0.0,,0,,0.0,,,0.0
LN0000746,2022-06,0.0,0.0,0.0,0.0,,0,,0.0,,,0.0
LN0000694,2024-12,0.0,0.0,0.0,0.0,,0,,0.0,,,0.0
LN0004559,2025-02,0.0,0.0,0.0,0.0,,0,,0.0,,,0.0
LN0002526,2021-11,0.0,0.0,0.0,0.0,,0,,0.0,,,0.0
LN0001073,2025-12,0.0,0.0,0.0,0.0,,0,,0.0,,,0.0
LN0000472,2021-11,0.0,0.0,0.0,0.0,,0,,0.0,,,0.0
LN0001747,2020-12,0.0,0.0,0.0,0.0,,0,,0.0,,,0.0
LN0003386,2024-02,0.0,0.0,0.0,0.0,,0,,0.0,,,0.0
LN0004667,2021-10,0.0,0.0,0.0,0.0,,0,,0.0,,,0.0
LN0000020,2020-12,0.0,0.0,0.0,0.0,,0,,0.0,,,0.0
LN0004382,2024-01,0.0,0.0,0.0,0.0,,0,,0.0,,,0.0
LN0004799,2026-04,0.0,0.0,0.0,0.0,,0,,0.0,,,0.0
LN0003450,2024-06,0.0,0.0,0.0,0.0,,0,,0.0,,,0.0
LN0000481,2025-07,0.0,0.0,0.0,0.0,,0,,0.0,,,0.0
LN0003823,2024-05,0.0,0.0,0.0,0.0,,0,,0.0,,,0.0
LN0004468,2024-10,0.0,0.0,0.0,0.0,,0,,0.0,,,0.0
LN0002969,2023-10,0.0,0.0,0.0,0.0,,0,,0.0,,,0.0
LN0001614,2023-04,0.0,0.0,0.0,0.0,,0,,0.0,,,0.0
LN0000004,2022-10,0.0,0.0,0.0,0.0,,0,,0.0,,,0.0
LN0001947,2024-10,0.0,0.0,0.0,0.0,,0,,0.0,,,0.0
LN0004248,2021-06,0.0,0.0,0.0,0.0,,0,,0.0,,,0.0
LN0003813,2021-11,0.0,0.0,0.0,0.0,,0,,0.0,,,0.0
LN0002449,2022-07,0.0,0.0,0.0,0.0,,0,,0.0,,,0.0
LN0000746,2023-01,0.0,0.0,0.0,0.0,,0,,0.0,,,0.0
LN0001390,2023-11,0.0,0.0,0.0,0.0,,0,,0.0,,,0.0
LN0000508,2023-01,0.0,0.0,0.0,0.0,,0,,0.0,,,0.0
LN0001940,2023-01,0.0,0.0,0.0,0.0,,0,,0.0,,,0.0
LN0001588,2024-03,0.0,0.0,0.0,0.0,,0,,0.0,,,0.0
LN0002063,2020-07,0.0,0.0,0.0,0.0,,0,,0.0,,,0.0
LN0003562,2021-06,0.0,0.0,0.0,0.0,,0,,0.0,,,0.0
LN0000683,2022-12,0.0,0.0,0.0,0.0,,0,,0.0,,,0.0
LN0000051,2024-10,0.0,0.0,0.0,0.0,,0,,0.0,,,0.0
LN0002260,2024-03,0.0,0.0,0.0,0.0,,0,,0.0,,,0.0
LN0003700,2021-05,0.0,0.0,0.0,0.0,,0,,0.0,,,0.0
LN0001870,2020-09,0.0,0.0,0.0,0.0,,0,,0.0,,,0.0
LN0001221,2023-07,0.0,0.0,0.0,0.0,,0,,0.0,,,0.0
LN0000449,2021-12,0.0,0.0,0.0,0.0,,0,,0.0,,,0.0
LN0002447,2022-02,0.0,0.0,0.0,0.0,,0,,0.0,,,0.0
LN0003137,2024-08,0.0,0.0,0.0,0.0,,0,,0.0,,,0.0
LN0000432,2023-11,0.0,0.0,0.0,0.0,,0,,0.0,,,0.0
LN0004117,2025-01,0.0,0.0,0.0,0.0,,0,,0.0,,,0.0
LN0002401,2025-04,0.0,0.0,0.0,0.0,,0,,0.0,,,0.0
LN0004169,2024-07,0.0,0.0,0.0,0.0,,0,,0.0,,,0.0
LN0003214,2025-03,0.0,0.0,0.0,0.0,,0,,0.0,,,0.0
LN0003649,2025-02,0.0,0.0,0.0,0.0,,0,,0.0,,,0.0
LN0000363,2022-11,0.0,0.0,0.0,0.0,,0,,0.0,,,0.0
LN0002468,2023-08,0.0,0.0,0.0,0.0,,0,,0.0,,,0.0
LN0004563,2024-09,0.0,0.0,0.0,0.0,,0,,0.0,,,0.0
LN0003562,2020-12,0.0,0.0,0.0,0.0,,0,,0.0,,,0.0
LN0003214,2025-09,0.0,0.0,0.0,0.0,,0,,0.0,,,0.0
LN0002912,2022-02,0.0,0.0,0.0,0.0,,0,,0.0,,,0.0
LN0000890,2024-11,0.0,0.0,0.0,0.0,,0,,0.0,,,0.0
LN0002687,2023-08,0.0,0.0,0.0,0.0,,0,,0.0,,,0.0
LN0002561,2023-12,0.0,0.0,0.0,0.0,,0,,0.0,,,0.0
LN0002648,2024-08,0.0,0.0,0.0,0.0,,0,,0.0,,,0.0
LN0001651,2022-07,0.0,0.0,0.0,0.0,,0,,0.0,,,0.0
LN0004631,2022-08,0.0,0.0,0.0,0.0,,0,,0.0,,,0.0
LN0001456,2023-04,0.0,0.0,0.0,0.0,,0,,0.0,,,0.0
LN0003088,2023-08,0.0,0.0,0.0,0.0,,0,,0.0,,,0.0
LN0004033,2023-04,0.0,0.0,0.0,0.0,,0,,0.0,,,0.0
LN0001277,2023-04,0.0,0.0,0.0,0.0,,0,,0.0,,,0.0
LN0002470,2020-05,0.0,0.0,0.0,0.0,,0,,0.0,,,0.0
LN0003220,2023-05,0.0,0.0,0.0,0.0,,0,,0.0,,,0.0
LN0002687,2023-12,0.0,0.0,0.0,0.0,,0,,0.0,,,0.0
LN0004393,2024-04,0.0,0.0,0.0,0.0,,0,,0.0,,,0.0
LN0003580,2020-10,0.0,0.0,0.0,0.0,,0,,0.0,,,0.0
LN0003137,2024-01,0.0,0.0,0.0,0.0,,0,,0.0,,,0.0
LN0000022,2022-09,0.0,0.0,0.0,0.0,,0,,0.0,,,0.0
LN0004201,2023-07,0.0,0.0,0.0,0.0,,0,,0.0,,,0.0
LN0000281,2020-05,0.0,0.0,0.0,0.0,,0,,0.0,,,0.0
LN0001230,2022-08,0.0,0.0,0.0,0.0,,0,,0.0,,,0.0
LN0003061,2023-05,0.0,0.0,0.0,0.0,,0,,0.0,,,0.0
LN0004548,2020-12,0.0,0.0,0.0,0.0,,0,,0.0,,,0.0
LN0000973,2025-07,0.0,0.0,0.0,0.0,,0,,0.0,,,0.0
LN0002244,2023-03,0.0,0.0,0.0,0.0,,0,,0.0,,,0.0
LN0001904,2021-02,0.0,0.0,0.0,0.0,,0,,0.0,,,0.0
LN0004667,2021-02,0.0,0.0,0.0,0.0,,0,,0.0,,,0.0
LN0002201,2022-10,0.0,0.0,0.0,0.0,,0,,0.0,,,0.0
LN0001791,2023-07,0.0,0.0,0.0,0.0,,0,,0.0,,,0.0
LN0001778,2022-12,0.0,0.0,0.0,0.0,,0,,0.0,,,0.0
LN0001196,2024-09,0.0,0.0,0.0,0.0,,0,,0.0,,,0.0
LN0002933,2022-11,0.0,0.0,0.0,0.0,,0,,0.0,,,0.0
LN0003234,2020-08,0.0,0.0,0.0,0.0,,0,,0.0,,,0.0
LN0004742,2023-11,0.0,0.0,0.0,0.0,,0,,0.0,,,0.0
LN0004903,2025-09,0.0,0.0,0.0,0.0,,0,,0.0,,,0.0
LN0002263,2023-12,0.0,0.0,0.0,0.0,,0,,0.0,,,0.0
LN0000924,2023-01,0.0,0.0,0.0,0.0,,0,,0.0,,,0.0
LN0003755,2023-04,0.0,0.0,0.0,0.0,,0,,0.0,,,0.0
LN0003964,2020-11,0.0,0.0,0.0,0.0,,0,,0.0,,,0.0
LN0000721,2024-12,0.0,0.0,0.0,0.0,,0,,0.0,,,0.0
LN0002478,2021-02,0.0,0.0,0.0,0.0,,0,,0.0,,,0.0
LN0000839,2021-11,0.0,0.0,0.0,0.0,,0,,0.0,,,0.0
LN0000686,2024-08,0.0,0.0,0.0,0.0,,0,,0.0,,,0.0
LN0003313,2024-09,0.0,0.0,0.0,0.0,,0,,0.0,,,0.0
LN0000747,2021-07,0.0,0.0,0.0,0.0,,0,,0.0,,,0.0
LN0000263,2023-07,0.0,0.0,0.0,0.0,,0,,0.0,,,0.0
LN0001030,2022-05,0.0,0.0,0.0,0.0,,0,,0.0,,,0.0
LN0003035,2024-08,0.0,0.0,0.0,0.0,,0,,0.0,,,0.0
LN0000572,2025-04,0.0,0.0,0.0,0.0,,0,,0.0,,,0.0
LN0001547,2025-09,0.0,0.0,0.0,0.0,,0,,0.0,,,0.0
LN0003140,2022-08,0.0,0.0,0.0,0.0,,0,,0.0,,,0.0
LN0004497,2024-08,0.0,0.0,0.0,0.0,,0,,0.0,,,0.0
LN0000082,2022-03,0.0,0.0,0.0,0.0,,0,,0.0,,,0.0
LN0001441,2020-06,0.0,0.0,0.0,0.0,,0,,0.0,,,0.0
LN0003562,2021-08,0.0,0.0,0.0,0.0,,0,,0.0,,,0.0
LN0003859,2022-03,0.0,0.0,0.0,0.0,,0,,0.0,,,0.0
LN0003259,2022-02,0.0,0.0,0.0,0.0,,0,,0.0,,,0.0
LN0002836,2023-01,0.0,0.0,0.0,0.0,,0,,0.0,,,0.0
LN0001710,2025-06,0.0,0.0,0.0,0.0,,0,,0.0,,,0.0
LN0004685,2024-01,0.0,0.0,0.0,0.0,,0,,0.0,,,0.0
LN0001721,2025-04,0.0,0.0,0.0,0.0,,0,,0.0,,,0.0
LN0002458,2022-09,0.0,0.0,0.0,0.0,,0,,0.0,,,0.0
LN0003363,2024-07,0.0,0.0,0.0,0.0,,0,,0.0,,,0.0
LN0001397,2023-02,0.0,0.0,0.0,0.0,,0,,0.0,,,0.0
LN0002643,2021-03,0.0,0.0,0.0,0.0,,0,,0.0,,,0.0
LN0000503,2021-11,0.0,0.0,0.0,0.0,,0,,0.0,,,0.0
LN0001791,2022-11,0.0,0.0,0.0,0.0,,0,,0.0,,,0.0
LN0004737,2024-01,0.0,0.0,0.0,0.0,,0,,0.0,,,0.0
LN0004933,2023-01,0.0,0.0,0.0,0.0,,0,,0.0,,,0.0
LN0001620,2020-12,0.0,0.0,0.0,0.0,,0,,0.0,,,0.0
LN0001180,2023-11,0.0,0.0,0.0,0.0,,0,,0.0,,,0.0
LN0001470,2023-09,0.0,0.0,0.0,0.0,,0,,0.0,,,0.0
LN0004627,2023-12,0.0,0.0,0.0,0.0,,0,,0.0,,,0.0
LN0002933,2022-09,0.0,0.0,0.0,0.0,,0,,0.0,,,0.0
LN0001156,2023-01,0.0,0.0,0.0,0.0,,0,,0.0,,,0.0
LN0004840,2025-11,0.0,0.0,0.0,0.0,,0,,0.0,,,0.0
LN0002561,2023-03,0.0,0.0,0.0,0.0,,0,,0.0,,,0.0
LN0004716,2022-11,0.0,0.0,0.0,0.0,,0,,0.0,,,0.0
LN0000300,2021-12,0.0,0.0,0.0,0.0,,0,,0.0,,,0.0
LN0002877,2024-12,0.0,0.0,0.0,0.0,,0,,0.0,,,0.0
LN0001281,2023-06,0.0,0.0,0.0,0.0,,0,,0.0,,,0.0
LN0001869,2022-08,0.0,0.0,0.0,0.0,,0,,0.0,,,0.0
LN0004396,2024-03,0.0,0.0,0.0,0.0,,0,,0.0,,,0.0
LN0003741,2024-04,0.0,0.0,0.0,0.0,,0,,0.0,,,0.0
LN0001685,2022-04,0.0,0.0,0.0,0.0,,0,,0.0,,,0.0
LN0001315,2024-03,0.0,0.0,0.0,0.0,,0,,0.0,,,0.0
LN0003580,2020-04,0.0,0.0,0.0,0.0,,0,,0.0,,,0.0
LN0000578,2023-12,0.0,0.0,0.0,0.0,,0,,0.0,,,0.0
LN0000270,2021-04,0.0,0.0,0.0,0.0,,0,,0.0,,,0.0
LN0003993,2022-10,0.0,0.0,0.0,0.0,,0,,0.0,,,0.0
LN0003356,2024-12,0.0,0.0,0.0,0.0,,0,,0.0,,,0.0
LN0001180,2024-01,0.0,0.0,0.0,0.0,,0,,0.0,,,0.0
LN0001614,2023-02,0.0,0.0,0.0,0.0,,0,,0.0,,,0.0
LN0004933,2023-07,0.0,0.0,0.0,0.0,,0,,0.0,,,0.0
LN0003248,2024-09,0.0,0.0,0.0,0.0,,0,,0.0,,,0.0
LN0002851,2024-06,0.0,0.0,0.0,0.0,,0,,0.0,,,0.0
LN0001972,2020-04,0.0,0.0,0.0,0.0,,0,,0.0,,,0.0
LN0001234,2024-08,0.0,0.0,0.0,0.0,,0,,0.0,,,0.0
LN0002328,2021-02,0.0,0.0,0.0,0.0,,0,,0.0,,,0.0
LN0001904,2020-10,0.0,0.0,0.0,0.0,,0,,0.0,,,0.0
LN0004743,2024-02,0.0,0.0,0.0,0.0,,0,,0.0,,,0.0
LN0000242,2024-04,0.0,0.0,0.0,0.0,,0,,0.0,,,0.0
LN0001547,2025-03,0.0,0.0,0.0,0.0,,0,,0.0,,,0.0
LN0001149,2022-09,0.0,0.0,0.0,0.0,,0,,0.0,,,0.0
LN0004106,2024-11,0.0,0.0,0.0,0.0,,0,,0.0,,,0.0
LN0001869,2023-06,0.0,0.0,0.0,0.0,,0,,0.0,,,0.0
LN0001889,2025-05,0.0,0.0,0.0,0.0,,0,,0.0,,,0.0
LN0000297,2021-03,0.0,0.0,0.0,0.0,,0,,0.0,,,0.0
LN0000559,2020-10,0.0,0.0,0.0,0.0,,0,,0.0,,,0.0
LN0004776,2024-07,0.0,0.0,0.0,0.0,,0,,0.0,,,0.0
LN0003322,2023-02,0.0,0.0,0.0,0.0,,0,,0.0,,,0.0
LN0001456,2024-03,0.0,0.0,0.0,0.0,,0,,0.0,,,0.0
LN0003961,2022-03,0.0,0.0,0.0,0.0,,0,,0.0,,,0.0
LN0003912,2022-10,0.0,0.0,0.0,0.0,,0,,0.0,,,0.0
LN0004079,2020-06,0.0,0.0,0.0,0.0,,0,,0.0,,,0.0
LN0000004,2022-02,0.0,0.0,0.0,0.0,,0,,0.0,,,0.0
LN0004558,2023-08,0.0,0.0,0.0,0.0,,0,,0.0,,,0.0
LN0001663,2021-07,0.0,0.0,0.0,0.0,,0,,0.0,,,0.0
LN0001011,2023-06,0.0,0.0,0.0,0.0,,0,,0.0,,,0.0
LN0000402,2022-08,0.0,0.0,0.0,0.0,,0,,0.0,,,0.0
LN0004571,2021-09,0.0,0.0,0.0,0.0,,0,,0.0,,,0.0
LN0001441,2020-05,0.0,0.0,0.0,0.0,,0,,0.0,,,0.0
LN0003918,2025-10,0.0,0.0,0.0,0.0,,0,,0.0,,,0.0
LN0004706,2023-06,0.0,0.0,0.0,0.0,,0,,0.0,,,0.0
LN0003705,2025-07,0.0,0.0,0.0,0.0,,0,,0.0,,,0.0
LN0002159,2025-10,0.0,0.0,0.0,0.0,,0,,0.0,,,0.0
LN0000228,2023-10,0.0,0.0,0.0,0.0,,0,,0.0,,,0.0
LN0004753,2020-08,0.0,0.0,0.0,0.0,,0,,0.0,,,0.0
LN0001342,2023-09,0.0,0.0,0.0,0.0,,0,,0.0,,,0.0
LN0003569,2022-06,0.0,0.0,0.0,0.0,,0,,0.0,,,0.0
LN0004337,2021-07,0.0,0.0,0.0,0.0,,0,,0.0,,,0.0
LN0001520,2022-01,0.0,0.0,0.0,0.0,,0,,0.0,,,0.0
LN0004126,2024-04,0.0,0.0,0.0,0.0,,0,,0.0,,,0.0
LN0001117,2022-10,0.0,0.0,0.0,0.0,,0,,0.0,,,0.0
LN0004335,2024-05,0.0,0.0,0.0,0.0,,0,,0.0,,,0.0
LN0002049,2025-05,0.0,0.0,0.0,0.0,,0,,0.0,,,0.0
LN0001860,2021-06,0.0,0.0,0.0,0.0,,0,,0.0,,,0.0
LN0001116,2023-05,0.0,0.0,0.0,0.0,,0,,0.0,,,0.0
LN0002595,2023-07,0.0,0.0,0.0,0.0,,0,,0.0,,,0.0
LN0002483,2025-05,0.0,0.0,0.0,0.0,,0,,0.0,,,0.0
LN0001879,2020-10,0.0,0.0,0.0,0.0,,0,,0.0,,,0.0
LN0002403,2022-08,0.0,0.0,0.0,0.0,,0,,0.0,,,0.0
LN0002868,2020-12,0.0,0.0,0.0,0.0,,0,,0.0,,,0.0
LN0001681,2021-08,0.0,0.0,0.0,0.0,,0,,0.0,,,0.0
LN0002692,2022-04,0.0,0.0,0.0,0.0,,0,,0.0,,,0.0
LN0004299,2024-03,0.0,0.0,0.0,0.0,,0,,0.0,,,0.0
LN0001330,2024-04,0.0,0.0,0.0,0.0,,0,,0.0,,,0.0
LN0002791,2023-08,0.0,0.0,0.0,0.0,,0,,0.0,,,0.0
LN0001237,2023-04,0.0,0.0,0.0,0.0,,0,,0.0,,,0.0
LN0003035,2025-08,0.0,0.0,0.0,0.0,,0,,0.0,,,0.0
LN0001879,2021-10,0.0,0.0,0.0,0.0,,0,,0.0,,,0.0
LN0001564,2022-09,0.0,0.0,0.0,0.0,,0,,0.0,,,0.0
LN0002181,2024-07,0.0,0.0,0.0,0.0,,0,,0.0,,,0.0
LN0001625,2023-06,0.0,0.0,0.0,0.0,,0,,0.0,,,0.0
LN0003403,2022-04,0.0,0.0,0.0,0.0,,0,,0.0,,,0.0
LN0002497,2022-04,0.0,0.0,0.0,0.0,,0,,0.0,,,0.0
LN0003861,2022-01,0.0,0.0,0.0,0.0,,0,,0.0,,,0.0
LN0000840,2020-04,0.0,0.0,0.0,0.0,,0,,0.0,,,0.0
LN0003172,2021-05,0.0,0.0,0.0,0.0,,0,,0.0,,,0.0
LN0002938,2024-08,0.0,0.0,0.0,0.0,,0,,0.0,,,0.0
LN0002901,2025-09,0.0,0.0,0.0,0.0,,0,,0.0,,,0.0
LN0004828,2021-04,0.0,0.0,0.0,0.0,,0,,0.0,,,0.0
LN0000079,2022-08,0.0,0.0,0.0,0.0,,0,,0.0,,,0.0
LN0001362,2020-10,0.0,0.0,0.0,0.0,,0,,0.0,,,0.0
LN0003926,2025-05,0.0,0.0,0.0,0.0,,0,,0.0,,,0.0
LN0000319,2021-01,0.0,0.0,0.0,0.0,,0,,0.0,,,0.0
LN0004501,2022-09,0.0,0.0,0.0,0.0,,0,,0.0,,,0.0
LN0002753,2023-08,0.0,0.0,0.0,0.0,,0,,0.0,,,0.0
LN0002506,2024-09,0.0,0.0,0.0,0.0,,0,,0.0,,,0.0
LN0001879,2020-12,0.0,0.0,0.0,0.0,,0,,0.0,,,0.0
LN0000877,2023-11,0.0,0.0,0.0,0.0,,0,,0.0,,,0.0
LN0000705,2025-05,0.0,0.0,0.0,0.0,,0,,0.0,,,0.0
LN0003592,2021-05,0.0,0.0,0.0,0.0,,0,,0.0,,,0.0
LN0001919,2023-08,0.0,0.0,0.0,0.0,,0,,0.0,,,0.0
LN0000472,2021-12,0.0,0.0,0.0,0.0,,0,,0.0,,,0.0
LN0001362,2020-06,0.0,0.0,0.0,0.0,,0,,0.0,,,0.0
LN0004455,2021-06,0.0,0.0,0.0,0.0,,0,,0.0,,,0.0
LN0002659,2024-01,0.0,0.0,0.0,0.0,,0,,0.0,,,0.0
LN0003321,2023-11,0.0,0.0,0.0,0.0,,0,,0.0,,,0.0
LN0003081,2023-07,0.0,0.0,0.0,0.0,,0,,0.0,,,0.0
LN0001827,2020-04,0.0,0.0,0.0,0.0,,0,,0.0,,,0.0
LN0003879,2024-05,0.0,0.0,0.0,0.0,,0,,0.0,,,0.0
LN0004943,2021-04,0.0,0.0,0.0,0.0,,0,,0.0,,,0.0
LN0001892,2024-07,0.0,0.0,0.0,0.0,,0,,0.0,,,0.0
LN0001205,2020-05,0.0,0.0,0.0,0.0,,0,,0.0,,,0.0
LN0001237,2022-01,0.0,0.0,0.0,0.0,,0,,0.0,,,0.0
LN0004903,2026-02,0.0,0.0,0.0,0.0,,0,,0.0,,,0.0
LN0004498,2023-08,0.0,0.0,0.0,0.0,,0,,0.0,,,0.0
LN0000132,2025-05,0.0,0.0,0.0,0.0,,0,,0.0,,,0.0
LN0001685,2022-07,0.0,0.0,0.0,0.0,,0,,0.0,,,0.0
LN0004191,2021-01,0.0,0.0,0.0,0.0,,0,,0.0,,,0.0
LN0003707,2022-04,0.0,0.0,0.0,0.0,,0,,0.0,,,0.0
LN0002635,2021-09,0.0,0.0,0.0,0.0,,0,,0.0,,,0.0
LN0001161,2023-08,0.0,0.0,0.0,0.0,,0,,0.0,,,0.0
LN0000723,2024-07,0.0,0.0,0.0,0.0,,0,,0.0,,,0.0
LN0003337,2025-03,0.0,0.0,0.0,0.0,,0,,0.0,,,0.0
LN0001197,2025-09,0.0,0.0,0.0,0.0,,0,,0.0,,,0.0
LN0002868,2021-09,0.0,0.0,0.0,0.0,,0,,0.0,,,0.0
LN0004762,2023-03,0.0,0.0,0.0,0.0,,0,,0.0,,,0.0
LN0000402,2022-06,0.0,0.0,0.0,0.0,,0,,0.0,,,0.0
LN0000589,2023-01,0.0,0.0,0.0,0.0,,0,,0.0,,,0.0
LN0002692,2022-02,0.0,0.0,0.0,0.0,,0,,0.0,,,0.0
LN0002828,2022-12,0.0,0.0,0.0,0.0,,0,,0.0,,,0.0
LN0003481,2025-05,0.0,0.0,0.0,0.0,,0,,0.0,,,0.0
LN0003037,2021-06,0.0,0.0,0.0,0.0,,0,,0.0,,,0.0
LN0004427,2023-09,0.0,0.0,0.0,0.0,,0,,0.0,,,0.0
LN0001088,2021-09,0.0,0.0,0.0,0.0,,0,,0.0,,,0.0
LN0000227,2021-09,0.0,0.0,0.0,0.0,,0,,0.0,,,0.0
LN0003412,2022-02,0.0,0.0,0.0,0.0,,0,,0.0,,,0.0
LN0002851,2024-07,0.0,0.0,0.0,0.0,,0,,0.0,,,0.0
LN0000107,2020-12,0.0,0.0,0.0,0.0,,0,,0.0,,,0.0
LN0004315,2023-09,0.0,0.0,0.0,0.0,,0,,0.0,,,0.0
LN0003630,2021-08,0.0,0.0,0.0,0.0,,0,,0.0,,,0.0
LN0000683,2022-09,0.0,0.0,0.0,0.0,,0,,0.0,,,0.0
LN0001894,2020-09,0.0,0.0,0.0,0.0,,0,,0.0,,,0.0
LN0000167,2020-08,0.0,0.0,0.0,0.0,,0,,0.0,,,0.0
LN0001904,2021-09,0.0,0.0,0.0,0.0,,0,,0.0,,,0.0
LN0001514,2024-10,0.0,0.0,0.0,0.0,,0,,0.0,,,0.0
LN0001362,2021-03,0.0,0.0,0.0,0.0,,0,,0.0,,,0.0
LN0001073,2025-07,0.0,0.0,0.0,0.0,,0,,0.0,,,0.0
LN0004299,2023-07,0.0,0.0,0.0,0.0,,0,,0.0,,,0.0
LN0001122,2023-06,0.0,0.0,0.0,0.0,,0,,0.0,,,0.0
LN0000578,2023-10,0.0,0.0,0.0,0.0,,0,,0.0,,,0.0
LN0002263,2024-11,0.0,0.0,0.0,0.0,,0,,0.0,,,0.0
LN0000508,2023-06,0.0,0.0,0.0,0.0,,0,,0.0,,,0.0
LN0002600,2025-05,0.0,0.0,0.0,0.0,,0,,0.0,,,0.0
LN0001156,2022-12,0.0,0.0,0.0,0.0,,0,,0.0,,,0.0
LN0003755,2023-11,0.0,0.0,0.0,0.0,,0,,0.0,,,0.0
LN0002912,2021-09,0.0,0.0,0.0,0.0,,0,,0.0,,,0.0
LN0003236,2020-09,0.0,0.0,0.0,0.0,,0,,0.0,,,0.0
LN0004770,2022-05,0.0,0.0,0.0,0.0,,0,,0.0,,,0.0
LN0001315,2024-04,0.0,0.0,0.0,0.0,,0,,0.0,,,0.0
LN0004368,2023-08,0.0,0.0,0.0,0.0,,0,,0.0,,,0.0
LN0003993,2023-06,0.0,0.0,0.0,0.0,,0,,0.0,,,0.0
LN0004324,2025-09,0.0,0.0,0.0,0.0,,0,,0.0,,,0.0
LN0000297,2020-09,0.0,0.0,0.0,0.0,,0,,0.0,,,0.0
LN0002609,2023-10,0.0,0.0,0.0,0.0,,0,,0.0,,,0.0
LN0000481,2024-10,0.0,0.0,0.0,0.0,,0,,0.0,,,0.0
LN0002714,2023-11,0.0,0.0,0.0,0.0,,0,,0.0,,,0.0
LN0000918,2021-07,0.0,0.0,0.0,0.0,,0,,0.0,,,0.0
LN0000898,2024-05,0.0,0.0,0.0,0.0,,0,,0.0,,,0.0
LN0002029,2024-10,0.0,0.0,0.0,0.0,,0,,0.0,,,0.0
LN0003386,2024-03,0.0,0.0,0.0,0.0,,0,,0.0,,,0.0
LN0000842,2020-10,0.0,0.0,0.0,0.0,,0,,0.0,,,0.0
LN0004766,2021-03,0.0,0.0,0.0,0.0,,0,,0.0,,,0.0
LN0004844,2025-01,0.0,0.0,0.0,0.0,,0,,0.0,,,0.0
LN0004753,2021-07,0.0,0.0,0.0,0.0,,0,,0.0,,,0.0
LN0003361,2020-12,0.0,0.0,0.0,0.0,,0,,0.0,,,0.0
LN0002655,2021-02,0.0,0.0,0.0,0.0,,0,,0.0,,,0.0
LN0004466,2022-09,0.0,0.0,0.0,0.0,,0,,0.0,,,0.0
LN0003918,2025-12,0.0,0.0,0.0,0.0,,0,,0.0,,,0.0
LN0002687,2023-03,0.0,0.0,0.0,0.0,,0,,0.0,,,0.0
LN0004772,2025-01,0.0,0.0,0.0,0.0,,0,,0.0,,,0.0
LN0003649,2025-05,0.0,0.0,0.0,0.0,,0,,0.0,,,0.0
LN0000508,2023-03,0.0,0.0,0.0,0.0,,0,,0.0,,,0.0
LN0000481,2025-06,0.0,0.0,0.0,0.0,,0,,0.0,,,0.0
LN0004252,2021-11,0.0,0.0,0.0,0.0,,0,,0.0,,,0.0
LN0004911,2021-10,0.0,0.0,0.0,0.0,,0,,0.0,,,0.0
LN0002344,2023-03,0.0,0.0,0.0,0.0,,0,,0.0,,,0.0
LN0003386,2024-09,0.0,0.0,0.0,0.0,,0,,0.0,,,0.0
LN0004124,2023-02,0.0,0.0,0.0,0.0,,0,,0.0,,,0.0
LN0003827,2021-04,0.0,0.0,0.0,0.0,,0,,0.0,,,0.0
LN0004324,2025-04,0.0,0.0,0.0,0.0,,0,,0.0,,,0.0
LN0004150,2020-03,0.0,0.0,0.0,0.0,,0,,0.0,,,0.0
LN0003856,2021-12,0.0,0.0,0.0,0.0,,0,,0.0,,,0.0
LN0002372,2022-05,0.0,0.0,0.0,0.0,,0,,0.0,,,0.0
LN0000589,2023-05,0.0,0.0,0.0,0.0,,0,,0.0,,,0.0
LN0002323,2021-08,0.0,0.0,0.0,0.0,,0,,0.0,,,0.0
LN0003693,2026-01,0.0,0.0,0.0,0.0,,0,,0.0,,,0.0
LN0003832,2023-09,0.0,0.0,0.0,0.0,,0,,0.0,,,0.0
LN0001724,2024-12,0.0,0.0,0.0,0.0,,0,,0.0,,,0.0
LN0003313,2024-06,0.0,0.0,0.0,0.0,,0,,0.0,,,0.0
LN0001942,2024-11,0.0,0.0,0.0,0.0,,0,,0.0,,,0.0
LN0000289,2025-11,0.0,0.0,0.0,0.0,,0,,0.0,,,0.0
LN0000156,2021-05,0.0,0.0,0.0,0.0,,0,,0.0,,,0.0
LN0001911,2025-09,0.0,0.0,0.0,0.0,,0,,0.0,,,0.0
LN0001305,2024-01,0.0,0.0,0.0,0.0,,0,,0.0,,,0.0
LN0001896,2020-12,0.0,0.0,0.0,0.0,,0,,0.0,,,0.0
LN0002823,2025-01,0.0,0.0,0.0,0.0,,0,,0.0,,,0.0
LN0000899,2022-03,0.0,0.0,0.0,0.0,,0,,0.0,,,0.0
LN0001230,2022-06,0.0,0.0,0.0,0.0,,0,,0.0,,,0.0
LN0004299,2023-09,0.0,0.0,0.0,0.0,,0,,0.0,,,0.0
LN0000148,2024-05,0.0,0.0,0.0,0.0,,0,,0.0,,,0.0
LN0000697,2025-01,0.0,0.0,0.0,0.0,,0,,0.0,,,0.0
LN0004674,2021-04,0.0,0.0,0.0,0.0,,0,,0.0,,,0.0
LN0001156,2022-07,0.0,0.0,0.0,0.0,,0,,0.0,,,0.0
LN0002089,2025-06,0.0,0.0,0.0,0.0,,0,,0.0,,,0.0
LN0003357,2021-11,0.0,0.0,0.0,0.0,,0,,0.0,,,0.0
LN0003199,2022-08,0.0,0.0,0.0,0.0,,0,,0.0,,,0.0
LN0000281,2020-09,0.0,0.0,0.0,0.0,,0,,0.0,,,0.0
LN0000093,2023-07,0.0,0.0,0.0,0.0,,0,,0.0,,,0.0
LN0000417,2023-12,0.0,0.0,0.0,0.0,,0,,0.0,,,0.0
LN0001520,2021-11,0.0,0.0,0.0,0.0,,0,,0.0,,,0.0
LN0001747,2021-01,0.0,0.0,0.0,0.0,,0,,0.0,,,0.0
LN0001864,2021-11,0.0,0.0,0.0,0.0,,0,,0.0,,,0.0
LN0000126,2024-11,0.0,0.0,0.0,0.0,,0,,0.0,,,0.0
LN0000430,2021-04,0.0,0.0,0.0,0.0,,0,,0.0,,,0.0
LN0001524,2022-06,0.0,0.0,0.0,0.0,,0,,0.0,,,0.0
LN0004025,2021-08,0.0,0.0,0.0,0.0,,0,,0.0,,,0.0
LN0004098,2025-06,0.0,0.0,0.0,0.0,,0,,0.0,,,0.0
LN0003697,2020-10,0.0,0.0,0.0,0.0,,0,,0.0,,,0.0
LN0004975,2024-06,0.0,0.0,0.0,0.0,,0,,0.0,,,0.0
LN0003450,2024-10,0.0,0.0,0.0,0.0,,0,,0.0,,,0.0
LN0004911,2021-06,0.0,0.0,0.0,0.0,,0,,0.0,,,0.0
LN0002072,2022-01,0.0,0.0,0.0,0.0,,0,,0.0,,,0.0
LN0002561,2023-05,0.0,0.0,0.0,0.0,,0,,0.0,,,0.0
LN0001691,2022-06,0.0,0.0,0.0,0.0,,0,,0.0,,,0.0
LN0000584,2021-09,0.0,0.0,0.0,0.0,,0,,0.0,,,0.0
LN0004252,2022-04,0.0,0.0,0.0,0.0,,0,,0.0,,,0.0
LN0000633,2025-09,0.0,0.0,0.0,0.0,,0,,0.0,,,0.0
LN0004102,2025-09,0.0,0.0,0.0,0.0,,0,,0.0,,,0.0
LN0003403,2022-06,0.0,0.0,0.0,0.0,,0,,0.0,,,0.0
LN0001253,2021-10,0.0,0.0,0.0,0.0,,0,,0.0,,,0.0
LN0001243,2023-09,0.0,0.0,0.0,0.0,,0,,0.0,,,0.0
LN0002506,2024-11,0.0,0.0,0.0,0.0,,0,,0.0,,,0.0
LN0001281,2023-01,0.0,0.0,0.0,0.0,,0,,0.0,,,0.0
LN0002013,2022-05,0.0,0.0,0.0,0.0,,0,,0.0,,,0.0
LN0000279,2023-02,0.0,0.0,0.0,0.0,,0,,0.0,,,0.0
LN0002847,2024-01,0.0,0.0,0.0,0.0,,0,,0.0,,,0.0
LN0000569,2023-03,0.0,0.0,0.0,0.0,,0,,0.0,,,0.0
LN0003283,2021-10,0.0,0.0,0.0,0.0,,0,,0.0,,,0.0
LN0000339,2024-05,0.0,0.0,0.0,0.0,,0,,0.0,,,0.0
LN0004158,2020-11,0.0,0.0,0.0,0.0,,0,,0.0,,,0.0
LN0000039,2024-04,0.0,0.0,0.0,0.0,,0,,0.0,,,0.0
LN0004343,2025-02,0.0,0.0,0.0,0.0,,0,,0.0,,,0.0
LN0004903,2025-10,0.0,0.0,0.0,0.0,,0,,0.0,,,0.0
LN0002828,2022-06,0.0,0.0,0.0,0.0,,0,,0.0,,,0.0
LN0003056,2020-09,0.0,0.0,0.0,0.0,,0,,0.0,,,0.0
LN0002117,2023-08,0.0,0.0,0.0,0.0,,0,,0.0,,,0.0
LN0002164,2020-05,0.0,0.0,0.0,0.0,,0,,0.0,,,0.0
LN0004393,2024-06,0.0,0.0,0.0,0.0,,0,,0.0,,,0.0
LN0000471,2024-10,0.0,0.0,0.0,0.0,,0,,0.0,,,0.0
LN0003707,2022-05,0.0,0.0,0.0,0.0,,0,,0.0,,,0.0
LN0002863,2025-04,0.0,0.0,0.0,0.0,,0,,0.0,,,0.0
LN0003259,2022-05,0.0,0.0,0.0,0.0,,0,,0.0,,,0.0
LN0001646,2024-12,0.0,0.0,0.0,0.0,,0,,0.0,,,0.0
LN0001940,2023-05,0.0,0.0,0.0,0.0,,0,,0.0,,,0.0
LN0004898,2024-12,0.0,0.0,0.0,0.0,,0,,0.0,,,0.0
LN0001892,2024-06,0.0,0.0,0.0,0.0,,0,,0.0,,,0.0
LN0001604,2020-10,0.0,0.0,0.0,0.0,,0,,0.0,,,0.0
LN0004737,2023-10,0.0,0.0,0.0,0.0,,0,,0.0,,,0.0
LN0000921,2023-07,0.0,0.0,0.0,0.0,,0,,0.0,,,0.0
LN0002705,2022-08,0.0,0.0,0.0,0.0,,0,,0.0,,,0.0
LN0002195,2022-09,0.0,0.0,0.0,0.0,,0,,0.0,,,0.0
LN0002117,2023-10,0.0,0.0,0.0,0.0,,0,,0.0,,,0.0
LN0001710,2025-03,0.0,0.0,0.0,0.0,,0,,0.0,,,0.0
LN0002231,2025-09,0.0,0.0,0.0,0.0,,0,,0.0,,,0.0
LN0000793,2021-02,0.0,0.0,0.0,0.0,,0,,0.0,,,0.0
LN0000472,2020-11,0.0,0.0,0.0,0.0,,0,,0.0,,,0.0
LN0002764,2023-07,0.0,0.0,0.0,0.0,,0,,0.0,,,0.0
LN0003926,2025-02,0.0,0.0,0.0,0.0,,0,,0.0,,,0.0
LN0002753,2023-03,0.0,0.0,0.0,0.0,,0,,0.0,,,0.0
LN0001000,2022-11,0.0,0.0,0.0,0.0,,0,,0.0,,,0.0
LN0001959,2024-10,0.0,0.0,0.0,0.0,,0,,0.0,,,0.0
LN0004933,2022-09,0.0,0.0,0.0,0.0,,0,,0.0,,,0.0
LN0001944,2025-09,0.0,0.0,0.0,0.0,,0,,0.0,,,0.0
LN0004753,2020-12,0.0,0.0,0.0,0.0,,0,,0.0,,,0.0
LN0000888,2025-12,0.0,0.0,0.0,0.0,,0,,0.0,,,0.0
LN0000921,2022-04,0.0,0.0,0.0,0.0,,0,,0.0,,,0.0
LN0002534,2025-07,0.0,0.0,0.0,0.0,,0,,0.0,,,0.0
LN0000793,2022-01,0.0,0.0,0.0,0.0,,0,,0.0,,,0.0
LN0001263,2024-02,0.0,0.0,0.0,0.0,,0,,0.0,,,0.0
LN0004151,2020-07,0.0,0.0,0.0,0.0,,0,,0.0,,,0.0
LN0002354,2022-04,0.0,0.0,0.0,0.0,,0,,0.0,,,0.0
LN0003191,2023-01,0.0,0.0,0.0,0.0,,0,,0.0,,,0.0
LN0002963,2024-12,0.0,0.0,0.0,0.0,,0,,0.0,,,0.0
LN0003964,2021-01,0.0,0.0,0.0,0.0,,0,,0.0,,,0.0
LN0004059,2021-05,0.0,0.0,0.0,0.0,,0,,0.0,,,0.0
LN0003859,2021-11,0.0,0.0,0.0,0.0,,0,,0.0,,,0.0
LN0004814,2023-12,0.0,0.0,0.0,0.0,,0,,0.0,,,0.0
LN0000079,2022-03,0.0,0.0,0.0,0.0,,0,,0.0,,,0.0
LN0000503,2022-06,0.0,0.0,0.0,0.0,,0,,0.0,,,0.0
LN0004214,2021-01,0.0,0.0,0.0,0.0,,0,,0.0,,,0.0
LN0004563,2024-06,0.0,0.0,0.0,0.0,,0,,0.0,,,0.0
LN0002397,2024-02,0.0,0.0,0.0,0.0,,0,,0.0,,,0.0
LN0002226,2022-05,0.0,0.0,0.0,0.0,,0,,0.0,,,0.0
LN0001889,2025-06,0.0,0.0,0.0,0.0,,0,,0.0,,,0.0
LN0000270,2021-02,0.0,0.0,0.0,0.0,,0,,0.0,,,0.0
LN0004850,2021-08,0.0,0.0,0.0,0.0,,0,,0.0,,,0.0
LN0000075,2021-10,0.0,0.0,0.0,0.0,,0,,0.0,,,0.0
LN0004613,2024-10,0.0,0.0,0.0,0.0,,0,,0.0,,,0.0
LN0003214,2024-05,0.0,0.0,0.0,0.0,,0,,0.0,,,0.0
LN0000082,2022-12,0.0,0.0,0.0,0.0,,0,,0.0,,,0.0
LN0004384,2025-09,0.0,0.0,0.0,0.0,,0,,0.0,,,0.0
LN0002898,2023-08,0.0,0.0,0.0,0.0,,0,,0.0,,,0.0
LN0002823,2025-03,0.0,0.0,0.0,0.0,,0,,0.0,,,0.0
LN0002605,2021-08,0.0,0.0,0.0,0.0,,0,,0.0,,,0.0
LN0004191,2021-02,0.0,0.0,0.0,0.0,,0,,0.0,,,0.0
LN0001941,2024-11,0.0,0.0,0.0,0.0,,0,,0.0,,,0.0
LN0003907,2022-08,0.0,0.0,0.0,0.0,,0,,0.0,,,0.0
LN0002630,2022-02,0.0,0.0,0.0,0.0,,0,,0.0,,,0.0
LN0004098,2025-09,0.0,0.0,0.0,0.0,,0,,0.0,,,0.0
LN0000036,2020-12,0.0,0.0,0.0,0.0,,0,,0.0,,,0.0
LN0004777,2024-11,0.0,0.0,0.0,0.0,,0,,0.0,,,0.0
LN0001510,2023-03,0.0,0.0,0.0,0.0,,0,,0.0,,,0.0
LN0004759,2024-03,0.0,0.0,0.0,0.0,,0,,0.0,,,0.0
LN0001614,2022-07,0.0,0.0,0.0,0.0,,0,,0.0,,,0.0
LN0004536,2024-05,0.0,0.0,0.0,0.0,,0,,0.0,,,0.0
LN0004844,2024-09,0.0,0.0,0.0,0.0,,0,,0.0,,,0.0
LN0000229,2021-04,0.0,0.0,0.0,0.0,,0,,0.0,,,0.0
LN0004503,2025-02,0.0,0.0,0.0,0.0,,0,,0.0,,,0.0
LN0001204,2023-04,0.0,0.0,0.0,0.0,,0,,0.0,,,0.0
LN0002397,2024-05,0.0,0.0,0.0,0.0,,0,,0.0,,,0.0
LN0003199,2022-07,0.0,0.0,0.0,0.0,,0,,0.0,,,0.0
LN0003866,2022-11,0.0,0.0,0.0,0.0,,0,,0.0,,,0.0
LN0000075,2021-03,0.0,0.0,0.0,0.0,,0,,0.0,,,0.0
LN0001501,2023-05,0.0,0.0,0.0,0.0,,0,,0.0,,,0.0
LN0000272,2020-10,0.0,0.0,0.0,0.0,,0,,0.0,,,0.0
LN0004167,2022-09,0.0,0.0,0.0,0.0,,0,,0.0,,,0.0
LN0001962,2020-12,0.0,0.0,0.0,0.0,,0,,0.0,,,0.0
LN0003088,2023-11,0.0,0.0,0.0,0.0,,0,,0.0,,,0.0
LN0003146,2024-04,0.0,0.0,0.0,0.0,,0,,0.0,,,0.0
LN0000324,2023-09,0.0,0.0,0.0,0.0,,0,,0.0,,,0.0
LN0001646,2026-01,0.0,0.0,0.0,0.0,,0,,0.0,,,0.0
LN0004396,2024-02,0.0,0.0,0.0,0.0,,0,,0.0,,,0.0
LN0000906,2023-07,0.0,0.0,0.0,0.0,,0,,0.0,,,0.0
LN0003356,2024-07,0.0,0.0,0.0,0.0,,0,,0.0,,,0.0
LN0002089,2024-11,0.0,0.0,0.0,0.0,,0,,0.0,,,0.0
LN0001699,2021-10,0.0,0.0,0.0,0.0,,0,,0.0,,,0.0
LN0004897,2026-05,0.0,0.0,0.0,0.0,,0,,0.0,,,0.0
LN0001911,2025-05,0.0,0.0,0.0,0.0,,0,,0.0,,,0.0
LN0001161,2022-04,0.0,0.0,0.0,0.0,,0,,0.0,,,0.0
LN0001514,2025-05,0.0,0.0,0.0,0.0,,0,,0.0,,,0.0
LN0003033,2022-06,0.0,0.0,0.0,0.0,,0,,0.0,,,0.0
LN0001390,2023-05,0.0,0.0,0.0,0.0,,0,,0.0,,,0.0
LN0001698,2022-11,0.0,0.0,0.0,0.0,,0,,0.0,,,0.0
LN0003056,2020-08,0.0,0.0,0.0,0.0,,0,,0.0,,,0.0
LN0001520,2021-08,0.0,0.0,0.0,0.0,,0,,0.0,,,0.0
LN0000068,2025-03,0.0,0.0,0.0,0.0,,0,,0.0,,,0.0
LN0000421,2024-12,0.0,0.0,0.0,0.0,,0,,0.0,,,0.0
LN0001859,2024-05,0.0,0.0,0.0,0.0,,0,,0.0,,,0.0
LN0000217,2021-07,0.0,0.0,0.0,0.0,,0,,0.0,,,0.0
LN0001172,2024-05,0.0,0.0,0.0,0.0,,0,,0.0,,,0.0
LN0002901,2025-02,0.0,0.0,0.0,0.0,,0,,0.0,,,0.0
LN0004766,2021-11,0.0,0.0,0.0,0.0,,0,,0.0,,,0.0
LN0001482,2022-05,0.0,0.0,0.0,0.0,,0,,0.0,,,0.0
LN0000036,2020-10,0.0,0.0,0.0,0.0,,0,,0.0,,,0.0
LN0002358,2024-01,0.0,0.0,0.0,0.0,,0,,0.0,,,0.0
LN0002635,2021-12,0.0,0.0,0.0,0.0,,0,,0.0,,,0.0
LN0002938,2024-06,0.0,0.0,0.0,0.0,,0,,0.0,,,0.0
LN0000019,2023-04,0.0,0.0,0.0,0.0,,0,,0.0,,,0.0
LN0001139,2025-08,0.0,0.0,0.0,0.0,,0,,0.0,,,0.0
LN0000906,2023-01,0.0,0.0,0.0,0.0,,0,,0.0,,,0.0
LN0000835,2023-10,0.0,0.0,0.0,0.0,,0,,0.0,,,0.0
LN0004300,2022-03,0.0,0.0,0.0,0.0,,0,,0.0,,,0.0
LN0000075,2021-09,0.0,0.0,0.0,0.0,,0,,0.0,,,0.0
LN0001624,2025-02,0.0,0.0,0.0,0.0,,0,,0.0,,,0.0
LN0000633,2025-12,0.0,0.0,0.0,0.0,,0,,0.0,,,0.0
LN0002719,2024-08,0.0,0.0,0.0,0.0,,0,,0.0,,,0.0
LN0001624,2025-08,0.0,0.0,0.0,0.0,,0,,0.0,,,0.0
LN0004597,2022-07,0.0,0.0,0.0,0.0,,0,,0.0,,,0.0
LN0002719,2024-05,0.0,0.0,0.0,0.0,,0,,0.0,,,0.0
LN0000825,2022-02,0.0,0.0,0.0,0.0,,0,,0.0,,,0.0
LN0001747,2021-03,0.0,0.0,0.0,0.0,,0,,0.0,,,0.0
LN0000746,2022-08,0.0,0.0,0.0,0.0,,0,,0.0,,,0.0
LN0002809,2025-03,0.0,0.0,0.0,0.0,,0,,0.0,,,0.0
LN0000432,2023-05,0.0,0.0,0.0,0.0,,0,,0.0,,,0.0
LN0000559,2021-06,0.0,0.0,0.0,0.0,,0,,0.0,,,0.0
LN0000260,2022-10,0.0,0.0,0.0,0.0,,0,,0.0,,,0.0
LN0003617,2025-01,0.0,0.0,0.0,0.0,,0,,0.0,,,0.0
LN0001597,2023-03,0.0,0.0,0.0,0.0,,0,,0.0,,,0.0
LN0000890,2024-07,0.0,0.0,0.0,0.0,,0,,0.0,,,0.0
LN0004201,2023-05,0.0,0.0,0.0,0.0,,0,,0.0,,,0.0
LN0001944,2026-01,0.0,0.0,0.0,0.0,,0,,0.0,,,0.0
LN0002525,2024-07,0.0,0.0,0.0,0.0,,0,,0.0,,,0.0
LN0001185,2020-04,0.0,0.0,0.0,0.0,,0,,0.0,,,0.0
LN0001208,2020-12,0.0,0.0,0.0,0.0,,0,,0.0,,,0.0
LN0004552,2022-02,0.0,0.0,0.0,0.0,,0,,0.0,,,0.0
LN0004977,2024-01,0.0,0.0,0.0,0.0,,0,,0.0,,,0.0
LN0003454,2021-05,0.0,0.0,0.0,0.0,,0,,0.0,,,0.0
LN0000093,2022-08,0.0,0.0,0.0,0.0,,0,,0.0,,,0.0
LN0000705,2024-03,0.0,0.0,0.0,0.0,,0,,0.0,,,0.0
LN0001562,2023-12,0.0,0.0,0.0,0.0,,0,,0.0,,,0.0
LN0000384,2022-11,0.0,0.0,0.0,0.0,,0,,0.0,,,0.0
LN0001197,2024-10,0.0,0.0,0.0,0.0,,0,,0.0,,,0.0
LN0000503,2022-10,0.0,0.0,0.0,0.0,,0,,0.0,,,0.0
LN0002129,2022-05,0.0,0.0,0.0,0.0,,0,,0.0,,,0.0
LN0000311,2021-09,0.0,0.0,0.0,0.0,,0,,0.0,,,0.0
LN0002447,2022-03,0.0,0.0,0.0,0.0,,0,,0.0,,,0.0
LN0001105,2023-11,0.0,0.0,0.0,0.0,,0,,0.0,,,0.0
LN0002734,2024-03,0.0,0.0,0.0,0.0,,0,,0.0,,,0.0
LN0002390,2025-03,0.0,0.0,0.0,0.0,,0,,0.0,,,0.0
LN0002766,2024-01,0.0,0.0,0.0,0.0,,0,,0.0,,,0.0
LN0001573,2021-12,0.0,0.0,0.0,0.0,,0,,0.0,,,0.0
LN0004014,2021-08,0.0,0.0,0.0,0.0,,0,,0.0,,,0.0
LN0001806,2021-05,0.0,0.0,0.0,0.0,,0,,0.0,,,0.0
LN0001658,2020-09,0.0,0.0,0.0,0.0,,0,,0.0,,,0.0
LN0003636,2022-02,0.0,0.0,0.0,0.0,,0,,0.0,,,0.0
LN0004102,2024-11,0.0,0.0,0.0,0.0,,0,,0.0,,,0.0
LN0004222,2024-03,0.0,0.0,0.0,0.0,,0,,0.0,,,0.0
LN0003569,2022-03,0.0,0.0,0.0,0.0,,0,,0.0,,,0.0
LN0001904,2021-03,0.0,0.0,0.0,0.0,,0,,0.0,,,0.0
LN0002784,2023-06,0.0,0.0,0.0,0.0,,0,,0.0,,,0.0
LN0002337,2021-12,0.0,0.0,0.0,0.0,,0,,0.0,,,0.0
LN0004124,2023-08,0.0,0.0,0.0,0.0,,0,,0.0,,,0.0
LN0004339,2023-05,0.0,0.0,0.0,0.0,,0,,0.0,,,0.0
LN0003630,2021-07,0.0,0.0,0.0,0.0,,0,,0.0,,,0.0
LN0001073,2025-01,0.0,0.0,0.0,0.0,,0,,0.0,,,0.0
LN0002179,2024-02,0.0,0.0,0.0,0.0,,0,,0.0,,,0.0
LN0003752,2022-12,0.0,0.0,0.0,0.0,,0,,0.0,,,0.0
LN0004563,2024-02,0.0,0.0,0.0,0.0,,0,,0.0,,,0.0
LN0004879,2021-06,0.0,0.0,0.0,0.0,,0,,0.0,,,0.0
LN0001225,2023-02,0.0,0.0,0.0,0.0,,0,,0.0,,,0.0
LN0002525,2024-02,0.0,0.0,0.0,0.0,,0,,0.0,,,0.0
LN0000677,2021-04,0.0,0.0,0.0,0.0,,0,,0.0,,,0.0
LN0003900,2022-01,0.0,0.0,0.0,0.0,,0,,0.0,,,0.0
LN0004267,2024-10,0.0,0.0,0.0,0.0,,0,,0.0,,,0.0
LN0000925,2022-01,0.0,0.0,0.0,0.0,,0,,0.0,,,0.0
LN0002328,2020-11,0.0,0.0,0.0,0.0,,0,,0.0,,,0.0
LN0000468,2021-07,0.0,0.0,0.0,0.0,,0,,0.0,,,0.0
LN0002358,2024-07,0.0,0.0,0.0,0.0,,0,,0.0,,,0.0
LN0000058,2021-05,0.0,0.0,0.0,0.0,,0,,0.0,,,0.0
LN0004025,2021-07,0.0,0.0,0.0,0.0,,0,,0.0,,,0.0
LN0004767,2023-12,0.0,0.0,0.0,0.0,,0,,0.0,,,0.0
LN0000723,2023-10,0.0,0.0,0.0,0.0,,0,,0.0,,,0.0
LN0002736,2024-04,0.0,0.0,0.0,0.0,,0,,0.0,,,0.0
LN0001330,2024-05,0.0,0.0,0.0,0.0,,0,,0.0,,,0.0
LN0001443,2024-02,0.0,0.0,0.0,0.0,,0,,0.0,,,0.0
LN0003592,2020-09,0.0,0.0,0.0,0.0,,0,,0.0,,,0.0
LN0004079,2021-04,0.0,0.0,0.0,0.0,,0,,0.0,,,0.0
LN0001882,2024-10,0.0,0.0,0.0,0.0,,0,,0.0,,,0.0
LN0000723,2023-12,0.0,0.0,0.0,0.0,,0,,0.0,,,0.0
LN0001205,2021-01,0.0,0.0,0.0,0.0,,0,,0.0,,,0.0
LN0001139,2024-10,0.0,0.0,0.0,0.0,,0,,0.0,,,0.0
LN0004828,2021-05,0.0,0.0,0.0,0.0,,0,,0.0,,,0.0
LN0002998,2023-10,0.0,0.0,0.0,0.0,,0,,0.0,,,0.0
LN0002613,2025-02,0.0,0.0,0.0,0.0,,0,,0.0,,,0.0
LN0002753,2023-05,0.0,0.0,0.0,0.0,,0,,0.0,,,0.0
LN0002692,2021-08,0.0,0.0,0.0,0.0,,0,,0.0,,,0.0
LN0004581,2022-08,0.0,0.0,0.0,0.0,,0,,0.0,,,0.0
LN0000015,2021-12,0.0,0.0,0.0,0.0,,0,,0.0,,,0.0
LN0000126,2025-03,0.0,0.0,0.0,0.0,,0,,0.0,,,0.0
LN0000015,2020-12,0.0,0.0,0.0,0.0,,0,,0.0,,,0.0
LN0003216,2024-12,0.0,0.0,0.0,0.0,,0,,0.0,,,0.0
LN0004124,2024-01,0.0,0.0,0.0,0.0,,0,,0.0,,,0.0
LN0000706,2023-01,0.0,0.0,0.0,0.0,,0,,0.0,,,0.0
LN0000417,2024-02,0.0,0.0,0.0,0.0,,0,,0.0,,,0.0
LN0004554,2024-07,0.0,0.0,0.0,0.0,,0,,0.0,,,0.0
LN0003562,2021-12,0.0,0.0,0.0,0.0,,0,,0.0,,,0.0
LN0003990,2023-09,0.0,0.0,0.0,0.0,,0,,0.0,,,0.0
LN0004079,2021-05,0.0,0.0,0.0,0.0,,0,,0.0,,,0.0
LN0003629,2021-02,0.0,0.0,0.0,0.0,,0,,0.0,,,0.0
LN0002052,2020-10,0.0,0.0,0.0,0.0,,0,,0.0,,,0.0
LN0002635,2021-04,0.0,0.0,0.0,0.0,,0,,0.0,,,0.0
LN0000587,2022-02,0.0,0.0,0.0,0.0,,0,,0.0,,,0.0
LN0002847,2024-02,0.0,0.0,0.0,0.0,,0,,0.0,,,0.0
LN0002127,2024-03,0.0,0.0,0.0,0.0,,0,,0.0,,,0.0
LN0001750,2022-07,0.0,0.0,0.0,0.0,,0,,0.0,,,0.0
LN0001860,2021-11,0.0,0.0,0.0,0.0,,0,,0.0,,,0.0
LN0003578,2024-01,0.0,0.0,0.0,0.0,,0,,0.0,,,0.0
LN0002117,2023-05,0.0,0.0,0.0,0.0,,0,,0.0,,,0.0
LN0004445,2024-10,0.0,0.0,0.0,0.0,,0,,0.0,,,0.0
LN0001456,2023-06,0.0,0.0,0.0,0.0,,0,,0.0,,,0.0
LN0001658,2021-01,0.0,0.0,0.0,0.0,,0,,0.0,,,0.0
LN0001105,2023-10,0.0,0.0,0.0,0.0,,0,,0.0,,,0.0
LN0000587,2021-08,0.0,0.0,0.0,0.0,,0,,0.0,,,0.0
LN0000289,2026-01,0.0,0.0,0.0,0.0,,0,,0.0,,,0.0
LN0002403,2023-09,0.0,0.0,0.0,0.0,,0,,0.0,,,0.0
LN0004627,2023-01,0.0,0.0,0.0,0.0,,0,,0.0,,,0.0
LN0000973,2024-09,0.0,0.0,0.0,0.0,,0,,0.0,,,0.0
LN0001944,2025-06,0.0,0.0,0.0,0.0,,0,,0.0,,,0.0
LN0000897,2023-04,0.0,0.0,0.0,0.0,,0,,0.0,,,0.0
LN0001664,2024-10,0.0,0.0,0.0,0.0,,0,,0.0,,,0.0
LN0004541,2023-02,0.0,0.0,0.0,0.0,,0,,0.0,,,0.0
LN0004828,2020-07,0.0,0.0,0.0,0.0,,0,,0.0,,,0.0
LN0000384,2022-03,0.0,0.0,0.0,0.0,,0,,0.0,,,0.0
LN0002397,2024-04,0.0,0.0,0.0,0.0,,0,,0.0,,,0.0
LN0004548,2021-11,0.0,0.0,0.0,0.0,,0,,0.0,,,0.0
LN0001624,2025-07,0.0,0.0,0.0,0.0,,0,,0.0,,,0.0
LN0003933,2024-08,0.0,0.0,0.0,0.0,,0,,0.0,,,0.0
LN0000687,2023-03,0.0,0.0,0.0,0.0,,0,,0.0,,,0.0
LN0001254,2020-12,0.0,0.0,0.0,0.0,,0,,0.0,,,0.0
LN0002343,2021-03,0.0,0.0,0.0,0.0,,0,,0.0,,,0.0
LN0001826,2021-09,0.0,0.0,0.0,0.0,,0,,0.0,,,0.0
LN0000093,2023-04,0.0,0.0,0.0,0.0,,0,,0.0,,,0.0
LN0003752,2022-11,0.0,0.0,0.0,0.0,,0,,0.0,,,0.0
LN0003630,2021-10,0.0,0.0,0.0,0.0,,0,,0.0,,,0.0
LN0001660,2020-06,0.0,0.0,0.0,0.0,,0,,0.0,,,0.0
LN0003930,2022-09,0.0,0.0,0.0,0.0,,0,,0.0,,,0.0
LN0000381,2024-10,0.0,0.0,0.0,0.0,,0,,0.0,,,0.0
LN0000890,2024-04,0.0,0.0,0.0,0.0,,0,,0.0,,,0.0
LN0003172,2021-07,0.0,0.0,0.0,0.0,,0,,0.0,,,0.0
LN0001614,2022-11,0.0,0.0,0.0,0.0,,0,,0.0,,,0.0
LN0002963,2024-06,0.0,0.0,0.0,0.0,,0,,0.0,,,0.0
LN0004753,2020-03,0.0,0.0,0.0,0.0,,0,,0.0,,,0.0
LN0004753,2020-09,0.0,0.0,0.0,0.0,,0,,0.0,,,0.0
LN0002784,2023-02,0.0,0.0,0.0,0.0,,0,,0.0,,,0.0
LN0001314,2023-05,0.0,0.0,0.0,0.0,,0,,0.0,,,0.0
LN0001663,2022-04,0.0,0.0,0.0,0.0,,0,,0.0,,,0.0
LN0000768,2026-01,0.0,0.0,0.0,0.0,,0,,0.0,,,0.0
LN0000307,2022-08,0.0,0.0,0.0,0.0,,0,,0.0,,,0.0
LN0000723,2024-12,0.0,0.0,0.0,0.0,,0,,0.0,,,0.0
LN0000571,2020-07,0.0,0.0,0.0,0.0,,0,,0.0,,,0.0
LN0004678,2020-03,0.0,0.0,0.0,0.0,,0,,0.0,,,0.0
LN0002476,2024-08,0.0,0.0,0.0,0.0,,0,,0.0,,,0.0
LN0002049,2024-02,0.0,0.0,0.0,0.0,,0,,0.0,,,0.0
LN0003595,2022-09,0.0,0.0,0.0,0.0,,0,,0.0,,,0.0
LN0001091,2025-02,0.0,0.0,0.0,0.0,,0,,0.0,,,0.0
LN0002934,2023-03,0.0,0.0,0.0,0.0,,0,,0.0,,,0.0
LN0003737,2021-07,0.0,0.0,0.0,0.0,,0,,0.0,,,0.0
LN0004667,2021-08,0.0,0.0,0.0,0.0,,0,,0.0,,,0.0
LN0001237,2023-02,0.0,0.0,0.0,0.0,,0,,0.0,,,0.0
LN0002447,2022-10,0.0,0.0,0.0,0.0,,0,,0.0,,,0.0
LN0004767,2023-10,0.0,0.0,0.0,0.0,,0,,0.0,,,0.0
LN0004137,2025-05,0.0,0.0,0.0,0.0,,0,,0.0,,,0.0
LN0003503,2021-01,0.0,0.0,0.0,0.0,,0,,0.0,,,0.0
LN0004002,2023-01,0.0,0.0,0.0,0.0,,0,,0.0,,,0.0
LN0004733,2025-04,0.0,0.0,0.0,0.0,,0,,0.0,,,0.0
LN0001204,2022-06,0.0,0.0,0.0,0.0,,0,,0.0,,,0.0
LN0002038,2020-11,0.0,0.0,0.0,0.0,,0,,0.0,,,0.0
LN0001860,2022-01,0.0,0.0,0.0,0.0,,0,,0.0,,,0.0
LN0003740,2021-10,0.0,0.0,0.0,0.0,,0,,0.0,,,0.0
LN0001491,2024-06,0.0,0.0,0.0,0.0,,0,,0.0,,,0.0
LN0001710,2026-03,0.0,0.0,0.0,0.0,,0,,0.0,,,0.0
LN0003086,2023-05,0.0,0.0,0.0,0.0,,0,,0.0,,,0.0
LN0001911,2026-02,0.0,0.0,0.0,0.0,,0,,0.0,,,0.0
LN0004336,2020-06,0.0,0.0,0.0,0.0,,0,,0.0,,,0.0
LN0002879,2024-06,0.0,0.0,0.0,0.0,,0,,0.0,,,0.0
LN0004393,2024-05,0.0,0.0,0.0,0.0,,0,,0.0,,,0.0
LN0003562,2021-02,0.0,0.0,0.0,0.0,,0,,0.0,,,0.0
LN0003737,2021-10,0.0,0.0,0.0,0.0,,0,,0.0,,,0.0
LN0000881,2020-03,0.0,0.0,0.0,0.0,,0,,0.0,,,0.0
LN0003435,2022-11,0.0,0.0,0.0,0.0,,0,,0.0,,,0.0
LN0001833,2022-12,0.0,0.0,0.0,0.0,,0,,0.0,,,0.0
LN0001230,2022-07,0.0,0.0,0.0,0.0,,0,,0.0,,,0.0
LN0000353,2022-10,0.0,0.0,0.0,0.0,,0,,0.0,,,0.0
LN0002526,2022-10,0.0,0.0,0.0,0.0,,0,,0.0,,,0.0
LN0001281,2023-09,0.0,0.0,0.0,0.0,,0,,0.0,,,0.0
LN0001263,2023-07,0.0,0.0,0.0,0.0,,0,,0.0,,,0.0
LN0001456,2024-01,0.0,0.0,0.0,0.0,,0,,0.0,,,0.0
LN0003059,2023-04,0.0,0.0,0.0,0.0,,0,,0.0,,,0.0
LN0004495,2022-02,0.0,0.0,0.0,0.0,,0,,0.0,,,0.0
LN0002358,2024-04,0.0,0.0,0.0,0.0,,0,,0.0,,,0.0
LN0002635,2021-10,0.0,0.0,0.0,0.0,,0,,0.0,,,0.0
LN0003193,2025-01,0.0,0.0,0.0,0.0,,0,,0.0,,,0.0
LN0004828,2020-08,0.0,0.0,0.0,0.0,,0,,0.0,,,0.0
LN0004201,2023-10,0.0,0.0,0.0,0.0,,0,,0.0,,,0.0
LN0000992,2021-06,0.0,0.0,0.0,0.0,,0,,0.0,,,0.0
LN0003856,2021-08,0.0,0.0,0.0,0.0,,0,,0.0,,,0.0
LN0004705,2024-01,0.0,0.0,0.0,0.0,,0,,0.0,,,0.0
LN0003742,2021-03,0.0,0.0,0.0,0.0,,0,,0.0,,,0.0
LN0004382,2023-11,0.0,0.0,0.0,0.0,,0,,0.0,,,0.0
LN0002534,2025-05,0.0,0.0,0.0,0.0,,0,,0.0,,,0.0
LN0004360,2023-01,0.0,0.0,0.0,0.0,,0,,0.0,,,0.0
LN0000243,2024-08,0.0,0.0,0.0,0.0,,0,,0.0,,,0.0
LN0003661,2024-12,0.0,0.0,0.0,0.0,,0,,0.0,,,0.0
LN0002687,2023-10,0.0,0.0,0.0,0.0,,0,,0.0,,,0.0
LN0003900,2021-09,0.0,0.0,0.0,0.0,,0,,0.0,,,0.0
LN0004943,2021-09,0.0,0.0,0.0,0.0,,0,,0.0,,,0.0
LN0001698,2022-07,0.0,0.0,0.0,0.0,,0,,0.0,,,0.0
LN0003896,2024-09,0.0,0.0,0.0,0.0,,0,,0.0,,,0.0
LN0003956,2026-01,0.0,0.0,0.0,0.0,,0,,0.0,,,0.0
LN0000468,2021-04,0.0,0.0,0.0,0.0,,0,,0.0,,,0.0
LN0001924,2024-01,0.0,0.0,0.0,0.0,,0,,0.0,,,0.0
LN0000307,2021-08,0.0,0.0,0.0,0.0,,0,,0.0,,,0.0
LN0004559,2024-09,0.0,0.0,0.0,0.0,,0,,0.0,,,0.0
LN0004060,2024-06,0.0,0.0,0.0,0.0,,0,,0.0,,,0.0
LN0003279,2024-10,0.0,0.0,0.0,0.0,,0,,0.0,,,0.0
LN0003819,2023-11,0.0,0.0,0.0,0.0,,0,,0.0,,,0.0
LN0001390,2023-08,0.0,0.0,0.0,0.0,,0,,0.0,,,0.0
LN0004017,2022-09,0.0,0.0,0.0,0.0,,0,,0.0,,,0.0
LN0004868,2024-08,0.0,0.0,0.0,0.0,,0,,0.0,,,0.0
LN0004627,2023-08,0.0,0.0,0.0,0.0,,0,,0.0,,,0.0
LN0002938,2024-07,0.0,0.0,0.0,0.0,,0,,0.0,,,0.0
LN0000222,2021-06,0.0,0.0,0.0,0.0,,0,,0.0,,,0.0
LN0001719,2023-03,0.0,0.0,0.0,0.0,,0,,0.0,,,0.0
LN0002687,2022-11,0.0,0.0,0.0,0.0,,0,,0.0,,,0.0
LN0004374,2020-08,0.0,0.0,0.0,0.0,,0,,0.0,,,0.0
LN0001195,2025-06,0.0,0.0,0.0,0.0,,0,,0.0,,,0.0
LN0002046,2024-09,0.0,0.0,0.0,0.0,,0,,0.0,,,0.0
LN0001067,2024-07,0.0,0.0,0.0,0.0,,0,,0.0,,,0.0
LN0003737,2021-04,0.0,0.0,0.0,0.0,,0,,0.0,,,0.0
LN0003381,2022-12,0.0,0.0,0.0,0.0,,0,,0.0,,,0.0
LN0004150,2020-04,0.0,0.0,0.0,0.0,,0,,0.0,,,0.0
LN0003327,2023-10,0.0,0.0,0.0,0.0,,0,,0.0,,,0.0
LN0000818,2022-09,0.0,0.0,0.0,0.0,,0,,0.0,,,0.0
LN0003059,2023-02,0.0,0.0,0.0,0.0,,0,,0.0,,,0.0
LN0001225,2022-07,0.0,0.0,0.0,0.0,,0,,0.0,,,0.0
LN0003503,2021-05,0.0,0.0,0.0,0.0,,0,,0.0,,,0.0
LN0001947,2024-11,0.0,0.0,0.0,0.0,,0,,0.0,,,0.0
LN0000327,2023-08,0.0,0.0,0.0,0.0,,0,,0.0,,,0.0
LN0001254,2021-01,0.0,0.0,0.0,0.0,,0,,0.0,,,0.0
LN0004903,2025-08,0.0,0.0,0.0,0.0,,0,,0.0,,,0.0
LN0004335,2023-06,0.0,0.0,0.0,0.0,,0,,0.0,,,0.0
LN0003191,2023-08,0.0,0.0,0.0,0.0,,0,,0.0,,,0.0
LN0002048,2022-11,0.0,0.0,0.0,0.0,,0,,0.0,,,0.0
LN0004095,2021-02,0.0,0.0,0.0,0.0,,0,,0.0,,,0.0
LN0003879,2024-03,0.0,0.0,0.0,0.0,,0,,0.0,,,0.0
LN0004602,2024-03,0.0,0.0,0.0,0.0,,0,,0.0,,,0.0
LN0001514,2025-07,0.0,0.0,0.0,0.0,,0,,0.0,,,0.0
LN0003592,2021-08,0.0,0.0,0.0,0.0,,0,,0.0,,,0.0
LN0004413,2021-06,0.0,0.0,0.0,0.0,,0,,0.0,,,0.0
LN0001520,2022-02,0.0,0.0,0.0,0.0,,0,,0.0,,,0.0
LN0004501,2022-10,0.0,0.0,0.0,0.0,,0,,0.0,,,0.0
LN0000924,2022-09,0.0,0.0,0.0,0.0,,0,,0.0,,,0.0
LN0001380,2021-04,0.0,0.0,0.0,0.0,,0,,0.0,,,0.0
LN0000546,2021-05,0.0,0.0,0.0,0.0,,0,,0.0,,,0.0
LN0004497,2024-06,0.0,0.0,0.0,0.0,,0,,0.0,,,0.0
LN0004828,2021-03,0.0,0.0,0.0,0.0,,0,,0.0,,,0.0
LN0000449,2022-03,0.0,0.0,0.0,0.0,,0,,0.0,,,0.0
LN0000697,2025-03,0.0,0.0,0.0,0.0,,0,,0.0,,,0.0
LN0002129,2021-11,0.0,0.0,0.0,0.0,,0,,0.0,,,0.0
LN0001911,2025-12,0.0,0.0,0.0,0.0,,0,,0.0,,,0.0
LN0002583,2021-05,0.0,0.0,0.0,0.0,,0,,0.0,,,0.0
LN0004312,2025-08,0.0,0.0,0.0,0.0,,0,,0.0,,,0.0
LN0004897,2025-01,0.0,0.0,0.0,0.0,,0,,0.0,,,0.0
LN0000161,2023-08,0.0,0.0,0.0,0.0,,0,,0.0,,,0.0
LN0002714,2024-12,0.0,0.0,0.0,0.0,,0,,0.0,,,0.0
LN0001783,2022-04,0.0,0.0,0.0,0.0,,0,,0.0,,,0.0
LN0004074,2021-06,0.0,0.0,0.0,0.0,,0,,0.0,,,0.0
LN0000219,2022-04,0.0,0.0,0.0,0.0,,0,,0.0,,,0.0
LN0000381,2025-10,0.0,0.0,0.0,0.0,,0,,0.0,,,0.0
LN0000589,2023-12,0.0,0.0,0.0,0.0,,0,,0.0,,,0.0
LN0004559,2024-01,0.0,0.0,0.0,0.0,,0,,0.0,,,0.0
LN0001117,2022-06,0.0,0.0,0.0,0.0,,0,,0.0,,,0.0
LN0004772,2024-09,0.0,0.0,0.0,0.0,,0,,0.0,,,0.0
LN0004973,2023-06,0.0,0.0,0.0,0.0,,0,,0.0,,,0.0
LN0002127,2024-11,0.0,0.0,0.0,0.0,,0,,0.0,,,0.0
LN0003140,2022-10,0.0,0.0,0.0,0.0,,0,,0.0,,,0.0
LN0000133,2024-12,0.0,0.0,0.0,0.0,,0,,0.0,,,0.0
LN0001263,2023-09,0.0,0.0,0.0,0.0,,0,,0.0,,,0.0
LN0003706,2022-02,0.0,0.0,0.0,0.0,,0,,0.0,,,0.0
LN0004581,2021-10,0.0,0.0,0.0,0.0,,0,,0.0,,,0.0
LN0004453,2024-10,0.0,0.0,0.0,0.0,,0,,0.0,,,0.0
LN0000369,2022-08,0.0,0.0,0.0,0.0,,0,,0.0,,,0.0
LN0001940,2022-07,0.0,0.0,0.0,0.0,,0,,0.0,,,0.0
LN0001849,2021-09,0.0,0.0,0.0,0.0,,0,,0.0,,,0.0
LN0002049,2024-04,0.0,0.0,0.0,0.0,,0,,0.0,,,0.0
LN0003248,2024-03,0.0,0.0,0.0,0.0,,0,,0.0,,,0.0
LN0002626,2021-08,0.0,0.0,0.0,0.0,,0,,0.0,,,0.0
LN0004079,2020-12,0.0,0.0,0.0,0.0,,0,,0.0,,,0.0
LN0001597,2023-11,0.0,0.0,0.0,0.0,,0,,0.0,,,0.0
LN0002835,2021-07,0.0,0.0,0.0,0.0,,0,,0.0,,,0.0
LN0001105,2023-07,0.0,0.0,0.0,0.0,,0,,0.0,,,0.0
LN0003909,2025-07,0.0,0.0,0.0,0.0,,0,,0.0,,,0.0
LN0002447,2022-01,0.0,0.0,0.0,0.0,,0,,0.0,,,0.0
LN0004747,2022-12,0.0,0.0,0.0,0.0,,0,,0.0,,,0.0
LN0004299,2023-05,0.0,0.0,0.0,0.0,,0,,0.0,,,0.0
LN0000587,2021-02,0.0,0.0,0.0,0.0,,0,,0.0,,,0.0
LN0004850,2022-01,0.0,0.0,0.0,0.0,,0,,0.0,,,0.0
LN0002772,2021-12,0.0,0.0,0.0,0.0,,0,,0.0,,,0.0
LN0001777,2020-11,0.0,0.0,0.0,0.0,,0,,0.0,,,0.0
LN0003468,2023-01,0.0,0.0,0.0,0.0,,0,,0.0,,,0.0
LN0003481,2024-12,0.0,0.0,0.0,0.0,,0,,0.0,,,0.0
LN0002610,2022-02,0.0,0.0,0.0,0.0,,0,,0.0,,,0.0
LN0004337,2020-12,0.0,0.0,0.0,0.0,,0,,0.0,,,0.0
LN0000899,2022-07,0.0,0.0,0.0,0.0,,0,,0.0,,,0.0
LN0003259,2022-03,0.0,0.0,0.0,0.0,,0,,0.0,,,0.0
LN0002072,2021-08,0.0,0.0,0.0,0.0,,0,,0.0,,,0.0
LN0003137,2023-12,0.0,0.0,0.0,0.0,,0,,0.0,,,0.0
LN0001105,2023-03,0.0,0.0,0.0,0.0,,0,,0.0,,,0.0
LN0000075,2021-05,0.0,0.0,0.0,0.0,,0,,0.0,,,0.0
LN0003220,2023-06,0.0,0.0,0.0,0.0,,0,,0.0,,,0.0
LN0004559,2024-05,0.0,0.0,0.0,0.0,,0,,0.0,,,0.0
LN0002308,2021-11,0.0,0.0,0.0,0.0,,0,,0.0,,,0.0
LN0002525,2024-09,0.0,0.0,0.0,0.0,,0,,0.0,,,0.0
LN0001806,2021-02,0.0,0.0,0.0,0.0,,0,,0.0,,,0.0
LN0001840,2023-08,0.0,0.0,0.0,0.0,,0,,0.0,,,0.0
LN0001838,2021-05,0.0,0.0,0.0,0.0,,0,,0.0,,,0.0
LN0000720,2024-02,0.0,0.0,0.0,0.0,,0,,0.0,,,0.0
LN0003813,2021-03,0.0,0.0,0.0,0.0,,0,,0.0,,,0.0
LN0004685,2024-02,0.0,0.0,0.0,0.0,,0,,0.0,,,0.0
LN0002627,2023-06,0.0,0.0,0.0,0.0,,0,,0.0,,,0.0
LN0004977,2024-03,0.0,0.0,0.0,0.0,,0,,0.0,,,0.0
LN0002600,2025-02,0.0,0.0,0.0,0.0,,0,,0.0,,,0.0
LN0002905,2020-10,0.0,0.0,0.0,0.0,,0,,0.0,,,0.0
LN0004631,2022-11,0.0,0.0,0.0,0.0,,0,,0.0,,,0.0
LN0000243,2024-03,0.0,0.0,0.0,0.0,,0,,0.0,,,0.0
LN0003309,2020-11,0.0,0.0,0.0,0.0,,0,,0.0,,,0.0
LN0000973,2025-02,0.0,0.0,0.0,0.0,,0,,0.0,,,0.0
LN0003321,2023-06,0.0,0.0,0.0,0.0,,0,,0.0,,,0.0
LN0004762,2022-10,0.0,0.0,0.0,0.0,,0,,0.0,,,0.0
LN0004667,2021-05,0.0,0.0,0.0,0.0,,0,,0.0,,,0.0
LN0002635,2021-07,0.0,0.0,0.0,0.0,,0,,0.0,,,0.0
LN0002969,2023-08,0.0,0.0,0.0,0.0,,0,,0.0,,,0.0
LN0004466,2022-10,0.0,0.0,0.0,0.0,,0,,0.0,,,0.0
LN0003911,2025-08,0.0,0.0,0.0,0.0,,0,,0.0,,,0.0
LN0002212,2021-05,0.0,0.0,0.0,0.0,,0,,0.0,,,0.0
LN0002154,2022-03,0.0,0.0,0.0,0.0,,0,,0.0,,,0.0
LN0003363,2025-03,0.0,0.0,0.0,0.0,,0,,0.0,,,0.0
LN0004299,2023-03,0.0,0.0,0.0,0.0,,0,,0.0,,,0.0
LN0004456,2025-11,0.0,0.0,0.0,0.0,,0,,0.0,,,0.0
LN0001678,2022-04,0.0,0.0,0.0,0.0,,0,,0.0,,,0.0
LN0001514,2025-02,0.0,0.0,0.0,0.0,,0,,0.0,,,0.0
LN0001924,2024-11,0.0,0.0,0.0,0.0,,0,,0.0,,,0.0
LN0002595,2022-09,0.0,0.0,0.0,0.0,,0,,0.0,,,0.0
LN0001904,2021-04,0.0,0.0,0.0,0.0,,0,,0.0,,,0.0
LN0003930,2022-11,0.0,0.0,0.0,0.0,,0,,0.0,,,0.0
LN0004886,2023-02,0.0,0.0,0.0,0.0,,0,,0.0,,,0.0
LN0001314,2023-09,0.0,0.0,0.0,0.0,,0,,0.0,,,0.0
LN0003742,2020-08,0.0,0.0,0.0,0.0,,0,,0.0,,,0.0
LN0003592,2021-04,0.0,0.0,0.0,0.0,,0,,0.0,,,0.0
LN0002478,2021-03,0.0,0.0,0.0,0.0,,0,,0.0,,,0.0
LN0004459,2022-04,0.0,0.0,0.0,0.0,,0,,0.0,,,0.0
LN0002981,2022-06,0.0,0.0,0.0,0.0,,0,,0.0,,,0.0
LN0003911,2024-11,0.0,0.0,0.0,0.0,,0,,0.0,,,0.0
LN0003170,2022-04,0.0,0.0,0.0,0.0,,0,,0.0,,,0.0
LN0000307,2022-09,0.0,0.0,0.0,0.0,,0,,0.0,,,0.0
LN0003861,2021-11,0.0,0.0,0.0,0.0,,0,,0.0,,,0.0
LN0004137,2024-12,0.0,0.0,0.0,0.0,,0,,0.0,,,0.0
LN0002222,2021-11,0.0,0.0,0.0,0.0,,0,,0.0,,,0.0
LN0004558,2023-07,0.0,0.0,0.0,0.0,,0,,0.0,,,0.0
LN0000887,2020-12,0.0,0.0,0.0,0.0,,0,,0.0,,,0.0
LN0002148,2022-06,0.0,0.0,0.0,0.0,,0,,0.0,,,0.0
LN0000793,2021-12,0.0,0.0,0.0,0.0,,0,,0.0,,,0.0
LN0004658,2021-02,0.0,0.0,0.0,0.0,,0,,0.0,,,0.0
LN0003279,2024-09,0.0,0.0,0.0,0.0,,0,,0.0,,,0.0
LN0002179,2023-12,0.0,0.0,0.0,0.0,,0,,0.0,,,0.0
LN0000793,2022-03,0.0,0.0,0.0,0.0,,0,,0.0,,,0.0
LN0000706,2021-11,0.0,0.0,0.0,0.0,,0,,0.0,,,0.0
LN0001267,2021-10,0.0,0.0,0.0,0.0,,0,,0.0,,,0.0
LN0004060,2023-11,0.0,0.0,0.0,0.0,,0,,0.0,,,0.0
LN0000680,2025-05,0.0,0.0,0.0,0.0,,0,,0.0,,,0.0
LN0001860,2021-04,0.0,0.0,0.0,0.0,,0,,0.0,,,0.0
LN0004868,2024-11,0.0,0.0,0.0,0.0,,0,,0.0,,,0.0
LN0004248,2021-08,0.0,0.0,0.0,0.0,,0,,0.0,,,0.0
LN0000227,2021-11,0.0,0.0,0.0,0.0,,0,,0.0,,,0.0
LN0000279,2022-01,0.0,0.0,0.0,0.0,,0,,0.0,,,0.0
LN0004719,2024-03,0.0,0.0,0.0,0.0,,0,,0.0,,,0.0
LN0000918,2021-10,0.0,0.0,0.0,0.0,,0,,0.0,,,0.0
LN0001760,2021-09,0.0,0.0,0.0,0.0,,0,,0.0,,,0.0
LN0004554,2023-12,0.0,0.0,0.0,0.0,,0,,0.0,,,0.0
LN0002029,2024-12,0.0,0.0,0.0,0.0,,0,,0.0,,,0.0
LN0002705,2022-04,0.0,0.0,0.0,0.0,,0,,0.0,,,0.0
LN0002981,2021-12,0.0,0.0,0.0,0.0,,0,,0.0,,,0.0
LN0004733,2024-09,0.0,0.0,0.0,0.0,,0,,0.0,,,0.0
LN0000705,2024-08,0.0,0.0,0.0,0.0,,0,,0.0,,,0.0
LN0003086,2023-08,0.0,0.0,0.0,0.0,,0,,0.0,,,0.0
LN0003994,2022-07,0.0,0.0,0.0,0.0,,0,,0.0,,,0.0
LN0003059,2023-08,0.0,0.0,0.0,0.0,,0,,0.0,,,0.0
LN0001091,2024-11,0.0,0.0,0.0,0.0,,0,,0.0,,,0.0
LN0003724,2022-06,0.0,0.0,0.0,0.0,,0,,0.0,,,0.0
LN0002226,2022-04,0.0,0.0,0.0,0.0,,0,,0.0,,,0.0
LN0000936,2023-09,0.0,0.0,0.0,0.0,,0,,0.0,,,0.0
LN0003674,2023-07,0.0,0.0,0.0,0.0,,0,,0.0,,,0.0
LN0000578,2024-05,0.0,0.0,0.0,0.0,,0,,0.0,,,0.0
LN0003422,2020-09,0.0,0.0,0.0,0.0,,0,,0.0,,,0.0
LN0000068,2024-07,0.0,0.0,0.0,0.0,,0,,0.0,,,0.0
LN0002447,2023-01,0.0,0.0,0.0,0.0,,0,,0.0,,,0.0
LN0000471,2024-08,0.0,0.0,0.0,0.0,,0,,0.0,,,0.0
LN0001390,2023-03,0.0,0.0,0.0,0.0,,0,,0.0,,,0.0
LN0003909,2025-10,0.0,0.0,0.0,0.0,,0,,0.0,,,0.0
LN0002234,2022-01,0.0,0.0,0.0,0.0,,0,,0.0,,,0.0
LN0004720,2023-07,0.0,0.0,0.0,0.0,,0,,0.0,,,0.0
LN0004772,2025-04,0.0,0.0,0.0,0.0,,0,,0.0,,,0.0
LN0002605,2021-04,0.0,0.0,0.0,0.0,,0,,0.0,,,0.0
LN0000705,2024-02,0.0,0.0,0.0,0.0,,0,,0.0,,,0.0
LN0000302,2024-11,0.0,0.0,0.0,0.0,,0,,0.0,,,0.0
LN0001390,2023-06,0.0,0.0,0.0,0.0,,0,,0.0,,,0.0
LN0000227,2022-01,0.0,0.0,0.0,0.0,,0,,0.0,,,0.0
LN0002373,2023-04,0.0,0.0,0.0,0.0,,0,,0.0,,,0.0
LN0004804,2025-04,0.0,0.0,0.0,0.0,,0,,0.0,,,0.0
LN0001547,2025-04,0.0,0.0,0.0,0.0,,0,,0.0,,,0.0
LN0003193,2024-10,0.0,0.0,0.0,0.0,,0,,0.0,,,0.0
LN0000332,2021-11,0.0,0.0,0.0,0.0,,0,,0.0,,,0.0
LN0000156,2021-02,0.0,0.0,0.0,0.0,,0,,0.0,,,0.0
LN0002772,2021-10,0.0,0.0,0.0,0.0,,0,,0.0,,,0.0
LN0002109,2023-04,0.0,0.0,0.0,0.0,,0,,0.0,,,0.0
LN0000677,2021-03,0.0,0.0,0.0,0.0,,0,,0.0,,,0.0
LN0003321,2023-03,0.0,0.0,0.0,0.0,,0,,0.0,,,0.0
LN0001195,2025-02,0.0,0.0,0.0,0.0,,0,,0.0,,,0.0
LN0001205,2020-10,0.0,0.0,0.0,0.0,,0,,0.0,,,0.0
LN0004196,2022-07,0.0,0.0,0.0,0.0,,0,,0.0,,,0.0
LN0000720,2024-08,0.0,0.0,0.0,0.0,,0,,0.0,,,0.0
LN0002525,2024-08,0.0,0.0,0.0,0.0,,0,,0.0,,,0.0
LN0004055,2024-06,0.0,0.0,0.0,0.0,,0,,0.0,,,0.0
LN0004201,2024-03,0.0,0.0,0.0,0.0,,0,,0.0,,,0.0
LN0003259,2021-10,0.0,0.0,0.0,0.0,,0,,0.0,,,0.0
LN0003122,2021-09,0.0,0.0,0.0,0.0,,0,,0.0,,,0.0
LN0003392,2024-07,0.0,0.0,0.0,0.0,,0,,0.0,,,0.0
LN0002670,2024-10,0.0,0.0,0.0,0.0,,0,,0.0,,,0.0
LN0002969,2023-11,0.0,0.0,0.0,0.0,,0,,0.0,,,0.0
LN0004325,2023-01,0.0,0.0,0.0,0.0,,0,,0.0,,,0.0
LN0002901,2025-04,0.0,0.0,0.0,0.0,,0,,0.0,,,0.0
LN0001000,2023-01,0.0,0.0,0.0,0.0,,0,,0.0,,,0.0
LN0000279,2023-05,0.0,0.0,0.0,0.0,,0,,0.0,,,0.0
LN0004095,2020-07,0.0,0.0,0.0,0.0,,0,,0.0,,,0.0
LN0003562,2022-02,0.0,0.0,0.0,0.0,,0,,0.0,,,0.0
LN0000924,2023-11,0.0,0.0,0.0,0.0,,0,,0.0,,,0.0
LN0001510,2023-08,0.0,0.0,0.0,0.0,,0,,0.0,,,0.0
LN0001709,2023-07,0.0,0.0,0.0,0.0,,0,,0.0,,,0.0
LN0004549,2020-09,0.0,0.0,0.0,0.0,,0,,0.0,,,0.0
LN0004943,2021-07,0.0,0.0,0.0,0.0,,0,,0.0,,,0.0
LN0004017,2022-06,0.0,0.0,0.0,0.0,,0,,0.0,,,0.0
LN0004855,2020-04,0.0,0.0,0.0,0.0,,0,,0.0,,,0.0
LN0001588,2024-08,0.0,0.0,0.0,0.0,,0,,0.0,,,0.0
LN0002630,2023-02,0.0,0.0,0.0,0.0,,0,,0.0,,,0.0
LN0001669,2024-11,0.0,0.0,0.0,0.0,,0,,0.0,,,0.0
LN0004117,2025-02,0.0,0.0,0.0,0.0,,0,,0.0,,,0.0
LN0003259,2022-07,0.0,0.0,0.0,0.0,,0,,0.0,,,0.0
LN0004627,2023-07,0.0,0.0,0.0,0.0,,0,,0.0,,,0.0
LN0002728,2022-10,0.0,0.0,0.0,0.0,,0,,0.0,,,0.0
LN0004456,2025-07,0.0,0.0,0.0,0.0,,0,,0.0,,,0.0
LN0003693,2026-03,0.0,0.0,0.0,0.0,,0,,0.0,,,0.0
LN0004706,2023-02,0.0,0.0,0.0,0.0,,0,,0.0,,,0.0
LN0002358,2023-12,0.0,0.0,0.0,0.0,,0,,0.0,,,0.0
LN0002877,2025-05,0.0,0.0,0.0,0.0,,0,,0.0,,,0.0
LN0000387,2023-01,0.0,0.0,0.0,0.0,,0,,0.0,,,0.0
LN0003933,2024-03,0.0,0.0,0.0,0.0,,0,,0.0,,,0.0
LN0002505,2024-09,0.0,0.0,0.0,0.0,,0,,0.0,,,0.0
LN0000126,2024-07,0.0,0.0,0.0,0.0,,0,,0.0,,,0.0
LN0004384,2025-02,0.0,0.0,0.0,0.0,,0,,0.0,,,0.0
LN0004518,2023-04,0.0,0.0,0.0,0.0,,0,,0.0,,,0.0
LN0001105,2023-05,0.0,0.0,0.0,0.0,,0,,0.0,,,0.0
LN0002526,2022-09,0.0,0.0,0.0,0.0,,0,,0.0,,,0.0
LN0004720,2022-12,0.0,0.0,0.0,0.0,,0,,0.0,,,0.0
LN0002358,2024-06,0.0,0.0,0.0,0.0,,0,,0.0,,,0.0
LN0000706,2022-02,0.0,0.0,0.0,0.0,,0,,0.0,,,0.0
LN0001604,2021-05,0.0,0.0,0.0,0.0,,0,,0.0,,,0.0
LN0001944,2026-04,0.0,0.0,0.0,0.0,,0,,0.0,,,0.0
LN0000747,2020-06,0.0,0.0,0.0,0.0,,0,,0.0,,,0.0
LN0002476,2023-11,0.0,0.0,0.0,0.0,,0,,0.0,,,0.0
LN0003216,2025-10,0.0,0.0,0.0,0.0,,0,,0.0,,,0.0
LN0003697,2021-03,0.0,0.0,0.0,0.0,,0,,0.0,,,0.0
LN0000161,2023-04,0.0,0.0,0.0,0.0,,0,,0.0,,,0.0
LN0004055,2024-07,0.0,0.0,0.0,0.0,,0,,0.0,,,0.0
LN0002063,2021-03,0.0,0.0,0.0,0.0,,0,,0.0,,,0.0
LN0001924,2024-08,0.0,0.0,0.0,0.0,,0,,0.0,,,0.0
LN0004924,2024-11,0.0,0.0,0.0,0.0,,0,,0.0,,,0.0
LN0000930,2023-12,0.0,0.0,0.0,0.0,,0,,0.0,,,0.0
LN0003832,2023-10,0.0,0.0,0.0,0.0,,0,,0.0,,,0.0
LN0000019,2023-02,0.0,0.0,0.0,0.0,,0,,0.0,,,0.0
LN0002344,2023-08,0.0,0.0,0.0,0.0,,0,,0.0,,,0.0
LN0004239,2023-08,0.0,0.0,0.0,0.0,,0,,0.0,,,0.0
LN0000672,2023-11,0.0,0.0,0.0,0.0,,0,,0.0,,,0.0
LN0002933,2022-07,0.0,0.0,0.0,0.0,,0,,0.0,,,0.0
LN0004041,2025-03,0.0,0.0,0.0,0.0,,0,,0.0,,,0.0
LN0001686,2023-05,0.0,0.0,0.0,0.0,,0,,0.0,,,0.0
LN0003649,2025-03,0.0,0.0,0.0,0.0,,0,,0.0,,,0.0
LN0003481,2025-07,0.0,0.0,0.0,0.0,,0,,0.0,,,0.0
LN0004411,2021-02,0.0,0.0,0.0,0.0,,0,,0.0,,,0.0
LN0000888,2025-05,0.0,0.0,0.0,0.0,,0,,0.0,,,0.0
LN0001724,2024-05,0.0,0.0,0.0,0.0,,0,,0.0,,,0.0
LN0004795,2021-12,0.0,0.0,0.0,0.0,,0,,0.0,,,0.0
LN0002063,2020-09,0.0,0.0,0.0,0.0,,0,,0.0,,,0.0
LN0004413,2022-04,0.0,0.0,0.0,0.0,,0,,0.0,,,0.0
LN0003289,2023-01,0.0,0.0,0.0,0.0,,0,,0.0,,,0.0
LN0000307,2021-09,0.0,0.0,0.0,0.0,,0,,0.0,,,0.0
LN0003401,2021-02,0.0,0.0,0.0,0.0,,0,,0.0,,,0.0
LN0004095,2021-03,0.0,0.0,0.0,0.0,,0,,0.0,,,0.0
LN0001710,2026-04,0.0,0.0,0.0,0.0,,0,,0.0,,,0.0
LN0003956,2025-05,0.0,0.0,0.0,0.0,,0,,0.0,,,0.0
LN0000920,2022-08,0.0,0.0,0.0,0.0,,0,,0.0,,,0.0
LN0004616,2025-06,0.0,0.0,0.0,0.0,,0,,0.0,,,0.0
LN0000058,2021-07,0.0,0.0,0.0,0.0,,0,,0.0,,,0.0
LN0003442,2024-09,0.0,0.0,0.0,0.0,,0,,0.0,,,0.0
LN0003742,2021-02,0.0,0.0,0.0,0.0,,0,,0.0,,,0.0
LN0002488,2023-08,0.0,0.0,0.0,0.0,,0,,0.0,,,0.0
LN0003580,2020-07,0.0,0.0,0.0,0.0,,0,,0.0,,,0.0
LN0004664,2022-02,0.0,0.0,0.0,0.0,,0,,0.0,,,0.0
LN0004898,2025-01,0.0,0.0,0.0,0.0,,0,,0.0,,,0.0
LN0003816,2022-02,0.0,0.0,0.0,0.0,,0,,0.0,,,0.0
LN0001259,2025-05,0.0,0.0,0.0,0.0,,0,,0.0,,,0.0
LN0003122,2021-07,0.0,0.0,0.0,0.0,,0,,0.0,,,0.0
LN0002323,2021-12,0.0,0.0,0.0,0.0,,0,,0.0,,,0.0
LN0003220,2022-09,0.0,0.0,0.0,0.0,,0,,0.0,,,0.0
LN0003846,2022-07,0.0,0.0,0.0,0.0,,0,,0.0,,,0.0
LN0004456,2025-01,0.0,0.0,0.0,0.0,,0,,0.0,,,0.0
LN0000059,2024-12,0.0,0.0,0.0,0.0,,0,,0.0,,,0.0
LN0001750,2022-10,0.0,0.0,0.0,0.0,,0,,0.0,,,0.0
LN0001388,2022-02,0.0,0.0,0.0,0.0,,0,,0.0,,,0.0
LN0004706,2023-07,0.0,0.0,0.0,0.0,,0,,0.0,,,0.0
LN0000239,2021-02,0.0,0.0,0.0,0.0,,0,,0.0,,,0.0
LN0000106,2023-09,0.0,0.0,0.0,0.0,,0,,0.0,,,0.0
LN0004150,2020-10,0.0,0.0,0.0,0.0,,0,,0.0,,,0.0
LN0003724,2022-05,0.0,0.0,0.0,0.0,,0,,0.0,,,0.0
LN0004753,2020-06,0.0,0.0,0.0,0.0,,0,,0.0,,,0.0
LN0004571,2021-03,0.0,0.0,0.0,0.0,,0,,0.0,,,0.0
LN0004554,2024-05,0.0,0.0,0.0,0.0,,0,,0.0,,,0.0
LN0001838,2022-02,0.0,0.0,0.0,0.0,,0,,0.0,,,0.0
LN0002847,2024-06,0.0,0.0,0.0,0.0,,0,,0.0,,,0.0
LN0002612,2023-07,0.0,0.0,0.0,0.0,,0,,0.0,,,0.0
LN0002344,2023-11,0.0,0.0,0.0,0.0,,0,,0.0,,,0.0
LN0001236,2022-11,0.0,0.0,0.0,0.0,,0,,0.0,,,0.0
LN0004737,2023-04,0.0,0.0,0.0,0.0,,0,,0.0,,,0.0
LN0002613,2025-07,0.0,0.0,0.0,0.0,,0,,0.0,,,0.0
LN0004652,2021-05,0.0,0.0,0.0,0.0,,0,,0.0,,,0.0
LN0004343,2024-08,0.0,0.0,0.0,0.0,,0,,0.0,,,0.0
LN0000059,2025-07,0.0,0.0,0.0,0.0,,0,,0.0,,,0.0
LN0004855,2020-05,0.0,0.0,0.0,0.0,,0,,0.0,,,0.0
LN0004977,2024-07,0.0,0.0,0.0,0.0,,0,,0.0,,,0.0
LN0001263,2024-06,0.0,0.0,0.0,0.0,,0,,0.0,,,0.0
LN0002998,2023-08,0.0,0.0,0.0,0.0,,0,,0.0,,,0.0
LN0004840,2025-09,0.0,0.0,0.0,0.0,,0,,0.0,,,0.0
LN0004126,2024-08,0.0,0.0,0.0,0.0,,0,,0.0,,,0.0
LN0000671,2020-08,0.0,0.0,0.0,0.0,,0,,0.0,,,0.0
LN0000311,2022-02,0.0,0.0,0.0,0.0,,0,,0.0,,,0.0
LN0001190,2024-02,0.0,0.0,0.0,0.0,,0,,0.0,,,0.0
LN0000805,2023-12,0.0,0.0,0.0,0.0,,0,,0.0,,,0.0
LN0001808,2023-09,0.0,0.0,0.0,0.0,,0,,0.0,,,0.0
LN0003846,2021-11,0.0,0.0,0.0,0.0,,0,,0.0,,,0.0
LN0000366,2023-04,0.0,0.0,0.0,0.0,,0,,0.0,,,0.0
LN0001783,2023-02,0.0,0.0,0.0,0.0,,0,,0.0,,,0.0
LN0000837,2024-09,0.0,0.0,0.0,0.0,,0,,0.0,,,0.0
LN0003993,2023-07,0.0,0.0,0.0,0.0,,0,,0.0,,,0.0
LN0003321,2023-10,0.0,0.0,0.0,0.0,,0,,0.0,,,0.0
LN0003035,2025-11,0.0,0.0,0.0,0.0,,0,,0.0,,,0.0
LN0001227,2025-01,0.0,0.0,0.0,0.0,,0,,0.0,,,0.0
LN0001962,2021-02,0.0,0.0,0.0,0.0,,0,,0.0,,,0.0
LN0002655,2021-03,0.0,0.0,0.0,0.0,,0,,0.0,,,0.0
LN0003072,2022-03,0.0,0.0,0.0,0.0,,0,,0.0,,,0.0
LN0003422,2020-10,0.0,0.0,0.0,0.0,,0,,0.0,,,0.0
LN0002306,2024-09,0.0,0.0,0.0,0.0,,0,,0.0,,,0.0
LN0004393,2025-04,0.0,0.0,0.0,0.0,,0,,0.0,,,0.0
LN0003909,2025-02,0.0,0.0,0.0,0.0,,0,,0.0,,,0.0
LN0002029,2024-08,0.0,0.0,0.0,0.0,,0,,0.0,,,0.0
LN0003037,2021-09,0.0,0.0,0.0,0.0,,0,,0.0,,,0.0
LN0003059,2023-03,0.0,0.0,0.0,0.0,,0,,0.0,,,0.0
LN0002764,2022-12,0.0,0.0,0.0,0.0,,0,,0.0,,,0.0
LN0004951,2023-11,0.0,0.0,0.0,0.0,,0,,0.0,,,0.0
LN0000569,2024-03,0.0,0.0,0.0,0.0,,0,,0.0,,,0.0
LN0003755,2023-12,0.0,0.0,0.0,0.0,,0,,0.0,,,0.0
LN0004636,2022-02,0.0,0.0,0.0,0.0,,0,,0.0,,,0.0
LN0001208,2021-03,0.0,0.0,0.0,0.0,,0,,0.0,,,0.0
LN0001234,2023-11,0.0,0.0,0.0,0.0,,0,,0.0,,,0.0
LN0001573,2021-08,0.0,0.0,0.0,0.0,,0,,0.0,,,0.0
LN0000508,2022-12,0.0,0.0,0.0,0.0,,0,,0.0,,,0.0
LN0000394,2024-08,0.0,0.0,0.0,0.0,,0,,0.0,,,0.0
LN0001408,2023-12,0.0,0.0,0.0,0.0,,0,,0.0,,,0.0
LN0001227,2024-08,0.0,0.0,0.0,0.0,,0,,0.0,,,0.0
LN0004382,2023-07,0.0,0.0,0.0,0.0,,0,,0.0,,,0.0
LN0001363,2023-03,0.0,0.0,0.0,0.0,,0,,0.0,,,0.0
LN0000918,2021-01,0.0,0.0,0.0,0.0,,0,,0.0,,,0.0
LN0004413,2021-03,0.0,0.0,0.0,0.0,,0,,0.0,,,0.0
LN0000004,2023-03,0.0,0.0,0.0,0.0,,0,,0.0,,,0.0
LN0004828,2021-01,0.0,0.0,0.0,0.0,,0,,0.0,,,0.0
LN0003052,2022-08,0.0,0.0,0.0,0.0,,0,,0.0,,,0.0
LN0002828,2023-02,0.0,0.0,0.0,0.0,,0,,0.0,,,0.0
LN0000307,2022-07,0.0,0.0,0.0,0.0,,0,,0.0,,,0.0
LN0000477,2020-10,0.0,0.0,0.0,0.0,,0,,0.0,,,0.0
LN0002958,2023-03,0.0,0.0,0.0,0.0,,0,,0.0,,,0.0
LN0000571,2020-08,0.0,0.0,0.0,0.0,,0,,0.0,,,0.0
LN0004652,2022-06,0.0,0.0,0.0,0.0,,0,,0.0,,,0.0
LN0000655,2020-12,0.0,0.0,0.0,0.0,,0,,0.0,,,0.0
LN0000723,2024-11,0.0,0.0,0.0,0.0,,0,,0.0,,,0.0
LN0003191,2022-12,0.0,0.0,0.0,0.0,,0,,0.0,,,0.0
LN0003503,2021-12,0.0,0.0,0.0,0.0,,0,,0.0,,,0.0
LN0004518,2023-02,0.0,0.0,0.0,0.0,,0,,0.0,,,0.0
LN0000693,2023-06,0.0,0.0,0.0,0.0,,0,,0.0,,,0.0
LN0000405,2023-09,0.0,0.0,0.0,0.0,,0,,0.0,,,0.0
LN0003337,2025-07,0.0,0.0,0.0,0.0,,0,,0.0,,,0.0
LN0004070,2022-03,0.0,0.0,0.0,0.0,,0,,0.0,,,0.0
LN0000964,2024-11,0.0,0.0,0.0,0.0,,0,,0.0,,,0.0
LN0002823,2024-08,0.0,0.0,0.0,0.0,,0,,0.0,,,0.0
LN0004716,2023-05,0.0,0.0,0.0,0.0,,0,,0.0,,,0.0
LN0000297,2020-12,0.0,0.0,0.0,0.0,,0,,0.0,,,0.0
LN0000167,2021-05,0.0,0.0,0.0,0.0,,0,,0.0,,,0.0
LN0001304,2022-04,0.0,0.0,0.0,0.0,,0,,0.0,,,0.0
LN0000920,2022-04,0.0,0.0,0.0,0.0,,0,,0.0,,,0.0
LN0003993,2022-07,0.0,0.0,0.0,0.0,,0,,0.0,,,0.0
LN0003813,2020-11,0.0,0.0,0.0,0.0,,0,,0.0,,,0.0
LN0004975,2024-05,0.0,0.0,0.0,0.0,,0,,0.0,,,0.0
LN0000992,2021-09,0.0,0.0,0.0,0.0,,0,,0.0,,,0.0
LN0001179,2022-08,0.0,0.0,0.0,0.0,,0,,0.0,,,0.0
LN0003142,2021-09,0.0,0.0,0.0,0.0,,0,,0.0,,,0.0
LN0002398,2023-07,0.0,0.0,0.0,0.0,,0,,0.0,,,0.0
LN0002468,2023-04,0.0,0.0,0.0,0.0,,0,,0.0,,,0.0
LN0000677,2021-10,0.0,0.0,0.0,0.0,,0,,0.0,,,0.0
LN0000297,2020-11,0.0,0.0,0.0,0.0,,0,,0.0,,,0.0
LN0003813,2020-12,0.0,0.0,0.0,0.0,,0,,0.0,,,0.0
LN0004074,2021-02,0.0,0.0,0.0,0.0,,0,,0.0,,,0.0
LN0004672,2024-07,0.0,0.0,0.0,0.0,,0,,0.0,,,0.0
LN0000109,2024-01,0.0,0.0,0.0,0.0,,0,,0.0,,,0.0
LN0002981,2022-07,0.0,0.0,0.0,0.0,,0,,0.0,,,0.0
LN0003993,2023-01,0.0,0.0,0.0,0.0,,0,,0.0,,,0.0
LN0002458,2023-03,0.0,0.0,0.0,0.0,,0,,0.0,,,0.0
LN0002668,2023-11,0.0,0.0,0.0,0.0,,0,,0.0,,,0.0
LN0002612,2024-01,0.0,0.0,0.0,0.0,,0,,0.0,,,0.0
LN0001858,2021-04,0.0,0.0,0.0,0.0,,0,,0.0,,,0.0
LN0000897,2023-03,0.0,0.0,0.0,0.0,,0,,0.0,,,0.0
LN0001791,2022-10,0.0,0.0,0.0,0.0,,0,,0.0,,,0.0
LN0000804,2020-12,0.0,0.0,0.0,0.0,,0,,0.0,,,0.0
LN0000508,2022-08,0.0,0.0,0.0,0.0,,0,,0.0,,,0.0
LN0000010,2024-01,0.0,0.0,0.0,0.0,,0,,0.0,,,0.0
LN0004799,2025-10,0.0,0.0,0.0,0.0,,0,,0.0,,,0.0
LN0000192,2022-12,0.0,0.0,0.0,0.0,,0,,0.0,,,0.0
LN0000723,2024-06,0.0,0.0,0.0,0.0,,0,,0.0,,,0.0
LN0001721,2026-03,0.0,0.0,0.0,0.0,,0,,0.0,,,0.0
LN0000793,2021-10,0.0,0.0,0.0,0.0,,0,,0.0,,,0.0
LN0004960,2023-06,0.0,0.0,0.0,0.0,,0,,0.0,,,0.0
LN0001826,2020-12,0.0,0.0,0.0,0.0,,0,,0.0,,,0.0
LN0004411,2021-12,0.0,0.0,0.0,0.0,,0,,0.0,,,0.0
LN0000584,2021-08,0.0,0.0,0.0,0.0,,0,,0.0,,,0.0
LN0004115,2021-04,0.0,0.0,0.0,0.0,,0,,0.0,,,0.0
LN0004169,2024-03,0.0,0.0,0.0,0.0,,0,,0.0,,,0.0
LN0003197,2021-07,0.0,0.0,0.0,0.0,,0,,0.0,,,0.0
LN0003866,2023-07,0.0,0.0,0.0,0.0,,0,,0.0,,,0.0
LN0004840,2025-03,0.0,0.0,0.0,0.0,,0,,0.0,,,0.0
LN0004222,2024-05,0.0,0.0,0.0,0.0,,0,,0.0,,,0.0
LN0003059,2022-09,0.0,0.0,0.0,0.0,,0,,0.0,,,0.0
LN0001091,2025-07,0.0,0.0,0.0,0.0,,0,,0.0,,,0.0
LN0003549,2023-10,0.0,0.0,0.0,0.0,,0,,0.0,,,0.0
LN0002506,2024-03,0.0,0.0,0.0,0.0,,0,,0.0,,,0.0
LN0004536,2023-12,0.0,0.0,0.0,0.0,,0,,0.0,,,0.0
LN0001139,2025-10,0.0,0.0,0.0,0.0,,0,,0.0,,,0.0
LN0000387,2024-01,0.0,0.0,0.0,0.0,,0,,0.0,,,0.0
LN0003841,2025-06,0.0,0.0,0.0,0.0,,0,,0.0,,,0.0
LN0002164,2020-03,0.0,0.0,0.0,0.0,,0,,0.0,,,0.0
LN0002029,2024-11,0.0,0.0,0.0,0.0,,0,,0.0,,,0.0
LN0000289,2025-05,0.0,0.0,0.0,0.0,,0,,0.0,,,0.0
LN0001408,2023-06,0.0,0.0,0.0,0.0,,0,,0.0,,,0.0
LN0000378,2025-09,0.0,0.0,0.0,0.0,,0,,0.0,,,0.0
LN0004933,2022-06,0.0,0.0,0.0,0.0,,0,,0.0,,,0.0
LN0004336,2020-12,0.0,0.0,0.0,0.0,,0,,0.0,,,0.0
LN0000384,2022-09,0.0,0.0,0.0,0.0,,0,,0.0,,,0.0
LN0004516,2025-04,0.0,0.0,0.0,0.0,,0,,0.0,,,0.0
LN0001185,2020-08,0.0,0.0,0.0,0.0,,0,,0.0,,,0.0
LN0000020,2021-07,0.0,0.0,0.0,0.0,,0,,0.0,,,0.0
LN0001156,2022-10,0.0,0.0,0.0,0.0,,0,,0.0,,,0.0
LN0004445,2024-05,0.0,0.0,0.0,0.0,,0,,0.0,,,0.0
LN0001806,2022-01,0.0,0.0,0.0,0.0,,0,,0.0,,,0.0
LN0001491,2023-10,0.0,0.0,0.0,0.0,,0,,0.0,,,0.0
LN0004167,2023-06,0.0,0.0,0.0,0.0,,0,,0.0,,,0.0
LN0001698,2022-01,0.0,0.0,0.0,0.0,,0,,0.0,,,0.0
LN0001456,2023-08,0.0,0.0,0.0,0.0,,0,,0.0,,,0.0
LN0003752,2023-05,0.0,0.0,0.0,0.0,,0,,0.0,,,0.0
LN0001831,2024-01,0.0,0.0,0.0,0.0,,0,,0.0,,,0.0
LN0000020,2021-11,0.0,0.0,0.0,0.0,,0,,0.0,,,0.0
LN0004807,2023-09,0.0,0.0,0.0,0.0,,0,,0.0,,,0.0
LN0000421,2025-10,0.0,0.0,0.0,0.0,,0,,0.0,,,0.0
LN0003170,2021-09,0.0,0.0,0.0,0.0,,0,,0.0,,,0.0
LN0001196,2024-03,0.0,0.0,0.0,0.0,,0,,0.0,,,0.0
LN0000222,2020-10,0.0,0.0,0.0,0.0,,0,,0.0,,,0.0
LN0001664,2025-04,0.0,0.0,0.0,0.0,,0,,0.0,,,0.0
LN0001870,2020-06,0.0,0.0,0.0,0.0,,0,,0.0,,,0.0
LN0000332,2022-05,0.0,0.0,0.0,0.0,,0,,0.0,,,0.0
LN0003811,2024-08,0.0,0.0,0.0,0.0,,0,,0.0,,,0.0
LN0002668,2022-08,0.0,0.0,0.0,0.0,,0,,0.0,,,0.0
LN0004017,2023-04,0.0,0.0,0.0,0.0,,0,,0.0,,,0.0
LN0001304,2022-05,0.0,0.0,0.0,0.0,,0,,0.0,,,0.0
LN0003309,2021-05,0.0,0.0,0.0,0.0,,0,,0.0,,,0.0
LN0004672,2024-11,0.0,0.0,0.0,0.0,,0,,0.0,,,0.0
LN0001196,2024-06,0.0,0.0,0.0,0.0,,0,,0.0,,,0.0
LN0004254,2021-01,0.0,0.0,0.0,0.0,,0,,0.0,,,0.0
LN0001156,2022-08,0.0,0.0,0.0,0.0,,0,,0.0,,,0.0
LN0004382,2024-02,0.0,0.0,0.0,0.0,,0,,0.0,,,0.0
LN0003386,2024-10,0.0,0.0,0.0,0.0,,0,,0.0,,,0.0
LN0000546,2021-01,0.0,0.0,0.0,0.0,,0,,0.0,,,0.0
LN0004374,2020-10,0.0,0.0,0.0,0.0,,0,,0.0,,,0.0
LN0004818,2020-06,0.0,0.0,0.0,0.0,,0,,0.0,,,0.0
LN0004536,2024-03,0.0,0.0,0.0,0.0,,0,,0.0,,,0.0
LN0003422,2020-05,0.0,0.0,0.0,0.0,,0,,0.0,,,0.0
LN0003832,2022-08,0.0,0.0,0.0,0.0,,0,,0.0,,,0.0
LN0003271,2025-02,0.0,0.0,0.0,0.0,,0,,0.0,,,0.0
LN0002749,2021-04,0.0,0.0,0.0,0.0,,0,,0.0,,,0.0
LN0000652,2023-01,0.0,0.0,0.0,0.0,,0,,0.0,,,0.0
LN0003357,2021-04,0.0,0.0,0.0,0.0,,0,,0.0,,,0.0
LN0002858,2023-01,0.0,0.0,0.0,0.0,,0,,0.0,,,0.0
LN0004248,2022-05,0.0,0.0,0.0,0.0,,0,,0.0,,,0.0
LN0000079,2023-06,0.0,0.0,0.0,0.0,,0,,0.0,,,0.0
LN0001562,2023-01,0.0,0.0,0.0,0.0,,0,,0.0,,,0.0
LN0003081,2022-08,0.0,0.0,0.0,0.0,,0,,0.0,,,0.0
LN0004933,2022-11,0.0,0.0,0.0,0.0,,0,,0.0,,,0.0
LN0002187,2020-05,0.0,0.0,0.0,0.0,,0,,0.0,,,0.0
LN0004875,2023-07,0.0,0.0,0.0,0.0,,0,,0.0,,,0.0
LN0003381,2022-10,0.0,0.0,0.0,0.0,,0,,0.0,,,0.0
LN0004951,2023-07,0.0,0.0,0.0,0.0,,0,,0.0,,,0.0
LN0004495,2022-06,0.0,0.0,0.0,0.0,,0,,0.0,,,0.0
LN0003216,2025-05,0.0,0.0,0.0,0.0,,0,,0.0,,,0.0
LN0001959,2024-09,0.0,0.0,0.0,0.0,,0,,0.0,,,0.0
LN0001514,2025-06,0.0,0.0,0.0,0.0,,0,,0.0,,,0.0
LN0003279,2024-04,0.0,0.0,0.0,0.0,,0,,0.0,,,0.0
LN0003874,2025-03,0.0,0.0,0.0,0.0,,0,,0.0,,,0.0
LN0003402,2021-09,0.0,0.0,0.0,0.0,,0,,0.0,,,0.0
LN0003403,2022-07,0.0,0.0,0.0,0.0,,0,,0.0,,,0.0
LN0001349,2020-11,0.0,0.0,0.0,0.0,,0,,0.0,,,0.0
LN0004720,2023-12,0.0,0.0,0.0,0.0,,0,,0.0,,,0.0
LN0003878,2023-11,0.0,0.0,0.0,0.0,,0,,0.0,,,0.0
LN0001724,2024-09,0.0,0.0,0.0,0.0,,0,,0.0,,,0.0
LN0001227,2024-06,0.0,0.0,0.0,0.0,,0,,0.0,,,0.0
LN0000572,2024-09,0.0,0.0,0.0,0.0,,0,,0.0,,,0.0
LN0003549,2024-01,0.0,0.0,0.0,0.0,,0,,0.0,,,0.0
LN0001221,2023-10,0.0,0.0,0.0,0.0,,0,,0.0,,,0.0
LN0004840,2026-01,0.0,0.0,0.0,0.0,,0,,0.0,,,0.0
LN0002526,2021-08,0.0,0.0,0.0,0.0,,0,,0.0,,,0.0
LN0000693,2023-12,0.0,0.0,0.0,0.0,,0,,0.0,,,0.0
LN0003183,2024-12,0.0,0.0,0.0,0.0,,0,,0.0,,,0.0
LN0002478,2021-08,0.0,0.0,0.0,0.0,,0,,0.0,,,0.0
LN0004903,2025-01,0.0,0.0,0.0,0.0,,0,,0.0,,,0.0
LN0001011,2023-02,0.0,0.0,0.0,0.0,,0,,0.0,,,0.0
LN0002226,2022-09,0.0,0.0,0.0,0.0,,0,,0.0,,,0.0
LN0004629,2023-10,0.0,0.0,0.0,0.0,,0,,0.0,,,0.0
LN0000701,2023-01,0.0,0.0,0.0,0.0,,0,,0.0,,,0.0
LN0003791,2022-04,0.0,0.0,0.0,0.0,,0,,0.0,,,0.0
LN0003335,2024-07,0.0,0.0,0.0,0.0,,0,,0.0,,,0.0
LN0000161,2022-12,0.0,0.0,0.0,0.0,,0,,0.0,,,0.0
LN0001664,2025-06,0.0,0.0,0.0,0.0,,0,,0.0,,,0.0
LN0004613,2024-09,0.0,0.0,0.0,0.0,,0,,0.0,,,0.0
LN0004325,2023-02,0.0,0.0,0.0,0.0,,0,,0.0,,,0.0
LN0003072,2022-01,0.0,0.0,0.0,0.0,,0,,0.0,,,0.0
LN0001446,2021-09,0.0,0.0,0.0,0.0,,0,,0.0,,,0.0
LN0000768,2025-03,0.0,0.0,0.0,0.0,,0,,0.0,,,0.0
LN0001379,2024-01,0.0,0.0,0.0,0.0,,0,,0.0,,,0.0
LN0003700,2021-03,0.0,0.0,0.0,0.0,,0,,0.0,,,0.0
LN0004214,2021-05,0.0,0.0,0.0,0.0,,0,,0.0,,,0.0
LN0000576,2024-01,0.0,0.0,0.0,0.0,,0,,0.0,,,0.0
LN0004150,2020-06,0.0,0.0,0.0,0.0,,0,,0.0,,,0.0
LN0000804,2022-01,0.0,0.0,0.0,0.0,,0,,0.0,,,0.0
LN0004315,2024-03,0.0,0.0,0.0,0.0,,0,,0.0,,,0.0
LN0004828,2020-12,0.0,0.0,0.0,0.0,,0,,0.0,,,0.0
LN0003024,2020-12,0.0,0.0,0.0,0.0,,0,,0.0,,,0.0
LN0004017,2022-08,0.0,0.0,0.0,0.0,,0,,0.0,,,0.0
LN0000249,2021-09,0.0,0.0,0.0,0.0,,0,,0.0,,,0.0
LN0003361,2020-09,0.0,0.0,0.0,0.0,,0,,0.0,,,0.0
LN0004697,2024-04,0.0,0.0,0.0,0.0,,0,,0.0,,,0.0
LN0004339,2023-08,0.0,0.0,0.0,0.0,,0,,0.0,,,0.0
LN0001179,2022-04,0.0,0.0,0.0,0.0,,0,,0.0,,,0.0
LN0003403,2022-10,0.0,0.0,0.0,0.0,,0,,0.0,,,0.0
LN0004762,2023-08,0.0,0.0,0.0,0.0,,0,,0.0,,,0.0
LN0002969,2023-01,0.0,0.0,0.0,0.0,,0,,0.0,,,0.0
LN0001227,2024-11,0.0,0.0,0.0,0.0,,0,,0.0,,,0.0
LN0004079,2020-05,0.0,0.0,0.0,0.0,,0,,0.0,,,0.0
LN0000680,2025-09,0.0,0.0,0.0,0.0,,0,,0.0,,,0.0
LN0004636,2021-01,0.0,0.0,0.0,0.0,,0,,0.0,,,0.0
LN0001281,2022-11,0.0,0.0,0.0,0.0,,0,,0.0,,,0.0
LN0002212,2021-10,0.0,0.0,0.0,0.0,,0,,0.0,,,0.0
LN0000898,2023-06,0.0,0.0,0.0,0.0,,0,,0.0,,,0.0
LN0001139,2025-09,0.0,0.0,0.0,0.0,,0,,0.0,,,0.0
LN0000899,2022-06,0.0,0.0,0.0,0.0,,0,,0.0,,,0.0
LN0002478,2020-10,0.0,0.0,0.0,0.0,,0,,0.0,,,0.0
LN0003199,2022-05,0.0,0.0,0.0,0.0,,0,,0.0,,,0.0
LN0002483,2025-07,0.0,0.0,0.0,0.0,,0,,0.0,,,0.0
LN0002877,2025-08,0.0,0.0,0.0,0.0,,0,,0.0,,,0.0
LN0001646,2025-06,0.0,0.0,0.0,0.0,,0,,0.0,,,0.0
LN0001806,2021-11,0.0,0.0,0.0,0.0,,0,,0.0,,,0.0
LN0000743,2022-04,0.0,0.0,0.0,0.0,,0,,0.0,,,0.0
LN0004191,2021-04,0.0,0.0,0.0,0.0,,0,,0.0,,,0.0
LN0003436,2024-08,0.0,0.0,0.0,0.0,,0,,0.0,,,0.0
LN0004559,2024-07,0.0,0.0,0.0,0.0,,0,,0.0,,,0.0
LN0002072,2021-04,0.0,0.0,0.0,0.0,,0,,0.0,,,0.0
LN0003035,2025-01,0.0,0.0,0.0,0.0,,0,,0.0,,,0.0
LN0002764,2022-11,0.0,0.0,0.0,0.0,,0,,0.0,,,0.0
LN0003903,2022-01,0.0,0.0,0.0,0.0,,0,,0.0,,,0.0
LN0002877,2025-03,0.0,0.0,0.0,0.0,,0,,0.0,,,0.0
LN0001510,2023-05,0.0,0.0,0.0,0.0,,0,,0.0,,,0.0
LN0004196,2023-06,0.0,0.0,0.0,0.0,,0,,0.0,,,0.0
LN0000835,2023-11,0.0,0.0,0.0,0.0,,0,,0.0,,,0.0
LN0002753,2023-04,0.0,0.0,0.0,0.0,,0,,0.0,,,0.0
LN0001073,2025-11,0.0,0.0,0.0,0.0,,0,,0.0,,,0.0
LN0001205,2020-08,0.0,0.0,0.0,0.0,,0,,0.0,,,0.0
LN0001547,2026-05,0.0,0.0,0.0,0.0,,0,,0.0,,,0.0
LN0004315,2023-06,0.0,0.0,0.0,0.0,,0,,0.0,,,0.0
LN0001783,2022-02,0.0,0.0,0.0,0.0,,0,,0.0,,,0.0
LN0004337,2021-12,0.0,0.0,0.0,0.0,,0,,0.0,,,0.0
LN0004996,2022-10,0.0,0.0,0.0,0.0,,0,,0.0,,,0.0
LN0000192,2022-11,0.0,0.0,0.0,0.0,,0,,0.0,,,0.0
LN0003791,2022-03,0.0,0.0,0.0,0.0,,0,,0.0,,,0.0
LN0001573,2021-06,0.0,0.0,0.0,0.0,,0,,0.0,,,0.0
LN0000004,2021-11,0.0,0.0,0.0,0.0,,0,,0.0,,,0.0
LN0003503,2021-08,0.0,0.0,0.0,0.0,,0,,0.0,,,0.0
LN0001510,2023-06,0.0,0.0,0.0,0.0,,0,,0.0,,,0.0
LN0003337,2025-04,0.0,0.0,0.0,0.0,,0,,0.0,,,0.0
LN0004716,2022-09,0.0,0.0,0.0,0.0,,0,,0.0,,,0.0
LN0004672,2024-09,0.0,0.0,0.0,0.0,,0,,0.0,,,0.0
LN0000973,2025-06,0.0,0.0,0.0,0.0,,0,,0.0,,,0.0
LN0002207,2021-11,0.0,0.0,0.0,0.0,,0,,0.0,,,0.0
LN0004996,2022-07,0.0,0.0,0.0,0.0,,0,,0.0,,,0.0
LN0000432,2024-01,0.0,0.0,0.0,0.0,,0,,0.0,,,0.0
LN0000287,2021-10,0.0,0.0,0.0,0.0,,0,,0.0,,,0.0
LN0002933,2022-06,0.0,0.0,0.0,0.0,,0,,0.0,,,0.0
LN0003361,2021-02,0.0,0.0,0.0,0.0,,0,,0.0,,,0.0
LN0001277,2023-06,0.0,0.0,0.0,0.0,,0,,0.0,,,0.0
LN0003197,2022-01,0.0,0.0,0.0,0.0,,0,,0.0,,,0.0
LN0001562,2024-01,0.0,0.0,0.0,0.0,,0,,0.0,,,0.0
LN0003595,2022-04,0.0,0.0,0.0,0.0,,0,,0.0,,,0.0
LN0004558,2023-05,0.0,0.0,0.0,0.0,,0,,0.0,,,0.0
LN0001514,2025-04,0.0,0.0,0.0,0.0,,0,,0.0,,,0.0
LN0003923,2022-06,0.0,0.0,0.0,0.0,,0,,0.0,,,0.0
LN0003866,2023-05,0.0,0.0,0.0,0.0,,0,,0.0,,,0.0
LN0002505,2024-03,0.0,0.0,0.0,0.0,,0,,0.0,,,0.0
LN0001806,2021-06,0.0,0.0,0.0,0.0,,0,,0.0,,,0.0
LN0002963,2024-08,0.0,0.0,0.0,0.0,,0,,0.0,,,0.0
LN0001230,2021-09,0.0,0.0,0.0,0.0,,0,,0.0,,,0.0
LN0003742,2020-12,0.0,0.0,0.0,0.0,,0,,0.0,,,0.0
LN0000369,2022-12,0.0,0.0,0.0,0.0,,0,,0.0,,,0.0
LN0000837,2026-01,0.0,0.0,0.0,0.0,,0,,0.0,,,0.0
LN0001942,2025-03,0.0,0.0,0.0,0.0,,0,,0.0,,,0.0
LN0000898,2024-02,0.0,0.0,0.0,0.0,,0,,0.0,,,0.0
LN0001161,2022-10,0.0,0.0,0.0,0.0,,0,,0.0,,,0.0
LN0000897,2023-11,0.0,0.0,0.0,0.0,,0,,0.0,,,0.0
LN0004456,2025-10,0.0,0.0,0.0,0.0,,0,,0.0,,,0.0
LN0000015,2020-11,0.0,0.0,0.0,0.0,,0,,0.0,,,0.0
LN0004804,2025-09,0.0,0.0,0.0,0.0,,0,,0.0,,,0.0
LN0000378,2024-12,0.0,0.0,0.0,0.0,,0,,0.0,,,0.0
LN0000677,2021-05,0.0,0.0,0.0,0.0,,0,,0.0,,,0.0
LN0002823,2024-06,0.0,0.0,0.0,0.0,,0,,0.0,,,0.0
LN0004197,2021-04,0.0,0.0,0.0,0.0,,0,,0.0,,,0.0
LN0003813,2021-12,0.0,0.0,0.0,0.0,,0,,0.0,,,0.0
LN0004814,2024-08,0.0,0.0,0.0,0.0,,0,,0.0,,,0.0
LN0001388,2022-05,0.0,0.0,0.0,0.0,,0,,0.0,,,0.0
LN0003705,2024-12,0.0,0.0,0.0,0.0,,0,,0.0,,,0.0
LN0003951,2021-06,0.0,0.0,0.0,0.0,,0,,0.0,,,0.0
LN0001254,2022-04,0.0,0.0,0.0,0.0,,0,,0.0,,,0.0
LN0001911,2026-04,0.0,0.0,0.0,0.0,,0,,0.0,,,0.0
LN0002323,2021-09,0.0,0.0,0.0,0.0,,0,,0.0,,,0.0
LN0001882,2025-01,0.0,0.0,0.0,0.0,,0,,0.0,,,0.0
LN0004552,2022-04,0.0,0.0,0.0,0.0,,0,,0.0,,,0.0
LN0002726,2021-11,0.0,0.0,0.0,0.0,,0,,0.0,,,0.0
LN0003562,2021-09,0.0,0.0,0.0,0.0,,0,,0.0,,,0.0
LN0004313,2024-12,0.0,0.0,0.0,0.0,,0,,0.0,,,0.0
LN0004411,2021-05,0.0,0.0,0.0,0.0,,0,,0.0,,,0.0
LN0003096,2024-03,0.0,0.0,0.0,0.0,,0,,0.0,,,0.0
LN0002853,2020-08,0.0,0.0,0.0,0.0,,0,,0.0,,,0.0
LN0000019,2023-03,0.0,0.0,0.0,0.0,,0,,0.0,,,0.0
LN0000768,2026-03,0.0,0.0,0.0,0.0,,0,,0.0,,,0.0
LN0002635,2021-02,0.0,0.0,0.0,0.0,,0,,0.0,,,0.0
LN0000075,2021-02,0.0,0.0,0.0,0.0,,0,,0.0,,,0.0
LN0000339,2023-09,0.0,0.0,0.0,0.0,,0,,0.0,,,0.0
LN0001105,2024-02,0.0,0.0,0.0,0.0,,0,,0.0,,,0.0
LN0000964,2025-03,0.0,0.0,0.0,0.0,,0,,0.0,,,0.0
LN0004770,2023-03,0.0,0.0,0.0,0.0,,0,,0.0,,,0.0
LN0002791,2023-05,0.0,0.0,0.0,0.0,,0,,0.0,,,0.0
LN0003549,2023-08,0.0,0.0,0.0,0.0,,0,,0.0,,,0.0
LN0003856,2022-03,0.0,0.0,0.0,0.0,,0,,0.0,,,0.0
LN0002668,2022-09,0.0,0.0,0.0,0.0,,0,,0.0,,,0.0
LN0001827,2020-06,0.0,0.0,0.0,0.0,,0,,0.0,,,0.0
LN0001831,2024-08,0.0,0.0,0.0,0.0,,0,,0.0,,,0.0
LN0004563,2025-02,0.0,0.0,0.0,0.0,,0,,0.0,,,0.0
LN0003856,2021-07,0.0,0.0,0.0,0.0,,0,,0.0,,,0.0
LN0001314,2023-01,0.0,0.0,0.0,0.0,,0,,0.0,,,0.0
LN0004447,2025-03,0.0,0.0,0.0,0.0,,0,,0.0,,,0.0
LN0004799,2025-02,0.0,0.0,0.0,0.0,,0,,0.0,,,0.0
LN0004597,2022-06,0.0,0.0,0.0,0.0,,0,,0.0,,,0.0
LN0000481,2025-11,0.0,0.0,0.0,0.0,,0,,0.0,,,0.0
LN0003313,2024-10,0.0,0.0,0.0,0.0,,0,,0.0,,,0.0
LN0002898,2023-12,0.0,0.0,0.0,0.0,,0,,0.0,,,0.0
LN0003335,2023-08,0.0,0.0,0.0,0.0,,0,,0.0,,,0.0
LN0003081,2022-03,0.0,0.0,0.0,0.0,,0,,0.0,,,0.0
LN0000050,2020-08,0.0,0.0,0.0,0.0,,0,,0.0,,,0.0
LN0004705,2024-05,0.0,0.0,0.0,0.0,,0,,0.0,,,0.0
LN0001750,2022-09,0.0,0.0,0.0,0.0,,0,,0.0,,,0.0
LN0000662,2024-03,0.0,0.0,0.0,0.0,,0,,0.0,,,0.0
LN0001446,2022-02,0.0,0.0,0.0,0.0,,0,,0.0,,,0.0
LN0000652,2022-05,0.0,0.0,0.0,0.0,,0,,0.0,,,0.0
LN0004868,2024-01,0.0,0.0,0.0,0.0,,0,,0.0,,,0.0
LN0001000,2023-10,0.0,0.0,0.0,0.0,,0,,0.0,,,0.0
LN0002373,2023-09,0.0,0.0,0.0,0.0,,0,,0.0,,,0.0
LN0002772,2021-06,0.0,0.0,0.0,0.0,,0,,0.0,,,0.0
LN0004299,2024-01,0.0,0.0,0.0,0.0,,0,,0.0,,,0.0
LN0004658,2021-04,0.0,0.0,0.0,0.0,,0,,0.0,,,0.0
LN0003697,2021-05,0.0,0.0,0.0,0.0,,0,,0.0,,,0.0
LN0000381,2025-03,0.0,0.0,0.0,0.0,,0,,0.0,,,0.0
LN0002933,2023-02,0.0,0.0,0.0,0.0,,0,,0.0,,,0.0
LN0003052,2022-10,0.0,0.0,0.0,0.0,,0,,0.0,,,0.0
LN0002048,2022-05,0.0,0.0,0.0,0.0,,0,,0.0,,,0.0
LN0001388,2021-12,0.0,0.0,0.0,0.0,,0,,0.0,,,0.0
LN0004459,2022-01,0.0,0.0,0.0,0.0,,0,,0.0,,,0.0
LN0002859,2023-04,0.0,0.0,0.0,0.0,,0,,0.0,,,0.0
LN0002212,2021-03,0.0,0.0,0.0,0.0,,0,,0.0,,,0.0
LN0004411,2021-10,0.0,0.0,0.0,0.0,,0,,0.0,,,0.0
LN0000417,2023-02,0.0,0.0,0.0,0.0,,0,,0.0,,,0.0
LN0003960,2021-06,0.0,0.0,0.0,0.0,,0,,0.0,,,0.0
LN0001205,2020-09,0.0,0.0,0.0,0.0,,0,,0.0,,,0.0
LN0001067,2024-02,0.0,0.0,0.0,0.0,,0,,0.0,,,0.0
LN0004126,2023-10,0.0,0.0,0.0,0.0,,0,,0.0,,,0.0
LN0003283,2021-09,0.0,0.0,0.0,0.0,,0,,0.0,,,0.0
LN0000576,2023-09,0.0,0.0,0.0,0.0,,0,,0.0,,,0.0
LN0001117,2022-09,0.0,0.0,0.0,0.0,,0,,0.0,,,0.0
LN0004879,2021-10,0.0,0.0,0.0,0.0,,0,,0.0,,,0.0
LN0003909,2026-06,0.0,0.0,0.0,0.0,,0,,0.0,,,0.0
LN0004551,2024-04,0.0,0.0,0.0,0.0,,0,,0.0,,,0.0
LN0000549,2022-01,0.0,0.0,0.0,0.0,,0,,0.0,,,0.0
LN0002635,2022-05,0.0,0.0,0.0,0.0,,0,,0.0,,,0.0
LN0003715,2024-03,0.0,0.0,0.0,0.0,,0,,0.0,,,0.0
LN0003037,2021-10,0.0,0.0,0.0,0.0,,0,,0.0,,,0.0
LN0004060,2023-12,0.0,0.0,0.0,0.0,,0,,0.0,,,0.0
LN0003061,2023-07,0.0,0.0,0.0,0.0,,0,,0.0,,,0.0
LN0003361,2020-05,0.0,0.0,0.0,0.0,,0,,0.0,,,0.0
LN0004060,2024-08,0.0,0.0,0.0,0.0,,0,,0.0,,,0.0
LN0003037,2021-07,0.0,0.0,0.0,0.0,,0,,0.0,,,0.0
LN0003402,2020-05,0.0,0.0,0.0,0.0,,0,,0.0,,,0.0
LN0004602,2023-12,0.0,0.0,0.0,0.0,,0,,0.0,,,0.0
LN0003126,2023-06,0.0,0.0,0.0,0.0,,0,,0.0,,,0.0
LN0003740,2021-07,0.0,0.0,0.0,0.0,,0,,0.0,,,0.0
LN0001941,2023-07,0.0,0.0,0.0,0.0,,0,,0.0,,,0.0
LN0004807,2023-05,0.0,0.0,0.0,0.0,,0,,0.0,,,0.0
LN0000796,2025-09,0.0,0.0,0.0,0.0,,0,,0.0,,,0.0
LN0000126,2025-10,0.0,0.0,0.0,0.0,,0,,0.0,,,0.0
LN0001860,2021-07,0.0,0.0,0.0,0.0,,0,,0.0,,,0.0
LN0001878,2023-11,0.0,0.0,0.0,0.0,,0,,0.0,,,0.0
LN0001791,2023-05,0.0,0.0,0.0,0.0,,0,,0.0,,,0.0
LN0002289,2024-11,0.0,0.0,0.0,0.0,,0,,0.0,,,0.0
LN0000488,2021-04,0.0,0.0,0.0,0.0,,0,,0.0,,,0.0
LN0001908,2025-03,0.0,0.0,0.0,0.0,,0,,0.0,,,0.0
LN0002337,2021-09,0.0,0.0,0.0,0.0,,0,,0.0,,,0.0
LN0001592,2022-03,0.0,0.0,0.0,0.0,,0,,0.0,,,0.0
LN0002401,2024-12,0.0,0.0,0.0,0.0,,0,,0.0,,,0.0
LN0000239,2021-07,0.0,0.0,0.0,0.0,,0,,0.0,,,0.0
LN0000036,2021-04,0.0,0.0,0.0,0.0,,0,,0.0,,,0.0
LN0004214,2021-11,0.0,0.0,0.0,0.0,,0,,0.0,,,0.0
LN0001864,2021-10,0.0,0.0,0.0,0.0,,0,,0.0,,,0.0
LN0004953,2023-12,0.0,0.0,0.0,0.0,,0,,0.0,,,0.0
LN0004248,2021-10,0.0,0.0,0.0,0.0,,0,,0.0,,,0.0
LN0001600,2022-08,0.0,0.0,0.0,0.0,,0,,0.0,,,0.0
LN0003661,2024-05,0.0,0.0,0.0,0.0,,0,,0.0,,,0.0
LN0002610,2022-03,0.0,0.0,0.0,0.0,,0,,0.0,,,0.0
LN0003900,2021-11,0.0,0.0,0.0,0.0,,0,,0.0,,,0.0
LN0003170,2021-05,0.0,0.0,0.0,0.0,,0,,0.0,,,0.0
LN0001750,2022-01,0.0,0.0,0.0,0.0,,0,,0.0,,,0.0
LN0004299,2024-02,0.0,0.0,0.0,0.0,,0,,0.0,,,0.0
LN0001959,2024-12,0.0,0.0,0.0,0.0,,0,,0.0,,,0.0
LN0000887,2020-06,0.0,0.0,0.0,0.0,,0,,0.0,,,0.0
LN0004629,2023-07,0.0,0.0,0.0,0.0,,0,,0.0,,,0.0
LN0000697,2025-08,0.0,0.0,0.0,0.0,,0,,0.0,,,0.0
LN0004960,2023-11,0.0,0.0,0.0,0.0,,0,,0.0,,,0.0
LN0002626,2020-11,0.0,0.0,0.0,0.0,,0,,0.0,,,0.0
LN0003279,2024-01,0.0,0.0,0.0,0.0,,0,,0.0,,,0.0
LN0002373,2023-07,0.0,0.0,0.0,0.0,,0,,0.0,,,0.0
LN0004629,2023-06,0.0,0.0,0.0,0.0,,0,,0.0,,,0.0
LN0004840,2025-06,0.0,0.0,0.0,0.0,,0,,0.0,,,0.0
LN0001646,2025-09,0.0,0.0,0.0,0.0,,0,,0.0,,,0.0
LN0001869,2022-04,0.0,0.0,0.0,0.0,,0,,0.0,,,0.0
LN0001562,2023-05,0.0,0.0,0.0,0.0,,0,,0.0,,,0.0
LN0004401,2021-01,0.0,0.0,0.0,0.0,,0,,0.0,,,0.0
LN0003997,2024-07,0.0,0.0,0.0,0.0,,0,,0.0,,,0.0
LN0000387,2023-11,0.0,0.0,0.0,0.0,,0,,0.0,,,0.0
LN0003896,2024-12,0.0,0.0,0.0,0.0,,0,,0.0,,,0.0
LN0003666,2025-06,0.0,0.0,0.0,0.0,,0,,0.0,,,0.0
LN0003356,2024-09,0.0,0.0,0.0,0.0,,0,,0.0,,,0.0
LN0002374,2024-08,0.0,0.0,0.0,0.0,,0,,0.0,,,0.0
LN0004337,2021-10,0.0,0.0,0.0,0.0,,0,,0.0,,,0.0
LN0001408,2023-05,0.0,0.0,0.0,0.0,,0,,0.0,,,0.0
LN0003386,2024-11,0.0,0.0,0.0,0.0,,0,,0.0,,,0.0
LN0003930,2022-04,0.0,0.0,0.0,0.0,,0,,0.0,,,0.0
LN0004401,2021-04,0.0,0.0,0.0,0.0,,0,,0.0,,,0.0
LN0004552,2021-04,0.0,0.0,0.0,0.0,,0,,0.0,,,0.0
LN0002626,2021-04,0.0,0.0,0.0,0.0,,0,,0.0,,,0.0
LN0001597,2023-09,0.0,0.0,0.0,0.0,,0,,0.0,,,0.0
LN0003403,2023-04,0.0,0.0,0.0,0.0,,0,,0.0,,,0.0
LN0003601,2024-12,0.0,0.0,0.0,0.0,,0,,0.0,,,0.0
LN0003909,2025-05,0.0,0.0,0.0,0.0,,0,,0.0,,,0.0
LN0002868,2021-10,0.0,0.0,0.0,0.0,,0,,0.0,,,0.0
LN0002933,2023-09,0.0,0.0,0.0,0.0,,0,,0.0,,,0.0
LN0004613,2024-04,0.0,0.0,0.0,0.0,,0,,0.0,,,0.0
LN0000754,2024-08,0.0,0.0,0.0,0.0,,0,,0.0,,,0.0
LN0000079,2023-02,0.0,0.0,0.0,0.0,,0,,0.0,,,0.0
LN0003357,2022-04,0.0,0.0,0.0,0.0,,0,,0.0,,,0.0
LN0004427,2024-02,0.0,0.0,0.0,0.0,,0,,0.0,,,0.0
LN0002354,2022-03,0.0,0.0,0.0,0.0,,0,,0.0,,,0.0
LN0000287,2022-01,0.0,0.0,0.0,0.0,,0,,0.0,,,0.0
LN0004616,2025-04,0.0,0.0,0.0,0.0,,0,,0.0,,,0.0
LN0003220,2023-03,0.0,0.0,0.0,0.0,,0,,0.0,,,0.0
LN0002374,2025-02,0.0,0.0,0.0,0.0,,0,,0.0,,,0.0
LN0002923,2021-04,0.0,0.0,0.0,0.0,,0,,0.0,,,0.0
LN0002488,2023-12,0.0,0.0,0.0,0.0,,0,,0.0,,,0.0
LN0004102,2025-10,0.0,0.0,0.0,0.0,,0,,0.0,,,0.0
LN0000887,2020-09,0.0,0.0,0.0,0.0,,0,,0.0,,,0.0
LN0002191,2022-09,0.0,0.0,0.0,0.0,,0,,0.0,,,0.0
LN0000020,2021-01,0.0,0.0,0.0,0.0,,0,,0.0,,,0.0
LN0000964,2025-02,0.0,0.0,0.0,0.0,,0,,0.0,,,0.0
LN0003332,2024-06,0.0,0.0,0.0,0.0,,0,,0.0,,,0.0
LN0001243,2023-11,0.0,0.0,0.0,0.0,,0,,0.0,,,0.0
LN0001719,2023-01,0.0,0.0,0.0,0.0,,0,,0.0,,,0.0
LN0000113,2025-01,0.0,0.0,0.0,0.0,,0,,0.0,,,0.0
LN0000720,2023-07,0.0,0.0,0.0,0.0,,0,,0.0,,,0.0
LN0003909,2025-06,0.0,0.0,0.0,0.0,,0,,0.0,,,0.0
LN0001254,2021-08,0.0,0.0,0.0,0.0,,0,,0.0,,,0.0
LN0001894,2021-03,0.0,0.0,0.0,0.0,,0,,0.0,,,0.0
LN0004313,2026-04,0.0,0.0,0.0,0.0,,0,,0.0,,,0.0
LN0001196,2024-10,0.0,0.0,0.0,0.0,,0,,0.0,,,0.0
LN0002308,2021-10,0.0,0.0,0.0,0.0,,0,,0.0,,,0.0
LN0000825,2022-07,0.0,0.0,0.0,0.0,,0,,0.0,,,0.0
LN0001947,2025-01,0.0,0.0,0.0,0.0,,0,,0.0,,,0.0
LN0000569,2024-02,0.0,0.0,0.0,0.0,,0,,0.0,,,0.0
LN0003403,2023-02,0.0,0.0,0.0,0.0,,0,,0.0,,,0.0
LN0004324,2025-02,0.0,0.0,0.0,0.0,,0,,0.0,,,0.0
LN0003126,2023-11,0.0,0.0,0.0,0.0,,0,,0.0,,,0.0
LN0004313,2025-04,0.0,0.0,0.0,0.0,,0,,0.0,,,0.0
LN0001838,2021-08,0.0,0.0,0.0,0.0,,0,,0.0,,,0.0
LN0000161,2023-03,0.0,0.0,0.0,0.0,,0,,0.0,,,0.0
LN0004875,2023-12,0.0,0.0,0.0,0.0,,0,,0.0,,,0.0
LN0004521,2023-11,0.0,0.0,0.0,0.0,,0,,0.0,,,0.0
LN0001598,2021-02,0.0,0.0,0.0,0.0,,0,,0.0,,,0.0
LN0001030,2022-04,0.0,0.0,0.0,0.0,,0,,0.0,,,0.0
LN0000508,2023-02,0.0,0.0,0.0,0.0,,0,,0.0,,,0.0
LN0004674,2021-06,0.0,0.0,0.0,0.0,,0,,0.0,,,0.0
LN0000796,2025-10,0.0,0.0,0.0,0.0,,0,,0.0,,,0.0
LN0002938,2024-09,0.0,0.0,0.0,0.0,,0,,0.0,,,0.0
LN0001253,2021-08,0.0,0.0,0.0,0.0,,0,,0.0,,,0.0
LN0002645,2026-01,0.0,0.0,0.0,0.0,,0,,0.0,,,0.0
LN0003532,2021-08,0.0,0.0,0.0,0.0,,0,,0.0,,,0.0
LN0004706,2022-06,0.0,0.0,0.0,0.0,,0,,0.0,,,0.0
LN0001750,2023-05,0.0,0.0,0.0,0.0,,0,,0.0,,,0.0
LN0003146,2024-05,0.0,0.0,0.0,0.0,,0,,0.0,,,0.0
LN0003061,2024-01,0.0,0.0,0.0,0.0,,0,,0.0,,,0.0
LN0004897,2026-02,0.0,0.0,0.0,0.0,,0,,0.0,,,0.0
LN0002231,2025-07,0.0,0.0,0.0,0.0,,0,,0.0,,,0.0
LN0002828,2021-11,0.0,0.0,0.0,0.0,,0,,0.0,,,0.0
LN0001514,2024-08,0.0,0.0,0.0,0.0,,0,,0.0,,,0.0
LN0003357,2021-12,0.0,0.0,0.0,0.0,,0,,0.0,,,0.0
LN0000925,2021-12,0.0,0.0,0.0,0.0,,0,,0.0,,,0.0
LN0001156,2022-09,0.0,0.0,0.0,0.0,,0,,0.0,,,0.0
LN0002328,2021-08,0.0,0.0,0.0,0.0,,0,,0.0,,,0.0
LN0000721,2025-06,0.0,0.0,0.0,0.0,,0,,0.0,,,0.0
LN0001234,2024-06,0.0,0.0,0.0,0.0,,0,,0.0,,,0.0
LN0001514,2024-11,0.0,0.0,0.0,0.0,,0,,0.0,,,0.0
LN0001869,2023-03,0.0,0.0,0.0,0.0,,0,,0.0,,,0.0
LN0004705,2023-11,0.0,0.0,0.0,0.0,,0,,0.0,,,0.0
LN0002550,2022-03,0.0,0.0,0.0,0.0,,0,,0.0,,,0.0
LN0004466,2021-11,0.0,0.0,0.0,0.0,,0,,0.0,,,0.0
LN0002222,2021-08,0.0,0.0,0.0,0.0,,0,,0.0,,,0.0
LN0003747,2022-05,0.0,0.0,0.0,0.0,,0,,0.0,,,0.0
LN0004455,2021-08,0.0,0.0,0.0,0.0,,0,,0.0,,,0.0
LN0002505,2023-08,0.0,0.0,0.0,0.0,,0,,0.0,,,0.0
LN0003412,2021-07,0.0,0.0,0.0,0.0,,0,,0.0,,,0.0
LN0001826,2021-07,0.0,0.0,0.0,0.0,,0,,0.0,,,0.0
LN0002543,2024-04,0.0,0.0,0.0,0.0,,0,,0.0,,,0.0
LN0004743,2024-09,0.0,0.0,0.0,0.0,,0,,0.0,,,0.0
LN0003911,2025-01,0.0,0.0,0.0,0.0,,0,,0.0,,,0.0
LN0001592,2022-02,0.0,0.0,0.0,0.0,,0,,0.0,,,0.0
LN0004447,2025-08,0.0,0.0,0.0,0.0,,0,,0.0,,,0.0
LN0001614,2022-10,0.0,0.0,0.0,0.0,,0,,0.0,,,0.0
LN0004766,2021-06,0.0,0.0,0.0,0.0,,0,,0.0,,,0.0
LN0000274,2024-11,0.0,0.0,0.0,0.0,,0,,0.0,,,0.0
LN0004395,2021-01,0.0,0.0,0.0,0.0,,0,,0.0,,,0.0
LN0002403,2022-07,0.0,0.0,0.0,0.0,,0,,0.0,,,0.0
LN0001908,2025-08,0.0,0.0,0.0,0.0,,0,,0.0,,,0.0
LN0002049,2024-05,0.0,0.0,0.0,0.0,,0,,0.0,,,0.0
LN0002374,2025-05,0.0,0.0,0.0,0.0,,0,,0.0,,,0.0
LN0001806,2021-09,0.0,0.0,0.0,0.0,,0,,0.0,,,0.0
LN0004055,2024-11,0.0,0.0,0.0,0.0,,0,,0.0,,,0.0
LN0000680,2025-01,0.0,0.0,0.0,0.0,,0,,0.0,,,0.0
LN0004868,2024-04,0.0,0.0,0.0,0.0,,0,,0.0,,,0.0
LN0004973,2023-10,0.0,0.0,0.0,0.0,,0,,0.0,,,0.0
LN0004552,2021-01,0.0,0.0,0.0,0.0,,0,,0.0,,,0.0
LN0001117,2022-12,0.0,0.0,0.0,0.0,,0,,0.0,,,0.0
LN0003052,2023-04,0.0,0.0,0.0,0.0,,0,,0.0,,,0.0
LN0004169,2024-08,0.0,0.0,0.0,0.0,,0,,0.0,,,0.0
LN0000706,2022-09,0.0,0.0,0.0,0.0,,0,,0.0,,,0.0
LN0003214,2024-11,0.0,0.0,0.0,0.0,,0,,0.0,,,0.0
LN0004796,2022-12,0.0,0.0,0.0,0.0,,0,,0.0,,,0.0
LN0003536,2023-09,0.0,0.0,0.0,0.0,,0,,0.0,,,0.0
LN0002049,2024-08,0.0,0.0,0.0,0.0,,0,,0.0,,,0.0
LN0001331,2021-05,0.0,0.0,0.0,0.0,,0,,0.0,,,0.0
LN0003361,2021-03,0.0,0.0,0.0,0.0,,0,,0.0,,,0.0
LN0001660,2021-09,0.0,0.0,0.0,0.0,,0,,0.0,,,0.0
LN0002426,2025-05,0.0,0.0,0.0,0.0,,0,,0.0,,,0.0
LN0004395,2020-10,0.0,0.0,0.0,0.0,,0,,0.0,,,0.0
LN0002120,2024-03,0.0,0.0,0.0,0.0,,0,,0.0,,,0.0
LN0002753,2024-03,0.0,0.0,0.0,0.0,,0,,0.0,,,0.0
LN0003170,2021-03,0.0,0.0,0.0,0.0,,0,,0.0,,,0.0
LN0001656,2024-01,0.0,0.0,0.0,0.0,,0,,0.0,,,0.0
LN0003737,2022-01,0.0,0.0,0.0,0.0,,0,,0.0,,,0.0
LN0003666,2025-04,0.0,0.0,0.0,0.0,,0,,0.0,,,0.0
LN0003081,2022-12,0.0,0.0,0.0,0.0,,0,,0.0,,,0.0
LN0004167,2022-12,0.0,0.0,0.0,0.0,,0,,0.0,,,0.0
LN0003536,2024-03,0.0,0.0,0.0,0.0,,0,,0.0,,,0.0
LN0002969,2023-04,0.0,0.0,0.0,0.0,,0,,0.0,,,0.0
LN0000010,2025-02,0.0,0.0,0.0,0.0,,0,,0.0,,,0.0
LN0003965,2021-06,0.0,0.0,0.0,0.0,,0,,0.0,,,0.0
LN0002127,2024-10,0.0,0.0,0.0,0.0,,0,,0.0,,,0.0
LN0002227,2020-11,0.0,0.0,0.0,0.0,,0,,0.0,,,0.0
LN0000319,2021-10,0.0,0.0,0.0,0.0,,0,,0.0,,,0.0
LN0003086,2023-11,0.0,0.0,0.0,0.0,,0,,0.0,,,0.0
LN0003183,2025-01,0.0,0.0,0.0,0.0,,0,,0.0,,,0.0
LN0003722,2023-06,0.0,0.0,0.0,0.0,,0,,0.0,,,0.0
LN0003926,2024-05,0.0,0.0,0.0,0.0,,0,,0.0,,,0.0
LN0004201,2024-05,0.0,0.0,0.0,0.0,,0,,0.0,,,0.0
LN0001156,2022-11,0.0,0.0,0.0,0.0,,0,,0.0,,,0.0
LN0001878,2023-12,0.0,0.0,0.0,0.0,,0,,0.0,,,0.0
LN0002129,2021-09,0.0,0.0,0.0,0.0,,0,,0.0,,,0.0
LN0002728,2021-12,0.0,0.0,0.0,0.0,,0,,0.0,,,0.0
LN0004299,2023-10,0.0,0.0,0.0,0.0,,0,,0.0,,,0.0
LN0004401,2021-07,0.0,0.0,0.0,0.0,,0,,0.0,,,0.0
LN0004631,2022-12,0.0,0.0,0.0,0.0,,0,,0.0,,,0.0
LN0002127,2023-08,0.0,0.0,0.0,0.0,,0,,0.0,,,0.0
LN0003930,2023-06,0.0,0.0,0.0,0.0,,0,,0.0,,,0.0
LN0004384,2024-12,0.0,0.0,0.0,0.0,,0,,0.0,,,0.0
LN0000224,2024-07,0.0,0.0,0.0,0.0,,0,,0.0,,,0.0
LN0003216,2025-06,0.0,0.0,0.0,0.0,,0,,0.0,,,0.0
LN0003381,2022-06,0.0,0.0,0.0,0.0,,0,,0.0,,,0.0
LN0003449,2024-11,0.0,0.0,0.0,0.0,,0,,0.0,,,0.0
LN0004169,2025-03,0.0,0.0,0.0,0.0,,0,,0.0,,,0.0
LN0002687,2023-07,0.0,0.0,0.0,0.0,,0,,0.0,,,0.0
LN0001254,2021-07,0.0,0.0,0.0,0.0,,0,,0.0,,,0.0
LN0004536,2024-01,0.0,0.0,0.0,0.0,,0,,0.0,,,0.0
LN0002450,2024-08,0.0,0.0,0.0,0.0,,0,,0.0,,,0.0
LN0004033,2023-06,0.0,0.0,0.0,0.0,,0,,0.0,,,0.0
LN0000274,2023-12,0.0,0.0,0.0,0.0,,0,,0.0,,,0.0
LN0004697,2024-09,0.0,0.0,0.0,0.0,,0,,0.0,,,0.0
LN0004719,2023-12,0.0,0.0,0.0,0.0,,0,,0.0,,,0.0
LN0000004,2022-08,0.0,0.0,0.0,0.0,,0,,0.0,,,0.0
LN0001547,2026-03,0.0,0.0,0.0,0.0,,0,,0.0,,,0.0
LN0001710,2025-07,0.0,0.0,0.0,0.0,,0,,0.0,,,0.0
LN0003956,2025-06,0.0,0.0,0.0,0.0,,0,,0.0,,,0.0
LN0003536,2024-08,0.0,0.0,0.0,0.0,,0,,0.0,,,0.0
LN0004536,2023-06,0.0,0.0,0.0,0.0,,0,,0.0,,,0.0
LN0002728,2022-07,0.0,0.0,0.0,0.0,,0,,0.0,,,0.0
LN0004014,2021-11,0.0,0.0,0.0,0.0,,0,,0.0,,,0.0
LN0001840,2022-11,0.0,0.0,0.0,0.0,,0,,0.0,,,0.0
LN0000839,2022-04,0.0,0.0,0.0,0.0,,0,,0.0,,,0.0
LN0003580,2021-04,0.0,0.0,0.0,0.0,,0,,0.0,,,0.0
LN0003071,2020-07,0.0,0.0,0.0,0.0,,0,,0.0,,,0.0
LN0001777,2021-11,0.0,0.0,0.0,0.0,,0,,0.0,,,0.0
LN0002908,2022-02,0.0,0.0,0.0,0.0,,0,,0.0,,,0.0
LN0004427,2024-01,0.0,0.0,0.0,0.0,,0,,0.0,,,0.0
LN0001228,2025-01,0.0,0.0,0.0,0.0,,0,,0.0,,,0.0
LN0001563,2022-10,0.0,0.0,0.0,0.0,,0,,0.0,,,0.0
LN0004214,2021-03,0.0,0.0,0.0,0.0,,0,,0.0,,,0.0
LN0003425,2023-09,0.0,0.0,0.0,0.0,,0,,0.0,,,0.0
LN0003436,2025-08,0.0,0.0,0.0,0.0,,0,,0.0,,,0.0
LN0002064,2025-01,0.0,0.0,0.0,0.0,,0,,0.0,,,0.0
LN0004814,2024-04,0.0,0.0,0.0,0.0,,0,,0.0,,,0.0
LN0003172,2021-08,0.0,0.0,0.0,0.0,,0,,0.0,,,0.0
LN0001208,2020-06,0.0,0.0,0.0,0.0,,0,,0.0,,,0.0
LN0001230,2022-09,0.0,0.0,0.0,0.0,,0,,0.0,,,0.0
LN0002449,2022-11,0.0,0.0,0.0,0.0,,0,,0.0,,,0.0
LN0004299,2023-08,0.0,0.0,0.0,0.0,,0,,0.0,,,0.0
LN0002753,2022-11,0.0,0.0,0.0,0.0,,0,,0.0,,,0.0
LN0002859,2023-03,0.0,0.0,0.0,0.0,,0,,0.0,,,0.0
LN0004095,2021-05,0.0,0.0,0.0,0.0,,0,,0.0,,,0.0
LN0002155,2025-05,0.0,0.0,0.0,0.0,,0,,0.0,,,0.0
LN0003282,2022-08,0.0,0.0,0.0,0.0,,0,,0.0,,,0.0
LN0001860,2021-10,0.0,0.0,0.0,0.0,,0,,0.0,,,0.0
LN0003537,2023-08,0.0,0.0,0.0,0.0,,0,,0.0,,,0.0
LN0000743,2022-09,0.0,0.0,0.0,0.0,,0,,0.0,,,0.0
LN0004059,2021-10,0.0,0.0,0.0,0.0,,0,,0.0,,,0.0
LN0001760,2021-07,0.0,0.0,0.0,0.0,,0,,0.0,,,0.0
LN0000192,2022-07,0.0,0.0,0.0,0.0,,0,,0.0,,,0.0
LN0004095,2021-06,0.0,0.0,0.0,0.0,,0,,0.0,,,0.0
LN0001330,2023-04,0.0,0.0,0.0,0.0,,0,,0.0,,,0.0
LN0000888,2025-06,0.0,0.0,0.0,0.0,,0,,0.0,,,0.0
LN0004742,2024-10,0.0,0.0,0.0,0.0,,0,,0.0,,,0.0
LN0000589,2024-01,0.0,0.0,0.0,0.0,,0,,0.0,,,0.0
LN0002692,2022-03,0.0,0.0,0.0,0.0,,0,,0.0,,,0.0
LN0004333,2022-03,0.0,0.0,0.0,0.0,,0,,0.0,,,0.0
LN0003142,2021-06,0.0,0.0,0.0,0.0,,0,,0.0,,,0.0
LN0003831,2024-06,0.0,0.0,0.0,0.0,,0,,0.0,,,0.0
LN0000052,2024-05,0.0,0.0,0.0,0.0,,0,,0.0,,,0.0
LN0004070,2022-06,0.0,0.0,0.0,0.0,,0,,0.0,,,0.0
LN0001195,2025-01,0.0,0.0,0.0,0.0,,0,,0.0,,,0.0
LN0001786,2024-09,0.0,0.0,0.0,0.0,,0,,0.0,,,0.0
LN0001234,2024-01,0.0,0.0,0.0,0.0,,0,,0.0,,,0.0
LN0003468,2022-10,0.0,0.0,0.0,0.0,,0,,0.0,,,0.0
LN0003715,2024-02,0.0,0.0,0.0,0.0,,0,,0.0,,,0.0
LN0000694,2024-10,0.0,0.0,0.0,0.0,,0,,0.0,,,0.0
LN0004767,2023-07,0.0,0.0,0.0,0.0,,0,,0.0,,,0.0
LN0003956,2025-07,0.0,0.0,0.0,0.0,,0,,0.0,,,0.0
LN0000546,2021-06,0.0,0.0,0.0,0.0,,0,,0.0,,,0.0
LN0004943,2021-11,0.0,0.0,0.0,0.0,,0,,0.0,,,0.0
LN0001390,2023-02,0.0,0.0,0.0,0.0,,0,,0.0,,,0.0
LN0003193,2025-06,0.0,0.0,0.0,0.0,,0,,0.0,,,0.0
LN0002497,2022-07,0.0,0.0,0.0,0.0,,0,,0.0,,,0.0
LN0004875,2022-11,0.0,0.0,0.0,0.0,,0,,0.0,,,0.0
LN0004169,2024-10,0.0,0.0,0.0,0.0,,0,,0.0,,,0.0
LN0001270,2023-09,0.0,0.0,0.0,0.0,,0,,0.0,,,0.0
LN0003859,2021-10,0.0,0.0,0.0,0.0,,0,,0.0,,,0.0
LN0000898,2023-08,0.0,0.0,0.0,0.0,,0,,0.0,,,0.0
LN0001446,2022-05,0.0,0.0,0.0,0.0,,0,,0.0,,,0.0
LN0002791,2023-01,0.0,0.0,0.0,0.0,,0,,0.0,,,0.0
LN0001514,2025-09,0.0,0.0,0.0,0.0,,0,,0.0,,,0.0
LN0004401,2020-06,0.0,0.0,0.0,0.0,,0,,0.0,,,0.0
LN0000652,2022-03,0.0,0.0,0.0,0.0,,0,,0.0,,,0.0
LN0003220,2022-12,0.0,0.0,0.0,0.0,,0,,0.0,,,0.0
LN0000432,2024-06,0.0,0.0,0.0,0.0,,0,,0.0,,,0.0
LN0003137,2024-04,0.0,0.0,0.0,0.0,,0,,0.0,,,0.0
LN0003481,2025-06,0.0,0.0,0.0,0.0,,0,,0.0,,,0.0
LN0000792,2022-08,0.0,0.0,0.0,0.0,,0,,0.0,,,0.0
LN0004447,2025-09,0.0,0.0,0.0,0.0,,0,,0.0,,,0.0
LN0003706,2022-03,0.0,0.0,0.0,0.0,,0,,0.0,,,0.0
LN0004197,2020-07,0.0,0.0,0.0,0.0,,0,,0.0,,,0.0
LN0000825,2021-07,0.0,0.0,0.0,0.0,,0,,0.0,,,0.0
LN0000890,2025-04,0.0,0.0,0.0,0.0,,0,,0.0,,,0.0
LN0001615,2020-06,0.0,0.0,0.0,0.0,,0,,0.0,,,0.0
LN0002561,2024-06,0.0,0.0,0.0,0.0,,0,,0.0,,,0.0
LN0004516,2025-02,0.0,0.0,0.0,0.0,,0,,0.0,,,0.0
LN0003537,2022-12,0.0,0.0,0.0,0.0,,0,,0.0,,,0.0
LN0001685,2021-11,0.0,0.0,0.0,0.0,,0,,0.0,,,0.0
LN0002159,2025-03,0.0,0.0,0.0,0.0,,0,,0.0,,,0.0
LN0004807,2023-10,0.0,0.0,0.0,0.0,,0,,0.0,,,0.0
LN0003747,2022-06,0.0,0.0,0.0,0.0,,0,,0.0,,,0.0
LN0003337,2025-02,0.0,0.0,0.0,0.0,,0,,0.0,,,0.0
LN0001088,2021-05,0.0,0.0,0.0,0.0,,0,,0.0,,,0.0
LN0002605,2021-06,0.0,0.0,0.0,0.0,,0,,0.0,,,0.0
LN0001197,2024-11,0.0,0.0,0.0,0.0,,0,,0.0,,,0.0
LN0004456,2026-02,0.0,0.0,0.0,0.0,,0,,0.0,,,0.0
LN0002155,2025-02,0.0,0.0,0.0,0.0,,0,,0.0,,,0.0
LN0000421,2025-02,0.0,0.0,0.0,0.0,,0,,0.0,,,0.0
LN0003742,2020-10,0.0,0.0,0.0,0.0,,0,,0.0,,,0.0
LN0001792,2022-01,0.0,0.0,0.0,0.0,,0,,0.0,,,0.0
LN0004290,2023-08,0.0,0.0,0.0,0.0,,0,,0.0,,,0.0
LN0003696,2021-05,0.0,0.0,0.0,0.0,,0,,0.0,,,0.0
LN0001791,2023-02,0.0,0.0,0.0,0.0,,0,,0.0,,,0.0
LN0003918,2026-03,0.0,0.0,0.0,0.0,,0,,0.0,,,0.0
LN0003363,2024-02,0.0,0.0,0.0,0.0,,0,,0.0,,,0.0
LN0003700,2022-01,0.0,0.0,0.0,0.0,,0,,0.0,,,0.0
LN0003878,2024-05,0.0,0.0,0.0,0.0,,0,,0.0,,,0.0
LN0001614,2022-09,0.0,0.0,0.0,0.0,,0,,0.0,,,0.0
LN0001443,2023-11,0.0,0.0,0.0,0.0,,0,,0.0,,,0.0
LN0000108,2022-05,0.0,0.0,0.0,0.0,,0,,0.0,,,0.0
LN0004571,2021-05,0.0,0.0,0.0,0.0,,0,,0.0,,,0.0
LN0001030,2022-01,0.0,0.0,0.0,0.0,,0,,0.0,,,0.0
LN0003088,2023-03,0.0,0.0,0.0,0.0,,0,,0.0,,,0.0
LN0002338,2021-08,0.0,0.0,0.0,0.0,,0,,0.0,,,0.0
LN0004169,2024-06,0.0,0.0,0.0,0.0,,0,,0.0,,,0.0
LN0002908,2021-06,0.0,0.0,0.0,0.0,,0,,0.0,,,0.0
LN0001228,2024-12,0.0,0.0,0.0,0.0,,0,,0.0,,,0.0
LN0001614,2023-03,0.0,0.0,0.0,0.0,,0,,0.0,,,0.0
LN0004737,2023-06,0.0,0.0,0.0,0.0,,0,,0.0,,,0.0
LN0001365,2025-01,0.0,0.0,0.0,0.0,,0,,0.0,,,0.0
LN0002358,2024-03,0.0,0.0,0.0,0.0,,0,,0.0,,,0.0
LN0003878,2023-09,0.0,0.0,0.0,0.0,,0,,0.0,,,0.0
LN0002212,2020-09,0.0,0.0,0.0,0.0,,0,,0.0,,,0.0
LN0003197,2021-09,0.0,0.0,0.0,0.0,,0,,0.0,,,0.0
LN0000052,2024-01,0.0,0.0,0.0,0.0,,0,,0.0,,,0.0
LN0001826,2021-01,0.0,0.0,0.0,0.0,,0,,0.0,,,0.0
LN0004563,2024-12,0.0,0.0,0.0,0.0,,0,,0.0,,,0.0
LN0004521,2023-03,0.0,0.0,0.0,0.0,,0,,0.0,,,0.0
LN0001940,2023-04,0.0,0.0,0.0,0.0,,0,,0.0,,,0.0
LN0002630,2022-05,0.0,0.0,0.0,0.0,,0,,0.0,,,0.0
LN0002753,2023-12,0.0,0.0,0.0,0.0,,0,,0.0,,,0.0
LN0004169,2025-01,0.0,0.0,0.0,0.0,,0,,0.0,,,0.0
LN0002705,2022-02,0.0,0.0,0.0,0.0,,0,,0.0,,,0.0
LN0003442,2024-12,0.0,0.0,0.0,0.0,,0,,0.0,,,0.0
LN0002323,2022-01,0.0,0.0,0.0,0.0,,0,,0.0,,,0.0
LN0003832,2023-02,0.0,0.0,0.0,0.0,,0,,0.0,,,0.0
LN0000442,2022-06,0.0,0.0,0.0,0.0,,0,,0.0,,,0.0
LN0000041,2025-05,0.0,0.0,0.0,0.0,,0,,0.0,,,0.0
LN0000655,2021-09,0.0,0.0,0.0,0.0,,0,,0.0,,,0.0
LN0004559,2023-10,0.0,0.0,0.0,0.0,,0,,0.0,,,0.0
LN0000193,2025-01,0.0,0.0,0.0,0.0,,0,,0.0,,,0.0
LN0003271,2024-09,0.0,0.0,0.0,0.0,,0,,0.0,,,0.0
LN0003450,2024-09,0.0,0.0,0.0,0.0,,0,,0.0,,,0.0
LN0001777,2021-03,0.0,0.0,0.0,0.0,,0,,0.0,,,0.0
LN0002655,2020-10,0.0,0.0,0.0,0.0,,0,,0.0,,,0.0
LN0002263,2024-07,0.0,0.0,0.0,0.0,,0,,0.0,,,0.0
LN0004110,2020-09,0.0,0.0,0.0,0.0,,0,,0.0,,,0.0
LN0003337,2025-08,0.0,0.0,0.0,0.0,,0,,0.0,,,0.0
LN0004844,2025-05,0.0,0.0,0.0,0.0,,0,,0.0,,,0.0
LN0000746,2022-03,0.0,0.0,0.0,0.0,,0,,0.0,,,0.0
LN0002052,2020-09,0.0,0.0,0.0,0.0,,0,,0.0,,,0.0
LN0001149,2022-04,0.0,0.0,0.0,0.0,,0,,0.0,,,0.0
LN0003859,2021-12,0.0,0.0,0.0,0.0,,0,,0.0,,,0.0
LN0002772,2022-01,0.0,0.0,0.0,0.0,,0,,0.0,,,0.0
LN0002705,2021-12,0.0,0.0,0.0,0.0,,0,,0.0,,,0.0
LN0000694,2024-09,0.0,0.0,0.0,0.0,,0,,0.0,,,0.0
LN0000020,2021-02,0.0,0.0,0.0,0.0,,0,,0.0,,,0.0
LN0000925,2021-06,0.0,0.0,0.0,0.0,,0,,0.0,,,0.0
LN0004850,2022-05,0.0,0.0,0.0,0.0,,0,,0.0,,,0.0
LN0003974,2023-03,0.0,0.0,0.0,0.0,,0,,0.0,,,0.0
LN0002901,2024-09,0.0,0.0,0.0,0.0,,0,,0.0,,,0.0
LN0001786,2025-04,0.0,0.0,0.0,0.0,,0,,0.0,,,0.0
LN0004595,2025-05,0.0,0.0,0.0,0.0,,0,,0.0,,,0.0
LN0004636,2021-09,0.0,0.0,0.0,0.0,,0,,0.0,,,0.0
LN0000279,2022-05,0.0,0.0,0.0,0.0,,0,,0.0,,,0.0
LN0003923,2022-11,0.0,0.0,0.0,0.0,,0,,0.0,,,0.0
LN0003122,2021-08,0.0,0.0,0.0,0.0,,0,,0.0,,,0.0
LN0003649,2025-07,0.0,0.0,0.0,0.0,,0,,0.0,,,0.0
LN0001304,2021-06,0.0,0.0,0.0,0.0,,0,,0.0,,,0.0
LN0001122,2023-04,0.0,0.0,0.0,0.0,,0,,0.0,,,0.0
LN0002231,2025-10,0.0,0.0,0.0,0.0,,0,,0.0,,,0.0
LN0001482,2022-11,0.0,0.0,0.0,0.0,,0,,0.0,,,0.0
LN0000792,2021-08,0.0,0.0,0.0,0.0,,0,,0.0,,,0.0
LN0003868,2021-10,0.0,0.0,0.0,0.0,,0,,0.0,,,0.0
LN0004372,2022-02,0.0,0.0,0.0,0.0,,0,,0.0,,,0.0
LN0000383,2024-11,0.0,0.0,0.0,0.0,,0,,0.0,,,0.0
LN0002038,2021-08,0.0,0.0,0.0,0.0,,0,,0.0,,,0.0
LN0001747,2022-01,0.0,0.0,0.0,0.0,,0,,0.0,,,0.0
LN0000481,2025-01,0.0,0.0,0.0,0.0,,0,,0.0,,,0.0
LN0002605,2021-09,0.0,0.0,0.0,0.0,,0,,0.0,,,0.0
LN0000405,2023-06,0.0,0.0,0.0,0.0,,0,,0.0,,,0.0
LN0004521,2023-12,0.0,0.0,0.0,0.0,,0,,0.0,,,0.0
LN0001600,2022-03,0.0,0.0,0.0,0.0,,0,,0.0,,,0.0
LN0003755,2023-08,0.0,0.0,0.0,0.0,,0,,0.0,,,0.0
LN0002052,2020-08,0.0,0.0,0.0,0.0,,0,,0.0,,,0.0
LN0001878,2024-07,0.0,0.0,0.0,0.0,,0,,0.0,,,0.0
LN0001625,2022-11,0.0,0.0,0.0,0.0,,0,,0.0,,,0.0
LN0002714,2024-06,0.0,0.0,0.0,0.0,,0,,0.0,,,0.0
LN0004943,2021-03,0.0,0.0,0.0,0.0,,0,,0.0,,,0.0
LN0004967,2022-07,0.0,0.0,0.0,0.0,,0,,0.0,,,0.0
LN0003259,2022-06,0.0,0.0,0.0,0.0,,0,,0.0,,,0.0
LN0002505,2024-08,0.0,0.0,0.0,0.0,,0,,0.0,,,0.0
LN0000249,2021-04,0.0,0.0,0.0,0.0,,0,,0.0,,,0.0
LN0004616,2025-01,0.0,0.0,0.0,0.0,,0,,0.0,,,0.0
LN0004498,2023-07,0.0,0.0,0.0,0.0,,0,,0.0,,,0.0
LN0000655,2021-11,0.0,0.0,0.0,0.0,,0,,0.0,,,0.0
LN0004304,2021-04,0.0,0.0,0.0,0.0,,0,,0.0,,,0.0
LN0003536,2023-07,0.0,0.0,0.0,0.0,,0,,0.0,,,0.0
LN0003532,2021-06,0.0,0.0,0.0,0.0,,0,,0.0,,,0.0
LN0001230,2022-02,0.0,0.0,0.0,0.0,,0,,0.0,,,0.0
LN0000701,2023-08,0.0,0.0,0.0,0.0,,0,,0.0,,,0.0
LN0003072,2021-08,0.0,0.0,0.0,0.0,,0,,0.0,,,0.0
LN0000392,2022-04,0.0,0.0,0.0,0.0,,0,,0.0,,,0.0
LN0001349,2020-12,0.0,0.0,0.0,0.0,,0,,0.0,,,0.0
LN0004413,2022-03,0.0,0.0,0.0,0.0,,0,,0.0,,,0.0
LN0000260,2023-04,0.0,0.0,0.0,0.0,,0,,0.0,,,0.0
LN0003191,2023-05,0.0,0.0,0.0,0.0,,0,,0.0,,,0.0
LN0000839,2021-08,0.0,0.0,0.0,0.0,,0,,0.0,,,0.0
LN0004055,2024-12,0.0,0.0,0.0,0.0,,0,,0.0,,,0.0
LN0000906,2023-11,0.0,0.0,0.0,0.0,,0,,0.0,,,0.0
LN0000930,2024-01,0.0,0.0,0.0,0.0,,0,,0.0,,,0.0
LN0003909,2026-05,0.0,0.0,0.0,0.0,,0,,0.0,,,0.0
LN0001122,2023-08,0.0,0.0,0.0,0.0,,0,,0.0,,,0.0
LN0000793,2022-05,0.0,0.0,0.0,0.0,,0,,0.0,,,0.0
LN0003841,2025-02,0.0,0.0,0.0,0.0,,0,,0.0,,,0.0
LN0003993,2022-06,0.0,0.0,0.0,0.0,,0,,0.0,,,0.0
LN0004498,2023-02,0.0,0.0,0.0,0.0,,0,,0.0,,,0.0
LN0003072,2022-05,0.0,0.0,0.0,0.0,,0,,0.0,,,0.0
LN0004716,2022-10,0.0,0.0,0.0,0.0,,0,,0.0,,,0.0
LN0004616,2024-11,0.0,0.0,0.0,0.0,,0,,0.0,,,0.0
LN0000569,2023-01,0.0,0.0,0.0,0.0,,0,,0.0,,,0.0
LN0004059,2021-08,0.0,0.0,0.0,0.0,,0,,0.0,,,0.0
LN0001091,2025-03,0.0,0.0,0.0,0.0,,0,,0.0,,,0.0
LN0002289,2026-02,0.0,0.0,0.0,0.0,,0,,0.0,,,0.0
LN0000239,2020-10,0.0,0.0,0.0,0.0,,0,,0.0,,,0.0
LN0004796,2023-03,0.0,0.0,0.0,0.0,,0,,0.0,,,0.0
LN0000973,2025-04,0.0,0.0,0.0,0.0,,0,,0.0,,,0.0
LN0000549,2021-09,0.0,0.0,0.0,0.0,,0,,0.0,,,0.0
LN0003146,2025-01,0.0,0.0,0.0,0.0,,0,,0.0,,,0.0
LN0003960,2021-11,0.0,0.0,0.0,0.0,,0,,0.0,,,0.0
LN0004634,2022-03,0.0,0.0,0.0,0.0,,0,,0.0,,,0.0
LN0002397,2024-09,0.0,0.0,0.0,0.0,,0,,0.0,,,0.0
LN0003740,2021-04,0.0,0.0,0.0,0.0,,0,,0.0,,,0.0
LN0001681,2021-07,0.0,0.0,0.0,0.0,,0,,0.0,,,0.0
LN0001786,2024-08,0.0,0.0,0.0,0.0,,0,,0.0,,,0.0
LN0001783,2022-01,0.0,0.0,0.0,0.0,,0,,0.0,,,0.0
LN0000723,2023-09,0.0,0.0,0.0,0.0,,0,,0.0,,,0.0
LN0002187,2020-10,0.0,0.0,0.0,0.0,,0,,0.0,,,0.0
LN0000992,2021-05,0.0,0.0,0.0,0.0,,0,,0.0,,,0.0
LN0000877,2023-06,0.0,0.0,0.0,0.0,,0,,0.0,,,0.0
LN0000588,2025-05,0.0,0.0,0.0,0.0,,0,,0.0,,,0.0
LN0001482,2023-02,0.0,0.0,0.0,0.0,,0,,0.0,,,0.0
LN0001625,2023-07,0.0,0.0,0.0,0.0,,0,,0.0,,,0.0
LN0004401,2021-08,0.0,0.0,0.0,0.0,,0,,0.0,,,0.0
LN0001658,2021-02,0.0,0.0,0.0,0.0,,0,,0.0,,,0.0
LN0000319,2021-09,0.0,0.0,0.0,0.0,,0,,0.0,,,0.0
LN0004875,2023-10,0.0,0.0,0.0,0.0,,0,,0.0,,,0.0
LN0001646,2025-03,0.0,0.0,0.0,0.0,,0,,0.0,,,0.0
LN0001179,2022-09,0.0,0.0,0.0,0.0,,0,,0.0,,,0.0
LN0004548,2022-03,0.0,0.0,0.0,0.0,,0,,0.0,,,0.0
LN0001840,2023-02,0.0,0.0,0.0,0.0,,0,,0.0,,,0.0
LN0000224,2024-05,0.0,0.0,0.0,0.0,,0,,0.0,,,0.0
LN0003866,2022-12,0.0,0.0,0.0,0.0,,0,,0.0,,,0.0
LN0002606,2021-07,0.0,0.0,0.0,0.0,,0,,0.0,,,0.0
LN0001156,2023-06,0.0,0.0,0.0,0.0,,0,,0.0,,,0.0
LN0000167,2021-07,0.0,0.0,0.0,0.0,,0,,0.0,,,0.0
LN0004098,2025-07,0.0,0.0,0.0,0.0,,0,,0.0,,,0.0
LN0003578,2023-10,0.0,0.0,0.0,0.0,,0,,0.0,,,0.0
LN0000082,2023-04,0.0,0.0,0.0,0.0,,0,,0.0,,,0.0
LN0001281,2023-10,0.0,0.0,0.0,0.0,,0,,0.0,,,0.0
LN0000723,2023-08,0.0,0.0,0.0,0.0,,0,,0.0,,,0.0
LN0004722,2024-09,0.0,0.0,0.0,0.0,,0,,0.0,,,0.0
LN0000016,2023-02,0.0,0.0,0.0,0.0,,0,,0.0,,,0.0
LN0002159,2025-05,0.0,0.0,0.0,0.0,,0,,0.0,,,0.0
LN0004041,2024-05,0.0,0.0,0.0,0.0,,0,,0.0,,,0.0
LN0002726,2022-01,0.0,0.0,0.0,0.0,,0,,0.0,,,0.0
LN0000082,2023-02,0.0,0.0,0.0,0.0,,0,,0.0,,,0.0
LN0000686,2024-09,0.0,0.0,0.0,0.0,,0,,0.0,,,0.0
LN0002867,2022-01,0.0,0.0,0.0,0.0,,0,,0.0,,,0.0
LN0000503,2022-05,0.0,0.0,0.0,0.0,,0,,0.0,,,0.0
LN0002933,2023-06,0.0,0.0,0.0,0.0,,0,,0.0,,,0.0
LN0001388,2022-10,0.0,0.0,0.0,0.0,,0,,0.0,,,0.0
LN0004098,2025-04,0.0,0.0,0.0,0.0,,0,,0.0,,,0.0
LN0001331,2020-11,0.0,0.0,0.0,0.0,,0,,0.0,,,0.0
LN0003951,2021-04,0.0,0.0,0.0,0.0,,0,,0.0,,,0.0
LN0001625,2022-06,0.0,0.0,0.0,0.0,,0,,0.0,,,0.0
LN0002777,2021-09,0.0,0.0,0.0,0.0,,0,,0.0,,,0.0
LN0003061,2023-10,0.0,0.0,0.0,0.0,,0,,0.0,,,0.0
LN0004313,2025-07,0.0,0.0,0.0,0.0,,0,,0.0,,,0.0
LN0000906,2023-06,0.0,0.0,0.0,0.0,,0,,0.0,,,0.0
LN0002328,2021-05,0.0,0.0,0.0,0.0,,0,,0.0,,,0.0
LN0000890,2025-07,0.0,0.0,0.0,0.0,,0,,0.0,,,0.0
LN0001624,2025-06,0.0,0.0,0.0,0.0,,0,,0.0,,,0.0
LN0000503,2022-02,0.0,0.0,0.0,0.0,,0,,0.0,,,0.0
LN0004313,2025-10,0.0,0.0,0.0,0.0,,0,,0.0,,,0.0
LN0004151,2020-11,0.0,0.0,0.0,0.0,,0,,0.0,,,0.0
LN0000680,2025-03,0.0,0.0,0.0,0.0,,0,,0.0,,,0.0
LN0000217,2021-08,0.0,0.0,0.0,0.0,,0,,0.0,,,0.0
LN0003412,2021-06,0.0,0.0,0.0,0.0,,0,,0.0,,,0.0
LN0001892,2023-11,0.0,0.0,0.0,0.0,,0,,0.0,,,0.0
LN0004349,2021-05,0.0,0.0,0.0,0.0,,0,,0.0,,,0.0
LN0004960,2023-07,0.0,0.0,0.0,0.0,,0,,0.0,,,0.0
LN0002726,2021-08,0.0,0.0,0.0,0.0,,0,,0.0,,,0.0
LN0003088,2023-05,0.0,0.0,0.0,0.0,,0,,0.0,,,0.0
LN0002154,2022-01,0.0,0.0,0.0,0.0,,0,,0.0,,,0.0
LN0004815,2024-02,0.0,0.0,0.0,0.0,,0,,0.0,,,0.0
LN0003335,2023-06,0.0,0.0,0.0,0.0,,0,,0.0,,,0.0
LN0004031,2023-03,0.0,0.0,0.0,0.0,,0,,0.0,,,0.0
LN0002764,2023-05,0.0,0.0,0.0,0.0,,0,,0.0,,,0.0
LN0004516,2025-03,0.0,0.0,0.0,0.0,,0,,0.0,,,0.0
LN0002908,2022-04,0.0,0.0,0.0,0.0,,0,,0.0,,,0.0
LN0003199,2022-10,0.0,0.0,0.0,0.0,,0,,0.0,,,0.0
LN0002836,2022-10,0.0,0.0,0.0,0.0,,0,,0.0,,,0.0
LN0003536,2024-05,0.0,0.0,0.0,0.0,,0,,0.0,,,0.0
LN0003327,2024-01,0.0,0.0,0.0,0.0,,0,,0.0,,,0.0
LN0003289,2022-12,0.0,0.0,0.0,0.0,,0,,0.0,,,0.0
LN0000680,2025-06,0.0,0.0,0.0,0.0,,0,,0.0,,,0.0
LN0004248,2021-09,0.0,0.0,0.0,0.0,,0,,0.0,,,0.0
LN0003422,2020-07,0.0,0.0,0.0,0.0,,0,,0.0,,,0.0
LN0001615,2020-05,0.0,0.0,0.0,0.0,,0,,0.0,,,0.0
LN0001563,2022-09,0.0,0.0,0.0,0.0,,0,,0.0,,,0.0
LN0004937,2020-09,0.0,0.0,0.0,0.0,,0,,0.0,,,0.0
LN0002898,2023-09,0.0,0.0,0.0,0.0,,0,,0.0,,,0.0
LN0003271,2025-04,0.0,0.0,0.0,0.0,,0,,0.0,,,0.0
LN0001826,2020-09,0.0,0.0,0.0,0.0,,0,,0.0,,,0.0
LN0000132,2024-05,0.0,0.0,0.0,0.0,,0,,0.0,,,0.0
LN0000383,2023-11,0.0,0.0,0.0,0.0,,0,,0.0,,,0.0
LN0001221,2023-08,0.0,0.0,0.0,0.0,,0,,0.0,,,0.0
LN0000378,2025-12,0.0,0.0,0.0,0.0,,0,,0.0,,,0.0
LN0000633,2025-02,0.0,0.0,0.0,0.0,,0,,0.0,,,0.0
LN0001889,2025-07,0.0,0.0,0.0,0.0,,0,,0.0,,,0.0
LN0004447,2025-11,0.0,0.0,0.0,0.0,,0,,0.0,,,0.0
LN0000384,2021-08,0.0,0.0,0.0,0.0,,0,,0.0,,,0.0
LN0000004,2022-01,0.0,0.0,0.0,0.0,,0,,0.0,,,0.0
LN0002981,2021-09,0.0,0.0,0.0,0.0,,0,,0.0,,,0.0
LN0004372,2021-11,0.0,0.0,0.0,0.0,,0,,0.0,,,0.0
LN0003707,2022-01,0.0,0.0,0.0,0.0,,0,,0.0,,,0.0
LN0003137,2024-06,0.0,0.0,0.0,0.0,,0,,0.0,,,0.0
LN0004518,2022-12,0.0,0.0,0.0,0.0,,0,,0.0,,,0.0
LN0002969,2024-04,0.0,0.0,0.0,0.0,,0,,0.0,,,0.0
LN0000488,2021-03,0.0,0.0,0.0,0.0,,0,,0.0,,,0.0
LN0003595,2022-06,0.0,0.0,0.0,0.0,,0,,0.0,,,0.0
LN0004767,2023-08,0.0,0.0,0.0,0.0,,0,,0.0,,,0.0
LN0001889,2024-08,0.0,0.0,0.0,0.0,,0,,0.0,,,0.0
LN0003259,2022-04,0.0,0.0,0.0,0.0,,0,,0.0,,,0.0
LN0000015,2021-07,0.0,0.0,0.0,0.0,,0,,0.0,,,0.0
LN0003874,2025-05,0.0,0.0,0.0,0.0,,0,,0.0,,,0.0
LN0000796,2026-04,0.0,0.0,0.0,0.0,,0,,0.0,,,0.0
LN0001362,2020-08,0.0,0.0,0.0,0.0,,0,,0.0,,,0.0
LN0001446,2021-05,0.0,0.0,0.0,0.0,,0,,0.0,,,0.0
LN0000840,2020-07,0.0,0.0,0.0,0.0,,0,,0.0,,,0.0
LN0001462,2022-03,0.0,0.0,0.0,0.0,,0,,0.0,,,0.0
LN0004466,2022-05,0.0,0.0,0.0,0.0,,0,,0.0,,,0.0
LN0003422,2021-09,0.0,0.0,0.0,0.0,,0,,0.0,,,0.0
LN0002969,2023-05,0.0,0.0,0.0,0.0,,0,,0.0,,,0.0
LN0003402,2020-07,0.0,0.0,0.0,0.0,,0,,0.0,,,0.0
LN0004719,2023-05,0.0,0.0,0.0,0.0,,0,,0.0,,,0.0
LN0001067,2024-03,0.0,0.0,0.0,0.0,,0,,0.0,,,0.0
LN0004337,2022-01,0.0,0.0,0.0,0.0,,0,,0.0,,,0.0
LN0002289,2025-10,0.0,0.0,0.0,0.0,,0,,0.0,,,0.0
LN0004497,2024-07,0.0,0.0,0.0,0.0,,0,,0.0,,,0.0
LN0003705,2025-06,0.0,0.0,0.0,0.0,,0,,0.0,,,0.0
LN0003358,2020-12,0.0,0.0,0.0,0.0,,0,,0.0,,,0.0
LN0004613,2024-06,0.0,0.0,0.0,0.0,,0,,0.0,,,0.0
LN0001894,2020-05,0.0,0.0,0.0,0.0,,0,,0.0,,,0.0
LN0004411,2021-09,0.0,0.0,0.0,0.0,,0,,0.0,,,0.0
LN0000746,2022-10,0.0,0.0,0.0,0.0,,0,,0.0,,,0.0
LN0001904,2020-09,0.0,0.0,0.0,0.0,,0,,0.0,,,0.0
LN0004161,2023-07,0.0,0.0,0.0,0.0,,0,,0.0,,,0.0
LN0002749,2020-12,0.0,0.0,0.0,0.0,,0,,0.0,,,0.0
LN0003993,2023-03,0.0,0.0,0.0,0.0,,0,,0.0,,,0.0
LN0002836,2022-03,0.0,0.0,0.0,0.0,,0,,0.0,,,0.0
LN0000106,2023-07,0.0,0.0,0.0,0.0,,0,,0.0,,,0.0
LN0004393,2024-11,0.0,0.0,0.0,0.0,,0,,0.0,,,0.0
LN0000093,2022-09,0.0,0.0,0.0,0.0,,0,,0.0,,,0.0
LN0000019,2024-02,0.0,0.0,0.0,0.0,,0,,0.0,,,0.0
LN0002687,2022-09,0.0,0.0,0.0,0.0,,0,,0.0,,,0.0
LN0003813,2021-09,0.0,0.0,0.0,0.0,,0,,0.0,,,0.0
LN0003777,2021-03,0.0,0.0,0.0,0.0,,0,,0.0,,,0.0
LN0002449,2023-06,0.0,0.0,0.0,0.0,,0,,0.0,,,0.0
LN0003271,2024-11,0.0,0.0,0.0,0.0,,0,,0.0,,,0.0
LN0003381,2021-09,0.0,0.0,0.0,0.0,,0,,0.0,,,0.0
LN0003140,2023-03,0.0,0.0,0.0,0.0,,0,,0.0,,,0.0
LN0004169,2024-04,0.0,0.0,0.0,0.0,,0,,0.0,,,0.0
LN0002483,2025-01,0.0,0.0,0.0,0.0,,0,,0.0,,,0.0
LN0004102,2025-01,0.0,0.0,0.0,0.0,,0,,0.0,,,0.0
LN0004393,2025-02,0.0,0.0,0.0,0.0,,0,,0.0,,,0.0
LN0002595,2022-08,0.0,0.0,0.0,0.0,,0,,0.0,,,0.0
LN0004559,2024-02,0.0,0.0,0.0,0.0,,0,,0.0,,,0.0
LN0004393,2024-09,0.0,0.0,0.0,0.0,,0,,0.0,,,0.0
LN0003578,2024-02,0.0,0.0,0.0,0.0,,0,,0.0,,,0.0
LN0000701,2023-07,0.0,0.0,0.0,0.0,,0,,0.0,,,0.0
LN0001365,2024-12,0.0,0.0,0.0,0.0,,0,,0.0,,,0.0
LN0004290,2023-10,0.0,0.0,0.0,0.0,,0,,0.0,,,0.0
LN0000992,2021-08,0.0,0.0,0.0,0.0,,0,,0.0,,,0.0
LN0002373,2023-06,0.0,0.0,0.0,0.0,,0,,0.0,,,0.0
LN0002372,2021-05,0.0,0.0,0.0,0.0,,0,,0.0,,,0.0
LN0000921,2023-01,0.0,0.0,0.0,0.0,,0,,0.0,,,0.0
LN0002513,2021-09,0.0,0.0,0.0,0.0,,0,,0.0,,,0.0
LN0004466,2023-03,0.0,0.0,0.0,0.0,,0,,0.0,,,0.0
LN0004975,2024-09,0.0,0.0,0.0,0.0,,0,,0.0,,,0.0
LN0000409,2024-12,0.0,0.0,0.0,0.0,,0,,0.0,,,0.0
LN0002263,2024-08,0.0,0.0,0.0,0.0,,0,,0.0,,,0.0
LN0002692,2022-06,0.0,0.0,0.0,0.0,,0,,0.0,,,0.0
LN0003361,2020-10,0.0,0.0,0.0,0.0,,0,,0.0,,,0.0
LN0004753,2021-04,0.0,0.0,0.0,0.0,,0,,0.0,,,0.0
LN0000576,2023-12,0.0,0.0,0.0,0.0,,0,,0.0,,,0.0
LN0001721,2025-11,0.0,0.0,0.0,0.0,,0,,0.0,,,0.0
LN0004337,2021-04,0.0,0.0,0.0,0.0,,0,,0.0,,,0.0
LN0002635,2021-06,0.0,0.0,0.0,0.0,,0,,0.0,,,0.0
LN0000243,2023-09,0.0,0.0,0.0,0.0,,0,,0.0,,,0.0
LN0002049,2024-06,0.0,0.0,0.0,0.0,,0,,0.0,,,0.0
LN0001791,2023-06,0.0,0.0,0.0,0.0,,0,,0.0,,,0.0
LN0004559,2024-08,0.0,0.0,0.0,0.0,,0,,0.0,,,0.0
LN0002323,2021-04,0.0,0.0,0.0,0.0,,0,,0.0,,,0.0
LN0003468,2022-12,0.0,0.0,0.0,0.0,,0,,0.0,,,0.0
LN0000887,2021-01,0.0,0.0,0.0,0.0,,0,,0.0,,,0.0
LN0000706,2022-10,0.0,0.0,0.0,0.0,,0,,0.0,,,0.0
LN0001972,2020-10,0.0,0.0,0.0,0.0,,0,,0.0,,,0.0
LN0002201,2022-08,0.0,0.0,0.0,0.0,,0,,0.0,,,0.0
LN0001931,2020-12,0.0,0.0,0.0,0.0,,0,,0.0,,,0.0
LN0001030,2022-10,0.0,0.0,0.0,0.0,,0,,0.0,,,0.0
LN0004395,2020-07,0.0,0.0,0.0,0.0,,0,,0.0,,,0.0
LN0000126,2025-07,0.0,0.0,0.0,0.0,,0,,0.0,,,0.0
LN0004710,2023-11,0.0,0.0,0.0,0.0,,0,,0.0,,,0.0
LN0000481,2025-05,0.0,0.0,0.0,0.0,,0,,0.0,,,0.0
LN0002728,2022-03,0.0,0.0,0.0,0.0,,0,,0.0,,,0.0
LN0002449,2022-05,0.0,0.0,0.0,0.0,,0,,0.0,,,0.0
LN0000964,2025-05,0.0,0.0,0.0,0.0,,0,,0.0,,,0.0
LN0002120,2024-05,0.0,0.0,0.0,0.0,,0,,0.0,,,0.0
LN0002013,2023-03,0.0,0.0,0.0,0.0,,0,,0.0,,,0.0
LN0000307,2022-05,0.0,0.0,0.0,0.0,,0,,0.0,,,0.0
LN0000805,2023-05,0.0,0.0,0.0,0.0,,0,,0.0,,,0.0
LN0001919,2023-09,0.0,0.0,0.0,0.0,,0,,0.0,,,0.0
LN0003357,2021-07,0.0,0.0,0.0,0.0,,0,,0.0,,,0.0
LN0000888,2025-08,0.0,0.0,0.0,0.0,,0,,0.0,,,0.0
LN0004697,2025-01,0.0,0.0,0.0,0.0,,0,,0.0,,,0.0
LN0002049,2025-03,0.0,0.0,0.0,0.0,,0,,0.0,,,0.0
LN0002038,2021-05,0.0,0.0,0.0,0.0,,0,,0.0,,,0.0
LN0003259,2021-11,0.0,0.0,0.0,0.0,,0,,0.0,,,0.0
LN0000680,2024-07,0.0,0.0,0.0,0.0,,0,,0.0,,,0.0
LN0003674,2023-05,0.0,0.0,0.0,0.0,,0,,0.0,,,0.0
LN0002372,2022-03,0.0,0.0,0.0,0.0,,0,,0.0,,,0.0
LN0004169,2024-09,0.0,0.0,0.0,0.0,,0,,0.0,,,0.0
LN0002488,2023-10,0.0,0.0,0.0,0.0,,0,,0.0,,,0.0
LN0004041,2024-11,0.0,0.0,0.0,0.0,,0,,0.0,,,0.0
LN0004325,2024-01,0.0,0.0,0.0,0.0,,0,,0.0,,,0.0
LN0000156,2021-04,0.0,0.0,0.0,0.0,,0,,0.0,,,0.0
LN0004697,2024-05,0.0,0.0,0.0,0.0,,0,,0.0,,,0.0
LN0002643,2020-10,0.0,0.0,0.0,0.0,,0,,0.0,,,0.0
LN0004333,2021-10,0.0,0.0,0.0,0.0,,0,,0.0,,,0.0
LN0000381,2025-04,0.0,0.0,0.0,0.0,,0,,0.0,,,0.0
LN0004776,2025-01,0.0,0.0,0.0,0.0,,0,,0.0,,,0.0
LN0000082,2022-10,0.0,0.0,0.0,0.0,,0,,0.0,,,0.0
LN0004031,2022-12,0.0,0.0,0.0,0.0,,0,,0.0,,,0.0
LN0000684,2023-07,0.0,0.0,0.0,0.0,,0,,0.0,,,0.0
LN0001698,2022-12,0.0,0.0,0.0,0.0,,0,,0.0,,,0.0
LN0000559,2020-12,0.0,0.0,0.0,0.0,,0,,0.0,,,0.0
LN0001329,2022-09,0.0,0.0,0.0,0.0,,0,,0.0,,,0.0
LN0002753,2024-01,0.0,0.0,0.0,0.0,,0,,0.0,,,0.0
LN0001172,2024-11,0.0,0.0,0.0,0.0,,0,,0.0,,,0.0
LN0002908,2022-01,0.0,0.0,0.0,0.0,,0,,0.0,,,0.0
LN0000123,2024-06,0.0,0.0,0.0,0.0,,0,,0.0,,,0.0
LN0001205,2021-04,0.0,0.0,0.0,0.0,,0,,0.0,,,0.0
LN0001267,2021-11,0.0,0.0,0.0,0.0,,0,,0.0,,,0.0
LN0004629,2022-12,0.0,0.0,0.0,0.0,,0,,0.0,,,0.0
LN0001243,2023-08,0.0,0.0,0.0,0.0,,0,,0.0,,,0.0
LN0000378,2025-02,0.0,0.0,0.0,0.0,,0,,0.0,,,0.0
LN0004685,2023-09,0.0,0.0,0.0,0.0,,0,,0.0,,,0.0
LN0000339,2023-12,0.0,0.0,0.0,0.0,,0,,0.0,,,0.0
LN0004595,2025-06,0.0,0.0,0.0,0.0,,0,,0.0,,,0.0
LN0001362,2020-07,0.0,0.0,0.0,0.0,,0,,0.0,,,0.0
LN0000222,2021-11,0.0,0.0,0.0,0.0,,0,,0.0,,,0.0
LN0004629,2023-03,0.0,0.0,0.0,0.0,,0,,0.0,,,0.0
LN0002630,2022-08,0.0,0.0,0.0,0.0,,0,,0.0,,,0.0
LN0000222,2021-08,0.0,0.0,0.0,0.0,,0,,0.0,,,0.0
LN0001382,2023-07,0.0,0.0,0.0,0.0,,0,,0.0,,,0.0
LN0000108,2022-09,0.0,0.0,0.0,0.0,,0,,0.0,,,0.0
LN0003866,2023-04,0.0,0.0,0.0,0.0,,0,,0.0,,,0.0
LN0001236,2023-09,0.0,0.0,0.0,0.0,,0,,0.0,,,0.0
LN0000432,2024-03,0.0,0.0,0.0,0.0,,0,,0.0,,,0.0
LN0003601,2024-11,0.0,0.0,0.0,0.0,,0,,0.0,,,0.0
LN0000417,2023-07,0.0,0.0,0.0,0.0,,0,,0.0,,,0.0
LN0004799,2025-05,0.0,0.0,0.0,0.0,,0,,0.0,,,0.0
LN0002567,2021-03,0.0,0.0,0.0,0.0,,0,,0.0,,,0.0
LN0000036,2020-07,0.0,0.0,0.0,0.0,,0,,0.0,,,0.0
LN0002543,2024-01,0.0,0.0,0.0,0.0,,0,,0.0,,,0.0
LN0001161,2022-11,0.0,0.0,0.0,0.0,,0,,0.0,,,0.0
LN0001709,2023-03,0.0,0.0,0.0,0.0,,0,,0.0,,,0.0
LN0003923,2022-01,0.0,0.0,0.0,0.0,,0,,0.0,,,0.0
LN0004766,2021-01,0.0,0.0,0.0,0.0,,0,,0.0,,,0.0
LN0004197,2020-10,0.0,0.0,0.0,0.0,,0,,0.0,,,0.0
LN0000274,2024-07,0.0,0.0,0.0,0.0,,0,,0.0,,,0.0
LN0004254,2021-07,0.0,0.0,0.0,0.0,,0,,0.0,,,0.0
LN0000093,2023-01,0.0,0.0,0.0,0.0,,0,,0.0,,,0.0
LN0002835,2021-01,0.0,0.0,0.0,0.0,,0,,0.0,,,0.0
LN0003321,2023-02,0.0,0.0,0.0,0.0,,0,,0.0,,,0.0
LN0002855,2023-07,0.0,0.0,0.0,0.0,,0,,0.0,,,0.0
LN0000052,2023-11,0.0,0.0,0.0,0.0,,0,,0.0,,,0.0
LN0003435,2023-04,0.0,0.0,0.0,0.0,,0,,0.0,,,0.0
LN0000549,2021-08,0.0,0.0,0.0,0.0,,0,,0.0,,,0.0
LN0000430,2021-11,0.0,0.0,0.0,0.0,,0,,0.0,,,0.0
LN0003909,2025-09,0.0,0.0,0.0,0.0,,0,,0.0,,,0.0
LN0002548,2021-03,0.0,0.0,0.0,0.0,,0,,0.0,,,0.0
LN0000383,2025-02,0.0,0.0,0.0,0.0,,0,,0.0,,,0.0
LN0001270,2023-12,0.0,0.0,0.0,0.0,,0,,0.0,,,0.0
LN0001600,2022-04,0.0,0.0,0.0,0.0,,0,,0.0,,,0.0
LN0000421,2025-04,0.0,0.0,0.0,0.0,,0,,0.0,,,0.0
LN0001838,2022-04,0.0,0.0,0.0,0.0,,0,,0.0,,,0.0
LN0003666,2024-11,0.0,0.0,0.0,0.0,,0,,0.0,,,0.0
LN0002426,2025-03,0.0,0.0,0.0,0.0,,0,,0.0,,,0.0
LN0001698,2021-08,0.0,0.0,0.0,0.0,,0,,0.0,,,0.0
LN0004102,2025-06,0.0,0.0,0.0,0.0,,0,,0.0,,,0.0
LN0000274,2024-06,0.0,0.0,0.0,0.0,,0,,0.0,,,0.0
LN0001721,2025-12,0.0,0.0,0.0,0.0,,0,,0.0,,,0.0
LN0004151,2020-06,0.0,0.0,0.0,0.0,,0,,0.0,,,0.0
LN0003363,2025-02,0.0,0.0,0.0,0.0,,0,,0.0,,,0.0
LN0001011,2023-04,0.0,0.0,0.0,0.0,,0,,0.0,,,0.0
LN0003737,2020-12,0.0,0.0,0.0,0.0,,0,,0.0,,,0.0
LN0001840,2022-08,0.0,0.0,0.0,0.0,,0,,0.0,,,0.0
LN0004313,2025-02,0.0,0.0,0.0,0.0,,0,,0.0,,,0.0
LN0004106,2025-09,0.0,0.0,0.0,0.0,,0,,0.0,,,0.0
LN0004427,2024-06,0.0,0.0,0.0,0.0,,0,,0.0,,,0.0
LN0001149,2022-05,0.0,0.0,0.0,0.0,,0,,0.0,,,0.0
LN0000904,2020-09,0.0,0.0,0.0,0.0,,0,,0.0,,,0.0
LN0000156,2021-07,0.0,0.0,0.0,0.0,,0,,0.0,,,0.0
LN0003666,2026-02,0.0,0.0,0.0,0.0,,0,,0.0,,,0.0
LN0001806,2020-11,0.0,0.0,0.0,0.0,,0,,0.0,,,0.0
LN0004521,2023-04,0.0,0.0,0.0,0.0,,0,,0.0,,,0.0
LN0000132,2024-12,0.0,0.0,0.0,0.0,,0,,0.0,,,0.0
LN0001234,2024-07,0.0,0.0,0.0,0.0,,0,,0.0,,,0.0
LN0001859,2024-07,0.0,0.0,0.0,0.0,,0,,0.0,,,0.0
LN0001760,2021-11,0.0,0.0,0.0,0.0,,0,,0.0,,,0.0
LN0003283,2021-08,0.0,0.0,0.0,0.0,,0,,0.0,,,0.0
LN0002398,2023-09,0.0,0.0,0.0,0.0,,0,,0.0,,,0.0
LN0001349,2021-01,0.0,0.0,0.0,0.0,,0,,0.0,,,0.0
LN0000890,2025-03,0.0,0.0,0.0,0.0,,0,,0.0,,,0.0
LN0004597,2021-11,0.0,0.0,0.0,0.0,,0,,0.0,,,0.0
LN0000363,2023-07,0.0,0.0,0.0,0.0,,0,,0.0,,,0.0
LN0000039,2024-02,0.0,0.0,0.0,0.0,,0,,0.0,,,0.0
LN0001869,2022-11,0.0,0.0,0.0,0.0,,0,,0.0,,,0.0
LN0003214,2024-09,0.0,0.0,0.0,0.0,,0,,0.0,,,0.0
LN0002851,2024-08,0.0,0.0,0.0,0.0,,0,,0.0,,,0.0
LN0002038,2021-12,0.0,0.0,0.0,0.0,,0,,0.0,,,0.0
LN0001195,2025-03,0.0,0.0,0.0,0.0,,0,,0.0,,,0.0
LN0000472,2021-07,0.0,0.0,0.0,0.0,,0,,0.0,,,0.0
LN0001161,2022-07,0.0,0.0,0.0,0.0,,0,,0.0,,,0.0
LN0001315,2023-07,0.0,0.0,0.0,0.0,,0,,0.0,,,0.0
LN0002784,2022-12,0.0,0.0,0.0,0.0,,0,,0.0,,,0.0
LN0001237,2022-07,0.0,0.0,0.0,0.0,,0,,0.0,,,0.0
LN0002127,2023-11,0.0,0.0,0.0,0.0,,0,,0.0,,,0.0
LN0004705,2024-08,0.0,0.0,0.0,0.0,,0,,0.0,,,0.0
LN0001826,2021-03,0.0,0.0,0.0,0.0,,0,,0.0,,,0.0
LN0003086,2024-05,0.0,0.0,0.0,0.0,,0,,0.0,,,0.0
LN0003356,2023-11,0.0,0.0,0.0,0.0,,0,,0.0,,,0.0
LN0001270,2023-07,0.0,0.0,0.0,0.0,,0,,0.0,,,0.0
LN0001869,2023-04,0.0,0.0,0.0,0.0,,0,,0.0,,,0.0
LN0001685,2021-06,0.0,0.0,0.0,0.0,,0,,0.0,,,0.0
LN0004563,2023-11,0.0,0.0,0.0,0.0,,0,,0.0,,,0.0
LN0003086,2024-04,0.0,0.0,0.0,0.0,,0,,0.0,,,0.0
LN0003832,2022-10,0.0,0.0,0.0,0.0,,0,,0.0,,,0.0
LN0002274,2020-08,0.0,0.0,0.0,0.0,,0,,0.0,,,0.0
LN0004267,2024-12,0.0,0.0,0.0,0.0,,0,,0.0,,,0.0
LN0001908,2025-07,0.0,0.0,0.0,0.0,,0,,0.0,,,0.0
LN0000887,2020-11,0.0,0.0,0.0,0.0,,0,,0.0,,,0.0
LN0001149,2023-01,0.0,0.0,0.0,0.0,,0,,0.0,,,0.0
LN0004456,2025-02,0.0,0.0,0.0,0.0,,0,,0.0,,,0.0
LN0000701,2023-04,0.0,0.0,0.0,0.0,,0,,0.0,,,0.0
LN0003138,2025-08,0.0,0.0,0.0,0.0,,0,,0.0,,,0.0
LN0002191,2022-07,0.0,0.0,0.0,0.0,,0,,0.0,,,0.0
LN0000260,2023-08,0.0,0.0,0.0,0.0,,0,,0.0,,,0.0
LN0004551,2023-12,0.0,0.0,0.0,0.0,,0,,0.0,,,0.0
LN0004924,2024-10,0.0,0.0,0.0,0.0,,0,,0.0,,,0.0
LN0001831,2024-04,0.0,0.0,0.0,0.0,,0,,0.0,,,0.0
LN0004807,2023-04,0.0,0.0,0.0,0.0,,0,,0.0,,,0.0
LN0000899,2022-05,0.0,0.0,0.0,0.0,,0,,0.0,,,0.0
LN0004706,2022-03,0.0,0.0,0.0,0.0,,0,,0.0,,,0.0
LN0004106,2025-01,0.0,0.0,0.0,0.0,,0,,0.0,,,0.0
LN0003880,2024-04,0.0,0.0,0.0,0.0,,0,,0.0,,,0.0
LN0000051,2024-09,0.0,0.0,0.0,0.0,,0,,0.0,,,0.0
LN0003503,2021-11,0.0,0.0,0.0,0.0,,0,,0.0,,,0.0
LN0004886,2023-01,0.0,0.0,0.0,0.0,,0,,0.0,,,0.0
LN0002901,2025-06,0.0,0.0,0.0,0.0,,0,,0.0,,,0.0
LN0003900,2021-07,0.0,0.0,0.0,0.0,,0,,0.0,,,0.0
LN0002222,2021-06,0.0,0.0,0.0,0.0,,0,,0.0,,,0.0
LN0004531,2021-09,0.0,0.0,0.0,0.0,,0,,0.0,,,0.0
LN0002635,2022-04,0.0,0.0,0.0,0.0,,0,,0.0,,,0.0
LN0001911,2026-06,0.0,0.0,0.0,0.0,,0,,0.0,,,0.0
LN0002014,2024-06,0.0,0.0,0.0,0.0,,0,,0.0,,,0.0
LN0001614,2022-05,0.0,0.0,0.0,0.0,,0,,0.0,,,0.0
LN0001691,2021-10,0.0,0.0,0.0,0.0,,0,,0.0,,,0.0
LN0004313,2025-06,0.0,0.0,0.0,0.0,,0,,0.0,,,0.0
LN0000172,2025-03,0.0,0.0,0.0,0.0,,0,,0.0,,,0.0
LN0004886,2022-10,0.0,0.0,0.0,0.0,,0,,0.0,,,0.0
LN0000108,2022-10,0.0,0.0,0.0,0.0,,0,,0.0,,,0.0
LN0000219,2022-01,0.0,0.0,0.0,0.0,,0,,0.0,,,0.0
LN0002705,2022-11,0.0,0.0,0.0,0.0,,0,,0.0,,,0.0
LN0003898,2020-12,0.0,0.0,0.0,0.0,,0,,0.0,,,0.0
LN0001724,2024-04,0.0,0.0,0.0,0.0,,0,,0.0,,,0.0
LN0003594,2022-10,0.0,0.0,0.0,0.0,,0,,0.0,,,0.0
LN0003737,2021-05,0.0,0.0,0.0,0.0,,0,,0.0,,,0.0
LN0003536,2024-02,0.0,0.0,0.0,0.0,,0,,0.0,,,0.0
LN0003082,2022-12,0.0,0.0,0.0,0.0,,0,,0.0,,,0.0
LN0004554,2024-04,0.0,0.0,0.0,0.0,,0,,0.0,,,0.0
LN0001520,2021-10,0.0,0.0,0.0,0.0,,0,,0.0,,,0.0
LN0004031,2023-05,0.0,0.0,0.0,0.0,,0,,0.0,,,0.0
LN0002373,2023-03,0.0,0.0,0.0,0.0,,0,,0.0,,,0.0
LN0000109,2024-05,0.0,0.0,0.0,0.0,,0,,0.0,,,0.0
LN0002753,2023-06,0.0,0.0,0.0,0.0,,0,,0.0,,,0.0
LN0000068,2024-12,0.0,0.0,0.0,0.0,,0,,0.0,,,0.0
LN0004466,2023-01,0.0,0.0,0.0,0.0,,0,,0.0,,,0.0
LN0004973,2024-03,0.0,0.0,0.0,0.0,,0,,0.0,,,0.0
LN0000236,2025-02,0.0,0.0,0.0,0.0,,0,,0.0,,,0.0
LN0003880,2024-11,0.0,0.0,0.0,0.0,,0,,0.0,,,0.0
LN0002736,2023-05,0.0,0.0,0.0,0.0,,0,,0.0,,,0.0
LN0004153,2021-07,0.0,0.0,0.0,0.0,,0,,0.0,,,0.0
LN0003960,2021-05,0.0,0.0,0.0,0.0,,0,,0.0,,,0.0
LN0000052,2024-03,0.0,0.0,0.0,0.0,,0,,0.0,,,0.0
LN0003137,2023-10,0.0,0.0,0.0,0.0,,0,,0.0,,,0.0
LN0000310,2024-07,0.0,0.0,0.0,0.0,,0,,0.0,,,0.0
LN0002189,2021-05,0.0,0.0,0.0,0.0,,0,,0.0,,,0.0
LN0001786,2024-10,0.0,0.0,0.0,0.0,,0,,0.0,,,0.0
LN0001677,2020-04,0.0,0.0,0.0,0.0,,0,,0.0,,,0.0
LN0003082,2023-01,0.0,0.0,0.0,0.0,,0,,0.0,,,0.0
LN0001777,2021-09,0.0,0.0,0.0,0.0,,0,,0.0,,,0.0
LN0002938,2024-10,0.0,0.0,0.0,0.0,,0,,0.0,,,0.0
LN0001573,2022-03,0.0,0.0,0.0,0.0,,0,,0.0,,,0.0
LN0001685,2022-05,0.0,0.0,0.0,0.0,,0,,0.0,,,0.0
LN0001869,2022-12,0.0,0.0,0.0,0.0,,0,,0.0,,,0.0
LN0004781,2024-09,0.0,0.0,0.0,0.0,,0,,0.0,,,0.0
LN0004548,2022-01,0.0,0.0,0.0,0.0,,0,,0.0,,,0.0
LN0003923,2021-11,0.0,0.0,0.0,0.0,,0,,0.0,,,0.0
LN0000454,2023-04,0.0,0.0,0.0,0.0,,0,,0.0,,,0.0
LN0004214,2022-04,0.0,0.0,0.0,0.0,,0,,0.0,,,0.0
LN0000697,2025-06,0.0,0.0,0.0,0.0,,0,,0.0,,,0.0
LN0004776,2024-12,0.0,0.0,0.0,0.0,,0,,0.0,,,0.0
LN0004106,2025-05,0.0,0.0,0.0,0.0,,0,,0.0,,,0.0
LN0003146,2024-06,0.0,0.0,0.0,0.0,,0,,0.0,,,0.0
LN0004531,2021-07,0.0,0.0,0.0,0.0,,0,,0.0,,,0.0
LN0004770,2022-04,0.0,0.0,0.0,0.0,,0,,0.0,,,0.0
LN0001600,2022-07,0.0,0.0,0.0,0.0,,0,,0.0,,,0.0
LN0000897,2024-05,0.0,0.0,0.0,0.0,,0,,0.0,,,0.0
LN0001833,2023-03,0.0,0.0,0.0,0.0,,0,,0.0,,,0.0
LN0003752,2022-08,0.0,0.0,0.0,0.0,,0,,0.0,,,0.0
LN0002155,2025-11,0.0,0.0,0.0,0.0,,0,,0.0,,,0.0
LN0001314,2023-07,0.0,0.0,0.0,0.0,,0,,0.0,,,0.0
LN0001456,2023-10,0.0,0.0,0.0,0.0,,0,,0.0,,,0.0
LN0001719,2022-12,0.0,0.0,0.0,0.0,,0,,0.0,,,0.0
LN0004629,2023-01,0.0,0.0,0.0,0.0,,0,,0.0,,,0.0
LN0000207,2021-04,0.0,0.0,0.0,0.0,,0,,0.0,,,0.0
LN0002478,2021-07,0.0,0.0,0.0,0.0,,0,,0.0,,,0.0
LN0000488,2021-02,0.0,0.0,0.0,0.0,,0,,0.0,,,0.0
LN0000228,2024-01,0.0,0.0,0.0,0.0,,0,,0.0,,,0.0
LN0004299,2023-01,0.0,0.0,0.0,0.0,,0,,0.0,,,0.0
LN0001840,2022-09,0.0,0.0,0.0,0.0,,0,,0.0,,,0.0
LN0002766,2024-03,0.0,0.0,0.0,0.0,,0,,0.0,,,0.0
LN0004536,2023-10,0.0,0.0,0.0,0.0,,0,,0.0,,,0.0
LN0003216,2026-04,0.0,0.0,0.0,0.0,,0,,0.0,,,0.0
LN0001792,2022-04,0.0,0.0,0.0,0.0,,0,,0.0,,,0.0
LN0001942,2025-10,0.0,0.0,0.0,0.0,,0,,0.0,,,0.0
LN0004313,2025-05,0.0,0.0,0.0,0.0,,0,,0.0,,,0.0
LN0000921,2022-05,0.0,0.0,0.0,0.0,,0,,0.0,,,0.0
LN0001592,2021-12,0.0,0.0,0.0,0.0,,0,,0.0,,,0.0
LN0000701,2023-05,0.0,0.0,0.0,0.0,,0,,0.0,,,0.0
LN0000549,2020-11,0.0,0.0,0.0,0.0,,0,,0.0,,,0.0
LN0003816,2022-05,0.0,0.0,0.0,0.0,,0,,0.0,,,0.0
LN0001751,2021-07,0.0,0.0,0.0,0.0,,0,,0.0,,,0.0
LN0004844,2024-11,0.0,0.0,0.0,0.0,,0,,0.0,,,0.0
LN0000402,2022-03,0.0,0.0,0.0,0.0,,0,,0.0,,,0.0
LN0003321,2024-03,0.0,0.0,0.0,0.0,,0,,0.0,,,0.0
LN0001698,2022-06,0.0,0.0,0.0,0.0,,0,,0.0,,,0.0
LN0003454,2020-05,0.0,0.0,0.0,0.0,,0,,0.0,,,0.0
LN0000888,2025-11,0.0,0.0,0.0,0.0,,0,,0.0,,,0.0
LN0000677,2022-01,0.0,0.0,0.0,0.0,,0,,0.0,,,0.0
LN0003705,2024-10,0.0,0.0,0.0,0.0,,0,,0.0,,,0.0
LN0000324,2023-11,0.0,0.0,0.0,0.0,,0,,0.0,,,0.0
LN0001227,2025-05,0.0,0.0,0.0,0.0,,0,,0.0,,,0.0
LN0003964,2020-08,0.0,0.0,0.0,0.0,,0,,0.0,,,0.0
