loan_id,credit_score_band,ltv_band,dti_band,state,loan_purpose,T,E,event_type
LN0000001,Fair,60-75,36-43,IL,Purchase,15,1,default
LN0000002,Good,75-90,36-43,WA,Refinance,23,1,default
LN0000003,Poor,75-90,<=28,NY,CashOut,6,1,prepaid
LN0000004,Fair,<=60,<=28,CA,CashOut,42,0,censored
LN0000005,Excellent,<=60,28-36,OH,Refinance,4,1,prepaid
LN0000006,Poor,60-75,<=28,TX,Purchase,4,0,censored
LN0000007,Fair,75-90,28-36,OH,Purchase,17,1,default
LN0000008,Fair,75-90,>43,CA,Purchase,12,1,default
LN0000009,Excellent,75-90,<=28,NV,Refinance,24,1,prepaid
LN0000010,Good,60-75,28-36,FL,Refinance,42,0,censored
LN0000011,Good,60-75,36-43,AZ,Purchase,14,1,default
LN0000012,Poor,60-75,28-36,CA,CashOut,7,1,default
LN0000013,Fair,60-75,<=28,IL,Purchase,5,1,default
LN0000014,Fair,75-90,<=28,IL,Refinance,9,1,prepaid
LN0000015,Good,<=60,>43,TX,CashOut,39,1,prepaid
LN0000016,Excellent,60-75,<=28,IL,Refinance,28,1,prepaid
LN0000017,Good,60-75,36-43,FL,Refinance,9,1,prepaid
LN0000018,Excellent,60-75,36-43,IL,Refinance,4,1,prepaid
LN0000019,Fair,75-90,28-36,NY,Refinance,42,0,censored
LN0000020,Fair,60-75,36-43,TX,Refinance,42,0,censored
LN0000021,Fair,>90,<=28,OH,Purchase,7,1,default
LN0000022,Good,75-90,28-36,WA,Purchase,34,1,default
LN0000023,Poor,>90,28-36,AZ,Refinance,4,1,prepaid
LN0000024,Poor,75-90,>43,AZ,Refinance,6,1,default
LN0000025,Fair,75-90,<=28,FL,Refinance,9,0,censored
LN0000026,Excellent,75-90,<=28,FL,Purchase,19,1,prepaid
LN0000027,Good,60-75,>43,NV,Purchase,16,1,prepaid
LN0000028,Excellent,60-75,<=28,NY,Purchase,4,1,prepaid
LN0000029,Excellent,75-90,>43,CA,CashOut,7,1,prepaid
LN0000030,Fair,<=60,36-43,WA,Purchase,6,1,default
LN0000031,Fair,<=60,28-36,NV,Purchase,9,1,prepaid
LN0000032,Poor,>90,36-43,FL,Purchase,16,1,default
LN0000033,Good,<=60,36-43,GA,Purchase,4,1,prepaid
LN0000034,Good,60-75,<=28,NY,Purchase,9,1,prepaid
LN0000035,Good,75-90,>43,NY,Refinance,19,1,default
LN0000036,Excellent,<=60,>43,IL,Purchase,42,0,censored
LN0000037,Excellent,>90,>43,TX,Purchase,17,1,default
LN0000038,Good,<=60,36-43,NY,Purchase,14,1,default
LN0000039,Excellent,>90,28-36,FL,Purchase,31,1,default
LN0000040,Fair,75-90,28-36,AZ,Refinance,9,0,censored
LN0000041,Good,60-75,<=28,FL,CashOut,42,0,censored
LN0000042,Fair,<=60,28-36,AZ,Refinance,4,1,prepaid
LN0000043,Fair,60-75,36-43,CA,CashOut,5,1,prepaid
LN0000044,Good,60-75,36-43,IL,Purchase,13,1,default
LN0000045,Fair,60-75,28-36,FL,CashOut,10,1,prepaid
LN0000046,Fair,>90,28-36,IL,Purchase,9,0,censored
LN0000047,Good,60-75,36-43,OH,Refinance,7,1,prepaid
LN0000048,Good,75-90,28-36,NV,Refinance,5,1,prepaid
LN0000049,Fair,<=60,>43,OH,Purchase,4,1,prepaid
LN0000050,Excellent,>90,36-43,WA,Purchase,29,1,default
LN0000051,Excellent,60-75,<=28,WA,Purchase,32,1,prepaid
LN0000052,Excellent,60-75,<=28,NV,Purchase,42,1,prepaid
LN0000053,Fair,75-90,36-43,NV,Purchase,15,1,prepaid
LN0000054,Fair,<=60,28-36,OH,CashOut,23,1,default
LN0000055,Fair,75-90,36-43,TX,Purchase,13,1,default
LN0000056,Fair,60-75,<=28,FL,Refinance,9,1,prepaid
LN0000057,Good,60-75,<=28,FL,Refinance,11,1,prepaid
LN0000058,Good,60-75,28-36,FL,Purchase,42,0,censored
LN0000059,Excellent,75-90,36-43,NV,Purchase,42,0,censored
LN0000060,Excellent,<=60,>43,TX,Purchase,16,1,prepaid
LN0000061,Fair,<=60,>43,AZ,Purchase,8,1,default
LN0000062,Good,<=60,28-36,AZ,Purchase,4,1,prepaid
LN0000063,Good,60-75,36-43,WA,Purchase,10,1,prepaid
LN0000064,Fair,<=60,<=28,NY,Purchase,13,1,prepaid
LN0000065,Fair,>90,28-36,FL,Refinance,4,1,prepaid
LN0000066,Good,60-75,>43,GA,Refinance,19,0,censored
LN0000067,Good,75-90,28-36,GA,Purchase,10,1,prepaid
LN0000068,Good,60-75,>43,WA,Refinance,38,1,default
LN0000069,Excellent,60-75,<=28,WA,CashOut,23,1,prepaid
LN0000070,Good,60-75,<=28,AZ,Purchase,11,1,prepaid
LN0000071,Excellent,60-75,28-36,OH,Purchase,6,1,prepaid
LN0000072,Good,60-75,>43,OH,Purchase,23,1,default
LN0000073,Poor,60-75,28-36,FL,Purchase,7,0,censored
LN0000074,Excellent,60-75,36-43,CA,Refinance,24,0,censored
LN0000075,Excellent,>90,<=28,IL,Refinance,42,0,censored
LN0000076,Good,60-75,36-43,NY,Refinance,11,1,prepaid
LN0000077,Good,60-75,28-36,NY,Purchase,17,1,prepaid
LN0000078,Fair,<=60,<=28,WA,Refinance,7,1,prepaid
LN0000079,Good,60-75,36-43,NV,Purchase,42,0,censored
LN0000080,Fair,75-90,36-43,AZ,Purchase,13,1,prepaid
LN0000081,Fair,<=60,28-36,GA,Purchase,8,1,prepaid
LN0000082,Good,75-90,<=28,OH,CashOut,42,0,censored
LN0000083,Fair,60-75,<=28,IL,Refinance,7,1,prepaid
LN0000084,Excellent,<=60,>43,WA,Refinance,22,1,prepaid
LN0000085,Excellent,>90,36-43,IL,Refinance,5,1,default
LN0000086,Excellent,60-75,36-43,AZ,Purchase,4,1,prepaid
LN0000087,Fair,75-90,36-43,NV,Purchase,19,1,default
LN0000088,Good,60-75,36-43,IL,Refinance,4,1,prepaid
LN0000089,Excellent,>90,<=28,OH,CashOut,5,1,prepaid
LN0000090,Good,60-75,28-36,CA,Refinance,4,1,prepaid
LN0000091,Excellent,60-75,36-43,IL,Purchase,11,1,prepaid
LN0000092,Fair,75-90,<=28,AZ,CashOut,8,1,default
LN0000093,Good,60-75,<=28,GA,Purchase,42,0,censored
LN0000094,Good,60-75,36-43,WA,Purchase,26,1,prepaid
LN0000095,Good,>90,>43,FL,Purchase,12,1,default
LN0000096,Fair,75-90,36-43,AZ,Purchase,12,1,default
LN0000097,Good,75-90,<=28,NV,Refinance,20,1,prepaid
LN0000098,Excellent,75-90,>43,NY,Refinance,19,1,default
LN0000099,Excellent,75-90,<=28,AZ,Purchase,4,1,prepaid
LN0000100,Poor,>90,<=28,WA,Purchase,5,1,default
LN0000101,Poor,75-90,>43,NY,Refinance,6,1,default
LN0000102,Fair,60-75,36-43,NY,Purchase,5,1,default
LN0000103,Good,<=60,>43,WA,Purchase,8,1,default
LN0000104,Poor,75-90,36-43,IL,Purchase,4,1,prepaid
LN0000105,Fair,75-90,36-43,GA,CashOut,4,1,prepaid
LN0000106,Fair,60-75,28-36,TX,CashOut,33,1,prepaid
LN0000107,Good,<=60,28-36,IL,Purchase,30,1,prepaid
LN0000108,Good,60-75,>43,OH,Refinance,33,1,default
LN0000109,Excellent,60-75,>43,AZ,CashOut,32,1,prepaid
LN0000110,Poor,75-90,28-36,FL,Purchase,4,1,prepaid
LN0000111,Good,<=60,28-36,GA,CashOut,7,1,prepaid
LN0000112,Excellent,75-90,28-36,NY,Purchase,26,1,prepaid
LN0000113,Good,75-90,28-36,OH,Refinance,27,0,censored
LN0000114,Good,>90,>43,NY,Refinance,4,1,prepaid
LN0000115,Excellent,<=60,<=28,GA,Purchase,20,1,prepaid
LN0000116,Poor,>90,28-36,IL,Refinance,18,1,default
LN0000117,Fair,75-90,>43,FL,Refinance,11,1,default
LN0000118,Fair,75-90,28-36,WA,Purchase,4,1,prepaid
LN0000119,Good,<=60,28-36,GA,Refinance,4,1,prepaid
LN0000120,Fair,60-75,28-36,GA,CashOut,21,1,default
LN0000121,Good,75-90,<=28,OH,CashOut,10,0,censored
LN0000122,Fair,60-75,<=28,GA,Refinance,4,1,prepaid
LN0000123,Excellent,60-75,<=28,AZ,Purchase,31,1,prepaid
LN0000124,Good,75-90,<=28,IL,Purchase,10,1,default
LN0000125,Excellent,75-90,<=28,WA,Purchase,34,1,prepaid
LN0000126,Good,<=60,28-36,IL,Refinance,42,0,censored
LN0000127,Good,60-75,<=28,WA,Refinance,18,1,default
LN0000128,Excellent,60-75,>43,TX,CashOut,11,1,default
LN0000129,Excellent,>90,<=28,AZ,Purchase,21,1,default
LN0000130,Good,>90,28-36,WA,CashOut,19,1,default
LN0000131,Excellent,60-75,>43,WA,CashOut,13,1,prepaid
LN0000132,Poor,<=60,<=28,AZ,Refinance,42,0,censored
LN0000133,Good,60-75,28-36,IL,CashOut,29,1,prepaid
LN0000134,Good,60-75,36-43,IL,Purchase,10,1,default
LN0000135,Good,>90,28-36,WA,Purchase,7,1,prepaid
LN0000136,Excellent,60-75,<=28,NV,Purchase,26,1,prepaid
LN0000137,Poor,<=60,36-43,FL,Purchase,12,1,default
LN0000138,Good,<=60,36-43,TX,Purchase,24,1,prepaid
LN0000139,Fair,60-75,28-36,TX,Refinance,15,1,prepaid
LN0000140,Excellent,75-90,<=28,OH,Purchase,18,1,prepaid
LN0000141,Good,75-90,<=28,CA,Purchase,18,1,prepaid
LN0000142,Good,75-90,36-43,OH,Purchase,18,0,censored
LN0000143,Poor,60-75,28-36,AZ,Refinance,17,1,default
LN0000144,Good,>90,<=28,GA,CashOut,9,1,default
LN0000145,Good,60-75,28-36,TX,Purchase,10,1,default
LN0000146,Good,75-90,>43,GA,Refinance,15,0,censored
LN0000147,Good,>90,<=28,IL,CashOut,24,1,default
LN0000148,Good,60-75,<=28,CA,Refinance,42,0,censored
LN0000149,Good,>90,28-36,TX,Refinance,11,1,prepaid
LN0000150,Excellent,60-75,36-43,OH,Refinance,9,1,prepaid
LN0000151,Fair,75-90,28-36,WA,CashOut,31,0,censored
LN0000152,Poor,<=60,>43,IL,Purchase,4,1,default
LN0000153,Excellent,60-75,<=28,OH,Refinance,10,1,prepaid
LN0000154,Good,60-75,28-36,WA,Purchase,4,0,censored
LN0000155,Excellent,<=60,28-36,NV,Purchase,17,1,prepaid
LN0000156,Fair,<=60,28-36,CA,Refinance,42,0,censored
LN0000157,Good,60-75,28-36,FL,Refinance,7,1,prepaid
LN0000158,Fair,75-90,36-43,TX,CashOut,6,1,default
LN0000159,Fair,60-75,28-36,IL,CashOut,21,1,default
LN0000160,Fair,60-75,36-43,NV,Refinance,7,1,default
LN0000161,Excellent,>90,<=28,IL,Refinance,42,0,censored
LN0000162,Poor,>90,28-36,NY,CashOut,6,1,default
LN0000163,Excellent,<=60,28-36,CA,Purchase,4,1,prepaid
LN0000164,Excellent,60-75,28-36,NY,Purchase,15,1,prepaid
LN0000165,Good,75-90,<=28,FL,Purchase,26,1,prepaid
LN0000166,Good,75-90,>43,TX,Refinance,9,1,default
LN0000167,Fair,60-75,>43,TX,Refinance,42,0,censored
LN0000168,Fair,75-90,36-43,GA,Refinance,20,1,default
LN0000169,Good,<=60,>43,OH,Purchase,19,1,prepaid
LN0000170,Poor,60-75,<=28,OH,Refinance,18,1,default
LN0000171,Good,75-90,28-36,CA,Refinance,22,1,default
LN0000172,Good,75-90,28-36,NV,CashOut,42,0,censored
LN0000173,Good,75-90,>43,WA,Purchase,15,1,default
LN0000174,Poor,<=60,<=28,WA,Refinance,4,1,default
LN0000175,Excellent,<=60,<=28,AZ,Refinance,8,1,prepaid
LN0000176,Excellent,<=60,36-43,FL,Refinance,21,1,prepaid
LN0000177,Good,<=60,<=28,WA,Purchase,4,0,censored
LN0000178,Poor,<=60,36-43,CA,Purchase,13,1,default
LN0000179,Poor,60-75,28-36,IL,Purchase,27,1,default
LN0000180,Fair,60-75,36-43,FL,Purchase,17,0,censored
LN0000181,Poor,75-90,>43,TX,Refinance,13,1,default
LN0000182,Poor,60-75,36-43,GA,Refinance,11,1,default
LN0000183,Good,<=60,<=28,TX,Refinance,7,1,prepaid
LN0000184,Good,75-90,<=28,NV,Purchase,4,1,prepaid
LN0000185,Fair,<=60,<=28,FL,Purchase,5,1,default
LN0000186,Fair,>90,<=28,CA,Refinance,10,1,default
LN0000187,Good,<=60,28-36,IL,Refinance,4,1,prepaid
LN0000188,Excellent,60-75,28-36,NY,Refinance,15,1,prepaid
LN0000189,Fair,>90,<=28,GA,Refinance,6,1,default
LN0000190,Good,75-90,<=28,GA,CashOut,5,1,prepaid
LN0000191,Poor,75-90,>43,WA,CashOut,7,1,default
LN0000192,Excellent,75-90,<=28,WA,Refinance,42,0,censored
LN0000193,Excellent,<=60,28-36,OH,Purchase,37,1,prepaid
LN0000194,Fair,75-90,28-36,GA,Purchase,19,1,default
LN0000195,Excellent,>90,<=28,TX,Refinance,4,0,censored
LN0000196,Excellent,>90,>43,IL,Purchase,23,1,prepaid
LN0000197,Good,60-75,<=28,GA,Purchase,10,1,prepaid
LN0000198,Poor,60-75,36-43,FL,Purchase,4,1,prepaid
LN0000199,Excellent,75-90,36-43,AZ,CashOut,4,1,prepaid
LN0000200,Good,60-75,36-43,IL,Purchase,15,1,prepaid
LN0000201,Fair,60-75,36-43,NY,Refinance,22,1,prepaid
LN0000202,Poor,<=60,36-43,NY,CashOut,17,1,default
LN0000203,Good,<=60,28-36,GA,Refinance,11,1,default
LN0000204,Excellent,60-75,28-36,OH,Purchase,7,0,censored
LN0000205,Excellent,<=60,36-43,FL,Refinance,25,1,prepaid
LN0000206,Excellent,<=60,28-36,TX,Refinance,6,1,prepaid
LN0000207,Excellent,<=60,28-36,CA,Purchase,32,1,prepaid
LN0000208,Fair,>90,<=28,IL,Refinance,6,1,prepaid
LN0000209,Excellent,<=60,28-36,NV,Purchase,19,1,default
LN0000210,Good,<=60,28-36,NV,Refinance,6,1,prepaid
LN0000211,Fair,60-75,<=28,WA,CashOut,6,1,prepaid
LN0000212,Good,60-75,28-36,WA,Refinance,16,1,prepaid
LN0000213,Excellent,>90,<=28,WA,CashOut,12,1,default
LN0000214,Fair,>90,28-36,FL,Purchase,11,1,default
LN0000215,Fair,60-75,36-43,IL,CashOut,13,1,prepaid
LN0000216,Fair,60-75,28-36,NV,Refinance,4,1,prepaid
LN0000217,Excellent,60-75,36-43,GA,Purchase,36,1,default
LN0000218,Excellent,<=60,<=28,FL,CashOut,5,1,prepaid
LN0000219,Poor,60-75,<=28,CA,CashOut,42,0,censored
LN0000220,Good,<=60,36-43,OH,Purchase,13,1,prepaid
LN0000221,Good,<=60,36-43,NV,Refinance,26,0,censored
LN0000222,Good,75-90,36-43,TX,Purchase,42,0,censored
LN0000223,Fair,<=60,36-43,NY,Purchase,8,1,default
LN0000224,Poor,<=60,36-43,AZ,Purchase,35,1,default
LN0000225,Good,60-75,36-43,FL,Purchase,17,1,prepaid
LN0000226,Poor,60-75,36-43,TX,Purchase,12,1,default
LN0000227,Excellent,<=60,36-43,NY,Purchase,42,0,censored
LN0000228,Good,<=60,<=28,NY,CashOut,39,0,censored
LN0000229,Fair,<=60,<=28,IL,Purchase,33,1,prepaid
LN0000230,Excellent,60-75,28-36,NV,Refinance,4,1,prepaid
LN0000231,Excellent,75-90,28-36,NV,Purchase,19,1,prepaid
LN0000232,Good,>90,36-43,WA,Purchase,17,1,default
LN0000233,Poor,60-75,28-36,CA,Refinance,8,1,prepaid
LN0000234,Good,60-75,28-36,FL,Purchase,9,1,default
LN0000235,Poor,75-90,36-43,TX,Purchase,6,1,prepaid
LN0000236,Fair,75-90,<=28,CA,CashOut,26,1,prepaid
LN0000237,Good,<=60,36-43,NY,Purchase,8,1,prepaid
LN0000238,Fair,<=60,<=28,CA,Purchase,4,1,prepaid
LN0000239,Excellent,60-75,28-36,WA,Refinance,42,0,censored
LN0000240,Excellent,75-90,28-36,FL,Purchase,16,1,prepaid
LN0000241,Fair,<=60,28-36,OH,Refinance,4,1,prepaid
LN0000242,Fair,60-75,<=28,WA,Purchase,28,1,prepaid
LN0000243,Excellent,60-75,<=28,NV,Purchase,38,0,censored
LN0000244,Good,60-75,28-36,IL,Purchase,4,1,default
LN0000245,Fair,60-75,28-36,TX,Purchase,6,1,default
LN0000246,Poor,75-90,36-43,NV,Refinance,4,1,default
LN0000247,Fair,60-75,<=28,NY,CashOut,4,1,prepaid
LN0000248,Good,60-75,28-36,OH,Refinance,17,1,prepaid
LN0000249,Good,<=60,<=28,OH,Purchase,42,0,censored
LN0000250,Good,75-90,>43,NV,CashOut,7,1,prepaid
LN0000251,Fair,60-75,36-43,GA,Refinance,10,0,censored
LN0000252,Poor,<=60,>43,WA,Purchase,10,1,default
LN0000253,Good,60-75,>43,NY,Purchase,14,1,prepaid
LN0000254,Excellent,75-90,28-36,IL,Purchase,9,1,default
LN0000255,Excellent,75-90,36-43,OH,Purchase,4,1,default
LN0000256,Fair,>90,28-36,WA,Purchase,7,1,default
LN0000257,Fair,75-90,>43,CA,Purchase,5,1,default
LN0000258,Excellent,60-75,28-36,NY,CashOut,5,1,prepaid
LN0000259,Excellent,60-75,28-36,NV,Purchase,4,1,prepaid
LN0000260,Good,<=60,>43,FL,Purchase,42,0,censored
LN0000261,Excellent,75-90,36-43,IL,CashOut,20,1,prepaid
LN0000262,Fair,75-90,>43,AZ,Refinance,4,1,prepaid
LN0000263,Good,<=60,<=28,FL,Purchase,31,1,prepaid
LN0000264,Excellent,>90,<=28,GA,Purchase,13,1,default
LN0000265,Poor,60-75,28-36,OH,Refinance,12,1,default
LN0000266,Excellent,<=60,28-36,NY,Purchase,4,1,prepaid
LN0000267,Good,60-75,28-36,AZ,Refinance,9,1,prepaid
LN0000268,Excellent,>90,28-36,IL,Refinance,14,1,default
LN0000269,Excellent,>90,36-43,FL,Refinance,25,1,prepaid
LN0000270,Excellent,60-75,<=28,FL,CashOut,42,0,censored
LN0000271,Excellent,>90,36-43,FL,Refinance,20,1,prepaid
LN0000272,Excellent,>90,>43,WA,Refinance,30,0,censored
LN0000273,Excellent,75-90,36-43,FL,Purchase,4,1,prepaid
LN0000274,Good,>90,28-36,NY,Purchase,38,1,prepaid
LN0000275,Fair,60-75,<=28,OH,Purchase,8,1,prepaid
LN0000276,Good,75-90,<=28,AZ,Refinance,15,1,default
LN0000277,Good,75-90,36-43,GA,Purchase,6,1,default
LN0000278,Good,75-90,28-36,WA,Refinance,20,1,default
LN0000279,Poor,<=60,<=28,GA,Purchase,42,0,censored
LN0000280,Poor,75-90,>43,IL,Refinance,9,1,default
LN0000281,Excellent,>90,36-43,FL,Purchase,32,1,default
LN0000282,Excellent,60-75,36-43,OH,CashOut,11,0,censored
LN0000283,Excellent,>90,28-36,TX,Purchase,6,1,prepaid
LN0000284,Excellent,60-75,>43,NV,Refinance,5,1,default
LN0000285,Good,<=60,<=28,IL,Refinance,26,1,prepaid
LN0000286,Good,<=60,<=28,AZ,Purchase,7,1,prepaid
LN0000287,Excellent,75-90,>43,CA,Refinance,35,1,default
LN0000288,Good,75-90,>43,IL,CashOut,6,1,prepaid
LN0000289,Good,60-75,28-36,IL,Refinance,42,0,censored
LN0000290,Excellent,75-90,<=28,NY,CashOut,4,1,prepaid
LN0000291,Fair,60-75,28-36,WA,Purchase,15,1,prepaid
LN0000292,Excellent,60-75,36-43,GA,CashOut,4,0,censored
LN0000293,Poor,>90,36-43,NV,CashOut,14,1,default
LN0000294,Excellent,75-90,28-36,AZ,Refinance,17,1,prepaid
LN0000295,Fair,75-90,<=28,FL,Refinance,8,1,prepaid
LN0000296,Poor,75-90,36-43,NV,Refinance,9,0,censored
LN0000297,Poor,>90,36-43,IL,Refinance,33,1,default
LN0000298,Fair,60-75,28-36,IL,Refinance,28,1,default
LN0000299,Fair,60-75,28-36,CA,Purchase,5,1,default
LN0000300,Fair,<=60,>43,GA,Refinance,28,0,censored
LN0000301,Fair,75-90,<=28,AZ,Purchase,21,1,default
LN0000302,Excellent,75-90,28-36,FL,Refinance,42,0,censored
LN0000303,Good,75-90,36-43,AZ,Refinance,13,1,prepaid
LN0000304,Good,60-75,28-36,CA,Purchase,10,1,prepaid
LN0000305,Poor,<=60,>43,NV,Purchase,8,1,default
LN0000306,Good,75-90,36-43,FL,Purchase,12,1,prepaid
LN0000307,Good,>90,28-36,IL,Refinance,42,0,censored
LN0000308,Fair,60-75,<=28,CA,Purchase,17,0,censored
LN0000309,Good,<=60,36-43,AZ,Purchase,4,1,prepaid
LN0000310,Excellent,60-75,<=28,WA,Purchase,32,1,prepaid
LN0000311,Good,60-75,<=28,NV,Purchase,42,0,censored
LN0000312,Good,60-75,28-36,NY,Purchase,17,1,prepaid
LN0000313,Excellent,60-75,28-36,CA,Purchase,11,1,prepaid
LN0000314,Good,75-90,>43,GA,Refinance,4,1,prepaid
LN0000315,Good,60-75,36-43,TX,Refinance,4,1,prepaid
LN0000316,Good,60-75,36-43,GA,CashOut,11,1,prepaid
LN0000317,Good,<=60,28-36,CA,Purchase,24,1,prepaid
LN0000318,Fair,>90,28-36,TX,Purchase,4,1,default
LN0000319,Good,60-75,>43,GA,Purchase,37,0,censored
LN0000320,Poor,60-75,28-36,GA,Refinance,6,1,prepaid
LN0000321,Poor,<=60,36-43,TX,Purchase,5,1,default
LN0000322,Good,75-90,28-36,TX,Purchase,15,1,default
LN0000323,Good,>90,<=28,AZ,Refinance,10,1,prepaid
LN0000324,Good,<=60,28-36,CA,Purchase,38,1,prepaid
LN0000325,Fair,<=60,<=28,FL,Refinance,4,0,censored
LN0000326,Fair,<=60,<=28,NV,Refinance,7,0,censored
LN0000327,Fair,75-90,<=28,WA,Refinance,28,1,prepaid
LN0000328,Good,>90,<=28,CA,Purchase,13,0,censored
LN0000329,Fair,60-75,28-36,AZ,Purchase,6,1,default
LN0000330,Good,60-75,>43,NY,Refinance,17,1,prepaid
LN0000331,Fair,75-90,28-36,OH,Purchase,11,1,default
LN0000332,Excellent,75-90,36-43,GA,Purchase,42,0,censored
LN0000333,Fair,60-75,28-36,NY,Purchase,4,1,prepaid
LN0000334,Poor,<=60,<=28,NY,Purchase,12,1,default
LN0000335,Excellent,60-75,<=28,WA,Purchase,10,0,censored
LN0000336,Fair,75-90,>43,NY,Refinance,8,1,default
LN0000337,Excellent,75-90,36-43,TX,Refinance,4,1,prepaid
LN0000338,Fair,75-90,>43,OH,Purchase,7,1,default
LN0000339,Excellent,75-90,28-36,GA,Refinance,42,0,censored
LN0000340,Poor,60-75,36-43,GA,CashOut,7,1,default
LN0000341,Excellent,60-75,36-43,OH,Purchase,17,1,prepaid
LN0000342,Poor,<=60,>43,WA,Refinance,7,1,prepaid
LN0000343,Fair,>90,<=28,NV,Purchase,18,0,censored
LN0000344,Good,75-90,>43,AZ,CashOut,4,1,prepaid
LN0000345,Fair,60-75,28-36,NV,Purchase,14,1,prepaid
LN0000346,Fair,<=60,36-43,TX,Purchase,18,1,default
LN0000347,Poor,75-90,28-36,TX,CashOut,9,1,default
LN0000348,Good,75-90,28-36,IL,Refinance,29,1,prepaid
LN0000349,Good,75-90,28-36,GA,Purchase,15,1,prepaid
LN0000350,Excellent,60-75,36-43,FL,Refinance,14,1,prepaid
LN0000351,Fair,>90,28-36,TX,CashOut,4,1,default
LN0000352,Excellent,75-90,28-36,CA,Purchase,4,1,prepaid
LN0000353,Good,75-90,28-36,WA,Purchase,31,1,prepaid
LN0000354,Good,75-90,36-43,NV,Purchase,26,1,prepaid
LN0000355,Good,>90,28-36,IL,CashOut,5,1,default
LN0000356,Good,>90,36-43,OH,Purchase,4,1,prepaid
LN0000357,Fair,75-90,28-36,CA,Purchase,13,0,censored
LN0000358,Fair,60-75,36-43,FL,Purchase,4,0,censored
LN0000359,Good,60-75,36-43,GA,Purchase,5,1,default
LN0000360,Good,75-90,36-43,IL,Refinance,33,0,censored
LN0000361,Poor,75-90,36-43,CA,Purchase,19,1,default
LN0000362,Excellent,<=60,28-36,FL,Purchase,5,1,prepaid
LN0000363,Excellent,<=60,<=28,OH,Purchase,37,1,prepaid
LN0000364,Excellent,>90,36-43,GA,Purchase,21,1,default
LN0000365,Fair,>90,<=28,AZ,Purchase,10,1,default
LN0000366,Good,>90,<=28,NY,Purchase,42,0,censored
LN0000367,Fair,60-75,36-43,NV,Refinance,16,1,default
LN0000368,Fair,75-90,28-36,NV,Purchase,15,1,default
LN0000369,Good,75-90,28-36,NY,Purchase,35,1,default
LN0000370,Poor,60-75,>43,FL,Refinance,7,1,default
LN0000371,Fair,<=60,<=28,NV,Refinance,16,1,prepaid
LN0000372,Good,>90,<=28,NY,Refinance,9,1,default
LN0000373,Good,<=60,<=28,IL,CashOut,4,1,prepaid
LN0000374,Good,75-90,<=28,NV,Purchase,22,1,prepaid
LN0000375,Excellent,75-90,36-43,FL,Purchase,4,1,default
LN0000376,Excellent,75-90,36-43,AZ,Purchase,4,1,default
LN0000377,Poor,60-75,28-36,TX,Purchase,17,1,default
LN0000378,Good,75-90,28-36,FL,CashOut,41,1,default
LN0000379,Good,60-75,28-36,NY,Refinance,28,0,censored
LN0000380,Fair,75-90,<=28,IL,Refinance,11,1,prepaid
LN0000381,Good,60-75,36-43,FL,CashOut,42,0,censored
LN0000382,Poor,75-90,36-43,AZ,Refinance,4,1,prepaid
LN0000383,Fair,75-90,<=28,GA,Purchase,42,0,censored
LN0000384,Good,<=60,36-43,GA,CashOut,42,0,censored
LN0000385,Good,60-75,36-43,OH,Purchase,4,1,prepaid
LN0000386,Poor,75-90,28-36,GA,Purchase,16,1,default
LN0000387,Fair,<=60,36-43,GA,Refinance,42,1,prepaid
LN0000388,Poor,<=60,36-43,GA,CashOut,8,1,default
LN0000389,Excellent,60-75,<=28,OH,Refinance,15,1,default
LN0000390,Poor,>90,<=28,NV,Purchase,7,1,default
LN0000391,Fair,75-90,36-43,TX,CashOut,28,1,default
LN0000392,Excellent,60-75,>43,WA,Purchase,26,0,censored
LN0000393,Good,>90,28-36,TX,Refinance,11,0,censored
LN0000394,Fair,60-75,28-36,TX,Purchase,26,1,prepaid
LN0000395,Excellent,60-75,36-43,NV,Purchase,14,1,prepaid
LN0000396,Good,60-75,28-36,IL,Purchase,4,1,prepaid
LN0000397,Fair,60-75,<=28,OH,CashOut,4,1,prepaid
LN0000398,Good,60-75,28-36,OH,CashOut,17,1,prepaid
LN0000399,Good,75-90,>43,CA,Purchase,5,1,prepaid
LN0000400,Good,<=60,36-43,IL,Purchase,4,1,prepaid
LN0000401,Good,75-90,>43,TX,Purchase,23,1,default
LN0000402,Poor,60-75,<=28,NY,Refinance,42,0,censored
LN0000403,Fair,60-75,28-36,TX,Refinance,17,1,default
LN0000404,Excellent,<=60,28-36,GA,Refinance,8,1,default
LN0000405,Poor,75-90,<=28,TX,Purchase,36,1,prepaid
LN0000406,Poor,75-90,<=28,IL,Purchase,15,1,default
LN0000407,Good,60-75,36-43,NY,CashOut,14,1,prepaid
LN0000408,Fair,<=60,36-43,NV,Refinance,15,1,prepaid
LN0000409,Excellent,60-75,36-43,OH,Purchase,37,1,prepaid
LN0000410,Poor,75-90,28-36,NY,Purchase,5,1,default
LN0000411,Fair,60-75,28-36,FL,Purchase,28,1,prepaid
LN0000412,Fair,75-90,<=28,OH,Purchase,7,1,prepaid
LN0000413,Excellent,60-75,<=28,GA,Purchase,4,1,prepaid
LN0000414,Poor,<=60,28-36,WA,Refinance,19,1,default
LN0000415,Excellent,75-90,28-36,CA,Purchase,4,1,prepaid
LN0000416,Excellent,60-75,>43,CA,Purchase,5,1,prepaid
LN0000417,Excellent,<=60,28-36,GA,Refinance,39,1,prepaid
LN0000418,Fair,>90,<=28,IL,Purchase,15,1,prepaid
LN0000419,Excellent,<=60,<=28,AZ,Purchase,17,1,prepaid
LN0000420,Poor,60-75,36-43,CA,CashOut,20,1,default
LN0000421,Fair,60-75,<=28,TX,Purchase,42,0,censored
LN0000422,Excellent,60-75,<=28,OH,Refinance,27,1,prepaid
LN0000423,Excellent,75-90,28-36,NV,Purchase,6,1,prepaid
LN0000424,Excellent,<=60,28-36,OH,Purchase,6,1,prepaid
LN0000425,Fair,>90,36-43,CA,Purchase,5,1,prepaid
LN0000426,Fair,75-90,28-36,CA,Refinance,25,1,prepaid
LN0000427,Excellent,>90,<=28,AZ,Purchase,6,1,prepaid
LN0000428,Fair,75-90,36-43,IL,Refinance,12,1,prepaid
LN0000429,Excellent,>90,28-36,IL,Purchase,5,1,prepaid
LN0000430,Fair,75-90,36-43,NV,Refinance,42,0,censored
LN0000431,Poor,60-75,<=28,FL,Purchase,37,1,prepaid
LN0000432,Fair,60-75,36-43,FL,Purchase,42,0,censored
LN0000433,Fair,75-90,28-36,GA,Refinance,14,1,prepaid
LN0000434,Fair,60-75,28-36,NV,Purchase,11,1,prepaid
LN0000435,Excellent,75-90,28-36,NY,Purchase,12,1,prepaid
LN0000436,Excellent,<=60,>43,TX,Refinance,5,1,prepaid
LN0000437,Excellent,75-90,<=28,CA,Refinance,8,1,prepaid
LN0000438,Good,60-75,>43,CA,Refinance,4,1,default
LN0000439,Fair,>90,>43,NY,Purchase,10,1,default
LN0000440,Fair,<=60,28-36,WA,Purchase,17,1,default
LN0000441,Poor,<=60,28-36,IL,Purchase,18,1,default
LN0000442,Excellent,75-90,28-36,FL,Purchase,30,1,prepaid
LN0000443,Fair,75-90,>43,GA,Purchase,6,0,censored
LN0000444,Excellent,75-90,36-43,AZ,Purchase,6,1,prepaid
LN0000445,Good,>90,28-36,FL,Purchase,17,1,default
LN0000446,Fair,60-75,<=28,GA,Refinance,10,0,censored
LN0000447,Poor,75-90,36-43,WA,Purchase,9,1,default
LN0000448,Fair,60-75,<=28,GA,Purchase,9,1,prepaid
LN0000449,Excellent,60-75,<=28,CA,Purchase,33,1,prepaid
LN0000450,Fair,60-75,28-36,GA,Purchase,28,1,prepaid
LN0000451,Excellent,<=60,28-36,OH,Refinance,9,1,prepaid
LN0000452,Poor,75-90,>43,GA,Purchase,5,1,default
LN0000453,Fair,75-90,36-43,AZ,Purchase,7,1,default
LN0000454,Excellent,<=60,<=28,OH,CashOut,35,1,prepaid
LN0000455,Excellent,>90,28-36,NV,Purchase,13,1,prepaid
LN0000456,Excellent,60-75,36-43,GA,Purchase,6,1,prepaid
LN0000457,Poor,<=60,28-36,IL,Refinance,9,1,prepaid
LN0000458,Good,75-90,<=28,AZ,Refinance,9,1,prepaid
LN0000459,Fair,<=60,28-36,GA,CashOut,6,1,prepaid
LN0000460,Fair,<=60,36-43,WA,CashOut,6,1,prepaid
LN0000461,Good,75-90,>43,WA,Refinance,11,1,default
LN0000462,Excellent,<=60,36-43,NY,Purchase,21,1,prepaid
LN0000463,Poor,<=60,<=28,GA,Purchase,4,1,prepaid
LN0000464,Good,75-90,36-43,IL,Purchase,10,1,default
LN0000465,Good,<=60,28-36,TX,Refinance,23,0,censored
LN0000466,Fair,75-90,>43,IL,CashOut,5,1,prepaid
LN0000467,Fair,75-90,28-36,NV,Purchase,12,1,prepaid
LN0000468,Poor,<=60,<=28,NY,CashOut,41,1,default
LN0000469,Excellent,60-75,28-36,GA,Refinance,15,1,prepaid
LN0000470,Good,<=60,28-36,IL,Purchase,5,1,prepaid
LN0000471,Good,75-90,<=28,FL,CashOut,29,1,default
LN0000472,Good,<=60,28-36,NY,Refinance,42,0,censored
LN0000473,Excellent,>90,36-43,NV,Purchase,6,1,default
LN0000474,Excellent,60-75,36-43,TX,Purchase,5,1,default
LN0000475,Good,75-90,28-36,GA,Purchase,10,1,prepaid
LN0000476,Good,<=60,<=28,AZ,Purchase,4,1,prepaid
LN0000477,Good,60-75,28-36,TX,Refinance,30,1,prepaid
LN0000478,Fair,60-75,28-36,OH,CashOut,15,1,default
LN0000479,Fair,75-90,<=28,GA,Refinance,23,1,prepaid
LN0000480,Good,>90,>43,NY,Refinance,13,1,prepaid
LN0000481,Good,<=60,>43,TX,Refinance,42,0,censored
LN0000482,Excellent,<=60,<=28,NV,Purchase,4,1,prepaid
LN0000483,Good,60-75,36-43,TX,Refinance,4,1,prepaid
LN0000484,Good,60-75,36-43,NV,Refinance,25,1,prepaid
LN0000485,Excellent,>90,28-36,GA,Purchase,25,1,prepaid
LN0000486,Good,>90,36-43,AZ,Purchase,12,1,prepaid
LN0000487,Good,>90,<=28,FL,Refinance,21,0,censored
LN0000488,Excellent,<=60,<=28,CA,CashOut,29,0,censored
LN0000489,Good,60-75,>43,GA,CashOut,11,1,default
LN0000490,Good,75-90,36-43,NY,Purchase,15,1,default
LN0000491,Fair,60-75,28-36,WA,Refinance,13,1,prepaid
LN0000492,Fair,75-90,28-36,IL,Purchase,19,1,default
LN0000493,Fair,60-75,>43,NY,CashOut,4,1,prepaid
LN0000494,Good,60-75,28-36,OH,Refinance,7,0,censored
LN0000495,Fair,>90,>43,WA,CashOut,8,1,default
LN0000496,Good,60-75,>43,GA,CashOut,23,1,prepaid
LN0000497,Good,>90,28-36,GA,Purchase,19,1,default
LN0000498,Fair,60-75,36-43,GA,CashOut,4,1,prepaid
LN0000499,Good,<=60,36-43,NY,Refinance,13,0,censored
LN0000500,Good,60-75,36-43,OH,Purchase,9,1,default
LN0000501,Fair,<=60,28-36,FL,Purchase,36,1,prepaid
LN0000502,Poor,60-75,<=28,NV,Refinance,14,1,prepaid
LN0000503,Poor,<=60,<=28,AZ,Purchase,42,0,censored
LN0000504,Good,75-90,36-43,WA,Purchase,6,1,prepaid
LN0000505,Good,>90,36-43,TX,Refinance,22,1,default
LN0000506,Fair,60-75,36-43,NV,Purchase,4,1,prepaid
LN0000507,Good,<=60,28-36,WA,Purchase,19,1,prepaid
LN0000508,Fair,60-75,<=28,AZ,Refinance,42,0,censored
LN0000509,Good,75-90,<=28,CA,Purchase,5,1,prepaid
LN0000510,Excellent,75-90,36-43,NY,Refinance,6,1,default
LN0000511,Excellent,<=60,28-36,FL,Purchase,5,1,prepaid
LN0000512,Fair,60-75,36-43,AZ,CashOut,30,1,prepaid
LN0000513,Excellent,60-75,<=28,IL,Purchase,20,1,prepaid
LN0000514,Good,60-75,28-36,TX,Refinance,10,1,default
LN0000515,Good,<=60,>43,GA,Refinance,25,1,default
LN0000516,Excellent,>90,<=28,TX,CashOut,42,0,censored
LN0000517,Good,<=60,<=28,IL,Refinance,15,1,prepaid
LN0000518,Fair,<=60,36-43,NV,Purchase,9,0,censored
LN0000519,Excellent,<=60,28-36,IL,Purchase,20,1,prepaid
LN0000520,Fair,75-90,>43,IL,Refinance,17,1,prepaid
LN0000521,Poor,60-75,>43,CA,Refinance,6,1,default
LN0000522,Good,60-75,36-43,IL,Refinance,4,1,prepaid
LN0000523,Excellent,60-75,<=28,NV,Purchase,7,1,prepaid
LN0000524,Fair,75-90,28-36,NV,Refinance,10,1,default
LN0000525,Excellent,60-75,>43,NV,Purchase,5,1,prepaid
LN0000526,Good,>90,28-36,NY,Refinance,21,1,default
LN0000527,Poor,60-75,>43,CA,Refinance,21,1,default
LN0000528,Poor,<=60,36-43,FL,Purchase,10,1,default
LN0000529,Fair,>90,<=28,FL,Refinance,14,0,censored
LN0000530,Good,75-90,28-36,CA,Purchase,17,1,prepaid
LN0000531,Fair,60-75,36-43,OH,Refinance,4,1,prepaid
LN0000532,Fair,75-90,<=28,WA,Refinance,6,1,default
LN0000533,Good,60-75,28-36,OH,Purchase,9,1,prepaid
LN0000534,Fair,60-75,36-43,TX,Purchase,8,1,default
LN0000535,Excellent,75-90,<=28,GA,Refinance,12,1,default
LN0000536,Excellent,75-90,28-36,CA,Refinance,21,0,censored
LN0000537,Good,60-75,36-43,OH,Purchase,25,1,prepaid
LN0000538,Excellent,75-90,36-43,AZ,Purchase,17,1,prepaid
LN0000539,Excellent,60-75,28-36,FL,Purchase,24,1,prepaid
LN0000540,Fair,<=60,>43,NY,Refinance,11,1,default
LN0000541,Poor,>90,>43,IL,Purchase,8,1,default
LN0000542,Good,60-75,28-36,WA,Refinance,9,1,prepaid
LN0000543,Fair,75-90,<=28,WA,Refinance,4,1,prepaid
LN0000544,Poor,75-90,36-43,TX,Refinance,7,1,default
LN0000545,Excellent,75-90,<=28,NY,CashOut,7,1,prepaid
LN0000546,Good,60-75,36-43,WA,Purchase,36,1,default
LN0000547,Good,>90,28-36,GA,Refinance,10,0,censored
LN0000548,Excellent,75-90,28-36,GA,Refinance,11,1,prepaid
LN0000549,Fair,75-90,28-36,GA,Refinance,42,0,censored
LN0000550,Good,60-75,28-36,IL,Refinance,11,1,prepaid
LN0000551,Good,60-75,>43,WA,Purchase,4,1,prepaid
LN0000552,Excellent,<=60,<=28,NY,CashOut,4,1,prepaid
LN0000553,Excellent,60-75,>43,FL,Purchase,26,1,prepaid
LN0000554,Poor,<=60,<=28,NY,CashOut,7,1,prepaid
LN0000555,Excellent,75-90,36-43,IL,Purchase,4,1,prepaid
LN0000556,Excellent,>90,>43,TX,Purchase,4,1,prepaid
LN0000557,Good,60-75,28-36,FL,CashOut,24,1,prepaid
LN0000558,Good,60-75,<=28,TX,Refinance,18,1,prepaid
LN0000559,Good,75-90,36-43,IL,Refinance,42,1,prepaid
LN0000560,Good,<=60,36-43,IL,Purchase,4,1,default
LN0000561,Excellent,>90,28-36,TX,Purchase,11,1,prepaid
LN0000562,Excellent,60-75,28-36,TX,Purchase,4,1,prepaid
LN0000563,Fair,<=60,36-43,WA,Refinance,9,1,prepaid
LN0000564,Fair,<=60,<=28,FL,Purchase,7,1,prepaid
LN0000565,Fair,>90,36-43,AZ,Purchase,26,1,default
LN0000566,Fair,60-75,28-36,TX,Purchase,17,0,censored
LN0000567,Fair,75-90,<=28,IL,CashOut,24,1,prepaid
LN0000568,Excellent,<=60,36-43,AZ,Refinance,16,1,default
LN0000569,Good,<=60,28-36,TX,Purchase,42,0,censored
LN0000570,Good,>90,>43,IL,CashOut,5,1,default
LN0000571,Good,<=60,28-36,IL,Purchase,32,0,censored
LN0000572,Fair,<=60,28-36,WA,Purchase,36,1,prepaid
LN0000573,Good,60-75,28-36,AZ,Purchase,11,1,prepaid
LN0000574,Fair,>90,28-36,WA,CashOut,5,1,default
LN0000575,Poor,60-75,36-43,NY,Purchase,8,1,default
LN0000576,Good,<=60,36-43,NY,Purchase,31,1,prepaid
LN0000577,Poor,>90,36-43,GA,CashOut,7,1,default
LN0000578,Good,75-90,28-36,FL,Refinance,36,1,prepaid
LN0000579,Poor,>90,28-36,GA,Refinance,24,1,default
LN0000580,Good,75-90,<=28,NY,Refinance,6,1,default
LN0000581,Good,75-90,36-43,CA,Refinance,4,0,censored
LN0000582,Good,60-75,28-36,WA,Purchase,18,1,default
LN0000583,Excellent,60-75,28-36,FL,Refinance,26,1,default
LN0000584,Good,75-90,28-36,NY,Purchase,39,1,default
LN0000585,Poor,75-90,28-36,NY,Purchase,8,1,default
LN0000586,Fair,>90,36-43,TX,CashOut,9,1,default
LN0000587,Excellent,75-90,36-43,FL,Purchase,42,0,censored
LN0000588,Good,60-75,>43,NV,Purchase,33,1,prepaid
LN0000589,Excellent,60-75,<=28,NY,Purchase,42,0,censored
LN0000590,Excellent,75-90,28-36,OH,Refinance,17,1,prepaid
LN0000591,Poor,60-75,<=28,IL,CashOut,7,1,default
LN0000592,Good,75-90,36-43,CA,Purchase,13,1,prepaid
LN0000593,Good,75-90,36-43,AZ,Purchase,4,0,censored
LN0000594,Good,<=60,28-36,NV,Refinance,6,1,prepaid
LN0000595,Excellent,75-90,36-43,FL,Refinance,20,1,default
LN0000596,Good,75-90,28-36,TX,Purchase,15,1,prepaid
LN0000597,Fair,>90,<=28,NV,Purchase,20,1,default
LN0000598,Fair,60-75,28-36,CA,Refinance,6,1,default
LN0000599,Poor,75-90,<=28,AZ,Purchase,10,1,default
LN0000600,Fair,60-75,>43,TX,Refinance,4,1,prepaid
LN0000601,Good,60-75,36-43,AZ,Purchase,25,1,prepaid
LN0000602,Fair,<=60,36-43,NV,Refinance,22,1,prepaid
LN0000603,Poor,>90,>43,FL,Refinance,9,1,default
LN0000604,Fair,>90,36-43,FL,Refinance,17,1,default
LN0000605,Poor,60-75,28-36,TX,Refinance,15,1,default
LN0000606,Fair,75-90,<=28,OH,Purchase,9,0,censored
LN0000607,Poor,<=60,28-36,NY,Purchase,4,1,prepaid
LN0000608,Excellent,75-90,>43,GA,Refinance,17,1,default
LN0000609,Fair,60-75,>43,GA,Refinance,8,1,prepaid
LN0000610,Good,75-90,36-43,WA,Refinance,9,1,prepaid
LN0000611,Good,<=60,<=28,FL,Purchase,6,1,prepaid
LN0000612,Fair,75-90,<=28,NY,Refinance,20,1,default
LN0000613,Poor,60-75,>43,WA,Purchase,23,1,default
LN0000614,Poor,75-90,<=28,CA,Purchase,10,1,prepaid
LN0000615,Good,75-90,28-36,IL,Purchase,4,1,prepaid
LN0000616,Fair,60-75,28-36,OH,CashOut,9,1,prepaid
LN0000617,Fair,60-75,28-36,IL,Refinance,24,1,default
LN0000618,Good,75-90,36-43,NY,Purchase,4,1,prepaid
LN0000619,Excellent,75-90,>43,AZ,Refinance,15,1,default
LN0000620,Excellent,<=60,36-43,WA,Purchase,9,1,prepaid
LN0000621,Fair,60-75,28-36,OH,Purchase,5,1,prepaid
LN0000622,Good,60-75,28-36,CA,Purchase,20,1,prepaid
LN0000623,Poor,75-90,>43,NV,Purchase,11,0,censored
LN0000624,Good,75-90,28-36,OH,Purchase,13,1,default
LN0000625,Poor,<=60,28-36,AZ,Purchase,28,1,prepaid
LN0000626,Good,75-90,36-43,GA,Refinance,9,0,censored
LN0000627,Fair,75-90,<=28,WA,Refinance,4,1,prepaid
LN0000628,Excellent,75-90,<=28,WA,CashOut,6,1,prepaid
LN0000629,Good,<=60,>43,GA,Purchase,7,1,default
LN0000630,Fair,60-75,36-43,IL,Refinance,17,1,default
LN0000631,Poor,60-75,<=28,OH,Purchase,9,0,censored
LN0000632,Fair,<=60,28-36,NY,Purchase,10,1,prepaid
LN0000633,Excellent,60-75,>43,OH,Refinance,42,0,censored
LN0000634,Good,<=60,36-43,NY,Purchase,12,1,default
LN0000635,Excellent,<=60,36-43,IL,Refinance,7,1,prepaid
LN0000636,Excellent,75-90,<=28,CA,Refinance,5,1,prepaid
LN0000637,Fair,60-75,>43,NV,Purchase,5,1,default
LN0000638,Fair,75-90,>43,GA,CashOut,12,1,default
LN0000639,Fair,<=60,28-36,FL,Purchase,28,1,prepaid
LN0000640,Poor,75-90,28-36,CA,CashOut,4,1,prepaid
LN0000641,Fair,60-75,36-43,AZ,Refinance,5,1,prepaid
LN0000642,Fair,75-90,36-43,CA,Purchase,20,1,prepaid
LN0000643,Excellent,75-90,36-43,IL,Purchase,8,1,prepaid
LN0000644,Excellent,60-75,>43,CA,Purchase,10,1,prepaid
LN0000645,Fair,75-90,36-43,GA,Refinance,20,1,default
LN0000646,Poor,60-75,28-36,FL,Purchase,9,1,prepaid
LN0000647,Excellent,75-90,28-36,IL,Refinance,9,1,prepaid
LN0000648,Good,<=60,36-43,WA,Purchase,35,1,default
LN0000649,Fair,60-75,28-36,NY,CashOut,12,1,prepaid
LN0000650,Excellent,<=60,<=28,GA,Purchase,13,1,prepaid
LN0000651,Good,>90,36-43,WA,Refinance,4,1,prepaid
LN0000652,Poor,60-75,28-36,IL,Refinance,37,0,censored
LN0000653,Fair,75-90,36-43,NY,Purchase,18,1,default
LN0000654,Excellent,60-75,<=28,IL,Purchase,17,1,prepaid
LN0000655,Poor,60-75,28-36,NY,Refinance,42,0,censored
LN0000656,Good,60-75,28-36,WA,Refinance,21,1,prepaid
LN0000657,Poor,>90,36-43,OH,Refinance,7,1,default
LN0000658,Good,75-90,36-43,WA,Purchase,21,1,prepaid
LN0000659,Good,<=60,28-36,CA,CashOut,9,1,default
LN0000660,Good,75-90,28-36,AZ,CashOut,16,1,prepaid
LN0000661,Good,60-75,<=28,OH,Refinance,4,1,prepaid
LN0000662,Poor,<=60,36-43,AZ,Purchase,26,1,prepaid
LN0000663,Excellent,60-75,>43,CA,Purchase,13,1,prepaid
LN0000664,Excellent,<=60,36-43,AZ,CashOut,10,1,default
LN0000665,Good,60-75,<=28,IL,Refinance,30,1,prepaid
LN0000666,Fair,75-90,36-43,AZ,Refinance,4,1,default
LN0000667,Fair,60-75,28-36,OH,CashOut,4,0,censored
LN0000668,Poor,>90,<=28,AZ,Purchase,5,1,default
LN0000669,Good,75-90,<=28,TX,Refinance,10,1,default
LN0000670,Good,75-90,<=28,WA,Refinance,18,1,prepaid
LN0000671,Excellent,75-90,<=28,OH,Refinance,26,1,prepaid
LN0000672,Good,>90,36-43,WA,Refinance,34,1,default
LN0000673,Poor,60-75,28-36,AZ,Purchase,4,1,default
LN0000674,Fair,60-75,36-43,OH,Purchase,15,1,prepaid
LN0000675,Good,60-75,>43,CA,CashOut,18,1,prepaid
LN0000676,Good,>90,28-36,TX,Refinance,4,0,censored
LN0000677,Poor,<=60,28-36,GA,Purchase,42,0,censored
LN0000678,Good,75-90,36-43,NY,CashOut,16,1,default
LN0000679,Excellent,75-90,<=28,NY,Purchase,4,1,prepaid
LN0000680,Good,60-75,28-36,NV,Purchase,42,0,censored
LN0000681,Excellent,>90,28-36,CA,CashOut,4,1,prepaid
LN0000682,Excellent,60-75,36-43,WA,Refinance,4,0,censored
LN0000683,Excellent,<=60,36-43,NY,CashOut,34,1,prepaid
LN0000684,Good,75-90,36-43,CA,CashOut,34,1,default
LN0000685,Fair,60-75,36-43,NY,Refinance,19,1,default
LN0000686,Good,<=60,28-36,IL,Purchase,42,0,censored
LN0000687,Good,<=60,36-43,IL,Refinance,27,1,prepaid
LN0000688,Poor,<=60,>43,TX,Refinance,6,1,prepaid
LN0000689,Fair,75-90,28-36,OH,Refinance,4,1,prepaid
LN0000690,Good,>90,>43,NY,Refinance,5,1,default
LN0000691,Good,60-75,>43,WA,Purchase,25,1,prepaid
LN0000692,Poor,<=60,28-36,WA,Purchase,12,1,default
LN0000693,Excellent,60-75,<=28,WA,Refinance,42,0,censored
LN0000694,Good,>90,<=28,WA,Refinance,42,0,censored
LN0000695,Poor,75-90,36-43,NY,Purchase,10,1,default
LN0000696,Good,60-75,<=28,IL,Purchase,4,1,prepaid
LN0000697,Fair,<=60,28-36,WA,Purchase,42,0,censored
LN0000698,Good,>90,36-43,CA,Refinance,24,1,prepaid
LN0000699,Fair,>90,>43,OH,Purchase,13,1,default
LN0000700,Good,<=60,36-43,IL,Refinance,15,1,prepaid
LN0000701,Excellent,75-90,36-43,FL,Refinance,35,1,prepaid
LN0000702,Good,<=60,28-36,CA,Purchase,11,1,default
LN0000703,Excellent,<=60,<=28,NY,Refinance,20,1,prepaid
LN0000704,Poor,75-90,36-43,IL,CashOut,14,1,prepaid
LN0000705,Good,60-75,<=28,AZ,Purchase,42,0,censored
LN0000706,Good,60-75,28-36,GA,Purchase,42,0,censored
LN0000707,Fair,>90,>43,IL,Purchase,11,1,default
LN0000708,Fair,75-90,28-36,TX,Refinance,9,1,default
LN0000709,Good,<=60,36-43,FL,CashOut,11,1,prepaid
LN0000710,Good,75-90,36-43,NV,Refinance,11,1,prepaid
LN0000711,Poor,75-90,36-43,TX,CashOut,11,1,default
LN0000712,Fair,75-90,28-36,GA,Refinance,6,1,prepaid
LN0000713,Fair,>90,28-36,WA,Purchase,19,1,default
LN0000714,Poor,75-90,<=28,FL,Purchase,16,0,censored
LN0000715,Fair,<=60,36-43,AZ,Refinance,14,1,default
LN0000716,Excellent,<=60,28-36,NY,Refinance,10,1,prepaid
LN0000717,Good,75-90,28-36,GA,Refinance,17,1,default
LN0000718,Excellent,>90,36-43,CA,Refinance,5,1,prepaid
LN0000719,Fair,<=60,<=28,NV,Purchase,15,0,censored
LN0000720,Poor,<=60,28-36,CA,Purchase,42,0,censored
LN0000721,Good,75-90,<=28,NY,Refinance,42,0,censored
LN0000722,Good,<=60,28-36,NV,Refinance,30,1,prepaid
LN0000723,Excellent,<=60,<=28,GA,Refinance,42,0,censored
LN0000724,Poor,>90,<=28,GA,Purchase,12,1,prepaid
LN0000725,Excellent,75-90,>43,NY,CashOut,25,0,censored
LN0000726,Excellent,>90,>43,OH,Purchase,15,1,default
LN0000727,Excellent,75-90,36-43,NV,Purchase,20,1,default
LN0000728,Excellent,60-75,36-43,GA,Refinance,21,1,default
LN0000729,Good,>90,36-43,FL,CashOut,9,1,prepaid
LN0000730,Good,60-75,>43,NV,CashOut,4,1,prepaid
LN0000731,Good,60-75,28-36,CA,Purchase,25,1,prepaid
LN0000732,Excellent,>90,<=28,AZ,Purchase,4,0,censored
LN0000733,Excellent,75-90,36-43,CA,Refinance,31,0,censored
LN0000734,Good,>90,>43,CA,Refinance,19,1,default
LN0000735,Excellent,<=60,28-36,CA,Refinance,15,1,prepaid
LN0000736,Fair,>90,28-36,TX,Purchase,6,1,default
LN0000737,Excellent,75-90,28-36,OH,Refinance,4,1,prepaid
LN0000738,Good,75-90,28-36,NY,Purchase,18,1,default
LN0000739,Good,>90,36-43,CA,Purchase,7,1,default
LN0000740,Good,60-75,28-36,NY,Refinance,19,1,prepaid
LN0000741,Excellent,75-90,>43,NV,Purchase,4,1,prepaid
LN0000742,Excellent,75-90,36-43,WA,Refinance,19,1,default
LN0000743,Poor,75-90,<=28,OH,Refinance,38,1,default
LN0000744,Excellent,>90,36-43,FL,Purchase,16,1,default
LN0000745,Good,75-90,36-43,WA,Purchase,4,1,prepaid
LN0000746,Good,<=60,28-36,OH,CashOut,42,0,censored
LN0000747,Good,<=60,28-36,GA,Refinance,42,0,censored
LN0000748,Good,>90,36-43,CA,CashOut,18,1,default
LN0000749,Fair,>90,28-36,GA,Purchase,18,1,prepaid
LN0000750,Fair,>90,<=28,OH,Refinance,14,1,prepaid
LN0000751,Good,<=60,28-36,TX,CashOut,4,0,censored
LN0000752,Good,60-75,28-36,NY,Purchase,7,0,censored
LN0000753,Excellent,75-90,36-43,GA,Purchase,21,1,prepaid
LN0000754,Good,75-90,<=28,CA,CashOut,27,1,prepaid
LN0000755,Fair,<=60,36-43,OH,Purchase,4,1,prepaid
LN0000756,Excellent,75-90,28-36,AZ,Purchase,11,1,prepaid
LN0000757,Good,<=60,36-43,WA,CashOut,19,1,default
LN0000758,Poor,60-75,28-36,IL,Purchase,5,1,default
LN0000759,Excellent,60-75,>43,CA,Refinance,18,1,default
LN0000760,Good,<=60,>43,OH,Refinance,19,1,prepaid
LN0000761,Fair,<=60,<=28,NV,Refinance,23,1,default
LN0000762,Excellent,>90,36-43,AZ,Purchase,8,1,default
LN0000763,Excellent,75-90,<=28,WA,Purchase,26,1,prepaid
LN0000764,Excellent,>90,36-43,CA,Refinance,19,1,prepaid
LN0000765,Poor,60-75,36-43,FL,Refinance,24,0,censored
LN0000766,Excellent,60-75,28-36,FL,Purchase,12,1,prepaid
LN0000767,Excellent,60-75,<=28,CA,Purchase,20,1,prepaid
LN0000768,Excellent,75-90,28-36,TX,Refinance,42,1,prepaid
LN0000769,Excellent,60-75,36-43,WA,Purchase,16,1,prepaid
LN0000770,Fair,75-90,36-43,CA,Refinance,6,1,default
LN0000771,Excellent,75-90,<=28,CA,CashOut,9,1,prepaid
LN0000772,Good,>90,28-36,NV,Purchase,4,0,censored
LN0000773,Good,60-75,28-36,GA,CashOut,14,1,prepaid
LN0000774,Fair,60-75,28-36,AZ,Refinance,4,1,default
LN0000775,Excellent,60-75,<=28,FL,Refinance,4,1,prepaid
LN0000776,Poor,<=60,28-36,NY,CashOut,12,1,default
LN0000777,Fair,75-90,>43,GA,Purchase,5,1,default
LN0000778,Excellent,60-75,28-36,GA,CashOut,4,0,censored
LN0000779,Fair,75-90,36-43,NY,Purchase,4,1,default
LN0000780,Poor,<=60,28-36,NV,Purchase,4,1,prepaid
LN0000781,Good,>90,28-36,OH,Refinance,4,1,prepaid
LN0000782,Poor,>90,36-43,FL,Purchase,4,1,default
LN0000783,Good,60-75,28-36,CA,Refinance,5,1,default
LN0000784,Fair,>90,<=28,CA,Purchase,15,1,prepaid
LN0000785,Poor,60-75,>43,AZ,Purchase,7,1,prepaid
LN0000786,Good,75-90,>43,AZ,Refinance,8,1,default
LN0000787,Fair,>90,36-43,IL,Purchase,16,1,default
LN0000788,Good,75-90,<=28,OH,Purchase,17,1,default
LN0000789,Fair,75-90,<=28,AZ,Purchase,4,1,prepaid
LN0000790,Fair,60-75,<=28,TX,CashOut,27,1,prepaid
LN0000791,Excellent,75-90,>43,NV,Refinance,4,1,prepaid
LN0000792,Good,75-90,36-43,IL,Refinance,39,1,default
LN0000793,Good,<=60,28-36,IL,Refinance,42,0,censored
LN0000794,Excellent,<=60,>43,TX,Refinance,12,1,prepaid
LN0000795,Excellent,75-90,<=28,GA,Purchase,4,1,prepaid
LN0000796,Good,75-90,28-36,GA,Purchase,42,0,censored
LN0000797,Excellent,60-75,<=28,CA,Refinance,9,1,prepaid
LN0000798,Excellent,>90,28-36,GA,Purchase,13,1,prepaid
LN0000799,Fair,75-90,>43,TX,CashOut,25,1,default
LN0000800,Fair,60-75,>43,FL,Purchase,23,1,prepaid
LN0000801,Fair,60-75,<=28,GA,Refinance,11,1,prepaid
LN0000802,Good,75-90,<=28,OH,Purchase,20,1,default
LN0000803,Poor,75-90,28-36,TX,Refinance,14,1,default
LN0000804,Good,75-90,<=28,IL,CashOut,40,1,default
LN0000805,Excellent,60-75,28-36,FL,Purchase,42,0,censored
LN0000806,Excellent,75-90,28-36,OH,Purchase,10,1,default
LN0000807,Fair,75-90,28-36,AZ,Refinance,9,1,default
LN0000808,Excellent,75-90,28-36,GA,Purchase,6,1,prepaid
LN0000809,Good,<=60,<=28,OH,Purchase,19,1,prepaid
LN0000810,Poor,75-90,>43,IL,Refinance,6,1,default
LN0000811,Excellent,60-75,28-36,WA,Purchase,8,1,prepaid
LN0000812,Excellent,<=60,28-36,FL,Purchase,16,1,prepaid
LN0000813,Poor,75-90,28-36,NV,Purchase,7,1,default
LN0000814,Good,75-90,36-43,FL,Purchase,7,1,default
LN0000815,Excellent,60-75,<=28,NV,CashOut,35,1,prepaid
LN0000816,Poor,75-90,<=28,OH,Purchase,4,1,default
LN0000817,Poor,60-75,36-43,NV,Purchase,11,0,censored
LN0000818,Good,60-75,36-43,GA,Refinance,38,1,default
LN0000819,Fair,60-75,28-36,NY,Refinance,4,1,prepaid
LN0000820,Good,60-75,28-36,FL,Purchase,22,1,prepaid
LN0000821,Excellent,75-90,>43,TX,Refinance,7,1,prepaid
LN0000822,Good,75-90,<=28,NV,Refinance,8,1,default
LN0000823,Good,75-90,<=28,TX,Purchase,6,0,censored
LN0000824,Fair,<=60,28-36,AZ,Purchase,5,1,prepaid
LN0000825,Fair,60-75,28-36,GA,Refinance,42,0,censored
LN0000826,Excellent,<=60,36-43,TX,Purchase,5,1,default
LN0000827,Good,75-90,36-43,NV,Purchase,7,1,prepaid
LN0000828,Excellent,60-75,28-36,TX,Refinance,14,1,prepaid
LN0000829,Poor,60-75,36-43,TX,Purchase,4,1,default
LN0000830,Good,75-90,28-36,WA,Purchase,17,1,prepaid
LN0000831,Fair,75-90,36-43,TX,Purchase,8,1,prepaid
LN0000832,Good,60-75,<=28,TX,CashOut,10,1,default
LN0000833,Good,60-75,28-36,GA,Refinance,23,1,prepaid
LN0000834,Fair,75-90,36-43,NV,Purchase,5,1,default
LN0000835,Fair,60-75,28-36,CA,Purchase,31,1,default
LN0000836,Good,<=60,<=28,GA,CashOut,20,1,prepaid
LN0000837,Fair,>90,28-36,GA,Refinance,42,0,censored
LN0000838,Poor,60-75,36-43,CA,Refinance,11,1,prepaid
LN0000839,Good,60-75,<=28,TX,Purchase,39,1,prepaid
LN0000840,Good,<=60,36-43,IL,Purchase,32,1,prepaid
LN0000841,Excellent,60-75,36-43,GA,Purchase,4,1,prepaid
LN0000842,Fair,60-75,36-43,FL,Refinance,34,1,prepaid
LN0000843,Good,60-75,<=28,IL,CashOut,4,1,prepaid
LN0000844,Good,75-90,36-43,IL,Purchase,16,1,prepaid
LN0000845,Excellent,60-75,<=28,OH,Refinance,4,1,prepaid
LN0000846,Poor,>90,>43,FL,CashOut,9,1,default
LN0000847,Good,>90,36-43,GA,CashOut,6,1,default
LN0000848,Fair,60-75,<=28,AZ,Purchase,6,1,default
LN0000849,Excellent,<=60,36-43,WA,Purchase,17,1,prepaid
LN0000850,Poor,75-90,28-36,OH,CashOut,22,1,prepaid
LN0000851,Excellent,>90,28-36,TX,Purchase,5,0,censored
LN0000852,Excellent,>90,28-36,NV,Purchase,24,1,default
LN0000853,Poor,<=60,36-43,NY,Purchase,8,1,default
LN0000854,Poor,60-75,36-43,TX,Refinance,19,1,default
LN0000855,Excellent,<=60,>43,WA,Purchase,21,1,prepaid
LN0000856,Good,75-90,28-36,NY,Refinance,26,1,prepaid
LN0000857,Fair,75-90,36-43,IL,CashOut,14,1,prepaid
LN0000858,Poor,60-75,36-43,AZ,Refinance,15,1,default
LN0000859,Good,75-90,36-43,WA,CashOut,16,1,prepaid
LN0000860,Good,60-75,28-36,NY,CashOut,9,1,default
LN0000861,Fair,75-90,28-36,AZ,Refinance,22,1,prepaid
LN0000862,Fair,<=60,36-43,NY,Refinance,17,1,prepaid
LN0000863,Fair,75-90,28-36,NV,CashOut,13,1,prepaid
LN0000864,Good,75-90,<=28,NV,Refinance,10,1,prepaid
LN0000865,Excellent,75-90,28-36,IL,Purchase,17,0,censored
LN0000866,Poor,60-75,28-36,OH,CashOut,20,1,default
LN0000867,Poor,75-90,<=28,OH,Refinance,6,1,default
LN0000868,Fair,75-90,<=28,AZ,CashOut,20,1,default
LN0000869,Excellent,<=60,36-43,IL,Purchase,23,1,prepaid
LN0000870,Excellent,<=60,>43,IL,Purchase,25,1,prepaid
LN0000871,Fair,75-90,28-36,FL,Refinance,18,1,default
LN0000872,Excellent,60-75,<=28,WA,Refinance,4,1,prepaid
LN0000873,Poor,<=60,36-43,GA,Purchase,22,1,prepaid
LN0000874,Good,<=60,28-36,IL,CashOut,4,0,censored
LN0000875,Fair,<=60,>43,NY,Refinance,7,1,default
LN0000876,Poor,60-75,28-36,IL,Purchase,11,1,prepaid
LN0000877,Good,75-90,<=28,WA,Refinance,37,1,prepaid
LN0000878,Good,<=60,28-36,TX,Purchase,18,1,prepaid
LN0000879,Fair,75-90,28-36,GA,Purchase,16,1,prepaid
LN0000880,Good,60-75,36-43,AZ,Purchase,4,1,prepaid
LN0000881,Good,60-75,<=28,NY,Purchase,30,1,prepaid
LN0000882,Fair,60-75,>43,NY,CashOut,15,0,censored
LN0000883,Poor,75-90,36-43,CA,Purchase,4,1,default
LN0000884,Good,>90,>43,WA,Refinance,7,1,default
LN0000885,Excellent,60-75,>43,IL,Refinance,15,1,prepaid
LN0000886,Good,<=60,<=28,AZ,Purchase,14,1,prepaid
LN0000887,Good,60-75,28-36,NV,CashOut,42,0,censored
LN0000888,Excellent,<=60,36-43,OH,Purchase,42,1,prepaid
LN0000889,Excellent,75-90,28-36,FL,Refinance,16,1,prepaid
LN0000890,Fair,<=60,<=28,TX,Refinance,42,0,censored
LN0000891,Good,>90,28-36,IL,Refinance,7,1,prepaid
LN0000892,Poor,75-90,<=28,GA,Purchase,4,1,prepaid
LN0000893,Excellent,60-75,>43,CA,Refinance,23,1,default
LN0000894,Excellent,75-90,28-36,IL,CashOut,17,1,prepaid
LN0000895,Fair,<=60,36-43,CA,Purchase,4,1,default
LN0000896,Poor,75-90,>43,FL,Refinance,6,0,censored
LN0000897,Good,<=60,28-36,NY,Purchase,40,1,default
LN0000898,Excellent,75-90,36-43,CA,Purchase,42,1,prepaid
LN0000899,Excellent,60-75,<=28,FL,Purchase,42,0,censored
LN0000900,Good,<=60,<=28,GA,Purchase,21,1,prepaid
LN0000901,Good,75-90,<=28,NV,Refinance,4,0,censored
LN0000902,Good,<=60,28-36,OH,Purchase,37,1,default
LN0000903,Excellent,<=60,28-36,NY,Purchase,20,1,prepaid
LN0000904,Good,75-90,28-36,NV,Purchase,42,0,censored
LN0000905,Poor,60-75,<=28,IL,Purchase,4,1,prepaid
LN0000906,Fair,>90,<=28,NY,Refinance,42,0,censored
LN0000907,Good,75-90,36-43,AZ,Refinance,4,1,prepaid
LN0000908,Excellent,75-90,<=28,NY,Purchase,5,1,prepaid
LN0000909,Good,60-75,36-43,OH,Purchase,7,0,censored
LN0000910,Good,<=60,>43,TX,Purchase,6,1,default
LN0000911,Fair,>90,36-43,NY,Refinance,12,1,prepaid
LN0000912,Poor,<=60,28-36,NV,Purchase,18,1,default
LN0000913,Poor,60-75,36-43,FL,Refinance,20,1,default
LN0000914,Poor,60-75,36-43,AZ,Refinance,8,1,default
LN0000915,Poor,60-75,>43,IL,Purchase,4,1,prepaid
LN0000916,Poor,75-90,>43,NV,Purchase,8,1,prepaid
LN0000917,Excellent,75-90,28-36,IL,Purchase,12,1,prepaid
LN0000918,Excellent,75-90,36-43,IL,Purchase,42,0,censored
LN0000919,Good,>90,36-43,NY,Purchase,10,1,default
LN0000920,Good,60-75,<=28,FL,CashOut,35,1,prepaid
LN0000921,Excellent,60-75,28-36,AZ,Purchase,41,0,censored
LN0000922,Fair,<=60,36-43,WA,Purchase,7,1,prepaid
LN0000923,Fair,75-90,36-43,WA,Refinance,15,1,default
LN0000924,Good,60-75,28-36,NY,CashOut,42,0,censored
LN0000925,Excellent,75-90,28-36,OH,Purchase,42,0,censored
LN0000926,Good,<=60,<=28,NY,Refinance,4,1,prepaid
LN0000927,Excellent,75-90,28-36,FL,Purchase,15,1,default
LN0000928,Poor,75-90,>43,CA,Refinance,4,1,prepaid
LN0000929,Good,>90,>43,AZ,Refinance,17,1,default
LN0000930,Fair,<=60,28-36,CA,Purchase,42,0,censored
LN0000931,Good,>90,28-36,AZ,Purchase,17,1,default
LN0000932,Good,60-75,36-43,NY,Purchase,7,1,default
LN0000933,Good,60-75,36-43,CA,Refinance,18,1,prepaid
LN0000934,Fair,60-75,28-36,NV,Purchase,4,1,prepaid
LN0000935,Fair,60-75,28-36,OH,Refinance,4,1,prepaid
LN0000936,Excellent,75-90,<=28,OH,Purchase,37,1,prepaid
LN0000937,Poor,60-75,36-43,WA,Refinance,13,0,censored
LN0000938,Excellent,60-75,36-43,OH,Purchase,12,1,prepaid
LN0000939,Poor,75-90,28-36,TX,CashOut,4,1,default
LN0000940,Excellent,75-90,>43,FL,Purchase,4,1,prepaid
LN0000941,Good,75-90,36-43,WA,Purchase,17,1,prepaid
LN0000942,Fair,75-90,>43,OH,Purchase,7,1,prepaid
LN0000943,Excellent,<=60,28-36,WA,Refinance,12,0,censored
LN0000944,Good,75-90,28-36,IL,Purchase,4,1,prepaid
LN0000945,Good,<=60,>43,GA,Purchase,9,1,prepaid
LN0000946,Excellent,60-75,>43,CA,Purchase,8,1,prepaid
LN0000947,Fair,<=60,>43,WA,Purchase,22,1,default
LN0000948,Poor,75-90,36-43,NY,Refinance,4,1,default
LN0000949,Poor,60-75,28-36,IL,Purchase,4,1,default
LN0000950,Good,75-90,<=28,TX,Refinance,6,0,censored
LN0000951,Good,60-75,28-36,NV,CashOut,10,1,prepaid
LN0000952,Excellent,60-75,>43,AZ,Refinance,14,1,prepaid
LN0000953,Excellent,60-75,28-36,NV,Purchase,19,1,default
LN0000954,Excellent,<=60,36-43,AZ,Refinance,10,1,prepaid
LN0000955,Poor,60-75,>43,GA,Refinance,18,1,default
LN0000956,Poor,75-90,>43,FL,Purchase,5,1,default
LN0000957,Fair,60-75,>43,TX,Purchase,5,1,default
LN0000958,Good,<=60,28-36,GA,Purchase,4,1,prepaid
LN0000959,Good,75-90,28-36,NV,Purchase,20,1,default
LN0000960,Good,60-75,>43,NY,Purchase,4,0,censored
LN0000961,Good,<=60,<=28,NV,Purchase,21,0,censored
LN0000962,Good,<=60,<=28,TX,Refinance,4,1,prepaid
LN0000963,Excellent,60-75,>43,FL,Purchase,7,1,prepaid
LN0000964,Excellent,60-75,36-43,GA,Purchase,42,0,censored
LN0000965,Poor,75-90,28-36,IL,CashOut,6,0,censored
LN0000966,Good,60-75,<=28,OH,Purchase,7,0,censored
LN0000967,Poor,75-90,28-36,NY,Purchase,7,1,default
LN0000968,Excellent,60-75,>43,OH,Purchase,7,1,default
LN0000969,Good,75-90,36-43,NY,Purchase,16,1,default
LN0000970,Excellent,75-90,28-36,TX,Refinance,23,1,default
LN0000971,Good,60-75,28-36,WA,Purchase,9,1,prepaid
LN0000972,Excellent,<=60,>43,WA,CashOut,42,0,censored
LN0000973,Excellent,60-75,>43,WA,CashOut,38,1,prepaid
LN0000974,Poor,>90,28-36,CA,Purchase,15,1,default
LN0000975,Good,>90,36-43,IL,Refinance,23,1,default
LN0000976,Fair,60-75,28-36,CA,Refinance,22,1,prepaid
LN0000977,Good,75-90,28-36,AZ,Refinance,23,1,prepaid
LN0000978,Good,60-75,<=28,CA,Purchase,5,1,prepaid
LN0000979,Good,<=60,28-36,NV,Refinance,14,1,prepaid
LN0000980,Excellent,75-90,28-36,CA,Purchase,6,0,censored
LN0000981,Poor,60-75,28-36,GA,Purchase,12,0,censored
LN0000982,Fair,60-75,28-36,NY,CashOut,19,1,default
LN0000983,Fair,75-90,<=28,TX,Purchase,20,1,default
LN0000984,Good,60-75,<=28,NY,Purchase,7,0,censored
LN0000985,Excellent,75-90,36-43,CA,Purchase,6,1,prepaid
LN0000986,Poor,60-75,<=28,GA,CashOut,18,1,default
LN0000987,Good,<=60,<=28,AZ,Purchase,9,1,prepaid
LN0000988,Excellent,60-75,>43,NY,Purchase,10,0,censored
LN0000989,Good,>90,28-36,IL,Refinance,12,1,prepaid
LN0000990,Fair,60-75,>43,TX,Purchase,11,1,prepaid
LN0000991,Fair,<=60,36-43,IL,Purchase,6,1,prepaid
LN0000992,Fair,75-90,36-43,NV,Refinance,32,1,default
LN0000993,Fair,>90,28-36,WA,CashOut,9,1,prepaid
LN0000994,Excellent,>90,<=28,AZ,Refinance,14,1,prepaid
LN0000995,Poor,75-90,36-43,OH,Purchase,4,1,default
LN0000996,Good,60-75,36-43,TX,Purchase,18,1,prepaid
LN0000997,Fair,75-90,28-36,CA,Refinance,14,1,prepaid
LN0000998,Excellent,75-90,36-43,NY,Purchase,4,1,prepaid
LN0000999,Poor,>90,28-36,NV,Refinance,11,0,censored
LN0001000,Good,75-90,>43,TX,Purchase,42,0,censored
LN0001001,Excellent,60-75,36-43,CA,CashOut,11,1,prepaid
LN0001002,Good,<=60,<=28,NV,Purchase,16,1,prepaid
LN0001003,Excellent,75-90,>43,TX,CashOut,16,1,default
LN0001004,Excellent,<=60,>43,NY,Purchase,5,0,censored
LN0001005,Fair,<=60,36-43,OH,Refinance,7,1,default
LN0001006,Good,60-75,<=28,CA,Purchase,4,1,prepaid
LN0001007,Poor,75-90,36-43,TX,Refinance,5,1,default
LN0001008,Good,>90,36-43,OH,Purchase,10,1,prepaid
LN0001009,Fair,75-90,28-36,CA,Purchase,21,1,prepaid
LN0001010,Good,>90,>43,OH,Purchase,16,1,default
LN0001011,Fair,75-90,28-36,WA,Purchase,36,1,prepaid
LN0001012,Good,75-90,>43,FL,CashOut,6,1,prepaid
LN0001013,Good,<=60,36-43,GA,Refinance,28,1,prepaid
LN0001014,Poor,75-90,28-36,NY,Refinance,11,0,censored
LN0001015,Good,<=60,>43,NV,Purchase,18,1,default
LN0001016,Excellent,<=60,28-36,IL,Purchase,22,1,prepaid
LN0001017,Fair,<=60,28-36,OH,Purchase,18,1,default
LN0001018,Fair,75-90,28-36,FL,Purchase,19,1,default
LN0001019,Excellent,75-90,<=28,AZ,Refinance,6,1,prepaid
LN0001020,Good,>90,36-43,FL,Refinance,19,1,default
LN0001021,Poor,>90,28-36,WA,Purchase,6,1,prepaid
LN0001022,Fair,>90,>43,AZ,Purchase,4,1,default
LN0001023,Poor,<=60,>43,NV,Purchase,9,1,default
LN0001024,Good,>90,36-43,OH,Purchase,18,1,prepaid
LN0001025,Fair,75-90,<=28,GA,Purchase,22,1,default
LN0001026,Good,>90,36-43,GA,Purchase,8,1,default
LN0001027,Poor,<=60,<=28,IL,Purchase,4,1,prepaid
LN0001028,Good,<=60,36-43,GA,Purchase,16,1,prepaid
LN0001029,Fair,>90,28-36,WA,Refinance,5,1,default
LN0001030,Good,<=60,>43,WA,CashOut,41,1,default
LN0001031,Good,60-75,28-36,NY,Purchase,21,1,prepaid
LN0001032,Fair,60-75,28-36,NY,Purchase,9,1,prepaid
LN0001033,Good,<=60,>43,TX,Purchase,8,1,prepaid
LN0001034,Poor,<=60,28-36,OH,Refinance,10,1,default
LN0001035,Good,>90,>43,CA,Refinance,15,1,default
LN0001036,Fair,>90,>43,TX,Refinance,7,1,default
LN0001037,Good,>90,28-36,FL,Refinance,6,1,prepaid
LN0001038,Good,60-75,28-36,TX,CashOut,21,1,prepaid
LN0001039,Good,60-75,28-36,OH,Purchase,12,0,censored
LN0001040,Excellent,60-75,36-43,TX,Purchase,17,1,prepaid
LN0001041,Excellent,60-75,>43,IL,Purchase,8,0,censored
LN0001042,Fair,<=60,28-36,OH,Purchase,16,1,default
LN0001043,Fair,75-90,36-43,WA,Purchase,10,1,prepaid
LN0001044,Fair,>90,28-36,WA,CashOut,13,1,default
LN0001045,Excellent,60-75,36-43,NY,Refinance,6,0,censored
LN0001046,Good,60-75,36-43,IL,CashOut,26,1,prepaid
LN0001047,Excellent,60-75,>43,OH,CashOut,4,1,prepaid
LN0001048,Fair,<=60,28-36,IL,Refinance,7,1,prepaid
LN0001049,Poor,60-75,28-36,GA,CashOut,10,1,default
LN0001050,Excellent,60-75,28-36,AZ,Refinance,26,1,prepaid
LN0001051,Fair,60-75,<=28,FL,Purchase,18,1,prepaid
LN0001052,Excellent,60-75,28-36,TX,Refinance,21,1,prepaid
LN0001053,Good,75-90,>43,IL,CashOut,10,1,default
LN0001054,Excellent,60-75,28-36,NY,Refinance,16,1,prepaid
LN0001055,Good,<=60,28-36,TX,Refinance,9,1,prepaid
LN0001056,Fair,<=60,36-43,OH,Purchase,27,1,default
LN0001057,Poor,<=60,<=28,GA,Refinance,4,1,prepaid
LN0001058,Excellent,75-90,28-36,GA,Purchase,26,0,censored
LN0001059,Good,75-90,>43,OH,Refinance,8,1,default
LN0001060,Fair,>90,<=28,IL,Refinance,15,1,default
LN0001061,Poor,75-90,28-36,WA,Refinance,12,1,default
LN0001062,Fair,60-75,28-36,FL,Purchase,11,1,prepaid
LN0001063,Good,<=60,<=28,OH,Refinance,13,1,default
LN0001064,Fair,60-75,28-36,NV,Purchase,4,1,prepaid
LN0001065,Good,60-75,<=28,AZ,Purchase,15,1,prepaid
LN0001066,Poor,>90,28-36,IL,Purchase,6,1,default
LN0001067,Good,60-75,>43,CA,Refinance,34,1,default
LN0001068,Fair,60-75,28-36,AZ,Purchase,12,1,default
LN0001069,Excellent,60-75,28-36,WA,Purchase,5,1,prepaid
LN0001070,Good,<=60,28-36,OH,CashOut,4,1,default
LN0001071,Poor,>90,>43,NY,Purchase,7,1,default
LN0001072,Fair,<=60,<=28,AZ,CashOut,17,1,prepaid
LN0001073,Good,<=60,>43,AZ,Purchase,39,0,censored
LN0001074,Poor,<=60,28-36,CA,Purchase,17,1,default
LN0001075,Poor,75-90,>43,WA,Refinance,8,1,default
LN0001076,Good,60-75,28-36,IL,Purchase,4,1,prepaid
LN0001077,Good,75-90,<=28,GA,CashOut,9,1,default
LN0001078,Good,60-75,28-36,FL,Purchase,4,1,prepaid
LN0001079,Fair,<=60,<=28,CA,Refinance,16,1,default
LN0001080,Good,>90,36-43,FL,Purchase,19,1,default
LN0001081,Excellent,<=60,36-43,WA,Refinance,31,1,prepaid
LN0001082,Poor,<=60,36-43,FL,Purchase,19,1,default
LN0001083,Poor,75-90,<=28,IL,Refinance,8,1,default
LN0001084,Fair,<=60,36-43,NY,Purchase,10,0,censored
LN0001085,Poor,<=60,28-36,GA,Refinance,5,1,default
LN0001086,Fair,75-90,>43,IL,Purchase,6,1,default
LN0001087,Fair,60-75,36-43,TX,Purchase,15,0,censored
LN0001088,Fair,60-75,28-36,GA,Refinance,37,1,prepaid
LN0001089,Good,60-75,>43,FL,Purchase,4,1,prepaid
LN0001090,Good,75-90,28-36,NY,Refinance,4,1,prepaid
LN0001091,Excellent,<=60,28-36,OH,Refinance,41,1,prepaid
LN0001092,Fair,<=60,<=28,FL,Purchase,24,1,prepaid
LN0001093,Good,75-90,36-43,CA,Refinance,13,1,default
LN0001094,Good,75-90,28-36,NY,Purchase,9,1,prepaid
LN0001095,Good,>90,<=28,NY,Refinance,6,1,prepaid
LN0001096,Good,60-75,36-43,GA,Purchase,7,1,default
LN0001097,Excellent,<=60,<=28,OH,Purchase,4,1,prepaid
LN0001098,Fair,60-75,36-43,CA,Refinance,4,0,censored
LN0001099,Poor,75-90,<=28,OH,CashOut,25,1,default
LN0001100,Excellent,<=60,28-36,OH,CashOut,19,1,prepaid
LN0001101,Excellent,75-90,>43,TX,Refinance,4,1,prepaid
LN0001102,Good,<=60,<=28,NY,Purchase,9,1,default
LN0001103,Fair,75-90,36-43,OH,Purchase,4,1,prepaid
LN0001104,Fair,75-90,36-43,WA,Purchase,4,1,prepaid
LN0001105,Excellent,60-75,>43,NY,Refinance,37,0,censored
LN0001106,Fair,>90,<=28,OH,Purchase,15,1,default
LN0001107,Excellent,>90,36-43,GA,CashOut,16,1,default
LN0001108,Good,<=60,28-36,WA,Purchase,7,1,prepaid
LN0001109,Poor,60-75,28-36,CA,Purchase,8,0,censored
LN0001110,Excellent,75-90,28-36,GA,Refinance,22,1,prepaid
LN0001111,Excellent,<=60,28-36,TX,Purchase,17,1,prepaid
LN0001112,Good,60-75,28-36,NV,Purchase,26,1,prepaid
LN0001113,Fair,60-75,<=28,TX,Refinance,4,1,prepaid
LN0001114,Poor,>90,28-36,CA,CashOut,17,1,default
LN0001115,Poor,60-75,36-43,NY,Purchase,11,1,default
LN0001116,Excellent,75-90,28-36,NY,Purchase,33,1,default
LN0001117,Excellent,60-75,<=28,NY,Purchase,36,1,prepaid
LN0001118,Fair,<=60,28-36,NV,Refinance,6,1,default
LN0001119,Good,>90,28-36,FL,Purchase,6,0,censored
LN0001120,Poor,<=60,36-43,AZ,Refinance,6,1,prepaid
LN0001121,Fair,<=60,>43,TX,Purchase,7,1,prepaid
LN0001122,Excellent,60-75,28-36,GA,CashOut,42,0,censored
LN0001123,Fair,75-90,36-43,TX,Refinance,4,1,prepaid
LN0001124,Excellent,60-75,<=28,FL,Refinance,13,1,prepaid
LN0001125,Good,<=60,>43,TX,Purchase,5,1,prepaid
LN0001126,Good,60-75,28-36,NY,Purchase,31,1,prepaid
LN0001127,Good,60-75,28-36,IL,Purchase,4,1,prepaid
LN0001128,Fair,<=60,<=28,AZ,Refinance,5,1,prepaid
LN0001129,Fair,60-75,<=28,OH,Purchase,20,1,prepaid
LN0001130,Poor,<=60,36-43,GA,Purchase,12,1,default
LN0001131,Poor,60-75,<=28,IL,Purchase,10,1,prepaid
LN0001132,Good,75-90,28-36,FL,Purchase,17,0,censored
LN0001133,Excellent,75-90,<=28,FL,Purchase,27,0,censored
LN0001134,Fair,60-75,>43,TX,Refinance,6,1,default
LN0001135,Poor,60-75,36-43,GA,Refinance,16,1,default
LN0001136,Good,60-75,>43,OH,Purchase,22,1,default
LN0001137,Good,>90,>43,WA,Refinance,16,1,default
LN0001138,Good,<=60,>43,WA,Purchase,4,0,censored
LN0001139,Excellent,<=60,28-36,NY,CashOut,42,0,censored
LN0001140,Fair,60-75,<=28,NV,Refinance,12,0,censored
LN0001141,Good,<=60,28-36,AZ,Purchase,7,1,prepaid
LN0001142,Fair,<=60,28-36,IL,Refinance,24,1,prepaid
LN0001143,Fair,<=60,36-43,OH,Purchase,14,0,censored
LN0001144,Fair,75-90,<=28,NY,Purchase,9,1,prepaid
LN0001145,Good,75-90,<=28,TX,Purchase,9,1,prepaid
LN0001146,Good,75-90,36-43,FL,CashOut,4,1,prepaid
LN0001147,Fair,75-90,<=28,AZ,CashOut,5,1,prepaid
LN0001148,Fair,60-75,<=28,IL,Refinance,25,1,prepaid
LN0001149,Good,>90,<=28,AZ,Refinance,42,0,censored
LN0001150,Poor,75-90,36-43,NY,Purchase,4,1,default
LN0001151,Excellent,75-90,<=28,IL,Refinance,26,1,prepaid
LN0001152,Poor,75-90,<=28,CA,Purchase,19,1,default
LN0001153,Excellent,60-75,<=28,OH,Purchase,19,1,prepaid
LN0001154,Excellent,60-75,36-43,NY,CashOut,20,1,default
LN0001155,Good,60-75,<=28,CA,Refinance,10,1,prepaid
LN0001156,Excellent,<=60,<=28,FL,CashOut,42,0,censored
LN0001157,Excellent,60-75,>43,GA,Refinance,9,1,prepaid
LN0001158,Excellent,<=60,>43,AZ,Purchase,4,1,prepaid
LN0001159,Good,<=60,<=28,NV,Refinance,6,1,prepaid
LN0001160,Fair,>90,28-36,FL,Purchase,15,1,prepaid
LN0001161,Excellent,75-90,<=28,WA,CashOut,42,0,censored
LN0001162,Fair,75-90,36-43,IL,Purchase,14,1,default
LN0001163,Fair,60-75,28-36,OH,Refinance,10,1,prepaid
LN0001164,Excellent,75-90,>43,GA,Refinance,13,1,default
LN0001165,Excellent,>90,36-43,CA,Purchase,12,1,default
LN0001166,Poor,75-90,28-36,TX,Purchase,4,1,prepaid
LN0001167,Fair,75-90,<=28,WA,Purchase,22,1,prepaid
LN0001168,Good,60-75,>43,WA,Purchase,21,1,default
LN0001169,Fair,60-75,36-43,AZ,CashOut,13,1,default
LN0001170,Excellent,75-90,36-43,AZ,Purchase,5,1,prepaid
LN0001171,Good,>90,<=28,CA,Purchase,4,0,censored
LN0001172,Fair,60-75,36-43,WA,Purchase,32,1,prepaid
LN0001173,Good,60-75,36-43,IL,Purchase,13,1,prepaid
LN0001174,Fair,60-75,>43,IL,Purchase,19,1,default
LN0001175,Good,60-75,28-36,CA,CashOut,7,1,prepaid
LN0001176,Fair,>90,28-36,AZ,Refinance,18,1,default
LN0001177,Good,75-90,28-36,TX,CashOut,21,1,default
LN0001178,Good,60-75,36-43,NV,Purchase,4,1,prepaid
LN0001179,Excellent,60-75,>43,NV,Purchase,37,1,default
LN0001180,Excellent,60-75,28-36,AZ,Purchase,42,0,censored
LN0001181,Fair,<=60,<=28,TX,Purchase,6,1,prepaid
LN0001182,Excellent,60-75,<=28,IL,Purchase,8,1,prepaid
LN0001183,Excellent,75-90,36-43,CA,Purchase,23,1,prepaid
LN0001184,Excellent,75-90,>43,GA,Refinance,6,1,default
LN0001185,Excellent,<=60,<=28,AZ,Purchase,42,0,censored
LN0001186,Fair,75-90,28-36,WA,Refinance,13,0,censored
LN0001187,Good,75-90,>43,CA,Refinance,17,1,prepaid
LN0001188,Poor,60-75,28-36,NY,Refinance,6,1,default
LN0001189,Excellent,75-90,<=28,TX,Purchase,11,1,default
LN0001190,Fair,75-90,28-36,IL,Refinance,27,1,default
LN0001191,Good,75-90,28-36,NY,Purchase,22,1,prepaid
LN0001192,Good,<=60,<=28,AZ,Purchase,34,1,prepaid
LN0001193,Poor,<=60,36-43,FL,Purchase,24,1,default
LN0001194,Poor,60-75,28-36,NY,Purchase,8,1,prepaid
LN0001195,Poor,<=60,36-43,FL,Purchase,33,1,default
LN0001196,Excellent,60-75,36-43,AZ,Refinance,37,1,prepaid
LN0001197,Excellent,75-90,<=28,FL,Refinance,42,0,censored
LN0001198,Fair,<=60,<=28,NV,Purchase,27,1,default
LN0001199,Good,60-75,<=28,GA,Purchase,7,1,prepaid
LN0001200,Fair,>90,<=28,NY,Purchase,22,1,default
LN0001201,Good,60-75,36-43,WA,CashOut,13,1,default
LN0001202,Good,60-75,<=28,TX,Purchase,15,0,censored
LN0001203,Fair,75-90,36-43,NV,Purchase,26,1,default
LN0001204,Fair,<=60,<=28,NV,Purchase,39,1,prepaid
LN0001205,Excellent,<=60,<=28,FL,Refinance,42,0,censored
LN0001206,Excellent,75-90,<=28,TX,Purchase,17,1,prepaid
LN0001207,Fair,60-75,28-36,IL,Purchase,9,1,default
LN0001208,Good,60-75,36-43,OH,Purchase,42,0,censored
LN0001209,Good,<=60,36-43,GA,Refinance,22,1,prepaid
LN0001210,Good,75-90,<=28,CA,Purchase,10,0,censored
LN0001211,Fair,<=60,36-43,CA,CashOut,6,0,censored
LN0001212,Fair,75-90,36-43,FL,CashOut,4,1,prepaid
LN0001213,Good,60-75,28-36,OH,Refinance,18,1,prepaid
LN0001214,Good,75-90,<=28,FL,CashOut,15,0,censored
LN0001215,Good,60-75,<=28,AZ,Refinance,17,1,prepaid
LN0001216,Good,<=60,<=28,FL,Purchase,23,1,prepaid
LN0001217,Good,60-75,>43,AZ,Refinance,5,1,prepaid
LN0001218,Good,75-90,28-36,NV,Refinance,22,1,prepaid
LN0001219,Fair,<=60,28-36,OH,Refinance,10,0,censored
LN0001220,Excellent,60-75,36-43,TX,Refinance,7,1,prepaid
LN0001221,Excellent,60-75,28-36,CA,Refinance,34,1,default
LN0001222,Excellent,60-75,36-43,TX,CashOut,25,1,prepaid
LN0001223,Poor,75-90,<=28,GA,Purchase,20,0,censored
LN0001224,Fair,<=60,28-36,GA,Refinance,14,1,prepaid
LN0001225,Excellent,60-75,<=28,NV,Refinance,33,1,prepaid
LN0001226,Poor,<=60,<=28,NV,CashOut,17,0,censored
LN0001227,Good,60-75,28-36,NY,Purchase,38,1,prepaid
LN0001228,Good,60-75,36-43,NY,Purchase,42,0,censored
LN0001229,Poor,60-75,36-43,OH,Purchase,4,1,prepaid
LN0001230,Excellent,60-75,36-43,OH,Purchase,42,0,censored
LN0001231,Excellent,>90,<=28,NY,Purchase,23,1,prepaid
LN0001232,Good,60-75,>43,CA,Purchase,19,1,prepaid
LN0001233,Excellent,75-90,<=28,CA,Purchase,17,1,prepaid
LN0001234,Fair,60-75,36-43,AZ,CashOut,42,0,censored
LN0001235,Excellent,60-75,36-43,NY,Purchase,11,0,censored
LN0001236,Excellent,<=60,28-36,OH,Purchase,42,0,censored
LN0001237,Excellent,60-75,28-36,AZ,Refinance,42,0,censored
LN0001238,Good,75-90,36-43,AZ,Purchase,4,1,prepaid
LN0001239,Excellent,75-90,36-43,IL,Refinance,21,1,prepaid
LN0001240,Excellent,75-90,<=28,GA,Refinance,5,0,censored
LN0001241,Poor,75-90,36-43,TX,Purchase,7,1,default
LN0001242,Good,<=60,<=28,NV,Purchase,18,1,prepaid
LN0001243,Good,<=60,28-36,AZ,Purchase,35,1,prepaid
LN0001244,Excellent,75-90,36-43,NY,Purchase,5,1,prepaid
LN0001245,Good,<=60,36-43,NY,Refinance,9,1,prepaid
LN0001246,Good,<=60,28-36,OH,Purchase,12,1,prepaid
LN0001247,Fair,>90,<=28,IL,Purchase,11,1,prepaid
LN0001248,Excellent,>90,28-36,OH,Purchase,19,0,censored
LN0001249,Poor,75-90,28-36,CA,Purchase,9,1,default
LN0001250,Poor,60-75,28-36,FL,Purchase,19,1,default
LN0001251,Excellent,75-90,28-36,OH,Refinance,10,1,prepaid
LN0001252,Excellent,60-75,36-43,NV,Purchase,5,1,prepaid
LN0001253,Excellent,60-75,<=28,CA,Refinance,40,1,prepaid
LN0001254,Fair,60-75,<=28,OH,CashOut,42,0,censored
LN0001255,Excellent,>90,28-36,CA,Refinance,4,1,prepaid
LN0001256,Poor,>90,<=28,AZ,Purchase,4,1,prepaid
LN0001257,Fair,75-90,<=28,FL,Purchase,6,1,prepaid
LN0001258,Fair,<=60,28-36,NY,Refinance,4,1,prepaid
LN0001259,Good,60-75,28-36,OH,Refinance,37,1,default
LN0001260,Poor,60-75,28-36,AZ,CashOut,7,1,default
LN0001261,Excellent,>90,28-36,IL,Purchase,10,1,default
LN0001262,Good,<=60,>43,NY,Purchase,21,1,prepaid
LN0001263,Good,<=60,28-36,NV,Purchase,42,0,censored
LN0001264,Poor,75-90,28-36,NV,CashOut,16,1,default
LN0001265,Good,60-75,<=28,WA,Refinance,4,1,prepaid
LN0001266,Fair,75-90,<=28,CA,CashOut,4,1,prepaid
LN0001267,Excellent,<=60,28-36,NV,Refinance,42,0,censored
LN0001268,Poor,75-90,36-43,GA,CashOut,6,1,default
LN0001269,Good,<=60,<=28,WA,Refinance,19,1,prepaid
LN0001270,Good,<=60,<=28,TX,CashOut,42,0,censored
LN0001271,Poor,60-75,28-36,NV,CashOut,5,1,prepaid
LN0001272,Good,60-75,28-36,OH,Refinance,7,1,prepaid
LN0001273,Good,75-90,>43,FL,CashOut,12,1,default
LN0001274,Good,<=60,<=28,NY,Refinance,27,1,prepaid
LN0001275,Excellent,<=60,<=28,NY,Refinance,4,1,prepaid
LN0001276,Good,75-90,28-36,AZ,Refinance,12,1,prepaid
LN0001277,Excellent,60-75,<=28,IL,Refinance,42,0,censored
LN0001278,Excellent,75-90,<=28,AZ,Refinance,25,1,prepaid
LN0001279,Poor,75-90,28-36,GA,Refinance,4,1,prepaid
LN0001280,Good,<=60,28-36,NY,Purchase,4,1,prepaid
LN0001281,Good,75-90,<=28,IL,Refinance,42,0,censored
LN0001282,Good,60-75,36-43,AZ,CashOut,4,1,prepaid
LN0001283,Good,60-75,28-36,IL,Refinance,14,0,censored
LN0001284,Fair,<=60,<=28,GA,Purchase,15,1,default
LN0001285,Poor,75-90,>43,TX,CashOut,11,1,prepaid
LN0001286,Poor,75-90,28-36,IL,Refinance,16,1,default
LN0001287,Good,60-75,>43,WA,Purchase,10,1,default
LN0001288,Good,>90,>43,NY,Refinance,10,1,default
LN0001289,Good,60-75,28-36,AZ,Refinance,4,1,prepaid
LN0001290,Good,>90,<=28,FL,Refinance,13,1,default
LN0001291,Good,75-90,36-43,AZ,Purchase,17,0,censored
LN0001292,Fair,>90,28-36,CA,Purchase,17,1,default
LN0001293,Good,>90,<=28,IL,CashOut,4,1,prepaid
LN0001294,Good,>90,28-36,WA,CashOut,6,1,prepaid
LN0001295,Good,<=60,28-36,FL,Purchase,8,1,prepaid
LN0001296,Good,75-90,>43,WA,CashOut,20,1,default
LN0001297,Excellent,75-90,36-43,NV,Purchase,22,1,prepaid
LN0001298,Excellent,75-90,>43,IL,Purchase,11,1,default
LN0001299,Fair,60-75,36-43,WA,Refinance,4,1,prepaid
LN0001300,Good,>90,36-43,NV,Purchase,14,1,default
LN0001301,Excellent,60-75,28-36,NV,Purchase,9,1,prepaid
LN0001302,Good,60-75,>43,CA,CashOut,7,1,default
LN0001303,Fair,60-75,>43,OH,Refinance,24,1,default
LN0001304,Good,<=60,36-43,AZ,Purchase,38,1,prepaid
LN0001305,Fair,75-90,36-43,NV,Purchase,29,1,default
LN0001306,Poor,<=60,28-36,AZ,Refinance,7,1,default
LN0001307,Good,75-90,28-36,CA,Refinance,11,1,prepaid
LN0001308,Fair,75-90,>43,OH,Purchase,8,1,default
LN0001309,Excellent,60-75,<=28,AZ,Purchase,4,1,prepaid
LN0001310,Poor,75-90,<=28,WA,Refinance,8,1,prepaid
LN0001311,Good,<=60,28-36,CA,Refinance,8,1,prepaid
LN0001312,Poor,75-90,28-36,TX,CashOut,4,1,default
LN0001313,Good,>90,28-36,FL,Purchase,24,1,default
LN0001314,Excellent,<=60,<=28,AZ,CashOut,42,0,censored
LN0001315,Excellent,75-90,<=28,TX,CashOut,40,1,prepaid
LN0001316,Fair,60-75,<=28,OH,Purchase,8,1,default
LN0001317,Good,60-75,28-36,TX,Purchase,4,1,prepaid
LN0001318,Excellent,75-90,<=28,AZ,Refinance,19,1,prepaid
LN0001319,Fair,60-75,36-43,CA,CashOut,17,1,default
LN0001320,Poor,75-90,<=28,FL,Purchase,8,1,default
LN0001321,Good,60-75,28-36,TX,Purchase,14,1,prepaid
LN0001322,Good,60-75,28-36,WA,Refinance,24,1,prepaid
LN0001323,Excellent,>90,28-36,OH,Refinance,10,1,default
LN0001324,Fair,<=60,>43,IL,Purchase,11,1,default
LN0001325,Good,75-90,<=28,WA,Purchase,8,1,prepaid
LN0001326,Poor,<=60,28-36,GA,Purchase,4,1,prepaid
LN0001327,Good,75-90,36-43,IL,CashOut,5,1,prepaid
LN0001328,Good,75-90,<=28,OH,Refinance,18,1,prepaid
LN0001329,Good,60-75,36-43,FL,Purchase,27,0,censored
LN0001330,Excellent,60-75,>43,TX,CashOut,42,0,censored
LN0001331,Fair,60-75,36-43,TX,Refinance,39,1,default
LN0001332,Good,>90,>43,TX,CashOut,11,1,default
LN0001333,Good,60-75,28-36,CA,Purchase,14,1,prepaid
LN0001334,Poor,60-75,28-36,CA,Purchase,5,1,prepaid
LN0001335,Poor,75-90,<=28,CA,Purchase,24,0,censored
LN0001336,Poor,60-75,<=28,TX,Purchase,11,1,default
LN0001337,Excellent,60-75,<=28,GA,Refinance,19,1,prepaid
LN0001338,Good,60-75,28-36,FL,Refinance,17,1,default
LN0001339,Poor,<=60,28-36,WA,Purchase,17,1,default
LN0001340,Good,75-90,<=28,CA,Refinance,27,1,default
LN0001341,Excellent,>90,36-43,AZ,Refinance,29,1,default
LN0001342,Fair,>90,<=28,NY,Refinance,28,1,default
LN0001343,Good,>90,28-36,IL,Purchase,10,1,default
LN0001344,Good,60-75,<=28,GA,CashOut,15,0,censored
LN0001345,Poor,60-75,36-43,NV,Refinance,13,1,default
LN0001346,Fair,75-90,28-36,OH,CashOut,24,1,default
LN0001347,Good,>90,36-43,IL,Refinance,7,1,default
LN0001348,Good,75-90,<=28,NY,Refinance,29,1,prepaid
LN0001349,Good,60-75,28-36,NY,Purchase,32,1,prepaid
LN0001350,Excellent,75-90,>43,CA,Refinance,6,1,prepaid
LN0001351,Fair,75-90,<=28,NY,Purchase,13,1,default
LN0001352,Fair,>90,28-36,OH,CashOut,17,1,default
LN0001353,Good,75-90,<=28,FL,Purchase,22,1,default
LN0001354,Good,60-75,<=28,NY,Purchase,4,1,prepaid
LN0001355,Poor,60-75,28-36,CA,Refinance,20,1,default
LN0001356,Excellent,60-75,<=28,FL,Refinance,24,1,prepaid
LN0001357,Good,60-75,28-36,CA,Refinance,15,1,default
LN0001358,Good,>90,>43,IL,Refinance,5,1,default
LN0001359,Fair,60-75,<=28,FL,Refinance,9,0,censored
LN0001360,Excellent,60-75,<=28,NV,CashOut,5,0,censored
LN0001361,Fair,60-75,36-43,WA,Purchase,27,1,prepaid
LN0001362,Good,75-90,28-36,NY,Refinance,39,1,default
LN0001363,Fair,60-75,>43,WA,CashOut,28,1,default
LN0001364,Excellent,<=60,28-36,NV,Purchase,4,1,prepaid
LN0001365,Good,>90,36-43,TX,Purchase,28,1,prepaid
LN0001366,Good,60-75,>43,FL,Purchase,12,1,prepaid
LN0001367,Excellent,60-75,<=28,WA,Refinance,27,1,prepaid
LN0001368,Excellent,60-75,36-43,TX,Refinance,5,1,prepaid
LN0001369,Excellent,75-90,36-43,WA,Purchase,4,1,prepaid
LN0001370,Good,75-90,36-43,TX,Purchase,17,0,censored
LN0001371,Excellent,>90,<=28,AZ,Purchase,13,1,default
LN0001372,Poor,<=60,28-36,OH,Purchase,5,1,default
LN0001373,Good,>90,<=28,CA,Purchase,11,1,prepaid
LN0001374,Fair,75-90,>43,WA,Refinance,4,1,default
LN0001375,Poor,60-75,<=28,FL,CashOut,17,1,prepaid
LN0001376,Excellent,60-75,<=28,WA,Refinance,15,1,prepaid
LN0001377,Fair,60-75,>43,WA,CashOut,22,1,prepaid
LN0001378,Poor,>90,28-36,NV,CashOut,6,1,default
LN0001379,Fair,60-75,28-36,TX,Refinance,28,1,default
LN0001380,Good,60-75,28-36,WA,Refinance,31,0,censored
LN0001381,Good,75-90,36-43,NV,Refinance,4,1,prepaid
LN0001382,Excellent,>90,<=28,TX,Refinance,42,0,censored
LN0001383,Good,75-90,28-36,FL,Purchase,4,1,default
LN0001384,Poor,75-90,28-36,OH,Purchase,11,1,default
LN0001385,Poor,<=60,28-36,TX,Refinance,13,1,prepaid
LN0001386,Excellent,>90,28-36,FL,CashOut,14,1,prepaid
LN0001387,Fair,60-75,<=28,NV,Refinance,15,1,prepaid
LN0001388,Good,<=60,36-43,WA,Purchase,42,0,censored
LN0001389,Poor,>90,<=28,CA,Refinance,7,1,prepaid
LN0001390,Excellent,60-75,28-36,AZ,Refinance,42,0,censored
LN0001391,Poor,<=60,28-36,WA,Refinance,6,1,prepaid
LN0001392,Fair,75-90,28-36,IL,Purchase,6,1,default
LN0001393,Excellent,60-75,36-43,NV,Purchase,5,1,prepaid
LN0001394,Excellent,<=60,28-36,NY,Purchase,4,1,prepaid
LN0001395,Fair,75-90,>43,NY,CashOut,13,1,prepaid
LN0001396,Excellent,75-90,36-43,WA,Purchase,4,1,prepaid
LN0001397,Good,75-90,36-43,FL,CashOut,33,0,censored
LN0001398,Poor,<=60,36-43,TX,Purchase,27,1,default
LN0001399,Good,75-90,<=28,TX,CashOut,13,1,prepaid
LN0001400,Good,75-90,>43,NY,Purchase,13,1,prepaid
LN0001401,Good,<=60,36-43,CA,Refinance,8,1,prepaid
LN0001402,Excellent,60-75,28-36,WA,Refinance,4,1,prepaid
LN0001403,Poor,<=60,<=28,NV,Refinance,16,1,default
LN0001404,Good,60-75,<=28,FL,Refinance,14,1,prepaid
LN0001405,Excellent,<=60,36-43,CA,Purchase,11,0,censored
LN0001406,Good,75-90,28-36,CA,Purchase,5,1,prepaid
LN0001407,Poor,>90,36-43,TX,Purchase,5,1,default
LN0001408,Excellent,60-75,28-36,WA,Refinance,37,1,prepaid
LN0001409,Poor,75-90,28-36,IL,Refinance,30,0,censored
LN0001410,Fair,60-75,<=28,IL,Purchase,14,1,default
LN0001411,Fair,<=60,<=28,OH,Refinance,24,1,prepaid
LN0001412,Poor,75-90,<=28,NY,Purchase,4,1,prepaid
LN0001413,Fair,60-75,36-43,GA,Purchase,11,1,default
LN0001414,Poor,>90,28-36,NV,Purchase,6,0,censored
LN0001415,Excellent,60-75,>43,TX,Refinance,4,1,prepaid
LN0001416,Fair,<=60,36-43,TX,Purchase,4,1,prepaid
LN0001417,Good,60-75,36-43,FL,CashOut,13,1,default
LN0001418,Good,60-75,28-36,TX,Refinance,10,1,prepaid
LN0001419,Poor,>90,36-43,AZ,Refinance,9,0,censored
LN0001420,Poor,75-90,>43,AZ,Purchase,12,1,default
LN0001421,Fair,60-75,36-43,WA,Refinance,20,1,prepaid
LN0001422,Good,60-75,<=28,TX,CashOut,19,0,censored
LN0001423,Good,75-90,36-43,AZ,Refinance,21,1,default
LN0001424,Good,75-90,<=28,NV,Purchase,12,1,default
LN0001425,Good,<=60,<=28,IL,Purchase,22,1,prepaid
LN0001426,Good,<=60,36-43,GA,Purchase,9,1,prepaid
LN0001427,Excellent,<=60,36-43,GA,Purchase,4,1,prepaid
LN0001428,Excellent,60-75,<=28,WA,Refinance,5,0,censored
LN0001429,Fair,60-75,<=28,NY,Purchase,4,1,prepaid
LN0001430,Good,<=60,>43,FL,Refinance,18,1,prepaid
LN0001431,Poor,60-75,<=28,FL,Purchase,12,0,censored
LN0001432,Fair,60-75,<=28,NY,Refinance,16,0,censored
LN0001433,Excellent,<=60,36-43,OH,CashOut,14,1,prepaid
LN0001434,Excellent,>90,36-43,AZ,Purchase,23,1,prepaid
LN0001435,Excellent,75-90,28-36,TX,Purchase,6,1,default
LN0001436,Poor,60-75,28-36,CA,Refinance,10,1,default
LN0001437,Excellent,60-75,28-36,IL,Purchase,17,1,prepaid
LN0001438,Good,60-75,<=28,OH,Refinance,7,1,prepaid
LN0001439,Poor,>90,36-43,WA,CashOut,4,1,prepaid
LN0001440,Poor,75-90,36-43,AZ,Refinance,17,0,censored
LN0001441,Excellent,60-75,28-36,OH,CashOut,36,1,prepaid
LN0001442,Excellent,>90,28-36,OH,Purchase,11,1,prepaid
LN0001443,Excellent,75-90,28-36,WA,Purchase,36,1,default
LN0001444,Excellent,75-90,<=28,CA,Purchase,28,1,default
LN0001445,Excellent,60-75,28-36,TX,Refinance,27,1,prepaid
LN0001446,Good,<=60,<=28,OH,Purchase,42,0,censored
LN0001447,Poor,75-90,36-43,NY,Purchase,7,1,default
LN0001448,Good,60-75,28-36,OH,CashOut,8,1,prepaid
LN0001449,Fair,75-90,36-43,NY,Purchase,12,1,default
LN0001450,Excellent,75-90,28-36,CA,Purchase,27,1,prepaid
LN0001451,Fair,60-75,36-43,GA,Purchase,17,1,prepaid
LN0001452,Fair,60-75,>43,AZ,Purchase,11,0,censored
LN0001453,Poor,60-75,28-36,IL,Purchase,4,0,censored
LN0001454,Poor,60-75,<=28,TX,Purchase,4,1,prepaid
LN0001455,Good,75-90,36-43,IL,Purchase,7,1,prepaid
LN0001456,Excellent,75-90,<=28,NV,Refinance,42,0,censored
LN0001457,Excellent,60-75,<=28,NY,Purchase,5,1,prepaid
LN0001458,Good,75-90,<=28,CA,Refinance,6,1,prepaid
LN0001459,Poor,60-75,>43,OH,Refinance,8,0,censored
LN0001460,Good,75-90,<=28,FL,Refinance,10,1,prepaid
LN0001461,Fair,60-75,28-36,CA,CashOut,8,1,default
LN0001462,Good,75-90,28-36,GA,Purchase,42,0,censored
LN0001463,Excellent,75-90,36-43,NY,Purchase,4,1,prepaid
LN0001464,Good,60-75,28-36,TX,Purchase,12,1,prepaid
LN0001465,Fair,75-90,>43,CA,Purchase,9,1,prepaid
LN0001466,Fair,>90,36-43,TX,Refinance,6,1,default
LN0001467,Good,60-75,28-36,TX,Refinance,9,1,prepaid
LN0001468,Excellent,75-90,28-36,CA,Purchase,6,1,prepaid
LN0001469,Fair,>90,36-43,NY,Purchase,6,1,default
LN0001470,Excellent,>90,36-43,AZ,CashOut,28,1,prepaid
LN0001471,Poor,60-75,28-36,NY,Refinance,4,1,prepaid
LN0001472,Excellent,75-90,28-36,CA,Purchase,7,1,prepaid
LN0001473,Excellent,>90,<=28,AZ,CashOut,19,1,prepaid
LN0001474,Good,75-90,<=28,GA,Refinance,9,1,default
LN0001475,Good,<=60,<=28,NV,Purchase,6,1,prepaid
LN0001476,Good,<=60,<=28,WA,Purchase,4,1,prepaid
LN0001477,Good,75-90,<=28,IL,Refinance,9,1,prepaid
LN0001478,Poor,60-75,>43,WA,Purchase,7,1,default
LN0001479,Good,60-75,36-43,CA,CashOut,15,1,default
LN0001480,Good,60-75,36-43,NY,Refinance,15,1,prepaid
LN0001481,Good,75-90,36-43,IL,Refinance,17,1,default
LN0001482,Excellent,60-75,36-43,FL,Refinance,42,0,censored
LN0001483,Good,>90,<=28,AZ,CashOut,5,1,prepaid
LN0001484,Excellent,75-90,36-43,NV,Purchase,20,1,default
LN0001485,Fair,>90,28-36,IL,Purchase,24,1,prepaid
LN0001486,Excellent,>90,28-36,OH,Refinance,4,1,prepaid
LN0001487,Poor,60-75,>43,FL,Purchase,11,1,default
LN0001488,Good,75-90,>43,NV,Refinance,5,0,censored
LN0001489,Poor,<=60,<=28,OH,Refinance,4,1,default
LN0001490,Good,>90,36-43,OH,Purchase,13,1,default
LN0001491,Excellent,60-75,<=28,WA,Purchase,42,0,censored
LN0001492,Fair,75-90,<=28,AZ,Refinance,25,1,default
LN0001493,Fair,75-90,<=28,WA,Purchase,4,1,prepaid
LN0001494,Fair,<=60,<=28,NV,Purchase,23,1,prepaid
LN0001495,Good,75-90,36-43,GA,Purchase,4,1,prepaid
LN0001496,Fair,<=60,28-36,IL,Purchase,14,1,default
LN0001497,Poor,60-75,<=28,FL,Refinance,10,0,censored
LN0001498,Fair,60-75,>43,NV,CashOut,4,1,prepaid
LN0001499,Good,60-75,28-36,CA,Refinance,4,1,prepaid
LN0001500,Fair,75-90,28-36,CA,Refinance,24,1,prepaid
LN0001501,Fair,>90,28-36,CA,Purchase,30,1,default
LN0001502,Poor,60-75,28-36,TX,CashOut,6,1,prepaid
LN0001503,Good,75-90,28-36,FL,CashOut,4,1,prepaid
LN0001504,Good,>90,36-43,IL,Refinance,4,1,prepaid
LN0001505,Fair,75-90,>43,FL,Purchase,18,1,default
LN0001506,Good,<=60,28-36,IL,Purchase,21,0,censored
LN0001507,Fair,>90,28-36,IL,Purchase,4,1,default
LN0001508,Good,<=60,<=28,IL,Purchase,16,1,default
LN0001509,Excellent,75-90,>43,CA,Purchase,18,1,default
LN0001510,Fair,75-90,28-36,WA,CashOut,34,1,prepaid
LN0001511,Excellent,75-90,28-36,FL,Purchase,13,1,prepaid
LN0001512,Excellent,<=60,>43,WA,Purchase,15,0,censored
LN0001513,Fair,<=60,28-36,CA,CashOut,11,1,prepaid
LN0001514,Fair,75-90,<=28,AZ,CashOut,42,0,censored
LN0001515,Poor,<=60,28-36,OH,Purchase,4,1,prepaid
LN0001516,Good,60-75,28-36,NY,Purchase,11,1,prepaid
LN0001517,Excellent,75-90,>43,NY,Refinance,4,1,prepaid
LN0001518,Poor,75-90,28-36,NY,CashOut,4,1,prepaid
LN0001519,Excellent,60-75,<=28,NV,Refinance,4,1,prepaid
LN0001520,Excellent,60-75,28-36,OH,Purchase,42,0,censored
LN0001521,Good,>90,28-36,IL,Refinance,8,1,prepaid
LN0001522,Good,60-75,<=28,GA,Refinance,5,1,prepaid
LN0001523,Poor,<=60,>43,CA,Purchase,10,1,default
LN0001524,Fair,60-75,<=28,AZ,Purchase,40,1,default
LN0001525,Fair,60-75,>43,WA,CashOut,9,1,default
LN0001526,Excellent,>90,36-43,NY,Refinance,17,1,default
LN0001527,Good,60-75,<=28,GA,Purchase,4,1,prepaid
LN0001528,Good,<=60,36-43,CA,Refinance,8,1,prepaid
LN0001529,Excellent,60-75,36-43,IL,Refinance,4,1,prepaid
LN0001530,Good,<=60,36-43,NV,Purchase,15,1,prepaid
LN0001531,Good,60-75,28-36,OH,Purchase,7,1,prepaid
LN0001532,Excellent,>90,<=28,CA,Purchase,8,1,prepaid
LN0001533,Good,75-90,<=28,WA,CashOut,13,1,default
LN0001534,Fair,<=60,36-43,GA,Purchase,4,0,censored
LN0001535,Excellent,60-75,<=28,WA,Refinance,10,1,prepaid
LN0001536,Good,<=60,<=28,NY,Refinance,4,1,prepaid
LN0001537,Fair,<=60,28-36,GA,CashOut,5,1,prepaid
LN0001538,Fair,75-90,<=28,IL,CashOut,10,1,default
LN0001539,Fair,60-75,36-43,NV,CashOut,4,1,prepaid
LN0001540,Good,75-90,36-43,AZ,CashOut,22,1,prepaid
LN0001541,Fair,>90,36-43,NV,Purchase,4,1,prepaid
LN0001542,Excellent,60-75,<=28,IL,Purchase,10,0,censored
LN0001543,Good,>90,28-36,GA,Purchase,7,1,prepaid
LN0001544,Excellent,60-75,36-43,TX,Refinance,8,1,prepaid
LN0001545,Good,60-75,28-36,OH,Purchase,22,1,prepaid
LN0001546,Good,75-90,36-43,OH,Purchase,9,1,default
LN0001547,Excellent,<=60,28-36,OH,Purchase,42,1,prepaid
LN0001548,Fair,75-90,28-36,CA,Refinance,11,1,prepaid
LN0001549,Good,75-90,28-36,IL,Purchase,10,1,prepaid
LN0001550,Good,60-75,36-43,FL,Purchase,4,1,prepaid
LN0001551,Excellent,>90,<=28,NV,Refinance,19,1,default
LN0001552,Good,60-75,>43,WA,Refinance,18,1,default
LN0001553,Good,75-90,28-36,GA,CashOut,20,0,censored
LN0001554,Good,<=60,<=28,IL,Refinance,7,1,prepaid
LN0001555,Excellent,<=60,36-43,TX,Refinance,16,1,prepaid
LN0001556,Fair,60-75,28-36,GA,Purchase,4,1,prepaid
LN0001557,Poor,>90,<=28,GA,Purchase,10,1,default
LN0001558,Good,<=60,>43,NY,Refinance,8,1,prepaid
LN0001559,Fair,>90,36-43,GA,Purchase,5,0,censored
LN0001560,Poor,60-75,28-36,NY,Refinance,12,1,default
LN0001561,Poor,60-75,36-43,GA,CashOut,4,1,prepaid
LN0001562,Fair,60-75,28-36,NY,Purchase,42,0,censored
LN0001563,Poor,<=60,28-36,OH,Refinance,30,1,prepaid
LN0001564,Poor,>90,<=28,AZ,Purchase,30,1,prepaid
LN0001565,Fair,60-75,<=28,IL,Purchase,28,1,default
LN0001566,Good,75-90,28-36,CA,Purchase,14,1,default
LN0001567,Excellent,75-90,28-36,GA,Refinance,6,1,prepaid
LN0001568,Excellent,60-75,36-43,NV,CashOut,27,1,prepaid
LN0001569,Good,75-90,28-36,OH,Purchase,9,1,default
LN0001570,Good,>90,28-36,NY,Refinance,5,1,default
LN0001571,Good,75-90,36-43,WA,Purchase,7,1,prepaid
LN0001572,Good,60-75,>43,NY,Purchase,4,1,prepaid
LN0001573,Good,75-90,28-36,OH,Refinance,42,0,censored
LN0001574,Fair,75-90,>43,OH,Refinance,5,1,prepaid
LN0001575,Excellent,60-75,36-43,GA,Refinance,15,1,prepaid
LN0001576,Excellent,75-90,<=28,NY,CashOut,4,1,prepaid
LN0001577,Fair,60-75,28-36,TX,Purchase,7,1,prepaid
LN0001578,Fair,75-90,<=28,GA,Refinance,28,1,default
LN0001579,Poor,>90,36-43,NY,Purchase,4,1,default
LN0001580,Poor,>90,28-36,NV,Refinance,21,1,default
LN0001581,Poor,75-90,28-36,CA,Purchase,13,1,default
LN0001582,Good,75-90,36-43,AZ,Purchase,5,1,default
LN0001583,Good,75-90,28-36,OH,Refinance,21,1,prepaid
LN0001584,Good,<=60,28-36,WA,Purchase,4,0,censored
LN0001585,Fair,60-75,>43,NV,Refinance,13,1,prepaid
LN0001586,Poor,60-75,>43,OH,CashOut,6,1,default
LN0001587,Good,<=60,36-43,CA,Purchase,22,0,censored
LN0001588,Good,>90,<=28,NY,Refinance,33,1,default
LN0001589,Good,>90,<=28,AZ,CashOut,16,1,prepaid
LN0001590,Excellent,60-75,<=28,OH,Refinance,12,1,prepaid
LN0001591,Excellent,60-75,28-36,TX,Purchase,8,1,prepaid
LN0001592,Excellent,75-90,<=28,TX,Refinance,35,1,prepaid
LN0001593,Poor,60-75,>43,NV,Refinance,4,1,prepaid
LN0001594,Good,75-90,36-43,CA,Refinance,9,1,prepaid
LN0001595,Fair,>90,28-36,NV,Refinance,12,1,default
LN0001596,Fair,60-75,28-36,WA,Purchase,7,0,censored
LN0001597,Excellent,60-75,28-36,AZ,Refinance,42,0,censored
LN0001598,Excellent,60-75,28-36,FL,Purchase,29,0,censored
LN0001599,Fair,<=60,36-43,NY,CashOut,20,1,prepaid
LN0001600,Good,60-75,<=28,OH,Refinance,31,1,prepaid
LN0001601,Poor,<=60,36-43,TX,CashOut,11,1,default
LN0001602,Excellent,<=60,<=28,TX,Purchase,8,1,prepaid
LN0001603,Fair,60-75,28-36,GA,Purchase,19,1,prepaid
LN0001604,Fair,<=60,>43,CA,Purchase,42,0,censored
LN0001605,Excellent,75-90,<=28,NV,Purchase,18,1,prepaid
LN0001606,Good,<=60,<=28,GA,Purchase,21,1,prepaid
LN0001607,Poor,>90,36-43,OH,Refinance,5,1,default
LN0001608,Good,60-75,28-36,WA,Purchase,14,1,prepaid
LN0001609,Good,<=60,<=28,GA,CashOut,4,1,prepaid
LN0001610,Good,<=60,<=28,NV,Purchase,17,1,prepaid
LN0001611,Good,75-90,<=28,CA,Purchase,9,1,prepaid
LN0001612,Fair,60-75,28-36,FL,Refinance,10,1,prepaid
LN0001613,Fair,60-75,<=28,GA,Purchase,10,1,default
LN0001614,Good,<=60,36-43,TX,Refinance,42,0,censored
LN0001615,Fair,>90,>43,FL,Refinance,31,1,default
LN0001616,Excellent,<=60,<=28,CA,Refinance,12,1,prepaid
LN0001617,Excellent,60-75,28-36,CA,Refinance,23,1,prepaid
LN0001618,Good,>90,<=28,IL,Refinance,20,1,prepaid
LN0001619,Poor,60-75,28-36,GA,CashOut,21,1,default
LN0001620,Excellent,60-75,<=28,TX,Purchase,30,1,prepaid
LN0001621,Excellent,75-90,36-43,NV,Purchase,23,1,default
LN0001622,Good,60-75,28-36,OH,Refinance,28,1,prepaid
LN0001623,Fair,<=60,28-36,GA,Purchase,13,1,default
LN0001624,Excellent,60-75,36-43,CA,Refinance,39,1,prepaid
LN0001625,Good,<=60,36-43,WA,Refinance,42,0,censored
LN0001626,Fair,>90,28-36,NV,Purchase,16,1,default
LN0001627,Good,75-90,<=28,FL,Purchase,17,1,prepaid
LN0001628,Excellent,75-90,>43,WA,Refinance,27,1,default
LN0001629,Excellent,60-75,28-36,WA,Purchase,5,1,prepaid
LN0001630,Good,75-90,36-43,GA,Purchase,7,1,default
LN0001631,Good,75-90,36-43,NV,Refinance,9,1,prepaid
LN0001632,Poor,<=60,28-36,TX,Refinance,13,1,default
LN0001633,Fair,>90,<=28,CA,Refinance,7,1,prepaid
LN0001634,Fair,75-90,<=28,CA,Purchase,9,1,default
LN0001635,Poor,75-90,28-36,FL,Purchase,23,1,default
LN0001636,Good,60-75,28-36,NY,Refinance,14,1,prepaid
LN0001637,Good,<=60,36-43,AZ,Purchase,23,1,prepaid
LN0001638,Poor,75-90,36-43,WA,CashOut,4,1,default
LN0001639,Excellent,75-90,>43,OH,Refinance,19,1,default
LN0001640,Fair,60-75,>43,WA,Purchase,9,1,default
LN0001641,Fair,<=60,36-43,NV,Refinance,6,1,default
LN0001642,Excellent,75-90,<=28,NY,CashOut,10,1,prepaid
LN0001643,Good,60-75,28-36,GA,CashOut,4,1,prepaid
LN0001644,Excellent,60-75,36-43,FL,Refinance,18,1,prepaid
LN0001645,Excellent,75-90,28-36,FL,Purchase,14,1,prepaid
LN0001646,Good,<=60,<=28,NV,Refinance,42,0,censored
LN0001647,Good,<=60,28-36,CA,Refinance,13,1,prepaid
LN0001648,Fair,<=60,28-36,FL,Refinance,16,1,prepaid
LN0001649,Poor,>90,28-36,NY,Purchase,25,1,default
LN0001650,Fair,60-75,36-43,TX,CashOut,17,1,default
LN0001651,Good,75-90,28-36,OH,Refinance,34,1,default
LN0001652,Good,>90,28-36,NY,Purchase,31,1,prepaid
LN0001653,Good,75-90,28-36,IL,Purchase,15,1,prepaid
LN0001654,Excellent,60-75,28-36,NY,Purchase,15,1,prepaid
LN0001655,Poor,60-75,<=28,AZ,Purchase,13,1,default
LN0001656,Good,60-75,28-36,IL,Purchase,28,1,default
LN0001657,Excellent,75-90,28-36,OH,Refinance,7,1,prepaid
LN0001658,Fair,>90,36-43,GA,Purchase,38,1,default
LN0001659,Good,75-90,<=28,NV,Purchase,13,1,prepaid
LN0001660,Excellent,60-75,>43,GA,Purchase,42,0,censored
LN0001661,Excellent,60-75,36-43,NV,Purchase,9,1,prepaid
LN0001662,Fair,>90,28-36,GA,Purchase,4,1,prepaid
LN0001663,Fair,<=60,28-36,CA,Purchase,42,0,censored
LN0001664,Excellent,75-90,28-36,TX,Refinance,42,0,censored
LN0001665,Poor,60-75,36-43,OH,Purchase,9,1,default
LN0001666,Poor,75-90,36-43,CA,Refinance,9,1,default
LN0001667,Fair,75-90,36-43,TX,Purchase,4,1,prepaid
LN0001668,Excellent,60-75,>43,OH,Purchase,16,1,prepaid
LN0001669,Excellent,<=60,28-36,NY,Purchase,28,1,prepaid
LN0001670,Poor,75-90,36-43,FL,Purchase,4,1,default
LN0001671,Good,60-75,28-36,TX,Refinance,16,0,censored
LN0001672,Fair,60-75,36-43,NY,Refinance,6,0,censored
LN0001673,Fair,60-75,28-36,AZ,Refinance,15,1,default
LN0001674,Excellent,60-75,36-43,IL,Purchase,12,1,default
LN0001675,Fair,75-90,<=28,NV,Purchase,26,1,prepaid
LN0001676,Poor,<=60,<=28,OH,CashOut,9,0,censored
LN0001677,Fair,60-75,28-36,FL,Purchase,35,1,default
LN0001678,Good,>90,>43,TX,Purchase,33,1,default
LN0001679,Poor,<=60,28-36,NV,Purchase,9,0,censored
LN0001680,Good,60-75,28-36,NV,CashOut,4,1,prepaid
LN0001681,Fair,75-90,28-36,TX,CashOut,31,1,prepaid
LN0001682,Fair,>90,28-36,NY,Purchase,4,1,prepaid
LN0001683,Fair,75-90,>43,OH,Purchase,5,1,prepaid
LN0001684,Good,75-90,>43,NV,Refinance,10,1,prepaid
LN0001685,Excellent,60-75,36-43,NV,Purchase,42,0,censored
LN0001686,Excellent,60-75,36-43,FL,Purchase,34,1,prepaid
LN0001687,Good,>90,<=28,AZ,Purchase,13,1,default
LN0001688,Good,>90,28-36,OH,Purchase,17,1,default
LN0001689,Good,75-90,28-36,IL,Purchase,8,1,default
LN0001690,Good,60-75,36-43,NY,Refinance,11,1,default
LN0001691,Fair,60-75,<=28,AZ,Refinance,42,0,censored
LN0001692,Poor,<=60,36-43,AZ,Refinance,7,1,prepaid
LN0001693,Excellent,>90,<=28,NV,Purchase,17,1,prepaid
LN0001694,Fair,75-90,28-36,IL,Purchase,13,0,censored
LN0001695,Fair,60-75,28-36,FL,CashOut,12,1,prepaid
LN0001696,Good,60-75,36-43,AZ,Purchase,4,1,default
LN0001697,Excellent,60-75,36-43,NY,Purchase,4,1,prepaid
LN0001698,Fair,<=60,28-36,OH,Purchase,42,0,censored
LN0001699,Poor,75-90,36-43,WA,Purchase,31,1,prepaid
LN0001700,Fair,75-90,36-43,WA,Purchase,31,1,default
LN0001701,Poor,60-75,28-36,FL,Purchase,8,1,default
LN0001702,Poor,75-90,36-43,FL,Refinance,19,1,default
LN0001703,Good,>90,<=28,GA,Purchase,14,1,default
LN0001704,Fair,<=60,28-36,FL,Refinance,14,1,prepaid
LN0001705,Good,60-75,<=28,GA,Refinance,22,1,default
LN0001706,Poor,60-75,28-36,NV,Purchase,8,1,default
LN0001707,Excellent,<=60,28-36,CA,Refinance,17,1,prepaid
LN0001708,Good,60-75,<=28,NV,CashOut,11,0,censored
LN0001709,Poor,75-90,28-36,TX,Purchase,32,1,default
LN0001710,Good,<=60,36-43,TX,Refinance,42,0,censored
LN0001711,Fair,<=60,36-43,AZ,Refinance,4,1,prepaid
LN0001712,Good,>90,<=28,FL,Refinance,6,1,prepaid
LN0001713,Poor,60-75,<=28,GA,Purchase,8,1,prepaid
LN0001714,Poor,75-90,28-36,TX,Purchase,10,1,prepaid
LN0001715,Good,75-90,36-43,CA,Purchase,13,0,censored
LN0001716,Fair,75-90,>43,FL,Purchase,4,1,prepaid
LN0001717,Good,75-90,28-36,WA,Purchase,26,1,prepaid
LN0001718,Fair,75-90,36-43,FL,CashOut,4,1,prepaid
LN0001719,Fair,75-90,28-36,FL,Purchase,34,0,censored
LN0001720,Fair,60-75,>43,AZ,Purchase,17,1,default
LN0001721,Excellent,60-75,<=28,TX,Purchase,42,0,censored
LN0001722,Excellent,60-75,28-36,CA,Purchase,16,1,prepaid
LN0001723,Fair,60-75,28-36,TX,Refinance,15,1,prepaid
LN0001724,Good,<=60,28-36,AZ,Refinance,42,0,censored
LN0001725,Good,60-75,<=28,IL,Purchase,4,1,prepaid
LN0001726,Excellent,60-75,<=28,NV,Purchase,19,1,prepaid
LN0001727,Good,<=60,28-36,AZ,Purchase,19,1,prepaid
LN0001728,Poor,60-75,36-43,FL,CashOut,11,1,default
LN0001729,Excellent,75-90,36-43,OH,Purchase,16,1,prepaid
LN0001730,Good,75-90,<=28,IL,Purchase,4,1,prepaid
LN0001731,Poor,75-90,>43,WA,Purchase,30,1,default
LN0001732,Excellent,60-75,28-36,WA,Purchase,20,0,censored
LN0001733,Fair,>90,>43,OH,Purchase,7,1,default
LN0001734,Good,75-90,<=28,FL,CashOut,4,1,prepaid
LN0001735,Poor,<=60,36-43,CA,Purchase,18,1,default
LN0001736,Fair,>90,>43,OH,Purchase,7,1,default
LN0001737,Poor,<=60,36-43,NV,Purchase,4,1,default
LN0001738,Excellent,75-90,36-43,WA,Purchase,10,1,default
LN0001739,Good,75-90,28-36,TX,CashOut,15,1,default
LN0001740,Fair,60-75,36-43,TX,Refinance,21,1,default
LN0001741,Excellent,75-90,28-36,WA,CashOut,36,1,prepaid
LN0001742,Excellent,60-75,28-36,AZ,CashOut,11,1,prepaid
LN0001743,Excellent,<=60,>43,GA,Refinance,4,1,default
LN0001744,Poor,<=60,28-36,NY,Refinance,13,0,censored
LN0001745,Fair,<=60,28-36,GA,Refinance,19,1,prepaid
LN0001746,Fair,<=60,>43,TX,Refinance,7,1,default
LN0001747,Fair,75-90,28-36,IL,Refinance,39,1,default
LN0001748,Good,60-75,<=28,NV,Refinance,12,1,default
LN0001749,Good,60-75,28-36,GA,Purchase,21,1,default
LN0001750,Good,75-90,36-43,TX,Refinance,42,0,censored
LN0001751,Fair,<=60,>43,FL,Purchase,38,1,prepaid
LN0001752,Excellent,60-75,<=28,CA,Refinance,8,1,prepaid
LN0001753,Poor,75-90,36-43,IL,Refinance,4,1,prepaid
LN0001754,Fair,>90,28-36,FL,Refinance,6,1,prepaid
LN0001755,Good,60-75,36-43,NV,Refinance,23,0,censored
LN0001756,Good,<=60,36-43,NY,Refinance,17,1,prepaid
LN0001757,Excellent,75-90,>43,CA,Refinance,21,0,censored
LN0001758,Poor,>90,28-36,IL,Purchase,6,1,default
LN0001759,Poor,60-75,28-36,OH,Purchase,8,1,prepaid
LN0001760,Poor,60-75,28-36,GA,Purchase,32,1,prepaid
LN0001761,Good,<=60,28-36,NV,Purchase,21,1,prepaid
LN0001762,Excellent,75-90,28-36,NY,Purchase,13,1,default
LN0001763,Excellent,>90,<=28,WA,Refinance,13,1,prepaid
LN0001764,Excellent,75-90,<=28,WA,Refinance,9,1,prepaid
LN0001765,Excellent,60-75,>43,CA,Purchase,17,1,default
LN0001766,Excellent,75-90,<=28,CA,CashOut,13,1,prepaid
LN0001767,Poor,75-90,28-36,OH,Purchase,5,1,default
LN0001768,Excellent,60-75,36-43,NY,Refinance,6,1,prepaid
LN0001769,Excellent,75-90,<=28,GA,Purchase,7,1,prepaid
LN0001770,Fair,60-75,<=28,NV,Refinance,4,1,prepaid
LN0001771,Good,60-75,28-36,FL,Purchase,9,1,prepaid
LN0001772,Fair,75-90,28-36,OH,Purchase,19,1,default
LN0001773,Fair,60-75,28-36,FL,Purchase,17,1,prepaid
LN0001774,Poor,>90,36-43,OH,Refinance,4,1,default
LN0001775,Fair,60-75,<=28,TX,CashOut,21,1,default
LN0001776,Good,60-75,<=28,NY,Refinance,19,1,default
LN0001777,Fair,60-75,<=28,IL,Refinance,39,1,prepaid
LN0001778,Good,60-75,28-36,IL,Purchase,35,1,default
LN0001779,Good,60-75,28-36,CA,Refinance,25,1,prepaid
LN0001780,Good,75-90,>43,AZ,Refinance,4,1,default
LN0001781,Excellent,60-75,<=28,CA,Purchase,8,0,censored
LN0001782,Fair,60-75,28-36,AZ,Purchase,16,1,prepaid
LN0001783,Good,75-90,28-36,FL,Purchase,42,0,censored
LN0001784,Excellent,<=60,36-43,OH,Purchase,19,1,prepaid
LN0001785,Excellent,75-90,36-43,OH,Purchase,5,1,prepaid
LN0001786,Fair,60-75,<=28,IL,Refinance,35,1,prepaid
LN0001787,Good,60-75,36-43,WA,Refinance,20,1,prepaid
LN0001788,Fair,75-90,28-36,CA,Purchase,4,0,censored
LN0001789,Poor,75-90,36-43,NV,CashOut,13,1,default
LN0001790,Excellent,75-90,<=28,TX,Refinance,18,1,prepaid
LN0001791,Fair,60-75,36-43,GA,Refinance,38,1,prepaid
LN0001792,Good,60-75,36-43,CA,CashOut,38,1,default
LN0001793,Excellent,75-90,36-43,OH,CashOut,17,1,default
LN0001794,Fair,75-90,<=28,NY,Purchase,4,1,prepaid
LN0001795,Poor,75-90,36-43,IL,CashOut,6,1,prepaid
LN0001796,Good,75-90,36-43,CA,Purchase,8,1,default
LN0001797,Good,75-90,28-36,FL,Purchase,4,1,prepaid
LN0001798,Good,<=60,28-36,IL,Purchase,12,1,prepaid
LN0001799,Good,75-90,<=28,OH,Refinance,23,1,default
LN0001800,Fair,<=60,28-36,WA,CashOut,18,1,prepaid
LN0001801,Fair,60-75,36-43,FL,Purchase,4,1,prepaid
LN0001802,Fair,75-90,28-36,WA,Refinance,14,1,default
LN0001803,Excellent,60-75,36-43,FL,Purchase,4,1,prepaid
LN0001804,Fair,60-75,36-43,WA,Refinance,14,1,prepaid
LN0001805,Fair,>90,36-43,WA,Purchase,5,1,prepaid
LN0001806,Fair,75-90,36-43,FL,Refinance,42,0,censored
LN0001807,Excellent,60-75,36-43,FL,Refinance,12,1,default
LN0001808,Good,>90,28-36,WA,Purchase,27,0,censored
LN0001809,Good,60-75,<=28,WA,CashOut,4,1,prepaid
LN0001810,Excellent,75-90,36-43,NV,CashOut,12,1,default
LN0001811,Excellent,<=60,>43,IL,Purchase,27,0,censored
LN0001812,Good,60-75,28-36,IL,Refinance,11,0,censored
LN0001813,Fair,60-75,>43,IL,Refinance,6,1,default
LN0001814,Excellent,<=60,>43,AZ,Purchase,15,1,prepaid
LN0001815,Fair,60-75,28-36,NY,Purchase,4,1,prepaid
LN0001816,Good,<=60,36-43,NY,Refinance,4,1,prepaid
LN0001817,Fair,75-90,36-43,NY,Refinance,23,1,default
LN0001818,Good,<=60,<=28,GA,Refinance,10,1,prepaid
LN0001819,Good,<=60,<=28,GA,Refinance,26,1,prepaid
LN0001820,Fair,>90,28-36,IL,Refinance,6,1,prepaid
LN0001821,Poor,75-90,36-43,FL,Purchase,17,1,default
LN0001822,Good,>90,28-36,GA,Purchase,13,1,prepaid
LN0001823,Good,60-75,36-43,FL,Purchase,15,1,prepaid
LN0001824,Fair,<=60,36-43,AZ,Purchase,23,1,prepaid
LN0001825,Fair,75-90,36-43,GA,Refinance,6,1,default
LN0001826,Excellent,75-90,28-36,IL,Refinance,41,1,prepaid
LN0001827,Good,<=60,28-36,FL,Purchase,32,1,prepaid
LN0001828,Good,>90,<=28,OH,Refinance,4,1,default
LN0001829,Poor,75-90,<=28,GA,Purchase,5,1,prepaid
LN0001830,Good,75-90,<=28,AZ,Purchase,29,1,prepaid
LN0001831,Good,60-75,<=28,OH,CashOut,37,0,censored
LN0001832,Poor,75-90,<=28,OH,Purchase,15,1,default
LN0001833,Good,60-75,28-36,CA,Refinance,32,1,prepaid
LN0001834,Excellent,>90,28-36,CA,Purchase,22,1,default
LN0001835,Excellent,60-75,28-36,GA,Purchase,10,1,prepaid
LN0001836,Excellent,<=60,>43,CA,Refinance,18,1,prepaid
LN0001837,Excellent,<=60,28-36,AZ,Refinance,16,1,prepaid
LN0001838,Good,75-90,>43,AZ,Refinance,42,0,censored
LN0001839,Fair,>90,36-43,WA,CashOut,6,0,censored
LN0001840,Fair,>90,<=28,OH,Refinance,42,0,censored
LN0001841,Excellent,75-90,>43,IL,Refinance,4,0,censored
LN0001842,Good,>90,>43,NV,Purchase,23,1,default
LN0001843,Excellent,75-90,36-43,CA,Purchase,10,1,default
LN0001844,Poor,60-75,28-36,FL,Refinance,4,1,default
LN0001845,Excellent,75-90,28-36,GA,Refinance,9,1,default
LN0001846,Fair,<=60,28-36,OH,Purchase,11,0,censored
LN0001847,Good,60-75,36-43,FL,Purchase,7,1,prepaid
LN0001848,Fair,60-75,28-36,AZ,Purchase,4,1,prepaid
LN0001849,Good,60-75,<=28,IL,Purchase,28,1,prepaid
LN0001850,Fair,>90,<=28,AZ,Purchase,5,1,default
LN0001851,Excellent,>90,<=28,FL,Refinance,13,1,prepaid
LN0001852,Poor,60-75,28-36,GA,Refinance,4,1,default
LN0001853,Good,75-90,28-36,FL,CashOut,27,1,prepaid
LN0001854,Fair,60-75,>43,TX,Refinance,18,1,default
LN0001855,Fair,<=60,<=28,OH,Purchase,24,1,prepaid
LN0001856,Poor,60-75,28-36,GA,Refinance,8,0,censored
LN0001857,Excellent,60-75,<=28,FL,Refinance,13,1,prepaid
LN0001858,Good,60-75,28-36,GA,Refinance,30,1,default
LN0001859,Good,60-75,36-43,NV,Purchase,30,1,default
LN0001860,Good,<=60,28-36,NY,Refinance,38,1,prepaid
LN0001861,Good,60-75,>43,WA,Purchase,8,1,default
LN0001862,Poor,>90,>43,FL,Purchase,10,1,default
LN0001863,Poor,<=60,36-43,WA,Purchase,4,1,prepaid
LN0001864,Good,60-75,36-43,AZ,Purchase,36,1,default
LN0001865,Fair,60-75,28-36,GA,CashOut,4,1,prepaid
LN0001866,Poor,60-75,28-36,TX,Purchase,7,0,censored
LN0001867,Poor,60-75,28-36,OH,Purchase,7,1,default
LN0001868,Excellent,<=60,36-43,IL,Refinance,15,1,prepaid
LN0001869,Good,75-90,<=28,CA,CashOut,42,0,censored
LN0001870,Fair,75-90,<=28,GA,Refinance,34,1,prepaid
LN0001871,Good,75-90,<=28,FL,Purchase,4,1,prepaid
LN0001872,Good,75-90,36-43,NV,Purchase,4,1,default
LN0001873,Poor,60-75,36-43,NV,Refinance,5,1,prepaid
LN0001874,Poor,60-75,<=28,GA,Refinance,5,1,default
LN0001875,Poor,60-75,28-36,GA,Purchase,19,1,default
LN0001876,Fair,60-75,28-36,NY,CashOut,4,1,prepaid
LN0001877,Good,<=60,36-43,CA,Refinance,27,1,default
LN0001878,Good,60-75,<=28,CA,Refinance,39,1,prepaid
LN0001879,Good,75-90,<=28,IL,Purchase,42,0,censored
LN0001880,Good,<=60,36-43,NY,CashOut,4,0,censored
LN0001881,Good,<=60,28-36,NV,Refinance,4,1,prepaid
LN0001882,Fair,75-90,36-43,FL,Purchase,29,1,default
LN0001883,Good,60-75,28-36,FL,Purchase,6,1,prepaid
LN0001884,Fair,75-90,>43,AZ,Purchase,5,1,default
LN0001885,Good,>90,28-36,AZ,Purchase,6,1,prepaid
LN0001886,Good,>90,28-36,NY,Purchase,7,0,censored
LN0001887,Excellent,60-75,>43,CA,Purchase,11,0,censored
LN0001888,Excellent,60-75,<=28,CA,Purchase,4,1,prepaid
LN0001889,Poor,75-90,36-43,WA,Refinance,42,0,censored
LN0001890,Good,75-90,<=28,AZ,Refinance,12,1,prepaid
LN0001891,Excellent,75-90,28-36,NY,Refinance,25,1,prepaid
LN0001892,Fair,60-75,<=28,CA,Purchase,36,0,censored
LN0001893,Good,<=60,28-36,NY,Purchase,20,1,prepaid
LN0001894,Excellent,60-75,36-43,CA,Refinance,39,1,prepaid
LN0001895,Good,<=60,<=28,IL,Refinance,8,1,prepaid
LN0001896,Excellent,<=60,<=28,IL,Purchase,27,1,prepaid
LN0001897,Fair,>90,28-36,OH,CashOut,21,1,prepaid
LN0001898,Good,<=60,28-36,CA,Refinance,5,1,prepaid
LN0001899,Excellent,75-90,28-36,IL,CashOut,24,1,prepaid
LN0001900,Excellent,>90,>43,TX,Refinance,12,1,prepaid
LN0001901,Good,60-75,<=28,IL,Purchase,5,1,prepaid
LN0001902,Excellent,60-75,28-36,NV,CashOut,15,1,prepaid
LN0001903,Fair,75-90,28-36,OH,CashOut,23,1,default
LN0001904,Excellent,60-75,28-36,AZ,Refinance,42,0,censored
LN0001905,Fair,60-75,28-36,CA,CashOut,8,1,default
LN0001906,Good,75-90,36-43,OH,CashOut,4,1,default
LN0001907,Good,75-90,36-43,AZ,Refinance,26,1,default
LN0001908,Excellent,75-90,36-43,GA,Purchase,42,0,censored
LN0001909,Fair,>90,28-36,OH,Refinance,11,1,prepaid
LN0001910,Poor,60-75,36-43,CA,Refinance,18,1,default
LN0001911,Excellent,75-90,>43,OH,Refinance,42,0,censored
LN0001912,Excellent,75-90,>43,AZ,Purchase,7,1,default
LN0001913,Poor,75-90,>43,FL,Refinance,20,1,default
LN0001914,Good,75-90,28-36,IL,CashOut,19,1,prepaid
LN0001915,Excellent,75-90,>43,IL,Purchase,23,1,prepaid
LN0001916,Excellent,>90,36-43,CA,Purchase,16,1,prepaid
LN0001917,Fair,60-75,36-43,TX,Refinance,7,1,default
LN0001918,Fair,75-90,36-43,NY,Purchase,8,1,prepaid
LN0001919,Good,60-75,>43,TX,Purchase,42,0,censored
LN0001920,Poor,75-90,28-36,WA,Refinance,8,0,censored
LN0001921,Good,75-90,36-43,CA,CashOut,4,1,prepaid
LN0001922,Good,75-90,36-43,CA,Purchase,21,0,censored
LN0001923,Good,60-75,36-43,GA,Purchase,9,1,prepaid
LN0001924,Good,60-75,36-43,FL,Purchase,42,0,censored
LN0001925,Excellent,60-75,<=28,NY,Refinance,10,0,censored
LN0001926,Excellent,<=60,28-36,NY,Purchase,17,1,prepaid
LN0001927,Good,60-75,28-36,IL,Purchase,24,1,default
LN0001928,Fair,>90,36-43,IL,Refinance,7,1,prepaid
LN0001929,Excellent,60-75,36-43,TX,CashOut,10,1,prepaid
LN0001930,Good,>90,36-43,CA,Purchase,23,1,default
LN0001931,Fair,60-75,36-43,IL,Refinance,31,1,prepaid
LN0001932,Fair,75-90,28-36,WA,Refinance,13,1,default
LN0001933,Fair,75-90,<=28,OH,Purchase,14,1,default
LN0001934,Fair,75-90,36-43,TX,Refinance,10,0,censored
LN0001935,Fair,75-90,>43,CA,Purchase,9,1,default
LN0001936,Excellent,75-90,36-43,WA,Purchase,15,1,default
LN0001937,Good,>90,>43,NV,Purchase,6,0,censored
LN0001938,Fair,75-90,>43,FL,Purchase,10,1,default
LN0001939,Excellent,<=60,28-36,CA,Refinance,5,1,prepaid
LN0001940,Excellent,60-75,36-43,IL,Refinance,39,1,prepaid
LN0001941,Excellent,75-90,28-36,WA,Refinance,42,0,censored
LN0001942,Good,60-75,28-36,GA,Refinance,42,0,censored
LN0001943,Good,60-75,<=28,TX,Purchase,15,1,prepaid
LN0001944,Excellent,75-90,<=28,GA,CashOut,42,0,censored
LN0001945,Fair,60-75,<=28,NY,CashOut,17,1,default
LN0001946,Poor,75-90,36-43,CA,Purchase,4,1,prepaid
LN0001947,Excellent,75-90,<=28,NV,Refinance,38,1,prepaid
LN0001948,Poor,75-90,28-36,WA,Refinance,7,1,default
LN0001949,Excellent,75-90,28-36,NY,Purchase,14,1,default
LN0001950,Poor,>90,28-36,AZ,Purchase,17,1,default
LN0001951,Poor,75-90,>43,OH,Purchase,8,1,default
LN0001952,Excellent,>90,28-36,FL,CashOut,6,1,prepaid
LN0001953,Fair,<=60,<=28,NV,Refinance,19,1,default
LN0001954,Poor,75-90,>43,WA,Refinance,11,1,default
LN0001955,Poor,75-90,36-43,FL,CashOut,8,1,default
LN0001956,Poor,60-75,36-43,IL,Purchase,11,1,default
LN0001957,Good,60-75,36-43,TX,CashOut,18,1,prepaid
LN0001958,Excellent,75-90,<=28,AZ,Refinance,11,1,prepaid
LN0001959,Fair,60-75,36-43,FL,Refinance,42,0,censored
LN0001960,Fair,>90,<=28,IL,Purchase,4,1,prepaid
LN0001961,Fair,60-75,28-36,CA,Purchase,23,0,censored
LN0001962,Good,<=60,<=28,NV,Purchase,31,1,default
LN0001963,Good,75-90,36-43,NY,Purchase,8,1,prepaid
LN0001964,Excellent,60-75,<=28,GA,Purchase,10,1,prepaid
LN0001965,Fair,<=60,28-36,NY,Purchase,4,0,censored
LN0001966,Excellent,75-90,<=28,WA,Refinance,14,1,prepaid
LN0001967,Fair,60-75,36-43,WA,CashOut,7,1,prepaid
LN0001968,Fair,<=60,28-36,FL,Purchase,6,1,default
LN0001969,Good,75-90,28-36,IL,Purchase,16,1,default
LN0001970,Good,75-90,28-36,WA,Refinance,19,1,default
LN0001971,Good,75-90,36-43,FL,Refinance,22,1,default
LN0001972,Poor,60-75,<=28,TX,Refinance,33,1,default
LN0001973,Fair,60-75,>43,TX,CashOut,6,1,default
LN0001974,Good,>90,28-36,IL,Purchase,4,1,prepaid
LN0001975,Excellent,75-90,<=28,FL,Purchase,18,1,prepaid
LN0001976,Excellent,<=60,<=28,FL,CashOut,9,1,prepaid
LN0001977,Good,75-90,<=28,GA,Refinance,8,1,prepaid
LN0001978,Poor,<=60,28-36,GA,Refinance,12,1,prepaid
LN0001979,Fair,75-90,28-36,NV,CashOut,14,1,prepaid
LN0001980,Excellent,75-90,>43,OH,Purchase,11,1,prepaid
LN0001981,Poor,>90,28-36,IL,Purchase,4,1,prepaid
LN0001982,Good,>90,<=28,NV,Purchase,21,1,prepaid
LN0001983,Poor,60-75,28-36,NV,Refinance,11,1,default
LN0001984,Excellent,75-90,<=28,FL,CashOut,16,1,prepaid
LN0001985,Fair,60-75,<=28,TX,Purchase,6,1,prepaid
LN0001986,Poor,75-90,28-36,AZ,Purchase,5,1,prepaid
LN0001987,Good,75-90,<=28,AZ,Refinance,4,1,prepaid
LN0001988,Fair,<=60,<=28,AZ,Purchase,14,1,default
LN0001989,Poor,<=60,>43,IL,Refinance,4,1,default
LN0001990,Excellent,<=60,36-43,AZ,Purchase,12,1,prepaid
LN0001991,Excellent,<=60,>43,OH,CashOut,22,1,prepaid
LN0001992,Fair,60-75,28-36,OH,Refinance,4,1,prepaid
LN0001993,Good,>90,>43,GA,Purchase,11,1,default
LN0001994,Excellent,60-75,28-36,FL,Refinance,22,1,prepaid
LN0001995,Good,75-90,<=28,OH,Refinance,6,1,prepaid
LN0001996,Fair,75-90,36-43,AZ,Purchase,9,1,default
LN0001997,Good,75-90,<=28,AZ,Purchase,4,1,prepaid
LN0001998,Good,60-75,28-36,WA,Refinance,5,1,prepaid
LN0001999,Fair,>90,36-43,CA,Refinance,15,1,default
LN0002000,Good,75-90,36-43,OH,Refinance,4,1,default
LN0002001,Fair,75-90,28-36,FL,Purchase,20,0,censored
LN0002002,Good,>90,28-36,FL,Refinance,9,1,default
LN0002003,Poor,75-90,<=28,CA,Refinance,12,1,default
LN0002004,Fair,60-75,>43,TX,Purchase,15,1,default
LN0002005,Excellent,>90,<=28,IL,Purchase,14,1,prepaid
LN0002006,Poor,60-75,28-36,FL,Purchase,9,1,prepaid
LN0002007,Good,75-90,<=28,NY,Refinance,6,0,censored
LN0002008,Excellent,<=60,>43,WA,Purchase,27,1,prepaid
LN0002009,Excellent,<=60,36-43,WA,CashOut,5,1,default
LN0002010,Fair,60-75,28-36,IL,Purchase,4,1,prepaid
LN0002011,Excellent,<=60,>43,IL,Refinance,16,1,prepaid
LN0002012,Good,>90,<=28,AZ,Purchase,4,1,prepaid
LN0002013,Excellent,<=60,>43,FL,Refinance,42,0,censored
LN0002014,Good,75-90,<=28,CA,Refinance,32,1,prepaid
LN0002015,Good,60-75,28-36,AZ,Refinance,20,1,prepaid
LN0002016,Good,>90,<=28,CA,CashOut,6,1,default
LN0002017,Good,60-75,>43,OH,Purchase,15,1,prepaid
LN0002018,Excellent,<=60,>43,NY,Purchase,23,0,censored
LN0002019,Fair,<=60,28-36,AZ,Purchase,4,1,prepaid
LN0002020,Good,75-90,<=28,TX,Refinance,4,1,prepaid
LN0002021,Fair,>90,28-36,TX,Refinance,19,1,default
LN0002022,Excellent,>90,28-36,IL,Purchase,8,1,default
LN0002023,Excellent,60-75,28-36,IL,Refinance,4,1,prepaid
LN0002024,Excellent,60-75,<=28,OH,Purchase,10,1,prepaid
LN0002025,Good,<=60,36-43,GA,CashOut,13,0,censored
LN0002026,Good,60-75,36-43,NV,Purchase,5,1,prepaid
LN0002027,Fair,75-90,>43,GA,CashOut,24,0,censored
LN0002028,Good,60-75,28-36,FL,Refinance,18,1,prepaid
LN0002029,Good,75-90,28-36,CA,CashOut,36,1,prepaid
LN0002030,Good,>90,28-36,FL,Refinance,17,0,censored
LN0002031,Excellent,<=60,<=28,NV,Purchase,8,1,prepaid
LN0002032,Good,60-75,36-43,OH,Refinance,4,1,prepaid
LN0002033,Good,60-75,36-43,OH,Purchase,4,1,prepaid
LN0002034,Good,<=60,<=28,FL,Purchase,8,1,prepaid
LN0002035,Excellent,<=60,28-36,IL,Purchase,18,0,censored
LN0002036,Fair,75-90,>43,OH,CashOut,14,1,default
LN0002037,Poor,<=60,28-36,NV,Refinance,15,1,prepaid
LN0002038,Excellent,75-90,28-36,WA,Purchase,42,0,censored
LN0002039,Fair,>90,36-43,CA,Refinance,6,1,default
LN0002040,Fair,>90,28-36,AZ,Purchase,5,1,default
LN0002041,Good,75-90,<=28,NV,Purchase,4,0,censored
LN0002042,Fair,<=60,36-43,CA,Purchase,18,1,default
LN0002043,Fair,<=60,>43,NY,Purchase,11,0,censored
LN0002044,Poor,60-75,<=28,NV,Refinance,23,1,default
LN0002045,Poor,>90,<=28,NV,Purchase,13,1,default
LN0002046,Excellent,>90,36-43,NV,Purchase,30,1,default
LN0002047,Good,60-75,36-43,NV,Purchase,29,1,default
LN0002048,Good,60-75,28-36,CA,CashOut,35,1,prepaid
LN0002049,Excellent,60-75,28-36,TX,Refinance,42,0,censored
LN0002050,Good,60-75,36-43,IL,Purchase,4,1,prepaid
LN0002051,Poor,>90,28-36,GA,Refinance,8,1,default
LN0002052,Excellent,60-75,<=28,IL,Purchase,28,0,censored
LN0002053,Good,60-75,<=28,FL,CashOut,4,1,prepaid
LN0002054,Fair,60-75,28-36,FL,Purchase,8,1,prepaid
LN0002055,Good,<=60,>43,GA,Purchase,16,1,default
LN0002056,Good,60-75,28-36,NV,Purchase,8,1,prepaid
LN0002057,Poor,>90,28-36,AZ,Purchase,7,1,prepaid
LN0002058,Good,<=60,>43,TX,Purchase,23,1,prepaid
LN0002059,Excellent,75-90,28-36,TX,Refinance,8,1,prepaid
LN0002060,Excellent,60-75,28-36,FL,Purchase,8,1,prepaid
LN0002061,Poor,<=60,<=28,OH,Purchase,14,1,prepaid
LN0002062,Good,<=60,36-43,CA,Refinance,13,0,censored
LN0002063,Good,60-75,36-43,OH,Refinance,39,1,default
LN0002064,Excellent,<=60,36-43,WA,CashOut,26,1,prepaid
LN0002065,Good,60-75,28-36,GA,Purchase,8,1,default
LN0002066,Poor,75-90,28-36,AZ,CashOut,6,1,default
LN0002067,Good,75-90,<=28,WA,Refinance,17,1,default
LN0002068,Poor,>90,>43,GA,Refinance,4,1,default
LN0002069,Good,60-75,<=28,IL,Purchase,11,1,prepaid
LN0002070,Good,75-90,36-43,GA,Purchase,20,1,default
LN0002071,Poor,75-90,36-43,NY,Purchase,20,1,prepaid
LN0002072,Good,60-75,<=28,CA,Refinance,42,0,censored
LN0002073,Good,60-75,28-36,CA,Refinance,19,0,censored
LN0002074,Poor,60-75,<=28,OH,Purchase,6,0,censored
LN0002075,Good,75-90,28-36,GA,Purchase,8,1,prepaid
LN0002076,Good,60-75,>43,IL,CashOut,23,1,default
LN0002077,Poor,60-75,28-36,OH,Purchase,21,1,prepaid
LN0002078,Excellent,>90,>43,IL,Refinance,6,1,default
LN0002079,Good,<=60,<=28,FL,CashOut,16,1,default
LN0002080,Excellent,>90,28-36,WA,Purchase,6,0,censored
LN0002081,Good,75-90,>43,NY,Refinance,4,1,prepaid
LN0002082,Excellent,75-90,>43,NV,Refinance,20,1,prepaid
LN0002083,Fair,75-90,28-36,OH,Purchase,21,1,default
LN0002084,Excellent,60-75,36-43,OH,Purchase,26,1,prepaid
LN0002085,Fair,75-90,>43,GA,CashOut,9,1,prepaid
LN0002086,Good,75-90,36-43,GA,Purchase,4,0,censored
LN0002087,Good,75-90,36-43,OH,Purchase,4,1,prepaid
LN0002088,Good,60-75,<=28,IL,Purchase,10,0,censored
LN0002089,Fair,<=60,<=28,AZ,Refinance,36,1,prepaid
LN0002090,Good,60-75,36-43,CA,Purchase,19,1,default
LN0002091,Good,60-75,28-36,GA,Purchase,11,1,prepaid
LN0002092,Poor,75-90,<=28,WA,Purchase,6,1,default
LN0002093,Good,75-90,28-36,CA,Purchase,20,1,prepaid
LN0002094,Excellent,75-90,28-36,GA,Refinance,4,1,prepaid
LN0002095,Poor,75-90,28-36,CA,CashOut,7,1,default
LN0002096,Good,60-75,28-36,OH,Purchase,13,1,prepaid
LN0002097,Excellent,60-75,28-36,WA,Refinance,15,1,default
LN0002098,Good,60-75,<=28,GA,Refinance,24,1,prepaid
LN0002099,Excellent,60-75,>43,GA,Refinance,4,1,prepaid
LN0002100,Excellent,<=60,36-43,NY,Refinance,20,1,default
LN0002101,Fair,60-75,<=28,GA,Purchase,15,1,default
LN0002102,Excellent,60-75,28-36,FL,Refinance,11,1,prepaid
LN0002103,Fair,75-90,28-36,OH,Refinance,16,1,default
LN0002104,Poor,<=60,36-43,CA,Refinance,4,1,prepaid
LN0002105,Fair,60-75,36-43,TX,Purchase,10,1,prepaid
LN0002106,Fair,<=60,36-43,OH,Purchase,25,1,prepaid
LN0002107,Fair,75-90,36-43,CA,Purchase,22,1,prepaid
LN0002108,Poor,75-90,<=28,NV,Purchase,11,1,default
LN0002109,Good,60-75,28-36,CA,Purchase,34,1,prepaid
LN0002110,Excellent,<=60,<=28,WA,Purchase,12,1,prepaid
LN0002111,Good,>90,28-36,NV,Purchase,10,1,default
LN0002112,Good,75-90,28-36,GA,Purchase,4,1,prepaid
LN0002113,Excellent,75-90,36-43,GA,CashOut,19,1,default
LN0002114,Fair,60-75,<=28,GA,Refinance,12,0,censored
LN0002115,Excellent,75-90,36-43,OH,Purchase,4,1,prepaid
LN0002116,Poor,>90,28-36,TX,Refinance,17,1,default
LN0002117,Good,60-75,28-36,NY,Purchase,42,0,censored
LN0002118,Excellent,75-90,36-43,TX,Purchase,22,1,prepaid
LN0002119,Excellent,60-75,<=28,FL,Refinance,4,1,prepaid
LN0002120,Excellent,75-90,28-36,FL,Purchase,29,1,prepaid
LN0002121,Good,60-75,28-36,GA,Refinance,27,1,prepaid
LN0002122,Excellent,<=60,36-43,NV,Purchase,19,1,prepaid
LN0002123,Good,>90,<=28,WA,Purchase,17,1,prepaid
LN0002124,Excellent,>90,>43,CA,Purchase,5,1,default
LN0002125,Good,60-75,>43,GA,Purchase,17,1,prepaid
LN0002126,Good,>90,36-43,WA,Refinance,4,1,default
LN0002127,Good,60-75,28-36,OH,Purchase,42,0,censored
LN0002128,Good,60-75,36-43,NY,Purchase,13,1,prepaid
LN0002129,Excellent,>90,<=28,IL,Purchase,42,0,censored
LN0002130,Excellent,60-75,>43,GA,Refinance,15,1,default
LN0002131,Excellent,60-75,28-36,OH,Refinance,4,1,prepaid
LN0002132,Fair,75-90,<=28,FL,Refinance,5,1,prepaid
LN0002133,Poor,<=60,28-36,WA,Refinance,9,1,prepaid
LN0002134,Poor,60-75,36-43,NV,CashOut,9,1,default
LN0002135,Good,60-75,>43,CA,Purchase,23,1,default
LN0002136,Good,75-90,28-36,NY,Refinance,5,1,prepaid
LN0002137,Good,<=60,28-36,WA,Purchase,25,1,default
LN0002138,Fair,60-75,36-43,NV,Purchase,18,1,default
LN0002139,Fair,75-90,36-43,NV,Refinance,28,1,default
LN0002140,Fair,<=60,36-43,WA,CashOut,26,1,prepaid
LN0002141,Poor,60-75,28-36,WA,Refinance,6,1,default
LN0002142,Good,75-90,36-43,IL,Purchase,4,1,prepaid
LN0002143,Fair,75-90,>43,IL,Refinance,28,1,default
LN0002144,Fair,<=60,<=28,OH,Purchase,5,1,prepaid
LN0002145,Good,>90,28-36,WA,Refinance,15,1,prepaid
LN0002146,Poor,75-90,<=28,WA,Purchase,8,1,prepaid
LN0002147,Excellent,60-75,28-36,AZ,Purchase,15,1,prepaid
LN0002148,Poor,75-90,36-43,TX,Purchase,26,1,prepaid
LN0002149,Fair,75-90,<=28,NV,CashOut,4,1,prepaid
LN0002150,Excellent,75-90,28-36,OH,Purchase,32,1,prepaid
LN0002151,Fair,75-90,<=28,WA,Purchase,11,1,prepaid
LN0002152,Excellent,75-90,>43,WA,Purchase,26,0,censored
LN0002153,Fair,>90,36-43,WA,Purchase,18,1,default
LN0002154,Fair,75-90,28-36,WA,Purchase,36,1,prepaid
LN0002155,Fair,75-90,36-43,NY,Refinance,42,0,censored
LN0002156,Poor,75-90,<=28,OH,Purchase,12,1,default
LN0002157,Excellent,>90,36-43,FL,Purchase,14,1,prepaid
LN0002158,Good,>90,36-43,GA,Purchase,6,1,default
LN0002159,Good,<=60,<=28,WA,Purchase,36,1,default
LN0002160,Excellent,<=60,>43,NY,Refinance,42,0,censored
LN0002161,Good,75-90,<=28,AZ,Purchase,21,1,prepaid
LN0002162,Good,60-75,36-43,NY,Refinance,7,0,censored
LN0002163,Good,75-90,<=28,GA,Purchase,14,1,default
LN0002164,Good,75-90,36-43,FL,Purchase,28,1,prepaid
LN0002165,Poor,>90,<=28,FL,Purchase,6,1,default
LN0002166,Good,60-75,<=28,WA,Refinance,17,1,prepaid
LN0002167,Poor,75-90,28-36,NV,Purchase,8,1,prepaid
LN0002168,Good,<=60,>43,FL,Refinance,11,1,prepaid
LN0002169,Good,60-75,28-36,TX,Refinance,20,1,prepaid
LN0002170,Good,<=60,36-43,TX,Purchase,22,1,prepaid
LN0002171,Good,60-75,28-36,IL,Purchase,17,1,default
LN0002172,Good,60-75,36-43,OH,Purchase,17,1,default
LN0002173,Good,75-90,28-36,OH,Purchase,11,1,prepaid
LN0002174,Excellent,75-90,28-36,FL,Purchase,12,0,censored
LN0002175,Good,60-75,>43,AZ,Refinance,19,1,default
LN0002176,Good,<=60,28-36,TX,Refinance,6,1,prepaid
LN0002177,Good,<=60,28-36,WA,Refinance,10,1,prepaid
LN0002178,Fair,>90,>43,AZ,Purchase,6,1,default
LN0002179,Good,>90,28-36,AZ,Purchase,32,0,censored
LN0002180,Poor,60-75,28-36,OH,Refinance,18,1,default
LN0002181,Fair,60-75,28-36,NY,Purchase,28,0,censored
LN0002182,Poor,60-75,36-43,OH,Refinance,11,1,prepaid
LN0002183,Fair,75-90,>43,NY,Refinance,14,1,default
LN0002184,Excellent,60-75,36-43,NY,Purchase,21,1,default
LN0002185,Good,<=60,36-43,WA,Purchase,22,1,prepaid
LN0002186,Excellent,60-75,28-36,GA,Refinance,4,1,prepaid
LN0002187,Fair,60-75,<=28,FL,Refinance,31,1,prepaid
LN0002188,Good,60-75,<=28,NV,Purchase,10,1,prepaid
LN0002189,Good,<=60,<=28,AZ,Purchase,27,0,censored
LN0002190,Poor,75-90,<=28,FL,Purchase,10,1,default
LN0002191,Excellent,60-75,36-43,FL,Refinance,30,1,default
LN0002192,Good,60-75,<=28,CA,Purchase,14,1,default
LN0002193,Fair,75-90,<=28,IL,Refinance,5,1,prepaid
LN0002194,Excellent,60-75,28-36,TX,CashOut,10,1,prepaid
LN0002195,Good,75-90,<=28,NV,CashOut,33,1,prepaid
LN0002196,Fair,>90,<=28,AZ,Purchase,5,1,default
LN0002197,Excellent,<=60,<=28,AZ,Purchase,26,1,prepaid
LN0002198,Good,>90,28-36,FL,CashOut,4,1,prepaid
LN0002199,Good,75-90,28-36,GA,Refinance,11,1,prepaid
LN0002200,Fair,75-90,36-43,IL,Purchase,15,1,default
LN0002201,Excellent,60-75,>43,FL,Refinance,33,1,default
LN0002202,Poor,60-75,36-43,WA,Refinance,8,1,default
LN0002203,Poor,<=60,36-43,TX,Refinance,6,1,default
LN0002204,Excellent,>90,>43,NV,CashOut,8,1,default
LN0002205,Good,75-90,28-36,TX,CashOut,4,1,prepaid
LN0002206,Good,60-75,36-43,NY,Refinance,12,1,prepaid
LN0002207,Fair,60-75,28-36,FL,Purchase,30,1,prepaid
LN0002208,Good,<=60,28-36,WA,Refinance,7,1,prepaid
LN0002209,Excellent,<=60,28-36,GA,Refinance,7,1,prepaid
LN0002210,Excellent,75-90,<=28,NV,Refinance,9,1,prepaid
LN0002211,Poor,60-75,36-43,NY,Purchase,9,1,default
LN0002212,Good,75-90,<=28,FL,Refinance,42,0,censored
LN0002213,Poor,75-90,36-43,CA,Refinance,17,1,default
LN0002214,Good,75-90,>43,WA,CashOut,4,1,default
LN0002215,Poor,75-90,28-36,NV,Refinance,8,1,default
LN0002216,Excellent,<=60,<=28,CA,Purchase,6,1,prepaid
LN0002217,Excellent,75-90,28-36,NV,Refinance,16,1,prepaid
LN0002218,Poor,75-90,28-36,FL,Refinance,21,1,default
LN0002219,Poor,60-75,>43,NV,Refinance,23,1,default
LN0002220,Good,<=60,36-43,CA,Purchase,7,1,prepaid
LN0002221,Good,60-75,36-43,AZ,Refinance,29,0,censored
LN0002222,Good,<=60,28-36,NY,Refinance,40,1,prepaid
LN0002223,Good,60-75,36-43,FL,Purchase,4,1,default
LN0002224,Excellent,<=60,36-43,FL,CashOut,6,1,prepaid
LN0002225,Poor,75-90,<=28,TX,CashOut,4,1,prepaid
LN0002226,Good,<=60,<=28,OH,Refinance,42,0,censored
LN0002227,Fair,<=60,<=28,CA,CashOut,33,0,censored
LN0002228,Excellent,60-75,28-36,IL,Purchase,17,1,prepaid
LN0002229,Excellent,<=60,>43,NV,CashOut,18,1,default
LN0002230,Fair,>90,36-43,IL,CashOut,4,1,prepaid
LN0002231,Good,60-75,28-36,AZ,Refinance,39,1,prepaid
LN0002232,Fair,60-75,>43,GA,Purchase,4,1,default
LN0002233,Excellent,<=60,<=28,OH,Purchase,17,1,prepaid
LN0002234,Poor,60-75,<=28,NV,Purchase,38,1,default
LN0002235,Fair,75-90,>43,CA,Refinance,17,1,default
LN0002236,Poor,75-90,>43,NY,Refinance,14,1,default
LN0002237,Excellent,60-75,36-43,NY,Refinance,16,1,prepaid
LN0002238,Good,75-90,<=28,CA,Refinance,32,1,default
LN0002239,Good,60-75,>43,TX,Purchase,11,1,default
LN0002240,Good,75-90,36-43,TX,Purchase,20,1,default
LN0002241,Good,75-90,36-43,NV,Refinance,8,1,prepaid
LN0002242,Excellent,60-75,<=28,AZ,Purchase,4,1,prepaid
LN0002243,Good,75-90,28-36,WA,CashOut,4,1,prepaid
LN0002244,Good,75-90,36-43,AZ,CashOut,28,1,prepaid
LN0002245,Good,60-75,>43,NY,Purchase,4,1,prepaid
LN0002246,Excellent,>90,28-36,IL,Refinance,10,1,prepaid
LN0002247,Good,>90,28-36,AZ,Refinance,16,1,default
LN0002248,Fair,<=60,36-43,TX,CashOut,25,1,default
LN0002249,Good,75-90,28-36,TX,Refinance,9,1,default
LN0002250,Good,75-90,28-36,WA,CashOut,12,1,prepaid
LN0002251,Good,60-75,<=28,FL,Refinance,21,1,default
LN0002252,Fair,60-75,<=28,GA,Purchase,13,1,prepaid
LN0002253,Good,>90,36-43,GA,Refinance,8,1,prepaid
LN0002254,Good,75-90,<=28,NY,Refinance,5,1,default
LN0002255,Poor,60-75,<=28,TX,CashOut,8,0,censored
LN0002256,Good,<=60,>43,CA,Purchase,12,1,default
LN0002257,Poor,60-75,36-43,IL,Purchase,9,0,censored
LN0002258,Fair,>90,<=28,NY,Refinance,7,1,default
LN0002259,Excellent,75-90,28-36,CA,CashOut,10,1,prepaid
LN0002260,Good,<=60,36-43,GA,Refinance,30,1,prepaid
LN0002261,Fair,>90,28-36,NV,Purchase,4,0,censored
LN0002262,Poor,75-90,28-36,NV,CashOut,8,1,default
LN0002263,Good,60-75,28-36,TX,Refinance,38,1,prepaid
LN0002264,Excellent,<=60,<=28,TX,CashOut,15,1,prepaid
LN0002265,Good,75-90,36-43,IL,Refinance,18,1,prepaid
LN0002266,Excellent,<=60,<=28,NV,Purchase,9,0,censored
LN0002267,Fair,60-75,28-36,WA,CashOut,13,1,prepaid
LN0002268,Good,75-90,<=28,IL,Purchase,5,1,prepaid
LN0002269,Fair,>90,<=28,NV,CashOut,25,1,prepaid
LN0002270,Poor,60-75,<=28,GA,Purchase,9,1,default
LN0002271,Fair,>90,>43,NV,Refinance,7,1,default
LN0002272,Fair,>90,<=28,AZ,Purchase,12,0,censored
LN0002273,Fair,<=60,28-36,NV,Purchase,42,0,censored
LN0002274,Fair,60-75,<=28,WA,CashOut,28,1,default
LN0002275,Poor,75-90,36-43,NY,Purchase,5,1,prepaid
LN0002276,Excellent,75-90,28-36,CA,Purchase,20,1,prepaid
LN0002277,Good,60-75,>43,OH,CashOut,5,1,prepaid
LN0002278,Excellent,75-90,36-43,FL,Purchase,4,1,default
LN0002279,Poor,75-90,28-36,CA,Refinance,5,1,default
LN0002280,Fair,75-90,36-43,AZ,CashOut,4,1,prepaid
LN0002281,Good,75-90,<=28,IL,Purchase,12,1,prepaid
LN0002282,Excellent,<=60,>43,WA,Purchase,4,0,censored
LN0002283,Good,<=60,>43,OH,Refinance,6,1,prepaid
LN0002284,Fair,<=60,28-36,NY,Refinance,11,0,censored
LN0002285,Excellent,>90,36-43,AZ,Purchase,4,1,prepaid
LN0002286,Excellent,>90,<=28,WA,Refinance,13,1,prepaid
LN0002287,Poor,75-90,28-36,WA,Purchase,18,1,prepaid
LN0002288,Fair,<=60,36-43,FL,Purchase,10,1,default
LN0002289,Excellent,75-90,>43,OH,Purchase,42,0,censored
LN0002290,Good,<=60,28-36,FL,CashOut,27,1,prepaid
LN0002291,Poor,60-75,36-43,GA,Purchase,5,1,default
LN0002292,Fair,60-75,36-43,AZ,Purchase,8,1,default
LN0002293,Fair,75-90,<=28,TX,CashOut,13,1,prepaid
LN0002294,Good,<=60,36-43,IL,Purchase,19,1,prepaid
LN0002295,Good,75-90,36-43,GA,CashOut,18,1,default
LN0002296,Excellent,>90,36-43,FL,CashOut,6,1,default
LN0002297,Fair,75-90,>43,CA,Purchase,4,1,prepaid
LN0002298,Excellent,<=60,<=28,IL,Purchase,7,1,prepaid
LN0002299,Excellent,>90,<=28,IL,Purchase,4,1,prepaid
LN0002300,Fair,75-90,<=28,NV,Purchase,19,1,default
LN0002301,Poor,60-75,<=28,AZ,Purchase,7,1,default
LN0002302,Fair,75-90,28-36,TX,Purchase,13,1,prepaid
LN0002303,Good,>90,>43,FL,Purchase,11,1,prepaid
LN0002304,Good,60-75,28-36,TX,Refinance,12,1,prepaid
LN0002305,Good,60-75,36-43,NV,Purchase,9,1,prepaid
LN0002306,Good,60-75,28-36,NY,Purchase,30,1,default
LN0002307,Good,<=60,28-36,AZ,Purchase,9,1,prepaid
LN0002308,Good,75-90,36-43,CA,Purchase,27,1,prepaid
LN0002309,Good,<=60,36-43,WA,Refinance,23,1,default
LN0002310,Poor,60-75,28-36,CA,Refinance,26,1,prepaid
LN0002311,Poor,60-75,>43,WA,Purchase,14,1,default
LN0002312,Excellent,60-75,28-36,CA,Refinance,8,1,default
LN0002313,Good,60-75,<=28,TX,Purchase,4,1,prepaid
LN0002314,Excellent,75-90,28-36,TX,CashOut,10,1,prepaid
LN0002315,Good,60-75,36-43,OH,Purchase,13,1,default
LN0002316,Good,<=60,28-36,GA,Refinance,19,1,prepaid
LN0002317,Excellent,>90,36-43,WA,Purchase,7,1,default
LN0002318,Fair,>90,28-36,TX,Purchase,20,1,default
LN0002319,Good,60-75,28-36,FL,Refinance,24,1,prepaid
LN0002320,Poor,60-75,>43,NY,Purchase,5,1,default
LN0002321,Excellent,<=60,28-36,NV,Refinance,17,1,default
LN0002322,Excellent,<=60,28-36,OH,Refinance,18,0,censored
LN0002323,Good,60-75,<=28,CA,Purchase,41,1,prepaid
LN0002324,Excellent,>90,28-36,CA,CashOut,10,1,prepaid
LN0002325,Good,75-90,28-36,NY,Purchase,13,1,default
LN0002326,Poor,60-75,<=28,FL,CashOut,26,1,default
LN0002327,Excellent,>90,28-36,IL,Purchase,6,0,censored
LN0002328,Excellent,60-75,<=28,NV,Purchase,42,0,censored
LN0002329,Good,60-75,<=28,TX,Purchase,7,1,prepaid
LN0002330,Good,60-75,28-36,WA,Refinance,19,1,default
LN0002331,Good,60-75,28-36,IL,Refinance,5,1,prepaid
LN0002332,Good,>90,36-43,GA,Refinance,12,1,prepaid
LN0002333,Fair,60-75,36-43,WA,Purchase,26,1,prepaid
LN0002334,Excellent,75-90,28-36,WA,Purchase,26,1,prepaid
LN0002335,Good,60-75,<=28,FL,Refinance,19,1,default
LN0002336,Fair,>90,28-36,NV,CashOut,17,1,default
LN0002337,Poor,75-90,<=28,FL,Purchase,32,1,default
LN0002338,Good,60-75,28-36,TX,Refinance,32,1,prepaid
LN0002339,Good,<=60,36-43,CA,Refinance,22,0,censored
LN0002340,Excellent,>90,36-43,CA,Refinance,11,0,censored
LN0002341,Excellent,60-75,28-36,NY,Refinance,6,1,prepaid
LN0002342,Excellent,60-75,>43,AZ,Purchase,15,0,censored
LN0002343,Fair,>90,<=28,TX,Purchase,30,1,default
LN0002344,Good,<=60,>43,CA,Refinance,42,0,censored
LN0002345,Fair,60-75,36-43,WA,CashOut,16,1,default
LN0002346,Excellent,60-75,28-36,WA,Refinance,4,1,prepaid
LN0002347,Poor,60-75,<=28,WA,Purchase,6,1,prepaid
LN0002348,Fair,60-75,<=28,CA,Purchase,4,1,prepaid
LN0002349,Excellent,60-75,>43,FL,Purchase,9,1,prepaid
LN0002350,Excellent,<=60,<=28,NY,Refinance,33,0,censored
LN0002351,Excellent,<=60,>43,OH,Purchase,13,1,prepaid
LN0002352,Poor,<=60,28-36,GA,Purchase,14,0,censored
LN0002353,Excellent,>90,28-36,AZ,Refinance,7,0,censored
LN0002354,Good,75-90,36-43,WA,Purchase,32,1,prepaid
LN0002355,Good,60-75,<=28,IL,Purchase,22,0,censored
LN0002356,Fair,60-75,28-36,WA,Refinance,7,0,censored
LN0002357,Good,75-90,>43,NY,Purchase,8,1,prepaid
LN0002358,Good,<=60,<=28,TX,Purchase,42,0,censored
LN0002359,Poor,60-75,>43,WA,Purchase,4,1,default
LN0002360,Excellent,75-90,>43,FL,Purchase,4,1,prepaid
LN0002361,Fair,60-75,<=28,FL,CashOut,8,1,prepaid
LN0002362,Excellent,75-90,28-36,OH,Refinance,4,1,prepaid
LN0002363,Good,>90,<=28,CA,Purchase,27,1,prepaid
LN0002364,Poor,75-90,36-43,CA,Purchase,7,1,default
LN0002365,Fair,<=60,>43,NY,Purchase,21,1,prepaid
LN0002366,Fair,<=60,>43,WA,CashOut,12,1,prepaid
LN0002367,Good,<=60,>43,AZ,Refinance,13,1,default
LN0002368,Good,75-90,<=28,WA,Refinance,19,1,default
LN0002369,Good,>90,28-36,FL,Purchase,16,1,default
LN0002370,Good,>90,<=28,NY,CashOut,11,1,default
LN0002371,Good,60-75,>43,NY,Refinance,6,1,default
LN0002372,Good,75-90,<=28,NY,Purchase,42,0,censored
LN0002373,Good,60-75,<=28,GA,Purchase,42,0,censored
LN0002374,Good,75-90,<=28,OH,Purchase,42,0,censored
LN0002375,Good,60-75,<=28,OH,Refinance,17,1,prepaid
LN0002376,Excellent,<=60,<=28,NY,Purchase,10,0,censored
LN0002377,Poor,<=60,<=28,FL,Purchase,16,1,prepaid
LN0002378,Fair,>90,>43,CA,Refinance,7,1,default
LN0002379,Excellent,60-75,36-43,OH,Refinance,13,1,prepaid
LN0002380,Fair,60-75,28-36,NV,Purchase,18,1,default
LN0002381,Fair,60-75,36-43,CA,Purchase,15,1,default
LN0002382,Excellent,60-75,28-36,TX,Purchase,19,1,prepaid
LN0002383,Excellent,>90,36-43,FL,Purchase,14,1,prepaid
LN0002384,Excellent,<=60,28-36,OH,Refinance,4,1,prepaid
LN0002385,Excellent,<=60,28-36,FL,Refinance,12,1,prepaid
LN0002386,Fair,75-90,28-36,CA,CashOut,4,1,prepaid
LN0002387,Poor,60-75,<=28,NY,Refinance,14,1,default
LN0002388,Excellent,<=60,28-36,NY,Refinance,4,1,prepaid
LN0002389,Fair,<=60,36-43,NY,Purchase,10,1,prepaid
LN0002390,Excellent,60-75,36-43,WA,Purchase,41,0,censored
LN0002391,Good,60-75,28-36,FL,CashOut,21,0,censored
LN0002392,Fair,<=60,28-36,CA,Refinance,17,1,default
LN0002393,Good,60-75,36-43,TX,CashOut,20,0,censored
LN0002394,Excellent,75-90,<=28,OH,Refinance,12,1,prepaid
LN0002395,Good,>90,<=28,GA,Purchase,4,1,default
LN0002396,Poor,>90,28-36,FL,Purchase,8,1,default
LN0002397,Good,60-75,<=28,NV,Purchase,34,1,prepaid
LN0002398,Excellent,60-75,28-36,WA,Refinance,31,1,prepaid
LN0002399,Excellent,>90,<=28,OH,CashOut,27,1,default
LN0002400,Good,75-90,28-36,OH,Refinance,4,0,censored
LN0002401,Good,60-75,36-43,NY,Refinance,35,1,prepaid
LN0002402,Fair,60-75,36-43,WA,Purchase,23,1,prepaid
LN0002403,Fair,60-75,36-43,WA,Purchase,42,0,censored
LN0002404,Poor,60-75,28-36,IL,Purchase,4,1,prepaid
LN0002405,Fair,60-75,>43,GA,CashOut,7,1,default
LN0002406,Excellent,<=60,36-43,NY,Refinance,19,1,prepaid
LN0002407,Good,>90,28-36,CA,Refinance,10,1,prepaid
LN0002408,Good,75-90,<=28,CA,CashOut,22,0,censored
LN0002409,Good,75-90,36-43,IL,Purchase,17,1,default
LN0002410,Poor,60-75,28-36,NV,CashOut,9,1,default
LN0002411,Fair,75-90,36-43,FL,Refinance,5,0,censored
LN0002412,Poor,75-90,36-43,WA,Purchase,10,1,prepaid
LN0002413,Good,<=60,>43,TX,Refinance,12,1,prepaid
LN0002414,Good,75-90,>43,GA,Purchase,4,0,censored
LN0002415,Good,75-90,36-43,TX,Refinance,21,1,prepaid
LN0002416,Excellent,75-90,>43,IL,Purchase,9,1,prepaid
LN0002417,Excellent,60-75,>43,AZ,Purchase,6,1,prepaid
LN0002418,Good,>90,<=28,NY,Refinance,27,1,prepaid
LN0002419,Excellent,60-75,36-43,NV,Purchase,16,1,default
LN0002420,Poor,<=60,<=28,CA,Purchase,26,1,default
LN0002421,Excellent,<=60,28-36,CA,Refinance,16,1,prepaid
LN0002422,Excellent,<=60,28-36,TX,Purchase,4,1,prepaid
LN0002423,Fair,60-75,28-36,FL,Refinance,4,1,default
LN0002424,Excellent,60-75,<=28,IL,Refinance,11,1,prepaid
LN0002425,Poor,75-90,<=28,NV,Purchase,10,1,default
LN0002426,Fair,<=60,<=28,FL,CashOut,30,1,prepaid
LN0002427,Excellent,>90,36-43,NY,Purchase,6,1,default
LN0002428,Fair,<=60,>43,CA,Purchase,5,1,default
LN0002429,Fair,75-90,>43,OH,Purchase,16,1,prepaid
LN0002430,Fair,>90,28-36,WA,Refinance,17,1,default
LN0002431,Fair,75-90,28-36,CA,Purchase,13,1,default
LN0002432,Fair,75-90,>43,IL,Purchase,11,1,default
LN0002433,Good,75-90,<=28,FL,Refinance,13,1,prepaid
LN0002434,Good,<=60,>43,IL,Refinance,9,1,default
LN0002435,Fair,<=60,36-43,FL,Purchase,8,1,default
LN0002436,Poor,60-75,28-36,OH,Purchase,16,1,default
LN0002437,Good,<=60,<=28,CA,Purchase,17,1,prepaid
LN0002438,Fair,60-75,<=28,WA,Purchase,9,1,prepaid
LN0002439,Good,60-75,28-36,OH,Refinance,11,1,default
LN0002440,Fair,>90,28-36,CA,Purchase,7,1,prepaid
LN0002441,Poor,>90,36-43,NV,Purchase,10,1,default
LN0002442,Excellent,75-90,36-43,OH,Purchase,21,1,prepaid
LN0002443,Excellent,75-90,28-36,FL,Refinance,7,1,prepaid
LN0002444,Good,<=60,<=28,IL,Refinance,14,1,prepaid
LN0002445,Good,<=60,28-36,GA,Purchase,17,1,default
LN0002446,Good,75-90,<=28,WA,Refinance,24,1,prepaid
LN0002447,Excellent,75-90,36-43,OH,Refinance,42,0,censored
LN0002448,Good,60-75,36-43,AZ,Purchase,13,1,prepaid
LN0002449,Good,60-75,36-43,NY,Purchase,42,0,censored
LN0002450,Good,60-75,28-36,TX,Purchase,29,1,prepaid
LN0002451,Fair,60-75,28-36,IL,Refinance,11,1,prepaid
LN0002452,Fair,60-75,36-43,WA,Purchase,4,1,prepaid
LN0002453,Fair,60-75,36-43,OH,Purchase,14,1,default
LN0002454,Fair,75-90,36-43,FL,Refinance,16,1,default
LN0002455,Fair,>90,28-36,NV,Refinance,4,1,prepaid
LN0002456,Good,60-75,>43,CA,Refinance,14,1,prepaid
LN0002457,Fair,75-90,<=28,WA,Purchase,13,1,default
LN0002458,Excellent,75-90,28-36,IL,Purchase,42,0,censored
LN0002459,Good,<=60,36-43,GA,Refinance,27,1,default
LN0002460,Good,75-90,<=28,FL,Refinance,11,1,prepaid
LN0002461,Poor,60-75,36-43,NV,CashOut,4,1,prepaid
LN0002462,Fair,75-90,28-36,CA,Refinance,6,1,default
LN0002463,Excellent,<=60,<=28,AZ,Purchase,13,1,prepaid
LN0002464,Good,>90,<=28,IL,Purchase,4,1,prepaid
LN0002465,Excellent,>90,36-43,WA,CashOut,11,1,prepaid
LN0002466,Fair,<=60,36-43,NY,Refinance,4,1,default
LN0002467,Fair,60-75,28-36,NY,Purchase,4,1,prepaid
LN0002468,Good,<=60,<=28,IL,Purchase,32,1,prepaid
LN0002469,Good,75-90,<=28,NY,Refinance,23,1,prepaid
LN0002470,Good,75-90,<=28,CA,Purchase,28,1,prepaid
LN0002471,Good,<=60,36-43,IL,Refinance,8,1,prepaid
LN0002472,Poor,75-90,<=28,IL,Refinance,5,1,default
LN0002473,Fair,60-75,<=28,OH,Purchase,4,1,prepaid
LN0002474,Good,60-75,<=28,IL,CashOut,16,1,prepaid
LN0002475,Good,60-75,28-36,WA,CashOut,4,1,prepaid
LN0002476,Excellent,60-75,36-43,IL,Purchase,42,0,censored
LN0002477,Excellent,60-75,36-43,IL,Purchase,15,1,prepaid
LN0002478,Excellent,60-75,28-36,OH,CashOut,38,0,censored
LN0002479,Good,60-75,>43,GA,Purchase,30,1,prepaid
LN0002480,Poor,>90,28-36,NV,CashOut,7,1,default
LN0002481,Good,60-75,>43,IL,Purchase,17,1,default
LN0002482,Excellent,>90,36-43,CA,Refinance,5,1,prepaid
LN0002483,Excellent,75-90,<=28,WA,Refinance,42,0,censored
LN0002484,Good,75-90,36-43,NY,Purchase,10,0,censored
LN0002485,Fair,60-75,28-36,CA,Refinance,4,0,censored
LN0002486,Good,75-90,36-43,AZ,Purchase,4,1,default
LN0002487,Fair,60-75,<=28,GA,Purchase,17,1,prepaid
LN0002488,Fair,<=60,28-36,GA,Purchase,33,1,default
LN0002489,Excellent,<=60,>43,GA,Purchase,4,1,prepaid
LN0002490,Fair,<=60,<=28,NV,Purchase,4,1,prepaid
LN0002491,Poor,>90,<=28,GA,Purchase,19,1,default
LN0002492,Good,>90,28-36,OH,Purchase,23,1,default
LN0002493,Excellent,75-90,28-36,OH,Purchase,25,1,prepaid
LN0002494,Poor,<=60,36-43,OH,Purchase,5,0,censored
LN0002495,Poor,>90,36-43,OH,Refinance,6,1,prepaid
LN0002496,Good,75-90,>43,CA,Purchase,6,1,prepaid
LN0002497,Good,60-75,28-36,IL,Refinance,42,0,censored
LN0002498,Excellent,60-75,28-36,FL,Purchase,5,1,prepaid
LN0002499,Fair,75-90,<=28,AZ,Purchase,8,1,default
LN0002500,Good,<=60,<=28,WA,Purchase,5,1,prepaid
LN0002501,Excellent,60-75,36-43,WA,Purchase,11,1,prepaid
LN0002502,Fair,75-90,<=28,WA,Refinance,15,0,censored
LN0002503,Poor,<=60,<=28,GA,Refinance,24,1,prepaid
LN0002504,Fair,60-75,>43,OH,Purchase,9,0,censored
LN0002505,Good,60-75,28-36,FL,Purchase,42,0,censored
LN0002506,Excellent,75-90,<=28,NV,Refinance,42,0,censored
LN0002507,Poor,>90,36-43,OH,Purchase,7,1,default
LN0002508,Poor,75-90,28-36,FL,Refinance,21,1,default
LN0002509,Good,75-90,>43,GA,Refinance,5,0,censored
LN0002510,Fair,75-90,36-43,IL,Purchase,6,1,prepaid
LN0002511,Good,75-90,<=28,NY,Purchase,4,1,prepaid
LN0002512,Good,60-75,<=28,AZ,Purchase,30,0,censored
LN0002513,Excellent,<=60,28-36,FL,Refinance,30,1,prepaid
LN0002514,Excellent,75-90,36-43,AZ,CashOut,11,1,prepaid
LN0002515,Excellent,75-90,28-36,GA,Purchase,11,1,prepaid
LN0002516,Fair,60-75,36-43,AZ,CashOut,18,1,prepaid
LN0002517,Excellent,>90,28-36,OH,Purchase,6,1,prepaid
LN0002518,Excellent,75-90,28-36,GA,Purchase,4,1,prepaid
LN0002519,Good,60-75,<=28,TX,Refinance,7,1,prepaid
LN0002520,Excellent,<=60,<=28,NV,CashOut,6,1,prepaid
LN0002521,Excellent,<=60,28-36,GA,Purchase,4,0,censored
LN0002522,Good,60-75,28-36,NY,Refinance,14,1,prepaid
LN0002523,Good,60-75,>43,FL,Purchase,13,1,prepaid
LN0002524,Fair,<=60,<=28,TX,CashOut,8,1,prepaid
LN0002525,Poor,<=60,36-43,NY,Refinance,42,0,censored
LN0002526,Excellent,60-75,<=28,TX,Refinance,42,0,censored
LN0002527,Poor,75-90,36-43,AZ,Refinance,7,1,default
LN0002528,Poor,75-90,<=28,IL,Refinance,18,1,prepaid
LN0002529,Fair,60-75,36-43,GA,CashOut,17,1,default
LN0002530,Fair,<=60,<=28,AZ,Refinance,6,1,prepaid
LN0002531,Fair,<=60,<=28,NV,Purchase,4,1,prepaid
LN0002532,Fair,<=60,28-36,IL,CashOut,23,1,prepaid
LN0002533,Fair,60-75,28-36,CA,Refinance,14,1,prepaid
LN0002534,Excellent,<=60,28-36,GA,Refinance,42,0,censored
LN0002535,Poor,60-75,28-36,NV,Refinance,11,1,prepaid
LN0002536,Good,>90,>43,NY,Purchase,15,1,default
LN0002537,Fair,60-75,28-36,TX,Purchase,9,1,prepaid
LN0002538,Good,75-90,28-36,OH,Purchase,29,1,prepaid
LN0002539,Excellent,<=60,>43,GA,CashOut,4,1,default
LN0002540,Good,60-75,36-43,TX,Refinance,10,1,default
LN0002541,Good,>90,28-36,CA,Refinance,24,1,prepaid
LN0002542,Good,60-75,28-36,WA,Purchase,12,1,prepaid
LN0002543,Good,75-90,<=28,TX,CashOut,42,0,censored
LN0002544,Excellent,>90,28-36,TX,Purchase,7,1,default
LN0002545,Good,75-90,28-36,NY,Purchase,4,1,default
LN0002546,Good,60-75,36-43,IL,CashOut,7,1,prepaid
LN0002547,Poor,60-75,36-43,AZ,Refinance,5,1,default
LN0002548,Excellent,<=60,<=28,IL,CashOut,40,1,prepaid
LN0002549,Good,<=60,<=28,AZ,Refinance,16,1,prepaid
LN0002550,Good,<=60,28-36,GA,Purchase,29,1,prepaid
LN0002551,Good,>90,28-36,NY,Purchase,18,1,prepaid
LN0002552,Good,75-90,28-36,WA,CashOut,15,1,default
LN0002553,Fair,60-75,36-43,TX,Purchase,25,1,prepaid
LN0002554,Poor,60-75,28-36,NV,Refinance,6,0,censored
LN0002555,Good,75-90,>43,NY,Purchase,13,1,prepaid
LN0002556,Fair,>90,28-36,NV,Purchase,12,0,censored
LN0002557,Excellent,60-75,<=28,GA,Refinance,4,1,prepaid
LN0002558,Good,60-75,28-36,FL,CashOut,13,1,prepaid
LN0002559,Good,>90,36-43,IL,Purchase,12,1,default
LN0002560,Excellent,>90,28-36,TX,Purchase,6,1,prepaid
LN0002561,Fair,>90,28-36,GA,Purchase,42,0,censored
LN0002562,Fair,60-75,28-36,CA,Purchase,12,1,prepaid
LN0002563,Fair,<=60,36-43,GA,Refinance,7,1,prepaid
LN0002564,Good,60-75,>43,TX,Purchase,8,1,default
LN0002565,Fair,60-75,28-36,TX,Purchase,21,1,default
LN0002566,Good,>90,<=28,FL,Refinance,37,1,default
LN0002567,Excellent,<=60,28-36,CA,Refinance,27,1,prepaid
LN0002568,Excellent,75-90,28-36,AZ,Purchase,10,1,default
LN0002569,Fair,>90,>43,NV,CashOut,5,1,default
LN0002570,Poor,>90,28-36,NV,Purchase,4,1,default
LN0002571,Excellent,75-90,36-43,OH,Purchase,27,1,prepaid
LN0002572,Good,>90,>43,FL,CashOut,5,1,default
LN0002573,Fair,<=60,36-43,OH,Purchase,14,1,default
LN0002574,Fair,60-75,<=28,OH,CashOut,11,1,prepaid
LN0002575,Good,<=60,36-43,FL,Refinance,14,1,prepaid
LN0002576,Fair,>90,28-36,AZ,CashOut,16,1,default
LN0002577,Fair,>90,28-36,NV,Purchase,11,1,prepaid
LN0002578,Poor,<=60,>43,NY,Purchase,5,1,prepaid
LN0002579,Excellent,<=60,28-36,WA,CashOut,17,1,prepaid
LN0002580,Poor,60-75,28-36,AZ,Refinance,4,1,prepaid
LN0002581,Excellent,60-75,<=28,FL,CashOut,4,1,prepaid
LN0002582,Fair,75-90,<=28,NV,Purchase,4,0,censored
LN0002583,Excellent,<=60,36-43,NY,Refinance,27,1,prepaid
LN0002584,Excellent,75-90,36-43,NV,Purchase,20,1,prepaid
LN0002585,Excellent,75-90,36-43,FL,Purchase,19,1,prepaid
LN0002586,Good,60-75,28-36,OH,Refinance,8,0,censored
LN0002587,Good,<=60,<=28,WA,Refinance,5,1,prepaid
LN0002588,Excellent,>90,28-36,NY,Refinance,23,0,censored
LN0002589,Good,75-90,28-36,IL,Purchase,21,1,prepaid
LN0002590,Good,60-75,36-43,FL,Refinance,23,0,censored
LN0002591,Fair,60-75,36-43,GA,CashOut,12,1,prepaid
LN0002592,Poor,>90,>43,NV,Purchase,20,1,default
LN0002593,Fair,75-90,36-43,WA,Refinance,29,1,prepaid
LN0002594,Excellent,75-90,28-36,FL,CashOut,25,1,default
LN0002595,Good,75-90,36-43,GA,Purchase,42,0,censored
LN0002596,Poor,>90,36-43,IL,Refinance,11,1,default
LN0002597,Excellent,60-75,>43,NV,CashOut,4,0,censored
LN0002598,Good,75-90,28-36,FL,Refinance,15,1,prepaid
LN0002599,Poor,60-75,36-43,WA,Purchase,21,1,default
LN0002600,Poor,75-90,28-36,IL,Refinance,34,1,default
LN0002601,Good,>90,36-43,AZ,Refinance,8,1,default
LN0002602,Fair,>90,>43,TX,Refinance,4,1,default
LN0002603,Good,60-75,>43,GA,Purchase,12,1,prepaid
LN0002604,Fair,75-90,<=28,AZ,Purchase,11,1,prepaid
LN0002605,Excellent,>90,<=28,NY,Refinance,37,1,prepaid
LN0002606,Excellent,>90,36-43,WA,Purchase,32,1,default
LN0002607,Fair,75-90,36-43,FL,CashOut,22,1,prepaid
LN0002608,Excellent,<=60,>43,IL,Purchase,13,1,prepaid
LN0002609,Fair,60-75,28-36,NV,Refinance,27,1,prepaid
LN0002610,Good,>90,36-43,NY,Purchase,34,0,censored
LN0002611,Poor,75-90,36-43,FL,Refinance,7,1,default
LN0002612,Fair,75-90,<=28,WA,CashOut,42,0,censored
LN0002613,Good,75-90,<=28,IL,Purchase,42,0,censored
LN0002614,Fair,60-75,36-43,OH,Purchase,22,0,censored
LN0002615,Good,60-75,<=28,CA,CashOut,17,1,prepaid
LN0002616,Good,75-90,36-43,NV,Refinance,5,1,default
LN0002617,Excellent,60-75,28-36,OH,Refinance,4,1,prepaid
LN0002618,Poor,75-90,28-36,AZ,Purchase,4,1,prepaid
LN0002619,Fair,75-90,28-36,IL,CashOut,16,1,prepaid
LN0002620,Poor,75-90,>43,IL,Refinance,15,0,censored
LN0002621,Poor,60-75,36-43,NY,Purchase,9,0,censored
LN0002622,Poor,75-90,36-43,AZ,Purchase,4,1,prepaid
LN0002623,Excellent,<=60,36-43,CA,Purchase,23,1,prepaid
LN0002624,Poor,<=60,28-36,WA,Refinance,8,1,prepaid
LN0002625,Good,60-75,>43,FL,Refinance,9,1,prepaid
LN0002626,Good,<=60,28-36,GA,Purchase,42,0,censored
LN0002627,Good,>90,28-36,NV,Purchase,36,1,prepaid
LN0002628,Good,>90,28-36,GA,Purchase,5,0,censored
LN0002629,Good,<=60,28-36,CA,Purchase,12,1,prepaid
LN0002630,Excellent,75-90,36-43,NY,CashOut,42,0,censored
LN0002631,Excellent,60-75,28-36,CA,Refinance,4,1,prepaid
LN0002632,Good,75-90,36-43,IL,Purchase,12,1,prepaid
LN0002633,Poor,>90,>43,TX,Purchase,5,1,default
LN0002634,Fair,75-90,28-36,GA,Purchase,9,1,prepaid
LN0002635,Good,<=60,<=28,WA,Refinance,42,0,censored
LN0002636,Good,<=60,36-43,NY,Purchase,14,1,prepaid
LN0002637,Good,60-75,<=28,AZ,Purchase,5,1,prepaid
LN0002638,Excellent,>90,36-43,OH,CashOut,4,1,prepaid
LN0002639,Fair,75-90,28-36,GA,Refinance,9,1,default
LN0002640,Excellent,60-75,28-36,NY,Refinance,33,0,censored
LN0002641,Fair,<=60,28-36,FL,Purchase,15,1,prepaid
LN0002642,Fair,>90,28-36,WA,Purchase,4,1,prepaid
LN0002643,Good,60-75,28-36,OH,CashOut,33,1,prepaid
LN0002644,Poor,75-90,28-36,AZ,Refinance,12,1,default
LN0002645,Good,75-90,28-36,OH,Refinance,39,1,prepaid
LN0002646,Poor,60-75,>43,CA,Refinance,7,1,default
LN0002647,Fair,<=60,<=28,NV,Purchase,4,1,prepaid
LN0002648,Fair,60-75,28-36,FL,Refinance,42,0,censored
LN0002649,Fair,60-75,<=28,CA,Purchase,10,1,prepaid
LN0002650,Fair,75-90,28-36,WA,Purchase,10,1,default
LN0002651,Poor,75-90,<=28,IL,Refinance,15,1,default
LN0002652,Good,60-75,36-43,TX,Purchase,20,1,prepaid
LN0002653,Fair,60-75,<=28,FL,Purchase,14,1,default
LN0002654,Fair,<=60,36-43,FL,Purchase,28,1,default
LN0002655,Good,60-75,28-36,IL,Purchase,34,1,prepaid
LN0002656,Poor,75-90,28-36,OH,CashOut,8,1,prepaid
LN0002657,Good,75-90,<=28,GA,CashOut,7,1,prepaid
LN0002658,Good,75-90,36-43,CA,Purchase,5,1,default
LN0002659,Excellent,<=60,>43,TX,Purchase,42,0,censored
LN0002660,Excellent,75-90,<=28,GA,Refinance,12,1,prepaid
LN0002661,Fair,60-75,>43,AZ,Purchase,5,1,default
LN0002662,Good,>90,28-36,CA,Refinance,7,1,default
LN0002663,Good,75-90,28-36,NY,Purchase,8,1,prepaid
LN0002664,Excellent,>90,36-43,TX,Refinance,4,1,prepaid
LN0002665,Good,<=60,<=28,IL,Purchase,10,1,prepaid
LN0002666,Fair,60-75,28-36,NY,Refinance,5,1,prepaid
LN0002667,Poor,75-90,<=28,TX,Refinance,6,1,prepaid
LN0002668,Excellent,60-75,36-43,NV,Purchase,42,0,censored
LN0002669,Good,75-90,28-36,OH,Purchase,12,1,prepaid
LN0002670,Good,60-75,>43,WA,Refinance,30,1,default
LN0002671,Fair,>90,28-36,OH,CashOut,4,1,default
LN0002672,Good,<=60,>43,NY,Purchase,5,1,prepaid
LN0002673,Good,>90,<=28,NV,Purchase,4,1,prepaid
LN0002674,Good,60-75,36-43,IL,Refinance,4,1,prepaid
LN0002675,Good,60-75,28-36,NY,Purchase,14,1,prepaid
LN0002676,Good,60-75,<=28,WA,CashOut,10,0,censored
LN0002677,Good,60-75,<=28,WA,Refinance,4,1,prepaid
LN0002678,Fair,>90,36-43,GA,Purchase,10,1,default
LN0002679,Fair,>90,<=28,AZ,Refinance,12,1,default
LN0002680,Good,>90,28-36,FL,Refinance,24,1,default
LN0002681,Fair,>90,>43,OH,Purchase,4,1,prepaid
LN0002682,Poor,75-90,28-36,TX,Refinance,4,1,prepaid
LN0002683,Excellent,60-75,<=28,FL,Purchase,25,1,default
LN0002684,Good,>90,<=28,IL,Purchase,18,1,default
LN0002685,Good,<=60,<=28,WA,Refinance,20,1,prepaid
LN0002686,Fair,75-90,28-36,GA,Refinance,8,0,censored
LN0002687,Excellent,60-75,36-43,TX,Refinance,42,0,censored
LN0002688,Fair,75-90,28-36,AZ,Purchase,14,1,default
LN0002689,Good,60-75,<=28,WA,Refinance,8,1,prepaid
LN0002690,Good,60-75,36-43,WA,Purchase,6,1,prepaid
LN0002691,Poor,<=60,28-36,OH,Refinance,8,1,default
LN0002692,Good,60-75,28-36,GA,Purchase,42,0,censored
LN0002693,Poor,60-75,>43,IL,Refinance,6,1,default
LN0002694,Poor,60-75,28-36,IL,Purchase,10,1,default
LN0002695,Poor,60-75,28-36,FL,Purchase,5,1,prepaid
LN0002696,Excellent,75-90,36-43,WA,Purchase,16,1,prepaid
LN0002697,Fair,60-75,36-43,FL,Refinance,16,1,default
LN0002698,Excellent,75-90,36-43,GA,Purchase,19,1,default
LN0002699,Good,<=60,36-43,IL,Purchase,30,1,prepaid
LN0002700,Poor,75-90,28-36,FL,Purchase,7,1,prepaid
LN0002701,Fair,<=60,28-36,IL,Refinance,13,1,prepaid
LN0002702,Good,60-75,36-43,NV,CashOut,22,1,default
LN0002703,Good,75-90,36-43,WA,CashOut,15,1,default
LN0002704,Fair,75-90,36-43,NY,CashOut,16,1,default
LN0002705,Fair,60-75,28-36,IL,CashOut,37,1,prepaid
LN0002706,Good,60-75,36-43,GA,Purchase,4,0,censored
LN0002707,Poor,<=60,<=28,TX,Purchase,11,1,prepaid
LN0002708,Excellent,60-75,<=28,WA,Purchase,10,1,prepaid
LN0002709,Excellent,60-75,28-36,CA,Purchase,4,0,censored
LN0002710,Fair,75-90,28-36,AZ,Refinance,4,1,prepaid
LN0002711,Poor,60-75,36-43,GA,CashOut,19,1,default
LN0002712,Excellent,75-90,<=28,TX,Refinance,16,1,default
LN0002713,Excellent,60-75,36-43,IL,CashOut,7,1,prepaid
LN0002714,Excellent,60-75,28-36,AZ,Refinance,42,0,censored
LN0002715,Poor,60-75,<=28,NV,Purchase,20,1,default
LN0002716,Excellent,<=60,28-36,TX,Purchase,4,1,prepaid
LN0002717,Good,60-75,28-36,FL,CashOut,12,1,prepaid
LN0002718,Poor,75-90,36-43,TX,Refinance,27,1,default
LN0002719,Excellent,75-90,28-36,NY,Purchase,42,0,censored
LN0002720,Good,60-75,<=28,AZ,Purchase,7,1,prepaid
LN0002721,Good,<=60,28-36,OH,Refinance,19,1,prepaid
LN0002722,Fair,>90,<=28,FL,Refinance,6,1,default
LN0002723,Good,<=60,<=28,NY,Refinance,6,1,prepaid
LN0002724,Good,60-75,>43,GA,CashOut,9,1,default
LN0002725,Excellent,>90,<=28,WA,Purchase,13,1,default
LN0002726,Fair,60-75,<=28,IL,CashOut,42,0,censored
LN0002727,Fair,<=60,>43,IL,Refinance,8,0,censored
LN0002728,Excellent,60-75,36-43,NV,Refinance,42,0,censored
LN0002729,Good,75-90,28-36,WA,CashOut,9,1,default
LN0002730,Poor,<=60,36-43,OH,Refinance,9,1,prepaid
LN0002731,Excellent,75-90,>43,NV,Purchase,13,1,prepaid
LN0002732,Good,60-75,<=28,NY,CashOut,4,1,prepaid
LN0002733,Good,60-75,<=28,OH,Refinance,11,1,prepaid
LN0002734,Good,60-75,>43,AZ,Purchase,40,1,prepaid
LN0002735,Good,75-90,36-43,FL,Refinance,22,1,prepaid
LN0002736,Good,60-75,>43,FL,Purchase,42,0,censored
LN0002737,Excellent,75-90,28-36,TX,Refinance,22,1,default
LN0002738,Good,60-75,>43,GA,Purchase,14,1,default
LN0002739,Fair,<=60,28-36,OH,Purchase,11,0,censored
LN0002740,Good,60-75,36-43,OH,Purchase,9,1,default
LN0002741,Excellent,60-75,>43,NY,Refinance,16,1,prepaid
LN0002742,Fair,60-75,<=28,OH,Purchase,6,1,prepaid
LN0002743,Excellent,75-90,<=28,CA,Refinance,9,1,prepaid
LN0002744,Fair,>90,28-36,GA,Refinance,10,1,default
LN0002745,Good,75-90,36-43,IL,Purchase,25,1,default
LN0002746,Fair,75-90,<=28,AZ,Purchase,23,1,prepaid
LN0002747,Excellent,60-75,>43,NV,Purchase,6,1,prepaid
LN0002748,Excellent,75-90,28-36,WA,CashOut,13,1,prepaid
LN0002749,Good,60-75,28-36,GA,CashOut,38,1,prepaid
LN0002750,Excellent,75-90,28-36,NV,Purchase,4,1,prepaid
LN0002751,Excellent,>90,>43,NY,Purchase,9,1,default
LN0002752,Fair,60-75,<=28,TX,Refinance,4,1,prepaid
LN0002753,Fair,>90,28-36,WA,Purchase,42,0,censored
LN0002754,Excellent,75-90,<=28,NY,Purchase,28,1,prepaid
LN0002755,Poor,60-75,>43,GA,Purchase,7,1,default
LN0002756,Fair,>90,36-43,OH,Refinance,13,1,default
LN0002757,Poor,<=60,<=28,WA,Purchase,17,1,default
LN0002758,Fair,<=60,28-36,NY,CashOut,17,1,prepaid
LN0002759,Fair,60-75,28-36,WA,Purchase,19,1,prepaid
LN0002760,Good,75-90,28-36,IL,Purchase,17,1,prepaid
LN0002761,Fair,60-75,36-43,TX,CashOut,9,0,censored
LN0002762,Poor,>90,28-36,OH,Purchase,23,1,default
LN0002763,Excellent,60-75,28-36,NY,Purchase,5,1,prepaid
LN0002764,Good,60-75,36-43,WA,Purchase,42,0,censored
LN0002765,Excellent,75-90,28-36,NV,Refinance,22,0,censored
LN0002766,Poor,<=60,<=28,TX,Refinance,33,0,censored
LN0002767,Good,75-90,<=28,IL,Refinance,25,1,prepaid
LN0002768,Fair,60-75,28-36,TX,Purchase,4,1,default
LN0002769,Fair,>90,36-43,IL,Purchase,20,1,default
LN0002770,Poor,75-90,<=28,NY,Purchase,14,1,default
LN0002771,Excellent,<=60,28-36,NV,Purchase,5,1,prepaid
LN0002772,Fair,<=60,28-36,NY,Purchase,42,0,censored
LN0002773,Poor,<=60,36-43,GA,Refinance,8,1,prepaid
LN0002774,Excellent,>90,<=28,TX,Refinance,4,1,prepaid
LN0002775,Fair,75-90,28-36,IL,Refinance,17,1,default
LN0002776,Good,60-75,<=28,AZ,Refinance,19,1,prepaid
LN0002777,Fair,60-75,28-36,GA,Refinance,28,1,prepaid
LN0002778,Good,>90,<=28,FL,Purchase,11,1,prepaid
LN0002779,Good,60-75,28-36,NV,Refinance,10,1,default
LN0002780,Excellent,75-90,36-43,AZ,Purchase,14,1,prepaid
LN0002781,Excellent,75-90,<=28,IL,Refinance,11,1,prepaid
LN0002782,Excellent,60-75,36-43,NV,Purchase,9,1,prepaid
LN0002783,Fair,60-75,28-36,TX,Refinance,12,1,prepaid
LN0002784,Good,60-75,28-36,NY,CashOut,34,0,censored
LN0002785,Excellent,60-75,28-36,NV,Purchase,14,1,prepaid
LN0002786,Fair,>90,28-36,NV,Purchase,4,1,prepaid
LN0002787,Fair,75-90,36-43,AZ,CashOut,11,1,default
LN0002788,Good,75-90,36-43,TX,Purchase,7,1,default
LN0002789,Poor,60-75,36-43,FL,Purchase,12,1,prepaid
LN0002790,Good,60-75,28-36,GA,Purchase,21,1,prepaid
LN0002791,Fair,75-90,36-43,CA,Purchase,42,0,censored
LN0002792,Excellent,60-75,<=28,NV,Refinance,8,1,prepaid
LN0002793,Fair,<=60,28-36,NV,Refinance,7,1,prepaid
LN0002794,Poor,60-75,<=28,AZ,Refinance,8,1,default
LN0002795,Fair,75-90,<=28,NV,Refinance,21,1,default
LN0002796,Good,75-90,36-43,FL,Refinance,12,1,prepaid
LN0002797,Fair,60-75,>43,AZ,Refinance,4,1,prepaid
LN0002798,Good,>90,<=28,FL,Purchase,5,1,prepaid
LN0002799,Fair,60-75,28-36,TX,Refinance,9,1,default
LN0002800,Fair,60-75,36-43,FL,Purchase,4,1,default
LN0002801,Poor,<=60,>43,OH,Purchase,15,1,prepaid
LN0002802,Good,75-90,36-43,NV,Refinance,22,1,default
LN0002803,Excellent,60-75,<=28,GA,Refinance,23,1,prepaid
LN0002804,Good,60-75,<=28,FL,CashOut,11,1,prepaid
LN0002805,Excellent,60-75,36-43,GA,Purchase,16,0,censored
LN0002806,Excellent,75-90,<=28,WA,Purchase,14,1,prepaid
LN0002807,Good,75-90,>43,WA,Purchase,8,1,prepaid
LN0002808,Fair,60-75,>43,NY,Purchase,9,1,default
LN0002809,Excellent,>90,>43,TX,Purchase,33,1,prepaid
LN0002810,Excellent,<=60,28-36,NY,Refinance,16,1,prepaid
LN0002811,Excellent,<=60,36-43,AZ,Refinance,17,0,censored
LN0002812,Poor,75-90,36-43,IL,Purchase,13,1,default
LN0002813,Fair,75-90,<=28,CA,Purchase,5,1,default
LN0002814,Excellent,60-75,28-36,NY,Purchase,28,1,prepaid
LN0002815,Excellent,75-90,<=28,IL,Refinance,17,1,prepaid
LN0002816,Good,60-75,28-36,WA,Purchase,10,1,prepaid
LN0002817,Good,75-90,>43,GA,Purchase,4,1,prepaid
LN0002818,Good,75-90,36-43,IL,Purchase,4,1,prepaid
LN0002819,Good,>90,28-36,TX,Purchase,4,1,prepaid
LN0002820,Poor,60-75,28-36,IL,Purchase,13,1,default
LN0002821,Good,75-90,<=28,CA,Refinance,17,1,default
LN0002822,Fair,75-90,28-36,WA,Purchase,6,1,default
LN0002823,Excellent,60-75,<=28,IL,Purchase,38,1,prepaid
LN0002824,Poor,60-75,36-43,NY,Purchase,5,1,default
LN0002825,Poor,>90,36-43,GA,Purchase,10,1,default
LN0002826,Fair,60-75,36-43,OH,CashOut,10,1,prepaid
LN0002827,Good,75-90,>43,FL,Refinance,10,1,default
LN0002828,Excellent,<=60,<=28,WA,Purchase,42,0,censored
LN0002829,Fair,75-90,36-43,WA,Refinance,8,1,prepaid
LN0002830,Fair,<=60,<=28,WA,Purchase,24,1,prepaid
LN0002831,Excellent,>90,28-36,IL,Purchase,9,1,prepaid
LN0002832,Good,75-90,28-36,FL,Purchase,21,1,prepaid
LN0002833,Good,<=60,<=28,TX,Refinance,6,1,prepaid
LN0002834,Fair,75-90,<=28,CA,Refinance,17,1,prepaid
LN0002835,Fair,75-90,28-36,CA,Purchase,34,1,default
LN0002836,Fair,60-75,<=28,AZ,Refinance,39,1,default
LN0002837,Fair,60-75,>43,CA,Purchase,4,1,prepaid
LN0002838,Good,75-90,28-36,AZ,Purchase,4,1,prepaid
LN0002839,Good,75-90,28-36,AZ,Purchase,4,1,prepaid
LN0002840,Excellent,60-75,>43,FL,Purchase,6,1,prepaid
LN0002841,Fair,>90,28-36,IL,Purchase,4,1,prepaid
LN0002842,Good,60-75,28-36,NY,CashOut,5,1,prepaid
LN0002843,Good,<=60,>43,NY,Purchase,5,1,prepaid
LN0002844,Excellent,75-90,<=28,NY,Purchase,18,1,prepaid
LN0002845,Excellent,<=60,<=28,NY,Purchase,8,1,prepaid
LN0002846,Good,60-75,28-36,GA,Purchase,8,1,prepaid
LN0002847,Excellent,60-75,28-36,IL,Purchase,33,1,prepaid
LN0002848,Excellent,60-75,36-43,TX,Purchase,4,1,prepaid
LN0002849,Fair,60-75,<=28,NY,Purchase,10,1,default
LN0002850,Good,75-90,36-43,NV,Purchase,24,1,prepaid
LN0002851,Good,60-75,36-43,NV,Purchase,34,1,prepaid
LN0002852,Good,75-90,>43,CA,Refinance,15,1,default
LN0002853,Fair,75-90,<=28,WA,CashOut,28,1,default
LN0002854,Good,60-75,<=28,NV,Purchase,6,1,prepaid
LN0002855,Fair,60-75,>43,TX,Refinance,33,1,prepaid
LN0002856,Poor,75-90,36-43,CA,Refinance,8,1,default
LN0002857,Fair,<=60,<=28,FL,Refinance,26,1,prepaid
LN0002858,Good,60-75,<=28,NY,Refinance,42,0,censored
LN0002859,Fair,75-90,36-43,NV,Refinance,30,1,default
LN0002860,Good,75-90,28-36,FL,CashOut,4,1,prepaid
LN0002861,Good,75-90,28-36,NY,Purchase,20,1,default
LN0002862,Good,<=60,>43,FL,Purchase,15,1,default
LN0002863,Good,<=60,<=28,NY,Refinance,32,0,censored
LN0002864,Excellent,60-75,<=28,NV,CashOut,15,1,prepaid
LN0002865,Good,75-90,36-43,CA,Purchase,21,1,default
LN0002866,Excellent,60-75,>43,IL,CashOut,6,1,prepaid
LN0002867,Good,<=60,28-36,GA,Refinance,35,1,default
LN0002868,Good,<=60,36-43,TX,Refinance,42,0,censored
LN0002869,Poor,75-90,<=28,CA,Refinance,8,1,default
LN0002870,Excellent,75-90,<=28,NV,Refinance,10,1,prepaid
LN0002871,Fair,<=60,>43,FL,Refinance,17,1,prepaid
LN0002872,Good,<=60,<=28,FL,Refinance,4,1,prepaid
LN0002873,Excellent,60-75,<=28,NY,Purchase,19,1,prepaid
LN0002874,Excellent,<=60,36-43,CA,CashOut,21,1,prepaid
LN0002875,Excellent,60-75,28-36,TX,Refinance,8,1,prepaid
LN0002876,Excellent,<=60,28-36,CA,Refinance,6,1,prepaid
LN0002877,Good,75-90,36-43,WA,Purchase,42,0,censored
LN0002878,Good,75-90,<=28,IL,Purchase,4,1,prepaid
LN0002879,Good,>90,36-43,FL,Purchase,29,1,prepaid
LN0002880,Excellent,>90,28-36,NV,Purchase,23,1,prepaid
LN0002881,Excellent,60-75,<=28,NY,Refinance,9,1,prepaid
LN0002882,Excellent,<=60,36-43,CA,CashOut,8,1,prepaid
LN0002883,Good,60-75,28-36,CA,Refinance,4,1,prepaid
LN0002884,Good,75-90,>43,OH,Purchase,11,1,default
LN0002885,Good,<=60,>43,WA,CashOut,4,1,prepaid
LN0002886,Excellent,60-75,36-43,FL,CashOut,22,1,prepaid
LN0002887,Excellent,60-75,28-36,FL,Refinance,24,1,prepaid
LN0002888,Poor,60-75,<=28,FL,Purchase,4,1,default
LN0002889,Excellent,75-90,>43,IL,Refinance,5,1,default
LN0002890,Excellent,75-90,28-36,OH,Purchase,24,1,prepaid
LN0002891,Excellent,60-75,36-43,GA,Purchase,24,1,prepaid
LN0002892,Poor,>90,36-43,OH,Refinance,8,1,prepaid
LN0002893,Fair,<=60,28-36,CA,Refinance,4,1,prepaid
LN0002894,Fair,<=60,<=28,WA,Purchase,6,1,prepaid
LN0002895,Poor,60-75,36-43,OH,CashOut,5,1,prepaid
LN0002896,Excellent,75-90,28-36,FL,CashOut,12,1,prepaid
LN0002897,Poor,75-90,28-36,WA,Refinance,19,1,default
LN0002898,Excellent,<=60,28-36,CA,Purchase,34,1,prepaid
LN0002899,Fair,>90,36-43,NV,Purchase,24,0,censored
LN0002900,Good,60-75,28-36,OH,Refinance,18,0,censored
LN0002901,Good,60-75,<=28,GA,Refinance,42,0,censored
LN0002902,Poor,75-90,36-43,WA,Refinance,5,1,default
LN0002903,Excellent,>90,36-43,GA,Purchase,8,1,default
LN0002904,Poor,75-90,>43,IL,Purchase,8,0,censored
LN0002905,Good,>90,<=28,NV,Purchase,31,1,prepaid
LN0002906,Fair,<=60,>43,FL,Refinance,8,1,prepaid
LN0002907,Poor,75-90,36-43,AZ,Purchase,7,1,default
LN0002908,Excellent,75-90,36-43,OH,Purchase,41,1,prepaid
LN0002909,Poor,60-75,28-36,AZ,Refinance,4,1,prepaid
LN0002910,Good,60-75,<=28,CA,CashOut,18,1,prepaid
LN0002911,Fair,>90,28-36,IL,Purchase,6,1,default
LN0002912,Excellent,<=60,28-36,GA,Purchase,34,1,prepaid
LN0002913,Good,60-75,28-36,GA,Refinance,7,1,prepaid
LN0002914,Fair,>90,>43,GA,CashOut,7,1,default
LN0002915,Good,>90,<=28,GA,Purchase,4,0,censored
LN0002916,Excellent,>90,>43,FL,Purchase,20,1,default
LN0002917,Excellent,>90,28-36,AZ,Refinance,7,1,prepaid
LN0002918,Poor,<=60,36-43,IL,Purchase,15,1,default
LN0002919,Excellent,>90,28-36,NV,CashOut,14,1,prepaid
LN0002920,Fair,60-75,36-43,WA,Refinance,12,1,prepaid
LN0002921,Poor,75-90,28-36,WA,Purchase,16,1,default
LN0002922,Excellent,60-75,>43,WA,CashOut,4,1,prepaid
LN0002923,Excellent,75-90,<=28,AZ,Refinance,35,1,prepaid
LN0002924,Fair,75-90,<=28,NV,Purchase,10,1,prepaid
LN0002925,Excellent,75-90,>43,WA,Purchase,9,1,default
LN0002926,Good,<=60,<=28,WA,Refinance,4,1,prepaid
LN0002927,Fair,<=60,36-43,CA,CashOut,9,1,prepaid
LN0002928,Good,60-75,<=28,CA,Purchase,28,1,prepaid
LN0002929,Good,<=60,<=28,OH,Purchase,13,1,prepaid
LN0002930,Fair,75-90,28-36,NY,CashOut,10,1,default
LN0002931,Good,60-75,28-36,IL,Purchase,30,1,prepaid
LN0002932,Excellent,75-90,28-36,GA,Purchase,15,1,prepaid
LN0002933,Good,<=60,28-36,FL,Purchase,42,0,censored
LN0002934,Poor,<=60,36-43,NY,Refinance,39,1,default
LN0002935,Fair,75-90,>43,CA,Refinance,11,1,default
LN0002936,Good,60-75,28-36,OH,Purchase,9,1,prepaid
LN0002937,Good,60-75,28-36,WA,Purchase,12,1,prepaid
LN0002938,Excellent,60-75,28-36,TX,Refinance,42,0,censored
LN0002939,Excellent,60-75,36-43,WA,Refinance,5,1,prepaid
LN0002940,Excellent,75-90,28-36,TX,Purchase,17,1,prepaid
LN0002941,Poor,<=60,36-43,OH,Purchase,4,1,prepaid
LN0002942,Excellent,60-75,28-36,FL,Refinance,15,1,prepaid
LN0002943,Fair,75-90,36-43,FL,Purchase,7,1,prepaid
LN0002944,Excellent,60-75,36-43,AZ,Purchase,4,1,prepaid
LN0002945,Good,75-90,28-36,OH,CashOut,4,1,prepaid
LN0002946,Good,60-75,28-36,GA,CashOut,33,1,prepaid
LN0002947,Good,>90,28-36,GA,Purchase,11,1,prepaid
LN0002948,Fair,60-75,28-36,WA,CashOut,6,1,default
LN0002949,Poor,60-75,28-36,TX,Refinance,4,1,prepaid
LN0002950,Poor,>90,36-43,NY,CashOut,4,1,default
LN0002951,Excellent,75-90,28-36,NV,CashOut,6,1,prepaid
LN0002952,Fair,75-90,<=28,NV,Refinance,5,1,default
LN0002953,Excellent,>90,<=28,OH,Purchase,9,1,prepaid
LN0002954,Poor,<=60,28-36,AZ,Purchase,11,0,censored
LN0002955,Good,75-90,>43,AZ,Refinance,11,1,prepaid
LN0002956,Good,75-90,28-36,NY,Purchase,4,1,prepaid
LN0002957,Excellent,60-75,28-36,OH,Refinance,5,1,prepaid
LN0002958,Excellent,60-75,28-36,OH,Purchase,32,1,prepaid
LN0002959,Excellent,<=60,>43,TX,Refinance,8,1,default
LN0002960,Poor,>90,36-43,NV,CashOut,9,1,default
LN0002961,Fair,<=60,<=28,IL,Purchase,10,1,default
LN0002962,Poor,60-75,36-43,NY,Refinance,4,1,default
LN0002963,Excellent,75-90,36-43,IL,Refinance,38,1,prepaid
LN0002964,Good,75-90,36-43,NY,Refinance,9,1,default
LN0002965,Good,<=60,28-36,NY,CashOut,24,1,prepaid
LN0002966,Good,75-90,36-43,WA,Refinance,18,1,default
LN0002967,Good,60-75,28-36,NV,Purchase,27,1,prepaid
LN0002968,Good,75-90,<=28,IL,Purchase,8,1,prepaid
LN0002969,Good,<=60,<=28,FL,Purchase,42,0,censored
LN0002970,Excellent,<=60,28-36,OH,Purchase,8,1,prepaid
LN0002971,Good,75-90,<=28,FL,Refinance,7,1,prepaid
LN0002972,Fair,<=60,28-36,WA,Refinance,19,1,prepaid
LN0002973,Excellent,60-75,36-43,FL,Purchase,12,1,prepaid
LN0002974,Poor,<=60,36-43,FL,Purchase,6,1,prepaid
LN0002975,Good,75-90,<=28,FL,Purchase,8,1,prepaid
LN0002976,Fair,>90,<=28,NY,Purchase,15,1,default
LN0002977,Fair,75-90,36-43,NV,Refinance,11,1,default
LN0002978,Fair,>90,28-36,GA,Purchase,19,1,default
LN0002979,Fair,>90,<=28,GA,Refinance,24,1,default
LN0002980,Poor,60-75,36-43,CA,CashOut,6,1,prepaid
LN0002981,Fair,60-75,<=28,CA,Refinance,42,0,censored
LN0002982,Good,>90,<=28,NY,Refinance,19,1,default
LN0002983,Excellent,>90,36-43,AZ,CashOut,5,1,default
LN0002984,Fair,>90,36-43,CA,Purchase,4,1,prepaid
LN0002985,Excellent,75-90,28-36,OH,Purchase,7,1,prepaid
LN0002986,Excellent,60-75,36-43,AZ,Purchase,16,1,prepaid
LN0002987,Excellent,>90,>43,FL,Purchase,19,1,prepaid
LN0002988,Good,>90,<=28,TX,Purchase,24,1,prepaid
LN0002989,Excellent,75-90,36-43,TX,Refinance,13,1,prepaid
LN0002990,Fair,>90,<=28,CA,Purchase,7,1,default
LN0002991,Fair,75-90,28-36,AZ,Purchase,23,1,default
LN0002992,Fair,>90,28-36,OH,Purchase,28,1,default
LN0002993,Good,<=60,28-36,GA,Purchase,19,1,prepaid
LN0002994,Good,>90,<=28,CA,Refinance,26,1,default
LN0002995,Good,<=60,36-43,NV,Purchase,24,1,prepaid
LN0002996,Good,60-75,28-36,GA,Purchase,9,1,prepaid
LN0002997,Fair,<=60,>43,AZ,Purchase,23,1,prepaid
LN0002998,Excellent,60-75,28-36,NY,Refinance,36,1,prepaid
LN0002999,Poor,60-75,36-43,TX,Purchase,17,1,default
LN0003000,Excellent,>90,28-36,AZ,Refinance,4,1,prepaid
LN0003001,Fair,75-90,28-36,CA,Refinance,17,1,prepaid
LN0003002,Good,>90,36-43,TX,Purchase,11,0,censored
LN0003003,Excellent,60-75,36-43,TX,Purchase,4,1,prepaid
LN0003004,Fair,<=60,28-36,CA,Refinance,16,1,prepaid
LN0003005,Excellent,75-90,28-36,WA,Purchase,8,1,prepaid
LN0003006,Fair,75-90,28-36,FL,Refinance,6,1,default
LN0003007,Good,60-75,28-36,NV,Refinance,12,1,default
LN0003008,Excellent,75-90,28-36,NV,Purchase,29,1,prepaid
LN0003009,Excellent,75-90,36-43,TX,Purchase,10,1,default
LN0003010,Fair,75-90,28-36,AZ,Refinance,21,1,default
LN0003011,Good,>90,28-36,CA,Refinance,5,1,default
LN0003012,Poor,75-90,36-43,FL,Purchase,20,1,default
LN0003013,Fair,75-90,>43,GA,Refinance,14,1,default
LN0003014,Fair,60-75,28-36,FL,Purchase,16,1,prepaid
LN0003015,Good,<=60,<=28,CA,CashOut,11,1,prepaid
LN0003016,Fair,60-75,<=28,TX,Refinance,5,1,default
LN0003017,Poor,75-90,36-43,GA,Purchase,13,1,default
LN0003018,Excellent,75-90,28-36,FL,Purchase,4,1,prepaid
LN0003019,Good,60-75,28-36,FL,Purchase,8,1,prepaid
LN0003020,Excellent,75-90,<=28,FL,Refinance,5,1,prepaid
LN0003021,Good,<=60,>43,AZ,Purchase,8,0,censored
LN0003022,Fair,60-75,28-36,AZ,Purchase,13,1,prepaid
LN0003023,Good,>90,36-43,AZ,Refinance,4,1,prepaid
LN0003024,Good,60-75,<=28,CA,Purchase,42,0,censored
LN0003025,Good,60-75,<=28,FL,Purchase,10,1,prepaid
LN0003026,Excellent,60-75,<=28,AZ,Refinance,22,1,prepaid
LN0003027,Good,60-75,28-36,WA,Refinance,18,1,prepaid
LN0003028,Poor,75-90,28-36,CA,Refinance,13,1,default
LN0003029,Fair,>90,<=28,FL,Purchase,7,1,default
LN0003030,Good,75-90,28-36,AZ,Refinance,15,1,prepaid
LN0003031,Fair,75-90,<=28,AZ,Refinance,5,0,censored
LN0003032,Excellent,60-75,28-36,IL,Purchase,9,0,censored
LN0003033,Good,75-90,<=28,TX,CashOut,31,1,prepaid
LN0003034,Excellent,60-75,<=28,CA,Purchase,4,1,prepaid
LN0003035,Poor,<=60,<=28,FL,Purchase,42,0,censored
LN0003036,Fair,>90,36-43,OH,CashOut,12,1,default
LN0003037,Fair,60-75,>43,AZ,Purchase,34,1,prepaid
LN0003038,Excellent,60-75,36-43,FL,CashOut,7,1,prepaid
LN0003039,Excellent,<=60,<=28,NV,Purchase,30,1,prepaid
LN0003040,Fair,75-90,>43,AZ,Purchase,6,1,prepaid
LN0003041,Good,<=60,>43,NV,Purchase,5,1,default
LN0003042,Poor,60-75,28-36,OH,Purchase,9,1,default
LN0003043,Fair,75-90,<=28,WA,CashOut,21,1,prepaid
LN0003044,Good,60-75,36-43,NV,CashOut,16,0,censored
LN0003045,Fair,>90,>43,GA,Refinance,6,1,default
LN0003046,Poor,60-75,36-43,AZ,Purchase,20,0,censored
LN0003047,Good,75-90,36-43,IL,Purchase,19,1,prepaid
LN0003048,Fair,>90,36-43,FL,Purchase,8,1,default
LN0003049,Poor,60-75,>43,WA,Purchase,9,1,default
LN0003050,Excellent,75-90,<=28,IL,Purchase,22,1,prepaid
LN0003051,Poor,60-75,<=28,NY,Purchase,16,1,default
LN0003052,Excellent,75-90,36-43,GA,Purchase,39,1,default
LN0003053,Fair,>90,<=28,GA,Refinance,13,0,censored
LN0003054,Fair,75-90,28-36,NY,Purchase,5,1,prepaid
LN0003055,Fair,>90,28-36,FL,Purchase,20,1,default
LN0003056,Good,75-90,<=28,WA,Purchase,33,1,prepaid
LN0003057,Fair,75-90,<=28,NY,Refinance,22,1,prepaid
LN0003058,Excellent,60-75,28-36,FL,Refinance,7,1,prepaid
LN0003059,Excellent,75-90,28-36,FL,Purchase,42,0,censored
LN0003060,Good,>90,28-36,GA,CashOut,21,1,prepaid
LN0003061,Good,75-90,28-36,IL,Refinance,42,0,censored
LN0003062,Good,60-75,>43,NY,Purchase,17,1,default
LN0003063,Excellent,60-75,28-36,TX,Purchase,28,0,censored
LN0003064,Poor,75-90,>43,CA,CashOut,23,1,default
LN0003065,Good,>90,28-36,GA,Purchase,17,1,default
LN0003066,Good,<=60,<=28,NV,Purchase,19,1,prepaid
LN0003067,Good,<=60,36-43,NY,Refinance,8,1,default
LN0003068,Excellent,60-75,36-43,AZ,Purchase,4,1,prepaid
LN0003069,Fair,<=60,<=28,GA,Refinance,4,0,censored
LN0003070,Good,>90,36-43,NY,Refinance,5,1,default
LN0003071,Excellent,60-75,36-43,WA,Refinance,28,1,default
LN0003072,Poor,60-75,<=28,TX,Refinance,36,1,default
LN0003073,Fair,60-75,28-36,NY,Refinance,4,1,prepaid
LN0003074,Fair,60-75,<=28,OH,Purchase,4,1,prepaid
LN0003075,Poor,>90,<=28,AZ,CashOut,10,1,default
LN0003076,Poor,60-75,>43,FL,Purchase,5,0,censored
LN0003077,Good,<=60,28-36,NV,Purchase,12,1,prepaid
LN0003078,Fair,60-75,36-43,GA,CashOut,18,0,censored
LN0003079,Fair,>90,36-43,FL,CashOut,17,1,default
LN0003080,Good,>90,>43,OH,Refinance,5,1,prepaid
LN0003081,Excellent,60-75,28-36,AZ,Purchase,42,0,censored
LN0003082,Excellent,75-90,28-36,FL,Purchase,35,1,prepaid
LN0003083,Fair,<=60,28-36,TX,Refinance,22,1,prepaid
LN0003084,Fair,75-90,36-43,FL,Purchase,10,1,default
LN0003085,Fair,<=60,28-36,OH,Purchase,8,1,prepaid
LN0003086,Good,75-90,36-43,CA,Purchase,42,0,censored
LN0003087,Excellent,>90,28-36,FL,CashOut,22,1,default
LN0003088,Good,<=60,<=28,NY,CashOut,34,1,prepaid
LN0003089,Good,60-75,>43,CA,CashOut,24,1,default
LN0003090,Poor,<=60,36-43,WA,Refinance,8,0,censored
LN0003091,Poor,60-75,28-36,AZ,Purchase,21,1,default
LN0003092,Poor,<=60,36-43,TX,Purchase,10,1,default
LN0003093,Poor,60-75,28-36,AZ,Purchase,4,1,default
LN0003094,Poor,>90,36-43,NV,Purchase,10,1,default
LN0003095,Good,<=60,28-36,AZ,Refinance,10,1,prepaid
LN0003096,Excellent,>90,28-36,OH,Purchase,31,1,default
LN0003097,Excellent,<=60,<=28,IL,CashOut,19,1,prepaid
LN0003098,Good,60-75,<=28,FL,Purchase,10,1,prepaid
LN0003099,Good,60-75,36-43,NV,Purchase,9,1,prepaid
LN0003100,Excellent,>90,28-36,WA,Refinance,8,1,prepaid
LN0003101,Poor,<=60,<=28,IL,Refinance,6,1,default
LN0003102,Excellent,<=60,<=28,NY,Purchase,4,1,prepaid
LN0003103,Poor,75-90,28-36,FL,Refinance,24,1,default
LN0003104,Fair,75-90,36-43,NY,Refinance,19,1,default
LN0003105,Fair,75-90,28-36,OH,Purchase,4,1,prepaid
LN0003106,Fair,<=60,36-43,WA,Purchase,12,1,default
LN0003107,Good,60-75,>43,NY,CashOut,5,1,prepaid
LN0003108,Fair,75-90,28-36,TX,Purchase,21,1,prepaid
LN0003109,Excellent,75-90,36-43,IL,Purchase,12,1,prepaid
LN0003110,Poor,75-90,<=28,FL,Purchase,19,1,default
LN0003111,Good,60-75,28-36,NY,Refinance,12,1,prepaid
LN0003112,Good,60-75,<=28,TX,CashOut,15,1,prepaid
LN0003113,Fair,>90,<=28,NV,Purchase,7,1,default
LN0003114,Fair,75-90,<=28,TX,Refinance,15,1,default
LN0003115,Good,<=60,<=28,TX,Refinance,5,1,prepaid
LN0003116,Fair,>90,36-43,GA,Purchase,6,1,default
LN0003117,Excellent,75-90,28-36,NY,Refinance,17,1,prepaid
LN0003118,Fair,60-75,>43,NV,CashOut,14,1,default
LN0003119,Good,60-75,28-36,IL,CashOut,12,1,default
LN0003120,Good,75-90,36-43,GA,Refinance,4,1,prepaid
LN0003121,Excellent,60-75,<=28,AZ,Purchase,19,1,prepaid
LN0003122,Good,75-90,28-36,NV,Purchase,28,1,default
LN0003123,Good,75-90,28-36,AZ,Purchase,16,1,default
LN0003124,Good,<=60,>43,WA,Refinance,19,1,default
LN0003125,Excellent,>90,>43,AZ,Purchase,9,1,prepaid
LN0003126,Excellent,60-75,<=28,FL,Refinance,42,0,censored
LN0003127,Good,60-75,36-43,AZ,Refinance,22,1,prepaid
LN0003128,Excellent,75-90,36-43,AZ,Purchase,9,1,prepaid
LN0003129,Fair,75-90,28-36,NY,CashOut,12,1,default
LN0003130,Poor,60-75,<=28,CA,Purchase,12,1,prepaid
LN0003131,Good,75-90,36-43,GA,Purchase,22,1,default
LN0003132,Poor,>90,36-43,TX,Refinance,4,1,default
LN0003133,Excellent,75-90,28-36,CA,Purchase,10,1,prepaid
LN0003134,Excellent,75-90,28-36,NV,Purchase,8,1,prepaid
LN0003135,Fair,60-75,<=28,WA,CashOut,7,1,prepaid
LN0003136,Fair,60-75,>43,GA,CashOut,8,1,prepaid
LN0003137,Fair,75-90,<=28,AZ,Refinance,42,0,censored
LN0003138,Excellent,<=60,<=28,NV,Purchase,42,0,censored
LN0003139,Fair,75-90,28-36,NV,Purchase,5,1,prepaid
LN0003140,Good,60-75,36-43,TX,Purchase,42,0,censored
LN0003141,Good,60-75,36-43,NY,Purchase,19,1,default
LN0003142,Excellent,60-75,<=28,OH,CashOut,38,1,prepaid
LN0003143,Poor,60-75,<=28,CA,Purchase,26,1,prepaid
LN0003144,Excellent,60-75,36-43,FL,Refinance,4,1,default
LN0003145,Fair,75-90,28-36,WA,Purchase,25,1,prepaid
LN0003146,Fair,75-90,<=28,NY,Refinance,40,1,default
LN0003147,Fair,60-75,>43,TX,Purchase,10,1,default
LN0003148,Fair,60-75,<=28,AZ,Purchase,10,1,prepaid
LN0003149,Poor,75-90,28-36,IL,Purchase,15,1,default
LN0003150,Excellent,<=60,<=28,IL,CashOut,11,1,prepaid
LN0003151,Excellent,60-75,36-43,GA,Refinance,8,1,default
LN0003152,Good,60-75,36-43,GA,Refinance,14,1,default
LN0003153,Good,75-90,28-36,IL,Purchase,24,1,default
LN0003154,Excellent,>90,36-43,AZ,Refinance,8,0,censored
LN0003155,Excellent,75-90,>43,FL,Refinance,5,1,prepaid
LN0003156,Good,>90,36-43,AZ,Purchase,15,1,prepaid
LN0003157,Excellent,>90,28-36,AZ,Refinance,5,0,censored
LN0003158,Excellent,60-75,28-36,CA,CashOut,6,1,prepaid
LN0003159,Poor,60-75,>43,OH,CashOut,4,1,prepaid
LN0003160,Good,60-75,<=28,TX,CashOut,23,1,default
LN0003161,Poor,60-75,<=28,IL,Purchase,4,1,default
LN0003162,Poor,75-90,<=28,NV,Purchase,6,1,prepaid
LN0003163,Excellent,60-75,36-43,TX,Purchase,4,1,prepaid
LN0003164,Fair,60-75,<=28,WA,Purchase,10,1,prepaid
LN0003165,Fair,60-75,28-36,OH,Purchase,5,1,prepaid
LN0003166,Fair,75-90,36-43,IL,Purchase,20,0,censored
LN0003167,Excellent,75-90,<=28,CA,Refinance,16,1,prepaid
LN0003168,Excellent,>90,28-36,CA,Refinance,12,1,prepaid
LN0003169,Excellent,60-75,28-36,WA,Refinance,26,1,prepaid
LN0003170,Fair,60-75,<=28,CA,CashOut,42,0,censored
LN0003171,Poor,>90,>43,CA,Purchase,8,1,prepaid
LN0003172,Fair,75-90,<=28,NV,Purchase,30,1,prepaid
LN0003173,Fair,75-90,36-43,WA,Refinance,4,1,default
LN0003174,Poor,60-75,28-36,IL,Refinance,23,1,default
LN0003175,Fair,<=60,<=28,TX,Purchase,9,1,prepaid
LN0003176,Excellent,>90,<=28,OH,CashOut,13,1,prepaid
LN0003177,Poor,75-90,28-36,WA,Purchase,4,1,prepaid
LN0003178,Good,75-90,28-36,FL,Refinance,17,1,default
LN0003179,Excellent,60-75,<=28,OH,CashOut,23,1,prepaid
LN0003180,Good,60-75,>43,FL,Purchase,9,1,prepaid
LN0003181,Poor,60-75,28-36,WA,Refinance,13,0,censored
LN0003182,Good,75-90,>43,WA,Purchase,4,1,default
LN0003183,Good,60-75,<=28,FL,Purchase,31,1,prepaid
LN0003184,Excellent,<=60,<=28,AZ,Purchase,13,1,prepaid
LN0003185,Excellent,60-75,28-36,OH,Refinance,7,0,censored
LN0003186,Excellent,>90,28-36,FL,Refinance,5,1,default
LN0003187,Fair,60-75,<=28,TX,CashOut,7,1,prepaid
LN0003188,Poor,60-75,<=28,NY,Refinance,23,1,default
LN0003189,Excellent,75-90,<=28,IL,Purchase,14,0,censored
LN0003190,Good,75-90,36-43,WA,Refinance,4,1,prepaid
LN0003191,Excellent,75-90,28-36,IL,Purchase,42,0,censored
LN0003192,Excellent,>90,>43,CA,Refinance,12,1,default
LN0003193,Good,<=60,<=28,GA,Purchase,42,0,censored
LN0003194,Fair,>90,28-36,NY,Refinance,19,1,default
LN0003195,Fair,>90,28-36,NY,CashOut,13,0,censored
LN0003196,Good,60-75,28-36,WA,Purchase,19,1,prepaid
LN0003197,Good,75-90,>43,AZ,Refinance,42,0,censored
LN0003198,Excellent,60-75,36-43,CA,Refinance,12,0,censored
LN0003199,Excellent,60-75,<=28,NV,Purchase,32,1,prepaid
LN0003200,Poor,60-75,28-36,GA,Purchase,8,1,default
LN0003201,Fair,<=60,36-43,WA,Refinance,11,1,prepaid
LN0003202,Poor,>90,<=28,CA,Purchase,21,1,default
LN0003203,Poor,60-75,28-36,OH,Purchase,6,1,prepaid
LN0003204,Fair,75-90,28-36,OH,Refinance,7,0,censored
LN0003205,Poor,60-75,28-36,WA,Refinance,9,1,prepaid
LN0003206,Good,60-75,28-36,AZ,Purchase,14,1,prepaid
LN0003207,Excellent,60-75,28-36,AZ,CashOut,4,1,prepaid
LN0003208,Excellent,60-75,>43,AZ,CashOut,25,1,default
LN0003209,Excellent,75-90,28-36,NY,CashOut,4,1,prepaid
LN0003210,Excellent,>90,>43,GA,Refinance,6,1,default
LN0003211,Good,60-75,36-43,CA,Purchase,6,1,prepaid
LN0003212,Fair,>90,28-36,WA,Purchase,12,1,prepaid
LN0003213,Fair,75-90,28-36,TX,CashOut,4,1,prepaid
LN0003214,Good,75-90,28-36,NY,CashOut,42,0,censored
LN0003215,Excellent,60-75,36-43,GA,Refinance,18,1,default
LN0003216,Fair,<=60,<=28,IL,Refinance,42,0,censored
LN0003217,Good,>90,>43,AZ,Purchase,12,1,prepaid
LN0003218,Excellent,75-90,28-36,CA,Refinance,21,1,prepaid
LN0003219,Good,60-75,36-43,NV,Purchase,19,1,default
LN0003220,Good,75-90,28-36,OH,Refinance,41,1,prepaid
LN0003221,Good,60-75,28-36,IL,Refinance,9,1,prepaid
LN0003222,Fair,75-90,36-43,CA,Refinance,15,1,prepaid
LN0003223,Fair,60-75,36-43,CA,Purchase,7,1,default
LN0003224,Fair,>90,<=28,IL,Refinance,11,1,default
LN0003225,Excellent,60-75,28-36,WA,Purchase,19,1,prepaid
LN0003226,Fair,<=60,28-36,WA,Purchase,7,1,prepaid
LN0003227,Fair,75-90,36-43,FL,Purchase,8,1,default
LN0003228,Excellent,<=60,28-36,GA,Purchase,10,0,censored
LN0003229,Fair,>90,<=28,GA,Purchase,16,1,default
LN0003230,Good,75-90,36-43,NY,Purchase,4,1,prepaid
LN0003231,Good,60-75,28-36,NY,Purchase,5,1,prepaid
LN0003232,Excellent,60-75,28-36,IL,Purchase,9,1,prepaid
LN0003233,Good,>90,36-43,OH,Purchase,17,1,default
LN0003234,Excellent,75-90,36-43,WA,Refinance,40,1,default
LN0003235,Excellent,>90,36-43,TX,Purchase,18,1,default
LN0003236,Excellent,<=60,<=28,NV,Purchase,29,1,prepaid
LN0003237,Poor,>90,<=28,FL,Purchase,4,1,default
LN0003238,Good,60-75,36-43,GA,Purchase,15,1,default
LN0003239,Good,75-90,<=28,CA,Refinance,10,1,prepaid
LN0003240,Good,60-75,<=28,FL,CashOut,4,1,prepaid
LN0003241,Poor,<=60,<=28,WA,Purchase,7,0,censored
LN0003242,Good,>90,28-36,AZ,Purchase,18,1,default
LN0003243,Poor,>90,>43,WA,Purchase,8,1,prepaid
LN0003244,Good,60-75,<=28,CA,Purchase,17,1,prepaid
LN0003245,Excellent,>90,28-36,NV,CashOut,14,1,prepaid
LN0003246,Good,<=60,>43,FL,Refinance,28,1,prepaid
LN0003247,Good,<=60,>43,NY,Refinance,26,1,prepaid
LN0003248,Fair,<=60,<=28,TX,CashOut,33,1,default
LN0003249,Poor,60-75,>43,GA,Refinance,5,1,default
LN0003250,Good,<=60,<=28,IL,Purchase,6,1,prepaid
LN0003251,Poor,60-75,36-43,FL,Refinance,6,1,default
LN0003252,Good,<=60,<=28,GA,Refinance,4,1,prepaid
LN0003253,Good,75-90,28-36,TX,Purchase,12,1,default
LN0003254,Good,75-90,<=28,WA,Refinance,11,1,prepaid
LN0003255,Excellent,75-90,36-43,GA,Purchase,11,0,censored
LN0003256,Fair,60-75,<=28,AZ,Purchase,6,1,default
LN0003257,Excellent,75-90,28-36,GA,Refinance,4,1,prepaid
LN0003258,Good,60-75,36-43,WA,Purchase,7,1,default
LN0003259,Good,75-90,<=28,CA,Purchase,42,0,censored
LN0003260,Excellent,75-90,>43,FL,Purchase,20,1,default
LN0003261,Excellent,60-75,28-36,WA,Refinance,17,1,prepaid
LN0003262,Fair,<=60,<=28,WA,CashOut,6,1,prepaid
LN0003263,Excellent,75-90,<=28,WA,Refinance,4,1,prepaid
LN0003264,Good,>90,28-36,OH,Refinance,17,1,default
LN0003265,Good,75-90,<=28,NV,Purchase,40,1,default
LN0003266,Excellent,>90,28-36,WA,Refinance,14,0,censored
LN0003267,Excellent,>90,36-43,TX,Purchase,21,0,censored
LN0003268,Fair,<=60,28-36,IL,Purchase,11,1,prepaid
LN0003269,Poor,75-90,28-36,FL,Refinance,11,1,prepaid
LN0003270,Excellent,60-75,36-43,WA,Purchase,12,0,censored
LN0003271,Poor,60-75,28-36,WA,CashOut,38,0,censored
LN0003272,Good,<=60,36-43,WA,Purchase,5,1,default
LN0003273,Fair,>90,>43,WA,Refinance,18,1,default
LN0003274,Fair,75-90,<=28,NY,Purchase,6,1,default
LN0003275,Fair,60-75,36-43,TX,Refinance,4,1,prepaid
LN0003276,Fair,60-75,>43,AZ,Refinance,15,1,default
LN0003277,Good,60-75,28-36,IL,Purchase,4,1,prepaid
LN0003278,Good,75-90,>43,FL,CashOut,23,1,prepaid
LN0003279,Good,>90,28-36,NV,Refinance,42,0,censored
LN0003280,Excellent,60-75,28-36,CA,Purchase,21,1,prepaid
LN0003281,Fair,60-75,28-36,NY,Refinance,4,1,prepaid
LN0003282,Excellent,75-90,<=28,OH,Purchase,36,1,prepaid
LN0003283,Good,60-75,>43,IL,Refinance,42,0,censored
LN0003284,Excellent,60-75,<=28,AZ,Purchase,5,1,prepaid
LN0003285,Excellent,<=60,>43,NY,Refinance,5,1,prepaid
LN0003286,Fair,<=60,36-43,GA,Purchase,26,1,default
LN0003287,Fair,60-75,>43,IL,Refinance,6,1,default
LN0003288,Good,>90,>43,IL,CashOut,9,1,default
LN0003289,Excellent,60-75,28-36,IL,CashOut,34,1,prepaid
LN0003290,Good,60-75,>43,NV,Refinance,5,1,default
LN0003291,Good,75-90,36-43,OH,Refinance,9,1,default
LN0003292,Fair,>90,28-36,NY,Refinance,6,1,default
LN0003293,Good,60-75,36-43,IL,Purchase,12,1,prepaid
LN0003294,Good,<=60,<=28,IL,Refinance,4,1,prepaid
LN0003295,Good,75-90,<=28,OH,Refinance,7,1,prepaid
LN0003296,Poor,60-75,28-36,WA,Purchase,17,1,prepaid
LN0003297,Fair,75-90,28-36,WA,Refinance,13,1,default
LN0003298,Good,60-75,<=28,IL,Purchase,20,1,prepaid
LN0003299,Good,<=60,28-36,NY,Refinance,9,1,prepaid
LN0003300,Excellent,60-75,36-43,WA,Purchase,11,1,prepaid
LN0003301,Poor,75-90,36-43,AZ,CashOut,4,1,default
LN0003302,Good,60-75,>43,NV,Purchase,9,1,prepaid
LN0003303,Good,60-75,>43,CA,Purchase,21,1,prepaid
LN0003304,Poor,60-75,>43,FL,Refinance,15,1,prepaid
LN0003305,Fair,75-90,36-43,GA,Purchase,8,1,default
LN0003306,Excellent,<=60,<=28,TX,Purchase,18,1,prepaid
LN0003307,Excellent,75-90,>43,GA,Refinance,21,1,default
LN0003308,Excellent,75-90,<=28,IL,CashOut,4,1,prepaid
LN0003309,Good,60-75,<=28,TX,Refinance,37,1,default
LN0003310,Excellent,>90,28-36,WA,Purchase,4,1,prepaid
LN0003311,Poor,>90,28-36,WA,Purchase,18,1,default
LN0003312,Poor,60-75,36-43,OH,Refinance,5,1,prepaid
LN0003313,Good,<=60,<=28,AZ,Refinance,34,1,prepaid
LN0003314,Fair,60-75,36-43,NV,CashOut,11,1,prepaid
LN0003315,Good,60-75,<=28,IL,Purchase,7,1,prepaid
LN0003316,Excellent,60-75,28-36,GA,Refinance,17,1,prepaid
LN0003317,Fair,>90,28-36,OH,CashOut,4,1,prepaid
LN0003318,Excellent,>90,28-36,NV,Purchase,8,1,default
LN0003319,Excellent,60-75,36-43,GA,CashOut,27,1,prepaid
LN0003320,Good,60-75,<=28,FL,Purchase,23,0,censored
LN0003321,Excellent,<=60,<=28,NY,Refinance,42,0,censored
LN0003322,Good,60-75,<=28,FL,Purchase,30,1,prepaid
LN0003323,Fair,<=60,36-43,TX,Refinance,11,1,prepaid
LN0003324,Fair,>90,>43,NY,CashOut,5,1,default
LN0003325,Fair,>90,36-43,IL,Purchase,7,1,default
LN0003326,Fair,60-75,28-36,OH,Refinance,13,1,default
LN0003327,Good,75-90,>43,FL,Purchase,29,1,prepaid
LN0003328,Fair,75-90,28-36,TX,Purchase,6,1,prepaid
LN0003329,Good,75-90,<=28,TX,Refinance,4,1,prepaid
LN0003330,Excellent,60-75,28-36,TX,Refinance,8,0,censored
LN0003331,Poor,<=60,28-36,IL,Purchase,17,1,default
LN0003332,Good,75-90,28-36,IL,Purchase,31,1,default
LN0003333,Excellent,<=60,28-36,NY,Purchase,12,1,prepaid
LN0003334,Excellent,75-90,28-36,NY,Purchase,6,1,prepaid
LN0003335,Good,60-75,28-36,IL,Purchase,42,0,censored
LN0003336,Good,75-90,28-36,GA,Purchase,25,1,default
LN0003337,Good,75-90,<=28,CA,Refinance,42,0,censored
LN0003338,Poor,<=60,>43,AZ,Purchase,16,1,default
LN0003339,Good,60-75,36-43,NY,CashOut,7,1,prepaid
LN0003340,Good,75-90,<=28,TX,Purchase,14,1,prepaid
LN0003341,Good,<=60,<=28,TX,Purchase,4,1,prepaid
LN0003342,Fair,75-90,<=28,WA,Purchase,4,1,prepaid
LN0003343,Excellent,75-90,<=28,WA,Purchase,23,0,censored
LN0003344,Excellent,60-75,<=28,CA,Refinance,5,1,prepaid
LN0003345,Good,75-90,<=28,IL,Purchase,16,1,prepaid
LN0003346,Fair,60-75,36-43,FL,Purchase,25,1,prepaid
LN0003347,Fair,75-90,36-43,NV,Purchase,4,1,default
LN0003348,Good,<=60,36-43,NY,Refinance,10,1,prepaid
LN0003349,Fair,<=60,36-43,NV,Purchase,29,1,default
LN0003350,Good,<=60,36-43,WA,Purchase,4,0,censored
LN0003351,Excellent,>90,36-43,NV,Purchase,7,0,censored
LN0003352,Excellent,>90,>43,WA,Refinance,21,1,default
LN0003353,Excellent,75-90,36-43,TX,CashOut,4,1,prepaid
LN0003354,Good,<=60,36-43,GA,Purchase,6,1,prepaid
LN0003355,Good,60-75,36-43,IL,Purchase,13,1,prepaid
LN0003356,Good,75-90,28-36,AZ,Purchase,42,0,censored
LN0003357,Good,75-90,<=28,NY,CashOut,42,0,censored
LN0003358,Good,<=60,<=28,TX,Purchase,32,1,prepaid
LN0003359,Fair,>90,28-36,TX,Refinance,6,1,default
LN0003360,Fair,<=60,<=28,OH,Refinance,15,1,prepaid
LN0003361,Good,<=60,<=28,FL,Purchase,39,1,prepaid
LN0003362,Good,>90,<=28,GA,Refinance,19,1,default
LN0003363,Good,60-75,28-36,TX,Refinance,42,0,censored
LN0003364,Good,60-75,>43,CA,Purchase,9,0,censored
LN0003365,Good,75-90,28-36,OH,Purchase,9,1,default
LN0003366,Good,>90,<=28,NY,Purchase,13,1,prepaid
LN0003367,Fair,<=60,28-36,WA,Purchase,12,1,default
LN0003368,Fair,75-90,28-36,CA,Refinance,11,1,default
LN0003369,Excellent,60-75,36-43,TX,Refinance,22,1,prepaid
LN0003370,Good,<=60,36-43,CA,Refinance,4,1,prepaid
LN0003371,Poor,60-75,<=28,FL,Refinance,7,1,default
LN0003372,Excellent,60-75,28-36,FL,Purchase,4,0,censored
LN0003373,Poor,60-75,<=28,NY,Purchase,16,1,default
LN0003374,Excellent,60-75,36-43,FL,Refinance,10,1,default
LN0003375,Good,75-90,>43,IL,Purchase,10,1,prepaid
LN0003376,Good,75-90,>43,NV,Purchase,9,1,prepaid
LN0003377,Excellent,75-90,<=28,CA,Refinance,17,0,censored
LN0003378,Poor,75-90,36-43,AZ,Refinance,6,1,default
LN0003379,Good,60-75,36-43,IL,Purchase,11,1,default
LN0003380,Poor,60-75,>43,WA,Refinance,4,1,prepaid
LN0003381,Good,60-75,28-36,GA,Purchase,42,0,censored
LN0003382,Poor,75-90,28-36,OH,Refinance,13,1,default
LN0003383,Poor,<=60,<=28,NV,Refinance,9,1,default
LN0003384,Good,60-75,<=28,NV,Refinance,13,1,prepaid
LN0003385,Excellent,<=60,36-43,CA,Purchase,4,0,censored
LN0003386,Fair,60-75,28-36,IL,Refinance,37,1,default
LN0003387,Good,>90,<=28,WA,Purchase,4,1,prepaid
LN0003388,Poor,75-90,36-43,WA,Purchase,18,1,default
LN0003389,Good,60-75,28-36,NV,CashOut,15,1,prepaid
LN0003390,Good,75-90,>43,GA,Purchase,13,1,prepaid
LN0003391,Excellent,75-90,36-43,IL,Refinance,8,1,prepaid
LN0003392,Fair,60-75,>43,NV,Purchase,35,1,default
LN0003393,Poor,60-75,36-43,OH,Refinance,15,0,censored
LN0003394,Excellent,75-90,<=28,OH,Refinance,7,1,prepaid
LN0003395,Fair,<=60,<=28,GA,Purchase,13,1,prepaid
LN0003396,Poor,60-75,>43,CA,Refinance,4,0,censored
LN0003397,Excellent,60-75,<=28,NV,CashOut,12,1,prepaid
LN0003398,Excellent,75-90,28-36,OH,Refinance,4,1,prepaid
LN0003399,Fair,>90,36-43,TX,CashOut,16,1,default
LN0003400,Fair,75-90,<=28,FL,Purchase,4,1,prepaid
LN0003401,Excellent,60-75,<=28,NY,CashOut,35,1,prepaid
LN0003402,Fair,<=60,28-36,FL,Purchase,42,0,censored
LN0003403,Good,75-90,28-36,GA,Purchase,39,1,prepaid
LN0003404,Poor,75-90,36-43,WA,Purchase,7,1,default
LN0003405,Poor,>90,<=28,FL,Purchase,15,1,prepaid
LN0003406,Fair,75-90,28-36,GA,Refinance,8,1,prepaid
LN0003407,Good,<=60,<=28,FL,Purchase,13,1,prepaid
LN0003408,Good,75-90,36-43,TX,Refinance,22,1,prepaid
LN0003409,Good,>90,<=28,NV,Purchase,7,1,default
LN0003410,Excellent,75-90,<=28,NY,Purchase,18,1,prepaid
LN0003411,Fair,75-90,36-43,FL,CashOut,4,0,censored
LN0003412,Excellent,60-75,<=28,OH,Refinance,42,0,censored
LN0003413,Good,75-90,36-43,OH,Purchase,4,1,prepaid
LN0003414,Excellent,60-75,28-36,TX,Refinance,20,1,prepaid
LN0003415,Good,<=60,<=28,CA,CashOut,11,1,prepaid
LN0003416,Excellent,75-90,28-36,AZ,Purchase,4,1,prepaid
LN0003417,Fair,>90,>43,WA,Purchase,8,1,default
LN0003418,Fair,>90,28-36,IL,CashOut,9,1,prepaid
LN0003419,Excellent,60-75,<=28,IL,Purchase,17,1,prepaid
LN0003420,Poor,<=60,28-36,WA,Purchase,8,1,prepaid
LN0003421,Poor,60-75,28-36,GA,Purchase,10,1,default
LN0003422,Good,75-90,36-43,CA,Purchase,42,1,prepaid
LN0003423,Fair,75-90,>43,FL,CashOut,14,1,prepaid
LN0003424,Good,>90,28-36,NV,CashOut,7,0,censored
LN0003425,Excellent,60-75,28-36,TX,Refinance,30,1,prepaid
LN0003426,Good,75-90,28-36,NV,Refinance,17,0,censored
LN0003427,Excellent,75-90,>43,IL,Refinance,19,1,default
LN0003428,Poor,60-75,28-36,TX,Refinance,15,1,default
LN0003429,Poor,>90,<=28,WA,Refinance,7,1,prepaid
LN0003430,Fair,75-90,>43,GA,CashOut,22,1,prepaid
LN0003431,Good,<=60,>43,NY,Purchase,23,1,prepaid
LN0003432,Good,<=60,28-36,OH,Purchase,9,1,prepaid
LN0003433,Poor,>90,28-36,CA,Refinance,4,1,prepaid
LN0003434,Excellent,75-90,36-43,TX,Refinance,21,0,censored
LN0003435,Excellent,75-90,36-43,GA,Purchase,38,1,prepaid
LN0003436,Good,75-90,28-36,WA,Purchase,42,0,censored
LN0003437,Good,60-75,28-36,GA,Refinance,22,0,censored
LN0003438,Good,75-90,28-36,AZ,Purchase,22,1,prepaid
LN0003439,Excellent,>90,28-36,NV,CashOut,7,1,prepaid
LN0003440,Good,<=60,<=28,WA,Refinance,16,0,censored
LN0003441,Good,75-90,36-43,WA,Purchase,4,1,prepaid
LN0003442,Excellent,60-75,<=28,NV,Refinance,42,0,censored
LN0003443,Excellent,60-75,28-36,NV,Refinance,4,1,prepaid
LN0003444,Good,60-75,36-43,CA,Purchase,24,1,prepaid
LN0003445,Poor,>90,28-36,WA,Purchase,14,1,default
LN0003446,Good,<=60,28-36,NV,Purchase,21,1,prepaid
LN0003447,Fair,60-75,>43,CA,CashOut,4,1,prepaid
LN0003448,Fair,75-90,<=28,NV,CashOut,7,1,prepaid
LN0003449,Good,<=60,>43,OH,Purchase,40,1,default
LN0003450,Fair,75-90,<=28,TX,Refinance,42,1,prepaid
LN0003451,Fair,>90,28-36,GA,Refinance,16,1,default
LN0003452,Good,<=60,36-43,IL,Purchase,13,1,default
LN0003453,Excellent,<=60,28-36,NY,Purchase,23,1,prepaid
LN0003454,Excellent,>90,28-36,GA,CashOut,42,1,prepaid
LN0003455,Poor,<=60,<=28,OH,Purchase,11,1,default
LN0003456,Fair,<=60,28-36,AZ,Refinance,8,1,default
LN0003457,Poor,>90,<=28,IL,Refinance,4,1,prepaid
LN0003458,Poor,>90,36-43,TX,Refinance,4,1,default
LN0003459,Excellent,75-90,28-36,AZ,Purchase,8,1,prepaid
LN0003460,Fair,75-90,28-36,NY,Purchase,11,1,default
LN0003461,Good,>90,<=28,OH,CashOut,4,1,prepaid
LN0003462,Fair,75-90,28-36,OH,Purchase,5,1,default
LN0003463,Excellent,75-90,28-36,CA,Purchase,5,1,prepaid
LN0003464,Good,75-90,28-36,IL,Purchase,4,0,censored
LN0003465,Fair,75-90,36-43,CA,Refinance,4,1,prepaid
LN0003466,Fair,60-75,<=28,GA,Purchase,20,1,default
LN0003467,Fair,60-75,<=28,OH,Refinance,21,0,censored
LN0003468,Good,60-75,36-43,WA,Purchase,38,0,censored
LN0003469,Good,60-75,<=28,NY,Refinance,24,1,prepaid
LN0003470,Poor,60-75,<=28,NV,CashOut,19,1,default
LN0003471,Good,60-75,36-43,CA,Refinance,13,1,default
LN0003472,Good,75-90,36-43,TX,Refinance,19,1,prepaid
LN0003473,Good,60-75,<=28,NY,Refinance,5,1,prepaid
LN0003474,Good,<=60,<=28,NV,Refinance,5,1,prepaid
LN0003475,Good,60-75,28-36,AZ,Purchase,16,1,prepaid
LN0003476,Good,60-75,28-36,WA,Refinance,4,1,prepaid
LN0003477,Fair,75-90,28-36,NV,Purchase,8,1,prepaid
LN0003478,Poor,60-75,36-43,NV,Purchase,14,1,prepaid
LN0003479,Poor,60-75,36-43,WA,Purchase,13,1,default
LN0003480,Good,75-90,>43,TX,Purchase,4,0,censored
LN0003481,Good,<=60,28-36,AZ,Purchase,37,1,prepaid
LN0003482,Fair,<=60,<=28,GA,Refinance,23,0,censored
LN0003483,Fair,75-90,28-36,TX,Refinance,23,1,default
LN0003484,Good,75-90,<=28,AZ,Purchase,20,1,prepaid
LN0003485,Fair,75-90,28-36,NY,Purchase,8,1,default
LN0003486,Fair,75-90,>43,OH,Refinance,11,1,default
LN0003487,Fair,>90,28-36,FL,Refinance,5,1,default
LN0003488,Fair,<=60,<=28,CA,Refinance,21,1,default
LN0003489,Excellent,75-90,28-36,IL,Purchase,9,1,prepaid
LN0003490,Good,75-90,>43,IL,Refinance,10,1,prepaid
LN0003491,Good,60-75,<=28,AZ,Purchase,13,1,default
LN0003492,Excellent,>90,36-43,TX,Refinance,11,1,prepaid
LN0003493,Poor,60-75,36-43,NV,Purchase,18,1,default
LN0003494,Fair,>90,28-36,TX,Purchase,4,1,default
LN0003495,Excellent,75-90,36-43,NV,CashOut,4,1,default
LN0003496,Fair,60-75,28-36,OH,CashOut,32,1,prepaid
LN0003497,Fair,<=60,28-36,NY,Purchase,11,1,prepaid
LN0003498,Fair,>90,28-36,NV,Purchase,10,1,default
LN0003499,Good,75-90,<=28,NY,CashOut,13,1,prepaid
LN0003500,Poor,<=60,36-43,GA,Purchase,18,1,prepaid
LN0003501,Good,<=60,36-43,CA,CashOut,4,1,default
LN0003502,Good,75-90,28-36,TX,Purchase,16,1,default
LN0003503,Excellent,<=60,28-36,NY,Purchase,42,0,censored
LN0003504,Fair,75-90,<=28,FL,Purchase,6,1,prepaid
LN0003505,Fair,75-90,<=28,FL,Refinance,8,1,prepaid
LN0003506,Good,60-75,36-43,NY,Purchase,4,1,prepaid
LN0003507,Good,75-90,<=28,GA,Purchase,4,1,prepaid
LN0003508,Fair,60-75,36-43,TX,CashOut,24,1,default
LN0003509,Fair,>90,28-36,OH,Purchase,8,0,censored
LN0003510,Good,>90,36-43,AZ,Refinance,6,0,censored
LN0003511,Poor,60-75,28-36,AZ,Purchase,12,1,prepaid
LN0003512,Fair,60-75,28-36,TX,Refinance,5,1,prepaid
LN0003513,Poor,60-75,36-43,AZ,Purchase,6,1,default
LN0003514,Poor,>90,28-36,TX,Refinance,8,1,default
LN0003515,Poor,60-75,<=28,TX,Refinance,16,1,default
LN0003516,Fair,75-90,>43,OH,CashOut,11,1,default
LN0003517,Fair,>90,28-36,OH,CashOut,19,0,censored
LN0003518,Excellent,<=60,<=28,TX,Purchase,24,1,prepaid
LN0003519,Good,75-90,28-36,IL,Purchase,4,1,default
LN0003520,Fair,<=60,28-36,IL,Purchase,4,1,prepaid
LN0003521,Good,75-90,36-43,OH,Refinance,21,1,prepaid
LN0003522,Poor,60-75,36-43,WA,Purchase,4,1,prepaid
LN0003523,Excellent,>90,28-36,GA,Refinance,21,1,default
LN0003524,Good,60-75,<=28,CA,CashOut,9,1,prepaid
LN0003525,Good,<=60,28-36,NV,Purchase,4,1,prepaid
LN0003526,Good,75-90,<=28,WA,Purchase,4,1,prepaid
LN0003527,Excellent,75-90,36-43,GA,Refinance,18,1,prepaid
LN0003528,Excellent,75-90,<=28,IL,Purchase,22,1,prepaid
LN0003529,Fair,75-90,36-43,FL,Purchase,13,1,default
LN0003530,Good,60-75,28-36,GA,Purchase,17,1,prepaid
LN0003531,Excellent,75-90,36-43,FL,CashOut,20,1,default
LN0003532,Excellent,<=60,<=28,FL,Refinance,39,1,prepaid
LN0003533,Good,<=60,<=28,WA,Purchase,5,1,prepaid
LN0003534,Excellent,>90,>43,NY,Purchase,12,1,prepaid
LN0003535,Fair,75-90,28-36,AZ,Refinance,11,1,prepaid
LN0003536,Fair,60-75,28-36,GA,Purchase,42,0,censored
LN0003537,Excellent,<=60,36-43,NY,CashOut,41,1,prepaid
LN0003538,Good,>90,>43,CA,Refinance,4,1,prepaid
LN0003539,Excellent,<=60,28-36,NY,CashOut,12,1,prepaid
LN0003540,Good,60-75,>43,TX,Refinance,20,1,prepaid
LN0003541,Poor,<=60,<=28,FL,CashOut,24,1,default
LN0003542,Good,<=60,>43,FL,Refinance,14,1,default
LN0003543,Poor,60-75,<=28,GA,Refinance,20,1,prepaid
LN0003544,Excellent,>90,28-36,TX,Purchase,4,1,prepaid
LN0003545,Good,60-75,<=28,TX,Refinance,5,1,prepaid
LN0003546,Good,60-75,36-43,CA,Refinance,20,1,default
LN0003547,Good,75-90,>43,NV,Purchase,6,1,default
LN0003548,Poor,75-90,28-36,NV,Refinance,25,1,prepaid
LN0003549,Excellent,75-90,28-36,FL,Purchase,35,0,censored
LN0003550,Poor,75-90,28-36,IL,Purchase,4,1,default
LN0003551,Poor,75-90,<=28,NY,Purchase,13,1,default
LN0003552,Good,75-90,36-43,WA,Purchase,24,1,default
LN0003553,Good,75-90,<=28,WA,Purchase,11,1,prepaid
LN0003554,Good,75-90,>43,FL,CashOut,13,1,default
LN0003555,Good,75-90,>43,GA,Refinance,15,1,prepaid
LN0003556,Fair,<=60,<=28,CA,CashOut,16,1,default
LN0003557,Good,75-90,28-36,GA,CashOut,7,1,default
LN0003558,Poor,75-90,>43,OH,Purchase,5,1,default
LN0003559,Fair,60-75,>43,CA,Refinance,6,1,prepaid
LN0003560,Good,>90,36-43,OH,Purchase,4,1,prepaid
LN0003561,Fair,60-75,<=28,OH,CashOut,11,1,default
LN0003562,Good,60-75,<=28,NV,Purchase,42,0,censored
LN0003563,Poor,>90,36-43,AZ,Purchase,6,1,prepaid
LN0003564,Excellent,60-75,28-36,CA,Purchase,4,0,censored
LN0003565,Poor,60-75,36-43,CA,Refinance,7,1,default
LN0003566,Fair,60-75,36-43,TX,Purchase,4,1,default
LN0003567,Poor,>90,28-36,WA,Purchase,7,1,default
LN0003568,Good,60-75,<=28,OH,CashOut,9,1,prepaid
LN0003569,Fair,75-90,28-36,GA,Purchase,42,0,censored
LN0003570,Good,75-90,>43,NY,Refinance,11,1,prepaid
LN0003571,Fair,75-90,28-36,FL,Refinance,4,1,default
LN0003572,Excellent,>90,<=28,CA,Purchase,17,1,default
LN0003573,Good,75-90,>43,NY,Purchase,11,1,prepaid
LN0003574,Good,60-75,36-43,NY,Purchase,13,1,default
LN0003575,Good,>90,28-36,NY,CashOut,16,1,default
LN0003576,Good,60-75,36-43,CA,Refinance,20,1,prepaid
LN0003577,Fair,<=60,28-36,FL,Purchase,13,1,prepaid
LN0003578,Good,60-75,>43,AZ,Refinance,42,0,censored
LN0003579,Fair,75-90,>43,FL,Purchase,18,1,default
LN0003580,Excellent,<=60,28-36,AZ,Purchase,38,1,prepaid
LN0003581,Fair,75-90,28-36,CA,Purchase,14,1,prepaid
LN0003582,Fair,60-75,28-36,GA,Refinance,10,1,default
LN0003583,Good,60-75,36-43,TX,Purchase,4,1,prepaid
LN0003584,Fair,<=60,36-43,NY,Refinance,13,0,censored
LN0003585,Poor,75-90,28-36,NV,Purchase,17,1,default
LN0003586,Fair,60-75,>43,OH,Refinance,4,1,prepaid
LN0003587,Good,<=60,28-36,WA,Refinance,8,1,prepaid
LN0003588,Good,60-75,36-43,GA,Purchase,21,1,prepaid
LN0003589,Fair,60-75,36-43,GA,Purchase,36,0,censored
LN0003590,Good,75-90,28-36,OH,Refinance,13,1,default
LN0003591,Fair,60-75,<=28,WA,Purchase,13,1,prepaid
LN0003592,Good,<=60,36-43,WA,Purchase,42,0,censored
LN0003593,Fair,>90,36-43,CA,Refinance,20,1,default
LN0003594,Excellent,60-75,<=28,NV,Refinance,30,1,prepaid
LN0003595,Excellent,<=60,36-43,WA,Refinance,42,0,censored
LN0003596,Poor,75-90,28-36,FL,Purchase,14,1,default
LN0003597,Poor,75-90,28-36,TX,Purchase,12,1,default
LN0003598,Poor,75-90,36-43,GA,Refinance,8,1,default
LN0003599,Poor,60-75,28-36,OH,Refinance,6,1,default
LN0003600,Good,60-75,36-43,AZ,Purchase,27,1,default
LN0003601,Good,60-75,36-43,AZ,Purchase,38,1,default
LN0003602,Excellent,<=60,<=28,AZ,Purchase,10,0,censored
LN0003603,Good,60-75,28-36,GA,Purchase,13,1,prepaid
LN0003604,Excellent,>90,<=28,NV,CashOut,22,1,prepaid
LN0003605,Poor,75-90,<=28,CA,Purchase,9,1,prepaid
LN0003606,Excellent,60-75,36-43,NY,Refinance,4,1,prepaid
LN0003607,Excellent,60-75,<=28,IL,Purchase,5,1,prepaid
LN0003608,Excellent,75-90,>43,GA,Purchase,27,1,default
LN0003609,Excellent,60-75,28-36,FL,Refinance,15,1,prepaid
LN0003610,Excellent,<=60,28-36,FL,Refinance,16,1,prepaid
LN0003611,Fair,<=60,>43,NV,Purchase,12,1,prepaid
LN0003612,Good,75-90,28-36,GA,Purchase,25,1,default
LN0003613,Fair,75-90,36-43,GA,Purchase,17,1,default
LN0003614,Poor,<=60,36-43,TX,Purchase,11,1,prepaid
LN0003615,Fair,<=60,>43,WA,Refinance,12,1,default
LN0003616,Fair,75-90,<=28,IL,Purchase,4,1,prepaid
LN0003617,Good,75-90,<=28,GA,Purchase,28,1,prepaid
LN0003618,Excellent,75-90,>43,NV,Refinance,16,1,default
LN0003619,Good,<=60,<=28,FL,CashOut,5,1,prepaid
LN0003620,Poor,75-90,36-43,AZ,Purchase,4,1,prepaid
LN0003621,Fair,>90,36-43,GA,Refinance,6,1,prepaid
LN0003622,Good,75-90,28-36,IL,Purchase,4,0,censored
LN0003623,Good,<=60,36-43,NV,Purchase,4,1,prepaid
LN0003624,Fair,75-90,>43,TX,Purchase,16,1,default
LN0003625,Fair,60-75,<=28,GA,Refinance,20,1,default
LN0003626,Good,<=60,36-43,NY,Purchase,4,1,default
LN0003627,Poor,60-75,36-43,GA,CashOut,15,1,default
LN0003628,Fair,>90,28-36,TX,Purchase,22,1,default
LN0003629,Fair,60-75,>43,OH,Refinance,37,1,default
LN0003630,Excellent,>90,28-36,CA,Purchase,34,1,prepaid
LN0003631,Excellent,60-75,<=28,NY,Purchase,13,1,prepaid
LN0003632,Poor,60-75,>43,NV,Refinance,8,1,default
LN0003633,Good,<=60,>43,GA,Purchase,32,1,default
LN0003634,Good,75-90,<=28,IL,Refinance,7,1,prepaid
LN0003635,Good,<=60,36-43,NY,Refinance,10,1,prepaid
LN0003636,Excellent,60-75,<=28,CA,Refinance,42,0,censored
LN0003637,Fair,60-75,<=28,TX,Refinance,20,1,prepaid
LN0003638,Excellent,60-75,28-36,OH,Purchase,17,1,prepaid
LN0003639,Fair,60-75,>43,FL,Refinance,11,0,censored
LN0003640,Good,<=60,<=28,CA,Refinance,18,1,default
LN0003641,Good,60-75,<=28,IL,Refinance,4,1,prepaid
LN0003642,Excellent,>90,36-43,NY,Refinance,21,0,censored
LN0003643,Fair,<=60,28-36,NV,Refinance,4,0,censored
LN0003644,Excellent,60-75,<=28,FL,Refinance,4,1,prepaid
LN0003645,Excellent,60-75,<=28,FL,Purchase,10,1,prepaid
LN0003646,Fair,60-75,36-43,TX,Purchase,17,1,default
LN0003647,Good,75-90,36-43,TX,Purchase,14,1,default
LN0003648,Good,60-75,36-43,WA,Purchase,4,1,prepaid
LN0003649,Excellent,60-75,<=28,FL,Refinance,34,1,default
LN0003650,Poor,75-90,28-36,OH,Purchase,22,1,default
LN0003651,Good,60-75,36-43,AZ,Purchase,21,1,prepaid
LN0003652,Excellent,>90,28-36,IL,CashOut,16,1,prepaid
LN0003653,Good,>90,<=28,FL,CashOut,12,1,default
LN0003654,Excellent,<=60,28-36,AZ,Refinance,28,1,default
LN0003655,Good,60-75,28-36,NV,Purchase,12,1,prepaid
LN0003656,Excellent,60-75,<=28,NV,Purchase,19,1,prepaid
LN0003657,Excellent,<=60,>43,NV,Purchase,5,1,prepaid
LN0003658,Good,60-75,28-36,AZ,Purchase,24,1,default
LN0003659,Poor,75-90,36-43,OH,Purchase,9,1,default
LN0003660,Excellent,60-75,<=28,NV,Refinance,10,1,prepaid
LN0003661,Excellent,60-75,36-43,NY,Purchase,41,1,default
LN0003662,Poor,60-75,28-36,NV,Purchase,8,1,default
LN0003663,Poor,>90,>43,CA,Refinance,5,1,default
LN0003664,Fair,>90,28-36,AZ,Purchase,10,1,default
LN0003665,Excellent,<=60,36-43,NY,Purchase,4,1,prepaid
LN0003666,Good,75-90,28-36,FL,Purchase,42,0,censored
LN0003667,Excellent,60-75,28-36,GA,Purchase,17,1,prepaid
LN0003668,Excellent,75-90,>43,TX,Refinance,14,1,prepaid
LN0003669,Good,75-90,36-43,NV,Purchase,6,1,default
LN0003670,Good,>90,36-43,OH,Purchase,8,1,default
LN0003671,Good,<=60,>43,CA,Refinance,15,1,prepaid
LN0003672,Fair,60-75,>43,AZ,Refinance,5,1,default
LN0003673,Good,>90,<=28,TX,Purchase,5,1,prepaid
LN0003674,Good,<=60,<=28,AZ,Refinance,34,1,prepaid
LN0003675,Fair,<=60,28-36,AZ,Purchase,9,1,prepaid
LN0003676,Poor,75-90,>43,GA,Purchase,9,1,prepaid
LN0003677,Good,75-90,28-36,GA,Refinance,13,1,default
LN0003678,Good,75-90,28-36,AZ,Purchase,4,1,prepaid
LN0003679,Good,75-90,28-36,AZ,Purchase,5,1,prepaid
LN0003680,Excellent,75-90,<=28,OH,CashOut,4,1,prepaid
LN0003681,Fair,<=60,<=28,TX,Purchase,10,1,prepaid
LN0003682,Excellent,75-90,<=28,GA,Purchase,13,1,prepaid
LN0003683,Good,75-90,<=28,FL,Purchase,5,1,prepaid
LN0003684,Good,>90,36-43,CA,CashOut,25,1,default
LN0003685,Excellent,60-75,28-36,TX,Purchase,17,1,prepaid
LN0003686,Excellent,<=60,<=28,IL,CashOut,11,1,prepaid
LN0003687,Good,75-90,28-36,NV,Purchase,12,1,prepaid
LN0003688,Poor,60-75,28-36,CA,Refinance,19,1,default
LN0003689,Fair,<=60,28-36,CA,Purchase,14,1,prepaid
LN0003690,Good,75-90,28-36,CA,Purchase,18,1,default
LN0003691,Excellent,60-75,<=28,TX,Purchase,4,1,prepaid
LN0003692,Fair,60-75,36-43,WA,Purchase,17,1,default
LN0003693,Excellent,<=60,<=28,AZ,Purchase,42,0,censored
LN0003694,Good,<=60,<=28,CA,Purchase,4,1,prepaid
LN0003695,Fair,75-90,<=28,AZ,Refinance,4,1,prepaid
LN0003696,Good,60-75,28-36,NV,Refinance,28,1,prepaid
LN0003697,Good,<=60,<=28,CA,Purchase,36,1,prepaid
LN0003698,Excellent,60-75,28-36,IL,Refinance,4,1,prepaid
LN0003699,Excellent,<=60,<=28,AZ,Refinance,31,1,prepaid
LN0003700,Good,<=60,<=28,GA,CashOut,42,0,censored
LN0003701,Poor,60-75,>43,TX,Purchase,16,1,default
LN0003702,Excellent,60-75,28-36,TX,Purchase,4,1,prepaid
LN0003703,Good,60-75,<=28,IL,CashOut,4,1,prepaid
LN0003704,Fair,60-75,28-36,AZ,CashOut,5,1,prepaid
LN0003705,Excellent,60-75,<=28,NV,CashOut,42,0,censored
LN0003706,Excellent,60-75,36-43,IL,Refinance,32,1,prepaid
LN0003707,Good,<=60,<=28,WA,Refinance,42,0,censored
LN0003708,Fair,<=60,28-36,WA,CashOut,4,1,prepaid
LN0003709,Good,<=60,>43,IL,Purchase,13,1,prepaid
LN0003710,Fair,60-75,<=28,GA,Purchase,9,1,default
LN0003711,Poor,75-90,<=28,FL,CashOut,11,1,prepaid
LN0003712,Fair,<=60,36-43,WA,Refinance,4,1,prepaid
LN0003713,Poor,75-90,>43,GA,Purchase,10,1,default
LN0003714,Fair,75-90,28-36,WA,Purchase,4,1,prepaid
LN0003715,Poor,<=60,36-43,NV,CashOut,28,1,default
LN0003716,Fair,<=60,<=28,OH,Purchase,4,0,censored
LN0003717,Fair,<=60,36-43,OH,Refinance,15,1,prepaid
LN0003718,Fair,<=60,28-36,AZ,Purchase,15,1,default
LN0003719,Poor,60-75,36-43,WA,Purchase,10,1,default
LN0003720,Good,<=60,<=28,NY,Refinance,18,1,prepaid
LN0003721,Fair,75-90,28-36,WA,CashOut,23,1,default
LN0003722,Good,60-75,<=28,NV,Refinance,42,0,censored
LN0003723,Poor,75-90,36-43,AZ,Purchase,5,1,prepaid
LN0003724,Good,75-90,36-43,NY,Purchase,41,1,prepaid
LN0003725,Fair,60-75,36-43,IL,Purchase,15,0,censored
LN0003726,Fair,>90,>43,FL,CashOut,6,0,censored
LN0003727,Poor,>90,28-36,CA,Purchase,9,1,default
LN0003728,Excellent,60-75,36-43,NY,CashOut,16,1,default
LN0003729,Fair,<=60,<=28,TX,CashOut,6,1,prepaid
LN0003730,Fair,60-75,>43,NY,Purchase,14,1,default
LN0003731,Poor,60-75,36-43,CA,Purchase,15,1,default
LN0003732,Poor,60-75,28-36,NY,CashOut,4,1,prepaid
LN0003733,Good,60-75,28-36,OH,Purchase,11,0,censored
LN0003734,Good,60-75,36-43,AZ,CashOut,25,1,prepaid
LN0003735,Excellent,75-90,36-43,AZ,Purchase,19,1,default
LN0003736,Poor,60-75,36-43,WA,Purchase,22,1,default
LN0003737,Good,60-75,28-36,WA,Purchase,42,0,censored
LN0003738,Fair,60-75,28-36,NV,Purchase,4,1,prepaid
LN0003739,Fair,75-90,>43,WA,Refinance,22,1,default
LN0003740,Good,75-90,36-43,CA,Refinance,42,0,censored
LN0003741,Excellent,<=60,28-36,NV,Purchase,31,1,prepaid
LN0003742,Excellent,75-90,28-36,GA,Refinance,42,0,censored
LN0003743,Poor,<=60,36-43,GA,Purchase,18,1,default
LN0003744,Good,75-90,36-43,CA,CashOut,23,1,prepaid
LN0003745,Excellent,75-90,28-36,IL,CashOut,4,1,prepaid
LN0003746,Fair,60-75,>43,IL,Refinance,6,1,prepaid
LN0003747,Good,75-90,>43,AZ,CashOut,32,1,default
LN0003748,Poor,>90,28-36,NY,Purchase,8,1,prepaid
LN0003749,Good,75-90,<=28,NY,Purchase,18,1,default
LN0003750,Excellent,60-75,28-36,GA,Purchase,8,1,prepaid
LN0003751,Excellent,75-90,36-43,CA,Refinance,17,1,prepaid
LN0003752,Good,60-75,28-36,OH,Purchase,42,0,censored
LN0003753,Good,75-90,>43,CA,CashOut,5,1,default
LN0003754,Fair,75-90,<=28,FL,Purchase,14,1,default
LN0003755,Good,<=60,28-36,IL,Purchase,36,1,prepaid
LN0003756,Good,60-75,>43,TX,Refinance,19,1,default
LN0003757,Good,60-75,>43,CA,Refinance,28,1,default
LN0003758,Good,<=60,28-36,IL,Purchase,10,1,prepaid
LN0003759,Poor,60-75,<=28,OH,Refinance,17,1,default
LN0003760,Excellent,<=60,28-36,FL,Refinance,7,1,prepaid
LN0003761,Poor,75-90,28-36,FL,Purchase,10,1,prepaid
LN0003762,Good,<=60,28-36,GA,Refinance,9,1,default
LN0003763,Excellent,60-75,28-36,NV,Purchase,31,0,censored
LN0003764,Excellent,75-90,28-36,WA,Refinance,20,1,prepaid
LN0003765,Excellent,60-75,36-43,WA,Purchase,14,1,prepaid
LN0003766,Fair,60-75,36-43,AZ,Refinance,4,1,default
LN0003767,Good,75-90,36-43,CA,Purchase,24,1,prepaid
LN0003768,Good,>90,28-36,NV,Purchase,7,1,default
LN0003769,Fair,75-90,28-36,IL,Refinance,4,1,prepaid
LN0003770,Fair,<=60,28-36,NY,Purchase,11,1,prepaid
LN0003771,Poor,<=60,>43,GA,Refinance,18,1,default
LN0003772,Poor,>90,28-36,NV,Refinance,7,1,default
LN0003773,Fair,75-90,36-43,NV,Purchase,11,1,prepaid
LN0003774,Fair,75-90,28-36,OH,Purchase,5,1,prepaid
LN0003775,Fair,75-90,>43,IL,Refinance,4,1,prepaid
LN0003776,Good,<=60,28-36,TX,Purchase,22,1,prepaid
LN0003777,Fair,60-75,28-36,TX,Purchase,42,0,censored
LN0003778,Excellent,75-90,36-43,AZ,Purchase,4,0,censored
LN0003779,Fair,>90,<=28,TX,Purchase,4,1,default
LN0003780,Poor,60-75,28-36,IL,Refinance,6,1,prepaid
LN0003781,Excellent,75-90,28-36,IL,CashOut,20,1,default
LN0003782,Fair,<=60,>43,OH,Refinance,5,1,default
LN0003783,Poor,>90,36-43,NY,Refinance,10,1,default
LN0003784,Excellent,60-75,<=28,OH,Purchase,8,0,censored
LN0003785,Good,75-90,36-43,WA,Refinance,14,1,default
LN0003786,Poor,60-75,36-43,AZ,Refinance,5,1,prepaid
LN0003787,Poor,75-90,28-36,TX,Purchase,9,1,default
LN0003788,Excellent,75-90,<=28,OH,Refinance,5,1,prepaid
LN0003789,Good,60-75,<=28,OH,Purchase,4,1,prepaid
LN0003790,Fair,75-90,36-43,AZ,Purchase,6,1,default
LN0003791,Excellent,>90,28-36,IL,Purchase,34,1,prepaid
LN0003792,Good,>90,>43,NY,Purchase,5,0,censored
LN0003793,Excellent,60-75,28-36,WA,Purchase,7,0,censored
LN0003794,Excellent,75-90,36-43,NV,Purchase,24,1,default
LN0003795,Good,75-90,<=28,TX,Purchase,6,1,prepaid
LN0003796,Fair,75-90,36-43,GA,Purchase,29,1,prepaid
LN0003797,Fair,60-75,<=28,FL,Purchase,21,1,default
LN0003798,Fair,75-90,28-36,OH,Purchase,9,1,default
LN0003799,Good,<=60,<=28,IL,Refinance,11,1,prepaid
LN0003800,Good,60-75,36-43,AZ,Refinance,17,0,censored
LN0003801,Excellent,<=60,28-36,TX,Purchase,4,1,prepaid
LN0003802,Excellent,60-75,36-43,TX,Purchase,4,1,prepaid
LN0003803,Good,<=60,<=28,NV,Purchase,7,1,prepaid
LN0003804,Excellent,60-75,28-36,NY,Purchase,4,1,prepaid
LN0003805,Excellent,75-90,28-36,CA,Purchase,16,1,prepaid
LN0003806,Excellent,60-75,<=28,AZ,Purchase,4,1,prepaid
LN0003807,Fair,<=60,<=28,IL,Purchase,4,1,prepaid
LN0003808,Fair,75-90,28-36,NV,Refinance,11,1,prepaid
LN0003809,Poor,>90,36-43,IL,Purchase,13,1,default
LN0003810,Fair,>90,>43,OH,Purchase,9,1,prepaid
LN0003811,Good,75-90,<=28,WA,Purchase,36,0,censored
LN0003812,Excellent,>90,36-43,IL,CashOut,10,0,censored
LN0003813,Good,75-90,36-43,IL,Refinance,42,0,censored
LN0003814,Excellent,>90,36-43,FL,Refinance,21,1,default
LN0003815,Good,>90,28-36,OH,CashOut,27,1,prepaid
LN0003816,Good,60-75,>43,WA,Refinance,35,1,default
LN0003817,Good,>90,28-36,CA,Purchase,16,0,censored
LN0003818,Good,75-90,36-43,NY,Refinance,24,0,censored
LN0003819,Fair,75-90,28-36,IL,Purchase,33,1,default
LN0003820,Fair,>90,36-43,AZ,Refinance,15,1,default
LN0003821,Fair,60-75,>43,IL,Purchase,7,0,censored
LN0003822,Fair,60-75,>43,WA,Purchase,11,1,default
LN0003823,Good,75-90,28-36,CA,Purchase,34,1,default
LN0003824,Excellent,75-90,36-43,NY,Purchase,16,0,censored
LN0003825,Fair,>90,<=28,FL,Refinance,15,1,default
LN0003826,Good,>90,36-43,IL,Purchase,22,1,default
LN0003827,Good,75-90,28-36,AZ,Purchase,31,1,prepaid
LN0003828,Good,>90,36-43,NV,Purchase,7,1,default
LN0003829,Poor,<=60,28-36,FL,Refinance,6,1,prepaid
LN0003830,Fair,>90,<=28,GA,Refinance,6,1,default
LN0003831,Good,<=60,<=28,NV,Refinance,30,1,prepaid
LN0003832,Fair,75-90,<=28,FL,Purchase,40,1,prepaid
LN0003833,Good,<=60,28-36,IL,Purchase,4,1,prepaid
LN0003834,Good,75-90,36-43,WA,Purchase,19,1,default
LN0003835,Good,60-75,36-43,CA,Purchase,4,1,default
LN0003836,Good,<=60,36-43,IL,Purchase,16,1,prepaid
LN0003837,Fair,75-90,36-43,TX,CashOut,8,1,default
LN0003838,Excellent,75-90,28-36,NY,Purchase,6,1,prepaid
LN0003839,Fair,<=60,28-36,TX,Purchase,4,1,prepaid
LN0003840,Good,75-90,28-36,OH,Refinance,8,1,prepaid
LN0003841,Fair,<=60,<=28,AZ,Purchase,42,0,censored
LN0003842,Fair,<=60,28-36,FL,Purchase,18,1,prepaid
LN0003843,Fair,<=60,36-43,CA,Refinance,11,1,prepaid
LN0003844,Fair,75-90,36-43,IL,Refinance,4,1,prepaid
LN0003845,Poor,75-90,36-43,TX,Refinance,9,1,default
LN0003846,Good,75-90,<=28,IL,CashOut,42,0,censored
LN0003847,Fair,75-90,36-43,WA,Purchase,5,1,default
LN0003848,Fair,75-90,<=28,IL,Refinance,13,1,prepaid
LN0003849,Excellent,75-90,>43,WA,CashOut,6,1,default
LN0003850,Good,>90,<=28,WA,Purchase,13,1,default
LN0003851,Good,60-75,28-36,TX,Refinance,9,1,prepaid
LN0003852,Good,<=60,28-36,GA,CashOut,4,0,censored
LN0003853,Good,<=60,28-36,GA,Refinance,16,1,prepaid
LN0003854,Good,75-90,28-36,TX,Purchase,16,1,prepaid
LN0003855,Fair,60-75,<=28,IL,Purchase,4,1,prepaid
LN0003856,Excellent,<=60,28-36,FL,Refinance,42,0,censored
LN0003857,Fair,>90,>43,NY,CashOut,19,1,default
LN0003858,Good,>90,28-36,OH,Purchase,7,1,prepaid
LN0003859,Fair,60-75,28-36,WA,Purchase,42,0,censored
LN0003860,Excellent,60-75,>43,NV,Purchase,13,1,prepaid
LN0003861,Good,60-75,28-36,WA,Purchase,35,1,prepaid
LN0003862,Excellent,60-75,36-43,CA,Refinance,21,0,censored
LN0003863,Fair,>90,28-36,OH,Refinance,22,1,default
LN0003864,Good,75-90,28-36,CA,Refinance,4,1,default
LN0003865,Poor,<=60,<=28,NY,Refinance,13,1,prepaid
LN0003866,Good,60-75,<=28,NV,Refinance,42,0,censored
LN0003867,Good,<=60,36-43,NV,Refinance,6,1,default
LN0003868,Good,60-75,36-43,TX,Purchase,31,1,prepaid
LN0003869,Fair,60-75,<=28,NV,Purchase,4,1,prepaid
LN0003870,Good,75-90,>43,NV,Refinance,16,1,prepaid
LN0003871,Good,60-75,28-36,AZ,Purchase,6,0,censored
LN0003872,Excellent,>90,28-36,AZ,Purchase,4,1,prepaid
LN0003873,Excellent,<=60,>43,CA,Purchase,23,1,prepaid
LN0003874,Excellent,75-90,>43,TX,Refinance,31,1,prepaid
LN0003875,Poor,<=60,28-36,GA,Purchase,8,1,default
LN0003876,Good,60-75,28-36,TX,Refinance,14,1,prepaid
LN0003877,Excellent,>90,<=28,FL,Purchase,27,1,prepaid
LN0003878,Poor,75-90,28-36,NV,CashOut,36,1,default
LN0003879,Excellent,<=60,36-43,NV,Refinance,42,0,censored
LN0003880,Good,60-75,28-36,FL,Refinance,42,0,censored
LN0003881,Fair,75-90,36-43,WA,Refinance,14,1,prepaid
LN0003882,Poor,>90,<=28,WA,Refinance,11,1,default
LN0003883,Fair,75-90,28-36,FL,Purchase,8,1,prepaid
LN0003884,Good,<=60,28-36,FL,Purchase,9,1,prepaid
LN0003885,Poor,60-75,28-36,IL,CashOut,7,1,default
LN0003886,Excellent,<=60,28-36,GA,CashOut,25,1,prepaid
LN0003887,Poor,<=60,>43,AZ,CashOut,18,1,default
LN0003888,Fair,75-90,>43,AZ,CashOut,5,1,default
LN0003889,Poor,75-90,36-43,CA,Refinance,12,1,default
LN0003890,Good,<=60,<=28,GA,Refinance,12,1,prepaid
LN0003891,Excellent,75-90,>43,GA,Refinance,18,1,default
LN0003892,Fair,75-90,>43,CA,Purchase,4,1,prepaid
LN0003893,Good,75-90,>43,AZ,Refinance,4,1,prepaid
LN0003894,Good,60-75,28-36,WA,Refinance,17,0,censored
LN0003895,Poor,60-75,<=28,OH,Refinance,16,1,default
LN0003896,Fair,<=60,36-43,GA,Purchase,42,0,censored
LN0003897,Good,60-75,28-36,NY,Refinance,7,1,prepaid
LN0003898,Good,60-75,28-36,FL,CashOut,26,1,default
LN0003899,Excellent,60-75,28-36,NY,Purchase,8,1,prepaid
LN0003900,Excellent,<=60,28-36,OH,Purchase,42,0,censored
LN0003901,Excellent,<=60,28-36,GA,Refinance,10,1,prepaid
LN0003902,Fair,>90,36-43,GA,Refinance,30,1,default
LN0003903,Fair,75-90,36-43,TX,Refinance,28,1,default
LN0003904,Good,60-75,28-36,CA,Refinance,9,1,prepaid
LN0003905,Good,>90,<=28,GA,Purchase,10,1,default
LN0003906,Fair,60-75,>43,NV,Purchase,4,1,default
LN0003907,Fair,60-75,28-36,NY,CashOut,39,0,censored
LN0003908,Poor,75-90,28-36,IL,Purchase,5,1,prepaid
LN0003909,Good,60-75,28-36,NV,Purchase,42,0,censored
LN0003910,Fair,60-75,28-36,FL,Purchase,17,1,default
LN0003911,Good,60-75,36-43,WA,Purchase,38,1,default
LN0003912,Good,60-75,<=28,CA,Purchase,29,1,prepaid
LN0003913,Poor,75-90,>43,FL,Refinance,17,1,default
LN0003914,Good,60-75,<=28,NY,Purchase,7,1,prepaid
LN0003915,Good,60-75,>43,GA,Refinance,11,1,default
LN0003916,Good,60-75,36-43,NY,Purchase,4,1,default
LN0003917,Good,60-75,<=28,IL,CashOut,9,1,default
LN0003918,Good,60-75,28-36,FL,Purchase,42,0,censored
LN0003919,Fair,>90,28-36,TX,Purchase,13,1,default
LN0003920,Good,75-90,>43,OH,Purchase,18,1,default
LN0003921,Excellent,60-75,36-43,GA,CashOut,14,1,default
LN0003922,Poor,75-90,28-36,GA,Refinance,5,1,default
LN0003923,Good,<=60,28-36,WA,Refinance,41,1,prepaid
LN0003924,Poor,60-75,>43,TX,Purchase,15,1,prepaid
LN0003925,Excellent,60-75,36-43,WA,Purchase,10,1,prepaid
LN0003926,Good,60-75,28-36,OH,CashOut,42,0,censored
LN0003927,Good,75-90,28-36,IL,Purchase,4,1,prepaid
LN0003928,Fair,>90,28-36,OH,Refinance,8,1,default
LN0003929,Excellent,60-75,36-43,NY,Refinance,20,1,default
LN0003930,Poor,60-75,28-36,WA,Refinance,42,0,censored
LN0003931,Good,75-90,36-43,NY,Purchase,4,1,default
LN0003932,Good,60-75,28-36,NV,Purchase,11,1,prepaid
LN0003933,Good,<=60,28-36,TX,Purchase,35,1,prepaid
LN0003934,Excellent,>90,28-36,FL,CashOut,26,1,default
LN0003935,Good,75-90,36-43,GA,Refinance,4,1,prepaid
LN0003936,Good,>90,28-36,CA,Purchase,4,1,prepaid
LN0003937,Good,60-75,>43,WA,CashOut,4,1,default
LN0003938,Fair,<=60,28-36,CA,Purchase,5,1,prepaid
LN0003939,Good,60-75,36-43,WA,Purchase,28,1,default
LN0003940,Excellent,>90,>43,NY,Purchase,27,1,default
LN0003941,Excellent,<=60,36-43,TX,CashOut,8,1,prepaid
LN0003942,Excellent,<=60,28-36,IL,Purchase,8,1,prepaid
LN0003943,Excellent,<=60,36-43,NY,Purchase,4,1,prepaid
LN0003944,Fair,75-90,<=28,CA,Purchase,12,1,default
LN0003945,Excellent,75-90,<=28,WA,Purchase,8,1,prepaid
LN0003946,Poor,75-90,36-43,WA,Purchase,5,1,default
LN0003947,Excellent,<=60,36-43,GA,Purchase,4,1,prepaid
LN0003948,Excellent,75-90,<=28,NV,Refinance,13,1,prepaid
LN0003949,Poor,60-75,>43,OH,CashOut,10,1,prepaid
LN0003950,Good,<=60,28-36,OH,Purchase,12,1,prepaid
LN0003951,Good,60-75,>43,GA,CashOut,37,1,default
LN0003952,Poor,60-75,36-43,GA,Refinance,6,0,censored
LN0003953,Poor,60-75,>43,OH,CashOut,4,1,default
LN0003954,Fair,>90,36-43,GA,Purchase,18,1,default
LN0003955,Excellent,60-75,>43,WA,Refinance,12,1,default
LN0003956,Good,60-75,36-43,OH,Refinance,38,1,prepaid
LN0003957,Poor,75-90,<=28,NV,Purchase,8,1,default
LN0003958,Poor,75-90,28-36,IL,Refinance,11,1,default
LN0003959,Excellent,<=60,36-43,FL,Purchase,9,0,censored
LN0003960,Good,75-90,<=28,IL,Refinance,42,0,censored
LN0003961,Good,60-75,>43,CA,Refinance,34,1,default
LN0003962,Excellent,60-75,<=28,NY,Purchase,5,1,prepaid
LN0003963,Fair,75-90,>43,AZ,Purchase,8,1,default
LN0003964,Good,75-90,28-36,CA,CashOut,34,1,default
LN0003965,Good,60-75,36-43,AZ,Purchase,42,0,censored
LN0003966,Excellent,<=60,>43,WA,Refinance,23,1,prepaid
LN0003967,Good,60-75,28-36,NY,Refinance,17,1,prepaid
LN0003968,Excellent,60-75,36-43,IL,Purchase,5,0,censored
LN0003969,Good,>90,<=28,AZ,Refinance,23,1,prepaid
LN0003970,Excellent,60-75,36-43,TX,CashOut,30,1,prepaid
LN0003971,Poor,>90,36-43,WA,CashOut,15,1,default
LN0003972,Excellent,60-75,28-36,FL,Purchase,14,1,prepaid
LN0003973,Good,75-90,<=28,WA,Purchase,16,1,prepaid
LN0003974,Excellent,<=60,28-36,OH,Purchase,42,0,censored
LN0003975,Excellent,60-75,<=28,NV,Refinance,6,1,prepaid
LN0003976,Excellent,<=60,36-43,FL,Purchase,22,1,prepaid
LN0003977,Excellent,<=60,28-36,GA,Purchase,4,1,prepaid
LN0003978,Excellent,>90,>43,IL,Purchase,5,1,prepaid
LN0003979,Good,75-90,>43,WA,CashOut,9,1,default
LN0003980,Fair,75-90,>43,TX,Purchase,19,1,default
LN0003981,Excellent,60-75,28-36,AZ,Refinance,14,1,prepaid
LN0003982,Good,75-90,28-36,TX,Purchase,11,1,prepaid
LN0003983,Good,75-90,36-43,CA,Refinance,13,1,prepaid
LN0003984,Excellent,75-90,36-43,OH,Refinance,18,1,prepaid
LN0003985,Good,75-90,>43,IL,CashOut,18,1,prepaid
LN0003986,Excellent,75-90,28-36,CA,Refinance,5,1,prepaid
LN0003987,Excellent,60-75,<=28,GA,Purchase,23,1,prepaid
LN0003988,Good,>90,>43,FL,Purchase,10,1,prepaid
LN0003989,Poor,<=60,36-43,NV,Purchase,9,1,default
LN0003990,Poor,60-75,<=28,NV,Purchase,28,1,prepaid
LN0003991,Poor,>90,36-43,WA,CashOut,7,1,default
LN0003992,Good,<=60,<=28,IL,Purchase,4,1,prepaid
LN0003993,Excellent,<=60,28-36,IL,CashOut,42,0,censored
LN0003994,Good,60-75,28-36,GA,Purchase,28,1,prepaid
LN0003995,Excellent,60-75,28-36,NV,CashOut,8,1,prepaid
LN0003996,Excellent,>90,<=28,GA,CashOut,9,1,default
LN0003997,Excellent,75-90,28-36,CA,Refinance,29,0,censored
LN0003998,Good,60-75,28-36,TX,Purchase,22,1,default
LN0003999,Good,>90,<=28,GA,CashOut,12,1,prepaid
LN0004000,Excellent,75-90,28-36,NY,CashOut,4,1,prepaid
LN0004001,Fair,>90,28-36,IL,Purchase,25,1,default
LN0004002,Good,60-75,36-43,IL,CashOut,33,1,prepaid
LN0004003,Poor,60-75,36-43,WA,CashOut,10,1,default
LN0004004,Excellent,<=60,<=28,FL,Purchase,17,1,prepaid
LN0004005,Good,<=60,<=28,CA,Purchase,4,1,prepaid
LN0004006,Excellent,75-90,36-43,FL,Purchase,16,1,prepaid
LN0004007,Good,<=60,>43,GA,Purchase,11,1,default
LN0004008,Excellent,60-75,>43,GA,CashOut,4,1,prepaid
LN0004009,Excellent,75-90,>43,AZ,CashOut,6,1,default
LN0004010,Fair,<=60,36-43,TX,Purchase,18,1,default
LN0004011,Good,60-75,>43,TX,Refinance,10,1,prepaid
LN0004012,Excellent,75-90,28-36,TX,Refinance,16,1,prepaid
LN0004013,Poor,>90,36-43,WA,Purchase,17,1,prepaid
LN0004014,Excellent,60-75,>43,WA,Refinance,42,0,censored
LN0004015,Good,>90,36-43,TX,Refinance,14,1,default
LN0004016,Good,75-90,28-36,IL,Purchase,20,1,default
LN0004017,Good,75-90,28-36,CA,Purchase,42,0,censored
LN0004018,Good,60-75,28-36,GA,CashOut,4,1,prepaid
LN0004019,Excellent,75-90,28-36,WA,Purchase,19,1,default
LN0004020,Fair,75-90,36-43,CA,Purchase,4,1,prepaid
LN0004021,Excellent,60-75,36-43,CA,CashOut,21,0,censored
LN0004022,Excellent,>90,<=28,OH,CashOut,6,1,default
LN0004023,Good,>90,36-43,AZ,Refinance,5,1,default
LN0004024,Poor,60-75,28-36,AZ,Purchase,17,1,default
LN0004025,Fair,75-90,28-36,WA,Refinance,41,1,default
LN0004026,Poor,60-75,28-36,WA,Refinance,23,1,default
LN0004027,Fair,75-90,28-36,AZ,Purchase,8,1,prepaid
LN0004028,Fair,75-90,36-43,AZ,Purchase,17,1,prepaid
LN0004029,Good,<=60,36-43,NV,Purchase,4,1,prepaid
LN0004030,Poor,<=60,36-43,NY,Refinance,13,1,default
LN0004031,Good,60-75,28-36,IL,CashOut,31,1,default
LN0004032,Good,>90,36-43,CA,Refinance,23,1,prepaid
LN0004033,Fair,60-75,<=28,TX,Purchase,42,0,censored
LN0004034,Good,>90,28-36,NY,Purchase,6,1,prepaid
LN0004035,Excellent,60-75,28-36,AZ,Refinance,14,1,prepaid
LN0004036,Good,60-75,36-43,IL,Purchase,11,0,censored
LN0004037,Good,>90,>43,WA,Purchase,4,1,default
LN0004038,Fair,75-90,28-36,AZ,CashOut,4,1,prepaid
LN0004039,Good,60-75,36-43,IL,CashOut,15,1,prepaid
LN0004040,Fair,<=60,28-36,NY,CashOut,5,1,prepaid
LN0004041,Good,<=60,28-36,OH,Purchase,38,0,censored
LN0004042,Fair,<=60,36-43,NY,Refinance,10,1,prepaid
LN0004043,Excellent,60-75,36-43,NY,Refinance,23,1,prepaid
LN0004044,Poor,75-90,>43,AZ,Refinance,8,1,default
LN0004045,Good,60-75,36-43,IL,Purchase,8,1,prepaid
LN0004046,Good,<=60,28-36,FL,Purchase,17,1,prepaid
LN0004047,Excellent,60-75,>43,AZ,Purchase,16,1,default
LN0004048,Good,60-75,>43,GA,CashOut,12,1,default
LN0004049,Good,>90,28-36,OH,Refinance,13,0,censored
LN0004050,Fair,60-75,<=28,NY,CashOut,9,0,censored
LN0004051,Poor,<=60,28-36,OH,Refinance,21,1,prepaid
LN0004052,Fair,75-90,36-43,NV,Purchase,17,1,prepaid
LN0004053,Good,>90,>43,TX,Purchase,4,1,default
LN0004054,Good,75-90,36-43,TX,Purchase,20,1,default
LN0004055,Fair,75-90,28-36,WA,CashOut,37,1,prepaid
LN0004056,Fair,>90,<=28,OH,Purchase,8,1,prepaid
LN0004057,Good,75-90,28-36,CA,Purchase,25,1,prepaid
LN0004058,Poor,>90,28-36,WA,Refinance,6,1,prepaid
LN0004059,Good,<=60,<=28,TX,Refinance,32,1,prepaid
LN0004060,Fair,75-90,<=28,NV,Refinance,38,1,prepaid
LN0004061,Poor,>90,<=28,OH,Purchase,8,1,default
LN0004062,Fair,>90,<=28,NV,Refinance,8,1,default
LN0004063,Excellent,60-75,36-43,FL,Purchase,23,1,prepaid
LN0004064,Good,75-90,28-36,OH,Refinance,11,1,prepaid
LN0004065,Excellent,<=60,28-36,NY,Refinance,12,1,prepaid
LN0004066,Fair,75-90,28-36,TX,Purchase,27,1,default
LN0004067,Good,60-75,>43,IL,Purchase,4,1,prepaid
LN0004068,Fair,75-90,36-43,IL,Purchase,4,1,prepaid
LN0004069,Poor,75-90,36-43,WA,Purchase,4,1,prepaid
LN0004070,Excellent,60-75,36-43,AZ,Refinance,40,1,prepaid
LN0004071,Good,60-75,36-43,FL,Purchase,13,1,prepaid
LN0004072,Fair,60-75,36-43,GA,Purchase,16,1,prepaid
LN0004073,Good,75-90,28-36,TX,Refinance,6,1,prepaid
LN0004074,Excellent,75-90,28-36,AZ,Refinance,42,1,prepaid
LN0004075,Excellent,75-90,28-36,IL,CashOut,23,1,default
LN0004076,Good,<=60,28-36,OH,CashOut,25,1,prepaid
LN0004077,Fair,75-90,28-36,FL,Purchase,4,1,prepaid
LN0004078,Good,75-90,28-36,NY,Purchase,14,1,prepaid
LN0004079,Excellent,<=60,28-36,NV,Refinance,42,0,censored
LN0004080,Good,60-75,28-36,TX,Refinance,14,1,prepaid
LN0004081,Good,60-75,28-36,WA,Purchase,17,1,prepaid
LN0004082,Good,60-75,<=28,NY,CashOut,10,1,prepaid
LN0004083,Fair,<=60,28-36,NY,Refinance,21,1,default
LN0004084,Good,60-75,28-36,GA,Purchase,4,1,prepaid
LN0004085,Good,<=60,36-43,OH,Refinance,14,1,prepaid
LN0004086,Poor,<=60,28-36,IL,Purchase,8,1,prepaid
LN0004087,Good,60-75,<=28,GA,CashOut,4,1,prepaid
LN0004088,Fair,75-90,<=28,CA,Purchase,6,1,prepaid
LN0004089,Excellent,60-75,28-36,FL,Refinance,21,1,prepaid
LN0004090,Excellent,60-75,<=28,OH,Refinance,9,1,prepaid
LN0004091,Excellent,75-90,28-36,GA,Purchase,8,1,prepaid
LN0004092,Fair,60-75,28-36,CA,Refinance,5,1,prepaid
LN0004093,Fair,<=60,>43,AZ,Purchase,4,1,prepaid
LN0004094,Excellent,60-75,36-43,IL,Purchase,16,1,prepaid
LN0004095,Excellent,60-75,<=28,NY,Purchase,39,1,prepaid
LN0004096,Good,75-90,28-36,IL,Refinance,4,1,prepaid
LN0004097,Good,60-75,36-43,NY,CashOut,19,0,censored
LN0004098,Fair,60-75,28-36,WA,Purchase,34,0,censored
LN0004099,Fair,75-90,>43,TX,Refinance,10,1,default
LN0004100,Poor,>90,28-36,TX,CashOut,4,0,censored
LN0004101,Good,60-75,<=28,NV,Purchase,4,1,prepaid
LN0004102,Fair,60-75,<=28,OH,CashOut,42,0,censored
LN0004103,Good,60-75,>43,NY,Purchase,11,1,default
LN0004104,Good,75-90,>43,AZ,Refinance,6,0,censored
LN0004105,Poor,75-90,>43,OH,Refinance,5,1,prepaid
LN0004106,Excellent,75-90,28-36,GA,CashOut,42,0,censored
LN0004107,Fair,60-75,36-43,OH,Purchase,14,1,default
LN0004108,Fair,60-75,<=28,NV,Purchase,8,1,default
LN0004109,Poor,75-90,28-36,AZ,Refinance,6,1,default
LN0004110,Good,60-75,36-43,FL,Refinance,42,1,prepaid
LN0004111,Good,>90,>43,OH,Refinance,8,1,prepaid
LN0004112,Fair,60-75,28-36,TX,Refinance,19,1,default
LN0004113,Fair,60-75,28-36,WA,Refinance,4,1,prepaid
LN0004114,Good,60-75,<=28,CA,Purchase,15,1,prepaid
LN0004115,Fair,60-75,28-36,TX,Purchase,42,0,censored
LN0004116,Good,75-90,<=28,OH,Purchase,20,1,prepaid
LN0004117,Good,<=60,>43,NY,Purchase,38,1,prepaid
LN0004118,Poor,75-90,<=28,TX,Refinance,4,0,censored
LN0004119,Good,75-90,36-43,NV,Purchase,12,0,censored
LN0004120,Good,>90,28-36,NV,Purchase,5,1,prepaid
LN0004121,Poor,75-90,28-36,FL,Purchase,10,1,prepaid
LN0004122,Fair,>90,28-36,WA,CashOut,10,1,default
LN0004123,Poor,>90,28-36,FL,Purchase,12,1,default
LN0004124,Good,60-75,28-36,AZ,Purchase,42,0,censored
LN0004125,Poor,>90,36-43,GA,Refinance,9,1,prepaid
LN0004126,Excellent,>90,>43,IL,Purchase,36,1,prepaid
LN0004127,Good,60-75,28-36,NV,Refinance,4,1,prepaid
LN0004128,Good,75-90,28-36,OH,Purchase,19,1,default
LN0004129,Fair,60-75,>43,TX,Refinance,4,1,prepaid
LN0004130,Poor,75-90,28-36,IL,Purchase,6,1,default
LN0004131,Fair,<=60,>43,AZ,Purchase,21,1,default
LN0004132,Fair,75-90,>43,WA,Purchase,17,1,default
LN0004133,Good,60-75,36-43,CA,Refinance,9,1,prepaid
LN0004134,Good,75-90,28-36,OH,Refinance,8,0,censored
LN0004135,Good,<=60,36-43,IL,Purchase,26,1,prepaid
LN0004136,Excellent,75-90,28-36,FL,Refinance,27,1,prepaid
LN0004137,Good,60-75,28-36,AZ,Purchase,38,0,censored
LN0004138,Poor,75-90,>43,AZ,Refinance,12,1,default
LN0004139,Fair,60-75,28-36,WA,CashOut,12,1,prepaid
LN0004140,Fair,<=60,36-43,OH,Purchase,16,1,prepaid
LN0004141,Good,60-75,28-36,FL,Purchase,32,1,prepaid
LN0004142,Good,>90,<=28,OH,Refinance,13,1,prepaid
LN0004143,Excellent,60-75,36-43,NV,CashOut,8,1,prepaid
LN0004144,Good,75-90,36-43,FL,Refinance,11,1,default
LN0004145,Good,<=60,28-36,NV,Purchase,9,1,prepaid
LN0004146,Good,75-90,36-43,CA,Refinance,4,1,prepaid
LN0004147,Excellent,60-75,28-36,IL,Purchase,9,1,prepaid
LN0004148,Fair,60-75,>43,CA,CashOut,5,1,prepaid
LN0004149,Good,60-75,36-43,IL,Refinance,4,1,prepaid
LN0004150,Good,<=60,36-43,GA,CashOut,36,0,censored
LN0004151,Excellent,60-75,28-36,AZ,CashOut,31,1,prepaid
LN0004152,Good,60-75,28-36,TX,CashOut,22,1,prepaid
LN0004153,Good,60-75,>43,AZ,Purchase,42,0,censored
LN0004154,Good,>90,<=28,NV,CashOut,6,1,prepaid
LN0004155,Good,60-75,28-36,CA,Purchase,14,0,censored
LN0004156,Excellent,>90,36-43,NV,Purchase,17,1,default
LN0004157,Poor,60-75,36-43,NV,Purchase,4,1,default
LN0004158,Excellent,<=60,>43,CA,Purchase,31,0,censored
LN0004159,Good,60-75,36-43,CA,Purchase,8,1,prepaid
LN0004160,Excellent,60-75,>43,OH,Refinance,9,0,censored
LN0004161,Good,60-75,28-36,IL,Purchase,32,0,censored
LN0004162,Good,>90,36-43,FL,Purchase,12,1,prepaid
LN0004163,Poor,75-90,36-43,IL,Purchase,21,1,default
LN0004164,Good,75-90,36-43,NY,Refinance,11,1,prepaid
LN0004165,Fair,60-75,<=28,NV,Refinance,9,1,prepaid
LN0004166,Excellent,60-75,28-36,FL,Refinance,19,1,prepaid
LN0004167,Excellent,75-90,28-36,CA,Refinance,42,0,censored
LN0004168,Good,<=60,36-43,AZ,Refinance,21,1,prepaid
LN0004169,Good,<=60,28-36,AZ,Purchase,42,0,censored
LN0004170,Good,60-75,36-43,AZ,Refinance,7,1,prepaid
LN0004171,Poor,<=60,36-43,NV,Purchase,10,1,default
LN0004172,Fair,75-90,28-36,CA,Purchase,20,1,prepaid
LN0004173,Poor,<=60,36-43,OH,CashOut,21,1,default
LN0004174,Good,<=60,28-36,FL,Purchase,4,1,prepaid
LN0004175,Fair,>90,<=28,IL,CashOut,6,1,default
LN0004176,Good,>90,28-36,IL,Purchase,13,1,prepaid
LN0004177,Fair,60-75,28-36,NV,Refinance,28,1,prepaid
LN0004178,Poor,60-75,36-43,WA,Purchase,5,1,prepaid
LN0004179,Fair,75-90,28-36,FL,CashOut,24,1,prepaid
LN0004180,Poor,<=60,<=28,CA,Refinance,27,1,default
LN0004181,Fair,60-75,28-36,WA,Purchase,21,1,default
LN0004182,Excellent,<=60,36-43,AZ,Purchase,19,1,prepaid
LN0004183,Fair,60-75,28-36,OH,Refinance,12,1,prepaid
LN0004184,Good,>90,28-36,NV,Purchase,9,1,default
LN0004185,Poor,75-90,>43,CA,Purchase,7,1,prepaid
LN0004186,Fair,>90,<=28,IL,CashOut,12,1,prepaid
LN0004187,Excellent,75-90,28-36,GA,Refinance,4,0,censored
LN0004188,Excellent,75-90,28-36,AZ,Purchase,19,1,default
LN0004189,Excellent,75-90,36-43,NY,Purchase,21,1,prepaid
LN0004190,Good,75-90,36-43,GA,Purchase,7,1,prepaid
LN0004191,Excellent,60-75,<=28,FL,Refinance,29,1,prepaid
LN0004192,Fair,60-75,36-43,WA,Purchase,15,1,prepaid
LN0004193,Good,60-75,36-43,OH,Purchase,9,1,prepaid
LN0004194,Fair,60-75,>43,AZ,Purchase,18,1,default
LN0004195,Good,60-75,>43,IL,CashOut,9,1,prepaid
LN0004196,Good,<=60,36-43,IL,Purchase,42,0,censored
LN0004197,Excellent,75-90,<=28,AZ,Refinance,42,0,censored
LN0004198,Poor,60-75,28-36,WA,Purchase,8,1,default
LN0004199,Excellent,60-75,>43,NY,Refinance,6,1,prepaid
LN0004200,Excellent,60-75,28-36,FL,Purchase,21,1,prepaid
LN0004201,Excellent,<=60,28-36,OH,CashOut,42,0,censored
LN0004202,Fair,>90,>43,OH,CashOut,4,1,prepaid
LN0004203,Excellent,60-75,>43,WA,Purchase,5,1,prepaid
LN0004204,Fair,60-75,36-43,TX,Purchase,9,1,default
LN0004205,Fair,<=60,>43,TX,CashOut,17,1,default
LN0004206,Fair,75-90,<=28,FL,Purchase,20,0,censored
LN0004207,Excellent,75-90,36-43,CA,Refinance,4,0,censored
LN0004208,Excellent,60-75,>43,IL,Refinance,5,1,prepaid
LN0004209,Good,60-75,<=28,IL,Purchase,30,1,prepaid
LN0004210,Excellent,75-90,<=28,NY,Purchase,16,1,prepaid
LN0004211,Fair,>90,36-43,NV,Purchase,6,1,default
LN0004212,Good,60-75,28-36,FL,Refinance,9,1,prepaid
LN0004213,Good,<=60,<=28,AZ,Purchase,42,0,censored
LN0004214,Excellent,<=60,28-36,TX,Refinance,42,0,censored
LN0004215,Good,<=60,28-36,GA,Refinance,4,1,prepaid
LN0004216,Excellent,75-90,28-36,AZ,Refinance,18,1,prepaid
LN0004217,Fair,>90,>43,AZ,Purchase,10,1,default
LN0004218,Excellent,>90,36-43,WA,Purchase,6,1,default
LN0004219,Poor,75-90,36-43,FL,Purchase,19,1,default
LN0004220,Fair,<=60,<=28,NY,Purchase,14,1,default
LN0004221,Excellent,>90,28-36,IL,Purchase,4,1,prepaid
LN0004222,Excellent,60-75,28-36,AZ,CashOut,42,0,censored
LN0004223,Good,60-75,>43,NY,Purchase,19,1,prepaid
LN0004224,Excellent,75-90,>43,AZ,Purchase,19,1,default
LN0004225,Excellent,<=60,28-36,NV,Refinance,8,0,censored
LN0004226,Poor,75-90,>43,TX,Refinance,6,1,prepaid
LN0004227,Fair,>90,<=28,NV,Purchase,7,1,prepaid
LN0004228,Excellent,75-90,28-36,WA,Purchase,21,1,default
LN0004229,Good,75-90,36-43,GA,Purchase,4,1,prepaid
LN0004230,Good,60-75,28-36,NY,Purchase,4,1,prepaid
LN0004231,Poor,<=60,>43,NY,Purchase,11,1,prepaid
LN0004232,Excellent,75-90,<=28,WA,Purchase,12,1,prepaid
LN0004233,Fair,75-90,36-43,TX,Refinance,19,0,censored
LN0004234,Fair,>90,<=28,OH,CashOut,8,1,default
LN0004235,Excellent,<=60,<=28,GA,Purchase,27,1,prepaid
LN0004236,Excellent,60-75,28-36,CA,Purchase,14,1,default
LN0004237,Good,60-75,>43,FL,CashOut,22,1,default
LN0004238,Poor,75-90,28-36,WA,Refinance,6,1,default
LN0004239,Good,75-90,36-43,OH,Refinance,31,1,prepaid
LN0004240,Fair,>90,<=28,FL,CashOut,4,1,prepaid
LN0004241,Fair,60-75,<=28,AZ,Refinance,4,1,prepaid
LN0004242,Fair,60-75,<=28,WA,Refinance,13,1,prepaid
LN0004243,Good,<=60,36-43,WA,Purchase,30,1,default
LN0004244,Good,60-75,<=28,TX,CashOut,11,0,censored
LN0004245,Fair,60-75,28-36,GA,Refinance,7,1,default
LN0004246,Good,75-90,36-43,AZ,Purchase,17,1,default
LN0004247,Poor,60-75,28-36,FL,Refinance,11,1,default
LN0004248,Excellent,60-75,28-36,WA,Purchase,42,0,censored
LN0004249,Excellent,75-90,<=28,CA,Refinance,8,1,prepaid
LN0004250,Fair,75-90,28-36,FL,Purchase,26,1,prepaid
LN0004251,Good,60-75,36-43,CA,Refinance,4,1,prepaid
LN0004252,Excellent,60-75,<=28,OH,Purchase,42,0,censored
LN0004253,Excellent,75-90,36-43,NV,Refinance,5,1,prepaid
LN0004254,Good,75-90,<=28,CA,Refinance,42,0,censored
LN0004255,Fair,75-90,>43,OH,Purchase,12,1,default
LN0004256,Excellent,60-75,>43,WA,Purchase,9,1,prepaid
LN0004257,Excellent,60-75,<=28,OH,Purchase,17,1,prepaid
LN0004258,Good,>90,28-36,WA,Refinance,21,1,default
LN0004259,Poor,60-75,28-36,NV,CashOut,4,1,prepaid
LN0004260,Good,60-75,36-43,CA,Purchase,15,1,prepaid
LN0004261,Poor,>90,28-36,TX,Refinance,19,1,default
LN0004262,Poor,<=60,36-43,FL,CashOut,16,1,default
LN0004263,Good,75-90,<=28,OH,Refinance,13,1,prepaid
LN0004264,Fair,>90,<=28,CA,Purchase,12,1,prepaid
LN0004265,Fair,<=60,36-43,TX,Purchase,5,1,prepaid
LN0004266,Good,75-90,36-43,OH,CashOut,11,1,default
LN0004267,Good,60-75,36-43,IL,Purchase,30,0,censored
LN0004268,Fair,>90,36-43,OH,Purchase,7,1,prepaid
LN0004269,Fair,>90,36-43,NY,Refinance,11,1,default
LN0004270,Fair,>90,28-36,CA,Purchase,4,1,prepaid
LN0004271,Poor,<=60,>43,WA,Refinance,15,1,default
LN0004272,Good,75-90,36-43,TX,CashOut,10,1,prepaid
LN0004273,Fair,>90,>43,IL,CashOut,10,0,censored
LN0004274,Poor,75-90,>43,AZ,Refinance,7,1,default
LN0004275,Excellent,75-90,28-36,TX,CashOut,12,1,prepaid
LN0004276,Excellent,<=60,36-43,FL,Refinance,4,1,prepaid
LN0004277,Good,>90,36-43,NV,CashOut,6,1,prepaid
LN0004278,Poor,<=60,<=28,NY,CashOut,5,1,prepaid
LN0004279,Good,60-75,36-43,NY,CashOut,19,1,default
LN0004280,Fair,>90,28-36,GA,Purchase,12,1,prepaid
LN0004281,Excellent,>90,28-36,TX,Purchase,25,1,prepaid
LN0004282,Good,>90,<=28,CA,Purchase,5,1,prepaid
LN0004283,Fair,60-75,36-43,AZ,Refinance,17,1,default
LN0004284,Excellent,<=60,36-43,NV,CashOut,11,1,prepaid
LN0004285,Poor,60-75,28-36,NV,CashOut,6,1,default
LN0004286,Excellent,<=60,<=28,CA,CashOut,24,0,censored
LN0004287,Poor,>90,28-36,WA,Refinance,12,1,default
LN0004288,Excellent,75-90,<=28,AZ,Refinance,9,1,prepaid
LN0004289,Poor,60-75,28-36,AZ,Purchase,7,1,default
LN0004290,Fair,<=60,28-36,NY,Refinance,31,1,prepaid
LN0004291,Excellent,60-75,>43,IL,Purchase,5,1,prepaid
LN0004292,Excellent,>90,28-36,TX,Refinance,4,1,prepaid
LN0004293,Excellent,75-90,28-36,TX,Refinance,19,1,prepaid
LN0004294,Good,<=60,>43,NY,Purchase,5,1,prepaid
LN0004295,Fair,<=60,28-36,FL,Refinance,19,1,prepaid
LN0004296,Good,60-75,>43,NV,Refinance,24,1,default
LN0004297,Good,<=60,<=28,CA,Refinance,17,0,censored
LN0004298,Good,>90,28-36,WA,Refinance,5,1,default
LN0004299,Good,75-90,<=28,WA,Purchase,42,0,censored
LN0004300,Fair,<=60,28-36,CA,Refinance,26,1,default
LN0004301,Good,75-90,>43,IL,Purchase,7,1,prepaid
LN0004302,Fair,60-75,36-43,NV,Purchase,11,1,default
LN0004303,Poor,60-75,36-43,TX,Purchase,12,1,default
LN0004304,Good,75-90,28-36,TX,Refinance,38,0,censored
LN0004305,Excellent,<=60,>43,TX,CashOut,13,1,prepaid
LN0004306,Excellent,60-75,28-36,CA,Purchase,18,1,prepaid
LN0004307,Good,75-90,28-36,AZ,Refinance,17,1,prepaid
LN0004308,Good,>90,>43,CA,CashOut,8,1,default
LN0004309,Poor,60-75,28-36,FL,CashOut,6,1,default
LN0004310,Fair,75-90,28-36,AZ,Purchase,5,1,prepaid
LN0004311,Good,60-75,<=28,NV,Purchase,4,1,default
LN0004312,Fair,75-90,<=28,TX,Purchase,42,0,censored
LN0004313,Good,60-75,36-43,NY,CashOut,42,0,censored
LN0004314,Fair,75-90,28-36,TX,Purchase,22,1,prepaid
LN0004315,Excellent,<=60,>43,TX,Refinance,42,0,censored
LN0004316,Fair,>90,<=28,NV,CashOut,8,0,censored
LN0004317,Poor,>90,36-43,NY,Purchase,8,1,default
LN0004318,Fair,60-75,36-43,GA,Refinance,8,1,default
LN0004319,Poor,75-90,36-43,TX,CashOut,6,1,prepaid
LN0004320,Good,<=60,28-36,FL,Purchase,13,1,prepaid
LN0004321,Fair,75-90,28-36,NY,Purchase,14,1,default
LN0004322,Good,60-75,36-43,WA,Purchase,18,1,prepaid
LN0004323,Fair,<=60,>43,NV,Refinance,4,1,prepaid
LN0004324,Excellent,75-90,28-36,FL,Purchase,42,0,censored
LN0004325,Excellent,60-75,28-36,GA,Purchase,42,0,censored
LN0004326,Good,60-75,36-43,IL,Purchase,26,1,prepaid
LN0004327,Excellent,60-75,28-36,OH,Refinance,14,1,prepaid
LN0004328,Fair,<=60,<=28,NY,Refinance,12,1,prepaid
LN0004329,Fair,<=60,>43,IL,Refinance,21,1,default
LN0004330,Poor,75-90,<=28,GA,Refinance,7,1,prepaid
LN0004331,Excellent,75-90,<=28,IL,CashOut,6,1,prepaid
LN0004332,Poor,<=60,36-43,OH,Refinance,11,1,prepaid
LN0004333,Excellent,60-75,<=28,CA,Refinance,42,0,censored
LN0004334,Good,75-90,<=28,NY,Purchase,30,1,prepaid
LN0004335,Fair,75-90,<=28,TX,Purchase,39,1,default
LN0004336,Excellent,75-90,<=28,TX,Purchase,42,0,censored
LN0004337,Excellent,60-75,28-36,CA,Refinance,42,0,censored
LN0004338,Excellent,60-75,36-43,NY,CashOut,7,1,prepaid
LN0004339,Good,75-90,28-36,FL,Purchase,35,1,prepaid
LN0004340,Fair,60-75,28-36,OH,Purchase,15,1,prepaid
LN0004341,Excellent,<=60,36-43,WA,Refinance,10,1,prepaid
LN0004342,Excellent,<=60,28-36,OH,CashOut,4,1,prepaid
LN0004343,Good,75-90,28-36,AZ,Refinance,42,0,censored
LN0004344,Excellent,60-75,28-36,OH,Purchase,5,1,prepaid
LN0004345,Fair,75-90,28-36,IL,Refinance,13,1,default
LN0004346,Poor,75-90,28-36,NV,Purchase,25,1,default
LN0004347,Fair,60-75,<=28,NY,Refinance,19,1,prepaid
LN0004348,Poor,75-90,>43,AZ,Refinance,12,1,default
LN0004349,Good,75-90,>43,TX,Refinance,30,1,default
LN0004350,Fair,<=60,>43,NV,Purchase,16,1,default
LN0004351,Excellent,75-90,<=28,NY,CashOut,19,1,prepaid
LN0004352,Excellent,60-75,36-43,GA,Purchase,11,0,censored
LN0004353,Fair,60-75,28-36,NY,Purchase,4,1,prepaid
LN0004354,Excellent,75-90,<=28,FL,Refinance,8,1,default
LN0004355,Poor,75-90,>43,NY,Purchase,4,1,prepaid
LN0004356,Fair,60-75,36-43,GA,Purchase,17,1,default
LN0004357,Poor,>90,<=28,TX,Purchase,5,1,default
LN0004358,Good,75-90,>43,TX,Purchase,4,1,prepaid
LN0004359,Good,75-90,<=28,NV,Purchase,12,1,prepaid
LN0004360,Fair,<=60,28-36,CA,Refinance,42,0,censored
LN0004361,Excellent,60-75,<=28,OH,Purchase,4,1,prepaid
LN0004362,Good,60-75,<=28,NY,CashOut,4,1,prepaid
LN0004363,Fair,75-90,>43,NY,Refinance,6,0,censored
LN0004364,Poor,60-75,28-36,NY,Refinance,5,1,prepaid
LN0004365,Fair,75-90,28-36,NY,CashOut,7,1,default
LN0004366,Excellent,60-75,36-43,OH,Refinance,16,1,prepaid
LN0004367,Good,75-90,>43,AZ,Purchase,4,1,prepaid
LN0004368,Good,75-90,>43,NY,CashOut,42,0,censored
LN0004369,Excellent,75-90,>43,TX,Purchase,12,1,prepaid
LN0004370,Good,75-90,>43,CA,Purchase,10,0,censored
LN0004371,Good,>90,36-43,OH,Refinance,21,1,default
LN0004372,Excellent,<=60,28-36,NV,Purchase,29,1,prepaid
LN0004373,Good,75-90,>43,CA,Refinance,9,1,prepaid
LN0004374,Excellent,>90,<=28,WA,CashOut,30,1,default
LN0004375,Good,75-90,<=28,FL,Refinance,15,1,default
LN0004376,Excellent,60-75,28-36,FL,Purchase,12,1,prepaid
LN0004377,Fair,>90,28-36,AZ,Purchase,23,1,default
LN0004378,Excellent,<=60,36-43,FL,Purchase,4,1,prepaid
LN0004379,Poor,60-75,>43,NY,Purchase,6,1,prepaid
LN0004380,Excellent,<=60,28-36,TX,Refinance,22,1,prepaid
LN0004381,Good,60-75,28-36,NV,Refinance,17,1,prepaid
LN0004382,Good,60-75,28-36,NV,Refinance,35,0,censored
LN0004383,Excellent,60-75,36-43,NV,Refinance,4,1,prepaid
LN0004384,Good,>90,<=28,FL,Purchase,42,0,censored
LN0004385,Fair,60-75,<=28,TX,Purchase,15,0,censored
LN0004386,Poor,60-75,36-43,NV,Refinance,4,0,censored
LN0004387,Good,>90,28-36,GA,Purchase,13,1,default
LN0004388,Excellent,75-90,28-36,FL,Purchase,7,1,prepaid
LN0004389,Fair,60-75,28-36,CA,Refinance,4,1,prepaid
LN0004390,Good,<=60,<=28,OH,Purchase,17,1,prepaid
LN0004391,Excellent,75-90,36-43,AZ,Purchase,23,1,prepaid
LN0004392,Fair,75-90,28-36,CA,Purchase,4,1,prepaid
LN0004393,Good,75-90,28-36,IL,Purchase,39,1,prepaid
LN0004394,Fair,60-75,>43,IL,Refinance,21,0,censored
LN0004395,Good,75-90,36-43,IL,Purchase,33,0,censored
LN0004396,Good,75-90,<=28,NY,CashOut,38,1,default
LN0004397,Excellent,75-90,36-43,NY,Purchase,17,1,default
LN0004398,Fair,>90,<=28,NY,Purchase,12,0,censored
LN0004399,Excellent,75-90,<=28,NV,Purchase,14,0,censored
LN0004400,Fair,75-90,36-43,NV,CashOut,17,1,default
LN0004401,Fair,75-90,<=28,TX,Refinance,42,0,censored
LN0004402,Fair,75-90,28-36,OH,Refinance,12,1,default
LN0004403,Excellent,60-75,>43,WA,CashOut,4,1,prepaid
LN0004404,Good,60-75,36-43,FL,Purchase,27,1,prepaid
LN0004405,Good,75-90,>43,TX,Refinance,5,1,default
LN0004406,Good,75-90,>43,OH,Refinance,19,1,default
LN0004407,Poor,60-75,28-36,NY,Refinance,11,1,prepaid
LN0004408,Good,<=60,36-43,TX,Purchase,23,1,prepaid
LN0004409,Poor,75-90,28-36,NV,CashOut,5,1,default
LN0004410,Excellent,75-90,36-43,NV,Refinance,11,1,prepaid
LN0004411,Good,60-75,28-36,IL,CashOut,42,0,censored
LN0004412,Excellent,60-75,<=28,IL,Purchase,4,1,prepaid
LN0004413,Fair,60-75,<=28,IL,Purchase,42,0,censored
LN0004414,Excellent,>90,36-43,TX,Purchase,20,1,default
LN0004415,Good,>90,<=28,TX,CashOut,10,0,censored
LN0004416,Fair,75-90,28-36,FL,Purchase,12,1,default
LN0004417,Good,60-75,>43,NY,Refinance,12,1,default
LN0004418,Excellent,75-90,36-43,TX,Purchase,12,1,prepaid
LN0004419,Excellent,60-75,28-36,CA,Purchase,8,1,prepaid
LN0004420,Good,>90,<=28,NV,Purchase,20,1,default
LN0004421,Good,<=60,>43,AZ,Refinance,6,1,default
LN0004422,Excellent,<=60,28-36,NY,Purchase,41,1,prepaid
LN0004423,Fair,75-90,28-36,GA,Refinance,6,1,default
LN0004424,Excellent,60-75,>43,TX,Refinance,23,1,default
LN0004425,Good,75-90,<=28,NV,CashOut,23,1,prepaid
LN0004426,Good,75-90,28-36,AZ,Refinance,11,1,prepaid
LN0004427,Excellent,<=60,<=28,TX,Refinance,42,0,censored
LN0004428,Excellent,60-75,<=28,FL,Refinance,23,1,prepaid
LN0004429,Excellent,75-90,28-36,NY,Purchase,22,1,prepaid
LN0004430,Excellent,75-90,36-43,CA,Refinance,10,1,prepaid
LN0004431,Good,60-75,28-36,NY,CashOut,16,1,prepaid
LN0004432,Poor,60-75,36-43,GA,Purchase,14,0,censored
LN0004433,Fair,75-90,36-43,OH,Purchase,22,1,default
LN0004434,Good,60-75,>43,CA,Refinance,5,1,default
LN0004435,Good,75-90,<=28,NY,Refinance,26,1,prepaid
LN0004436,Good,75-90,36-43,AZ,Purchase,13,1,prepaid
LN0004437,Fair,60-75,<=28,AZ,CashOut,20,1,default
LN0004438,Excellent,75-90,36-43,WA,Purchase,20,1,prepaid
LN0004439,Good,60-75,28-36,OH,Purchase,21,1,prepaid
LN0004440,Good,<=60,36-43,FL,CashOut,20,1,prepaid
LN0004441,Excellent,75-90,<=28,AZ,Purchase,20,1,default
LN0004442,Good,>90,36-43,IL,Refinance,4,1,prepaid
LN0004443,Poor,75-90,<=28,GA,CashOut,11,1,default
LN0004444,Poor,60-75,<=28,FL,Purchase,4,1,prepaid
LN0004445,Excellent,75-90,36-43,TX,Purchase,42,0,censored
LN0004446,Good,60-75,28-36,WA,CashOut,4,1,prepaid
LN0004447,Good,60-75,36-43,WA,Refinance,41,1,prepaid
LN0004448,Good,60-75,36-43,WA,CashOut,12,1,prepaid
LN0004449,Good,60-75,36-43,AZ,CashOut,42,0,censored
LN0004450,Excellent,60-75,36-43,OH,Refinance,6,1,prepaid
LN0004451,Fair,>90,36-43,NY,Purchase,9,1,default
LN0004452,Poor,60-75,>43,IL,Purchase,6,1,default
LN0004453,Fair,75-90,<=28,CA,Purchase,31,1,default
LN0004454,Fair,75-90,28-36,OH,Purchase,13,0,censored
LN0004455,Good,60-75,36-43,TX,Refinance,31,1,prepaid
LN0004456,Good,<=60,<=28,CA,CashOut,42,0,censored
LN0004457,Excellent,60-75,28-36,WA,CashOut,4,0,censored
LN0004458,Good,<=60,28-36,NV,CashOut,8,1,prepaid
LN0004459,Excellent,75-90,28-36,NY,Purchase,30,1,prepaid
LN0004460,Fair,>90,28-36,TX,Refinance,4,1,prepaid
LN0004461,Good,>90,36-43,TX,Purchase,10,1,default
LN0004462,Good,<=60,36-43,AZ,Refinance,10,1,prepaid
LN0004463,Good,60-75,36-43,GA,CashOut,8,1,prepaid
LN0004464,Poor,<=60,28-36,IL,CashOut,10,1,default
LN0004465,Excellent,>90,36-43,NV,CashOut,6,1,prepaid
LN0004466,Excellent,60-75,36-43,TX,Purchase,42,0,censored
LN0004467,Excellent,60-75,<=28,GA,Refinance,4,1,prepaid
LN0004468,Fair,75-90,<=28,NY,Purchase,28,1,default
LN0004469,Poor,75-90,28-36,FL,Refinance,18,1,prepaid
LN0004470,Excellent,60-75,>43,NV,Purchase,17,0,censored
LN0004471,Poor,75-90,28-36,NV,Refinance,15,0,censored
LN0004472,Good,<=60,<=28,AZ,Purchase,4,0,censored
LN0004473,Fair,<=60,<=28,TX,Refinance,14,1,prepaid
LN0004474,Excellent,<=60,<=28,OH,CashOut,13,0,censored
LN0004475,Good,60-75,28-36,NY,Purchase,25,1,default
LN0004476,Fair,>90,36-43,NY,Refinance,8,1,prepaid
LN0004477,Good,60-75,28-36,TX,Refinance,9,1,default
LN0004478,Excellent,75-90,36-43,WA,CashOut,9,1,prepaid
LN0004479,Fair,60-75,<=28,AZ,Purchase,25,0,censored
LN0004480,Poor,75-90,28-36,FL,Refinance,4,1,prepaid
LN0004481,Good,>90,36-43,WA,Purchase,14,1,default
LN0004482,Fair,60-75,36-43,GA,Purchase,14,1,prepaid
LN0004483,Fair,>90,>43,GA,Purchase,8,0,censored
LN0004484,Excellent,75-90,28-36,FL,Refinance,10,1,prepaid
LN0004485,Poor,75-90,28-36,CA,Purchase,5,1,prepaid
LN0004486,Good,60-75,36-43,AZ,Refinance,4,1,prepaid
LN0004487,Fair,75-90,<=28,WA,Purchase,11,0,censored
LN0004488,Excellent,60-75,36-43,OH,Purchase,5,0,censored
LN0004489,Good,>90,28-36,WA,Refinance,4,1,default
LN0004490,Good,>90,<=28,NY,Purchase,21,1,prepaid
LN0004491,Good,60-75,36-43,FL,Purchase,26,1,prepaid
LN0004492,Poor,>90,36-43,GA,Purchase,13,0,censored
LN0004493,Poor,>90,>43,AZ,Purchase,5,1,prepaid
LN0004494,Excellent,75-90,>43,NY,Purchase,13,1,default
LN0004495,Good,<=60,28-36,CA,Refinance,42,0,censored
LN0004496,Good,<=60,36-43,TX,Refinance,6,1,default
LN0004497,Good,<=60,>43,WA,Purchase,42,0,censored
LN0004498,Good,<=60,<=28,FL,Purchase,32,1,prepaid
LN0004499,Poor,>90,28-36,AZ,Refinance,19,1,default
LN0004500,Fair,60-75,>43,FL,Purchase,21,1,prepaid
LN0004501,Excellent,75-90,<=28,IL,Purchase,42,0,censored
LN0004502,Good,75-90,>43,FL,Purchase,4,1,prepaid
LN0004503,Fair,75-90,28-36,IL,Refinance,42,0,censored
LN0004504,Good,60-75,>43,GA,Refinance,12,1,prepaid
LN0004505,Excellent,75-90,36-43,OH,Purchase,19,1,prepaid
LN0004506,Good,75-90,36-43,OH,Purchase,10,1,default
LN0004507,Good,75-90,36-43,WA,Refinance,21,1,default
LN0004508,Excellent,<=60,<=28,IL,Purchase,13,1,prepaid
LN0004509,Fair,75-90,36-43,NY,Purchase,27,1,prepaid
LN0004510,Good,<=60,>43,NV,Refinance,16,1,default
LN0004511,Good,75-90,>43,OH,Purchase,18,1,prepaid
LN0004512,Good,60-75,>43,AZ,Purchase,4,1,prepaid
LN0004513,Poor,60-75,36-43,OH,Refinance,19,1,default
LN0004514,Excellent,75-90,36-43,CA,Refinance,12,1,default
LN0004515,Excellent,<=60,28-36,FL,Purchase,5,1,prepaid
LN0004516,Good,>90,36-43,IL,Purchase,42,0,censored
LN0004517,Good,>90,36-43,NY,Purchase,12,0,censored
LN0004518,Good,60-75,<=28,NV,Purchase,42,0,censored
LN0004519,Fair,60-75,<=28,IL,Purchase,4,1,default
LN0004520,Excellent,<=60,36-43,FL,Purchase,4,1,prepaid
LN0004521,Excellent,>90,28-36,WA,Purchase,42,0,censored
LN0004522,Good,75-90,28-36,NY,Purchase,23,1,prepaid
LN0004523,Fair,<=60,<=28,TX,Purchase,5,1,prepaid
LN0004524,Poor,60-75,36-43,NV,Refinance,7,1,default
LN0004525,Fair,<=60,>43,NV,Refinance,7,1,default
LN0004526,Good,75-90,36-43,OH,CashOut,12,1,default
LN0004527,Fair,60-75,>43,NY,Refinance,16,1,default
LN0004528,Fair,<=60,>43,AZ,Refinance,4,1,prepaid
LN0004529,Excellent,75-90,<=28,FL,Purchase,8,1,prepaid
LN0004530,Good,60-75,<=28,AZ,Refinance,6,1,prepaid
LN0004531,Fair,60-75,<=28,AZ,Refinance,30,0,censored
LN0004532,Good,75-90,<=28,TX,CashOut,26,1,prepaid
LN0004533,Fair,>90,28-36,NY,CashOut,19,1,default
LN0004534,Good,60-75,28-36,GA,Purchase,19,1,prepaid
LN0004535,Good,>90,>43,FL,CashOut,4,0,censored
LN0004536,Excellent,60-75,36-43,AZ,Refinance,42,0,censored
LN0004537,Fair,>90,28-36,GA,Refinance,18,1,default
LN0004538,Poor,60-75,>43,FL,Purchase,18,1,default
LN0004539,Excellent,75-90,>43,OH,Purchase,26,1,default
LN0004540,Good,<=60,36-43,CA,Refinance,8,1,prepaid
LN0004541,Excellent,>90,36-43,NY,Purchase,31,1,default
LN0004542,Excellent,>90,>43,TX,Refinance,4,1,prepaid
LN0004543,Poor,60-75,36-43,CA,Purchase,5,1,default
LN0004544,Good,60-75,>43,OH,Purchase,13,1,default
LN0004545,Good,75-90,<=28,TX,Refinance,9,0,censored
LN0004546,Good,60-75,28-36,GA,Refinance,7,1,prepaid
LN0004547,Poor,75-90,28-36,CA,CashOut,8,1,default
LN0004548,Good,75-90,<=28,AZ,Refinance,42,0,censored
LN0004549,Fair,60-75,<=28,NV,Refinance,33,1,default
LN0004550,Good,<=60,<=28,NY,CashOut,4,1,prepaid
LN0004551,Excellent,>90,28-36,IL,Refinance,30,1,prepaid
LN0004552,Fair,<=60,<=28,GA,Refinance,42,0,censored
LN0004553,Excellent,75-90,28-36,WA,CashOut,16,1,prepaid
LN0004554,Fair,<=60,36-43,CA,Refinance,36,1,default
LN0004555,Good,<=60,36-43,NV,Refinance,7,1,default
LN0004556,Fair,<=60,36-43,NV,Refinance,6,0,censored
LN0004557,Fair,60-75,<=28,IL,Refinance,21,0,censored
LN0004558,Fair,75-90,36-43,WA,Refinance,33,1,default
LN0004559,Excellent,60-75,<=28,TX,Refinance,42,0,censored
LN0004560,Fair,75-90,28-36,OH,Refinance,4,1,prepaid
LN0004561,Poor,75-90,28-36,WA,Purchase,25,1,prepaid
LN0004562,Excellent,<=60,>43,FL,Purchase,4,1,prepaid
LN0004563,Good,<=60,>43,NY,Purchase,42,0,censored
LN0004564,Fair,75-90,36-43,CA,Purchase,4,1,prepaid
LN0004565,Excellent,75-90,36-43,OH,Purchase,6,1,prepaid
LN0004566,Fair,75-90,28-36,CA,Purchase,4,1,prepaid
LN0004567,Fair,60-75,36-43,WA,Purchase,10,1,prepaid
LN0004568,Excellent,75-90,<=28,AZ,Refinance,14,1,prepaid
LN0004569,Good,<=60,28-36,CA,Refinance,19,0,censored
LN0004570,Good,75-90,>43,TX,Refinance,16,1,prepaid
LN0004571,Good,<=60,>43,OH,Purchase,41,0,censored
LN0004572,Poor,75-90,28-36,AZ,Purchase,4,1,prepaid
LN0004573,Excellent,60-75,<=28,CA,Purchase,19,1,prepaid
LN0004574,Good,75-90,<=28,FL,Purchase,6,1,prepaid
LN0004575,Fair,<=60,28-36,GA,Purchase,26,1,default
LN0004576,Excellent,75-90,<=28,WA,Refinance,23,1,prepaid
LN0004577,Fair,<=60,36-43,WA,Purchase,15,1,default
LN0004578,Excellent,75-90,<=28,FL,Refinance,4,1,prepaid
LN0004579,Good,<=60,<=28,WA,Refinance,7,1,prepaid
LN0004580,Excellent,<=60,28-36,CA,Purchase,9,1,prepaid
LN0004581,Fair,75-90,36-43,AZ,Refinance,37,1,prepaid
LN0004582,Fair,<=60,28-36,WA,Refinance,19,1,default
LN0004583,Fair,60-75,28-36,NY,Purchase,9,1,prepaid
LN0004584,Poor,75-90,36-43,NY,Refinance,5,1,default
LN0004585,Fair,75-90,36-43,NY,Refinance,10,1,default
LN0004586,Fair,>90,28-36,IL,Refinance,9,1,prepaid
LN0004587,Good,60-75,36-43,TX,CashOut,11,1,prepaid
LN0004588,Poor,60-75,28-36,GA,Purchase,7,1,default
LN0004589,Fair,75-90,36-43,TX,Purchase,20,1,default
LN0004590,Poor,<=60,28-36,NY,CashOut,22,1,default
LN0004591,Excellent,75-90,>43,AZ,Refinance,4,1,prepaid
LN0004592,Good,<=60,>43,WA,CashOut,12,1,default
LN0004593,Fair,>90,36-43,NV,Refinance,19,1,default
LN0004594,Excellent,75-90,>43,GA,Refinance,7,1,prepaid
LN0004595,Excellent,60-75,<=28,OH,Refinance,42,0,censored
LN0004596,Poor,60-75,36-43,CA,Purchase,4,1,prepaid
LN0004597,Good,<=60,<=28,WA,Purchase,39,1,prepaid
LN0004598,Excellent,60-75,28-36,NY,Purchase,6,1,prepaid
LN0004599,Good,75-90,28-36,CA,Purchase,10,1,prepaid
LN0004600,Good,60-75,36-43,CA,Refinance,31,1,prepaid
LN0004601,Fair,60-75,36-43,TX,Refinance,12,0,censored
LN0004602,Poor,<=60,>43,CA,CashOut,42,0,censored
LN0004603,Poor,75-90,28-36,IL,Purchase,4,1,default
LN0004604,Fair,60-75,>43,CA,Purchase,23,1,default
LN0004605,Fair,<=60,>43,AZ,Purchase,15,1,prepaid
LN0004606,Good,>90,36-43,WA,Refinance,18,1,default
LN0004607,Poor,60-75,<=28,NV,Purchase,18,1,default
LN0004608,Excellent,60-75,28-36,CA,Purchase,13,1,prepaid
LN0004609,Excellent,>90,36-43,CA,Refinance,7,1,prepaid
LN0004610,Poor,60-75,>43,AZ,Purchase,8,1,default
LN0004611,Poor,>90,<=28,NY,Refinance,8,1,prepaid
LN0004612,Good,75-90,28-36,OH,Purchase,19,1,default
LN0004613,Fair,75-90,28-36,TX,Purchase,33,1,default
LN0004614,Good,60-75,28-36,CA,CashOut,16,1,prepaid
LN0004615,Good,<=60,36-43,IL,Purchase,4,1,prepaid
LN0004616,Good,60-75,<=28,WA,Purchase,42,0,censored
LN0004617,Excellent,<=60,28-36,TX,CashOut,28,1,prepaid
LN0004618,Good,<=60,36-43,CA,Purchase,4,1,default
LN0004619,Good,75-90,28-36,FL,Purchase,9,1,prepaid
LN0004620,Good,75-90,<=28,TX,Purchase,5,1,prepaid
LN0004621,Excellent,<=60,36-43,NV,Refinance,25,0,censored
LN0004622,Poor,75-90,28-36,NV,Refinance,4,1,default
LN0004623,Fair,>90,>43,CA,Refinance,11,1,default
LN0004624,Poor,75-90,36-43,IL,CashOut,10,1,default
LN0004625,Excellent,75-90,>43,NY,Purchase,9,1,prepaid
LN0004626,Fair,75-90,<=28,CA,Purchase,11,1,default
LN0004627,Fair,60-75,36-43,GA,CashOut,42,0,censored
LN0004628,Good,60-75,28-36,AZ,Purchase,8,1,prepaid
LN0004629,Excellent,>90,36-43,GA,CashOut,38,1,prepaid
LN0004630,Good,75-90,28-36,NV,CashOut,20,1,default
LN0004631,Good,75-90,<=28,GA,CashOut,42,0,censored
LN0004632,Good,>90,<=28,WA,Purchase,9,1,default
LN0004633,Good,60-75,36-43,NV,Refinance,11,1,default
LN0004634,Good,60-75,36-43,OH,Refinance,33,1,prepaid
LN0004635,Fair,75-90,<=28,OH,Purchase,4,1,default
LN0004636,Excellent,<=60,36-43,OH,Refinance,42,0,censored
LN0004637,Good,75-90,36-43,CA,Purchase,24,0,censored
LN0004638,Fair,75-90,28-36,OH,Purchase,4,1,default
LN0004639,Excellent,75-90,28-36,OH,CashOut,10,1,prepaid
LN0004640,Excellent,60-75,>43,IL,CashOut,7,1,default
LN0004641,Excellent,75-90,36-43,WA,Purchase,9,1,prepaid
LN0004642,Excellent,<=60,36-43,AZ,Purchase,24,0,censored
LN0004643,Good,>90,36-43,TX,Refinance,19,1,default
LN0004644,Excellent,<=60,36-43,WA,Purchase,11,1,prepaid
LN0004645,Good,>90,<=28,OH,Refinance,10,1,prepaid
LN0004646,Poor,60-75,>43,FL,Refinance,5,1,prepaid
LN0004647,Poor,60-75,28-36,FL,Purchase,6,1,default
LN0004648,Excellent,60-75,36-43,CA,Refinance,25,1,prepaid
LN0004649,Good,60-75,>43,NY,Purchase,4,1,prepaid
LN0004650,Good,60-75,36-43,NY,Purchase,4,1,prepaid
LN0004651,Fair,75-90,28-36,NV,Refinance,4,1,prepaid
LN0004652,Fair,75-90,<=28,CA,Purchase,41,1,default
LN0004653,Excellent,<=60,28-36,GA,Purchase,5,1,prepaid
LN0004654,Excellent,75-90,36-43,CA,Refinance,27,1,prepaid
LN0004655,Good,>90,<=28,OH,Purchase,11,1,prepaid
LN0004656,Poor,75-90,<=28,IL,Purchase,16,1,default
LN0004657,Poor,60-75,>43,IL,Refinance,12,1,default
LN0004658,Excellent,<=60,28-36,NV,Purchase,32,1,prepaid
LN0004659,Good,>90,28-36,OH,Purchase,34,1,default
LN0004660,Excellent,60-75,28-36,TX,Purchase,10,1,prepaid
LN0004661,Fair,60-75,36-43,FL,Refinance,5,1,prepaid
LN0004662,Poor,75-90,28-36,FL,Purchase,4,1,prepaid
LN0004663,Good,60-75,36-43,GA,CashOut,22,1,default
LN0004664,Excellent,75-90,28-36,AZ,Purchase,39,1,prepaid
LN0004665,Good,<=60,<=28,GA,Refinance,6,1,prepaid
LN0004666,Good,75-90,28-36,IL,Refinance,15,1,prepaid
LN0004667,Fair,>90,<=28,OH,Refinance,41,0,censored
LN0004668,Good,>90,36-43,OH,Refinance,10,1,default
LN0004669,Poor,>90,<=28,CA,Purchase,8,1,default
LN0004670,Good,>90,<=28,WA,Purchase,18,1,default
LN0004671,Excellent,60-75,28-36,OH,Purchase,9,0,censored
LN0004672,Good,>90,<=28,GA,Purchase,33,1,default
LN0004673,Excellent,>90,28-36,FL,Purchase,19,1,prepaid
LN0004674,Good,60-75,28-36,TX,Refinance,36,1,prepaid
LN0004675,Fair,60-75,>43,FL,Purchase,11,1,default
LN0004676,Excellent,<=60,<=28,NY,CashOut,31,1,prepaid
LN0004677,Excellent,75-90,28-36,NV,Refinance,4,1,prepaid
LN0004678,Excellent,75-90,36-43,GA,Purchase,29,1,prepaid
LN0004679,Excellent,60-75,<=28,AZ,Purchase,13,1,prepaid
LN0004680,Poor,60-75,36-43,CA,Refinance,12,1,default
LN0004681,Poor,75-90,>43,OH,Purchase,11,1,default
LN0004682,Excellent,<=60,36-43,TX,Purchase,11,1,default
LN0004683,Fair,>90,>43,WA,Refinance,7,1,prepaid
LN0004684,Fair,60-75,36-43,NY,Refinance,20,1,default
LN0004685,Poor,<=60,28-36,AZ,Purchase,33,1,prepaid
LN0004686,Good,<=60,>43,GA,Purchase,28,1,prepaid
LN0004687,Good,>90,<=28,IL,Purchase,13,1,prepaid
LN0004688,Good,>90,28-36,WA,Purchase,7,1,default
LN0004689,Poor,<=60,36-43,OH,Purchase,17,1,default
LN0004690,Fair,<=60,>43,OH,Refinance,13,1,default
LN0004691,Good,60-75,>43,WA,Refinance,9,1,default
LN0004692,Excellent,<=60,<=28,OH,Purchase,15,1,prepaid
LN0004693,Fair,75-90,36-43,OH,CashOut,12,1,default
LN0004694,Poor,<=60,<=28,CA,Refinance,4,0,censored
LN0004695,Good,60-75,36-43,NY,Purchase,5,0,censored
LN0004696,Fair,60-75,36-43,NV,Refinance,8,1,prepaid
LN0004697,Good,60-75,<=28,NY,Refinance,42,0,censored
LN0004698,Good,60-75,36-43,AZ,Refinance,4,0,censored
LN0004699,Good,<=60,28-36,WA,Purchase,23,1,prepaid
LN0004700,Fair,60-75,28-36,FL,Refinance,5,1,prepaid
LN0004701,Poor,<=60,>43,NY,Purchase,10,1,default
LN0004702,Good,<=60,36-43,IL,Purchase,14,1,prepaid
LN0004703,Good,>90,28-36,TX,Refinance,7,1,default
LN0004704,Good,60-75,<=28,NY,Refinance,6,1,prepaid
LN0004705,Excellent,60-75,<=28,GA,Refinance,39,1,prepaid
LN0004706,Good,<=60,<=28,NV,Purchase,42,0,censored
LN0004707,Excellent,75-90,28-36,NV,Purchase,15,1,default
LN0004708,Good,>90,28-36,NY,CashOut,25,1,prepaid
LN0004709,Excellent,75-90,28-36,OH,Refinance,9,1,default
LN0004710,Good,75-90,36-43,NY,Refinance,28,1,default
LN0004711,Fair,75-90,<=28,AZ,Purchase,5,1,prepaid
LN0004712,Excellent,60-75,36-43,NV,CashOut,7,1,prepaid
LN0004713,Fair,>90,>43,IL,Purchase,8,1,prepaid
LN0004714,Poor,75-90,<=28,GA,Purchase,20,1,prepaid
LN0004715,Good,<=60,36-43,AZ,Refinance,9,1,prepaid
LN0004716,Excellent,60-75,<=28,TX,Purchase,36,1,prepaid
LN0004717,Good,60-75,28-36,FL,Refinance,4,1,default
LN0004718,Good,<=60,36-43,GA,Refinance,18,1,prepaid
LN0004719,Good,75-90,<=28,TX,CashOut,42,0,censored
LN0004720,Excellent,<=60,28-36,OH,Purchase,42,0,censored
LN0004721,Good,75-90,>43,FL,Purchase,4,1,prepaid
LN0004722,Good,>90,<=28,NY,Refinance,35,1,prepaid
LN0004723,Good,60-75,36-43,AZ,Refinance,8,1,prepaid
LN0004724,Fair,60-75,36-43,WA,CashOut,6,1,default
LN0004725,Excellent,75-90,<=28,OH,Purchase,25,1,prepaid
LN0004726,Good,75-90,36-43,GA,Refinance,15,1,prepaid
LN0004727,Fair,60-75,28-36,WA,Purchase,5,1,prepaid
LN0004728,Good,60-75,<=28,WA,Purchase,6,1,prepaid
LN0004729,Fair,75-90,>43,AZ,Purchase,20,0,censored
LN0004730,Good,>90,28-36,NV,Purchase,4,0,censored
LN0004731,Good,60-75,36-43,CA,Purchase,12,1,default
LN0004732,Poor,60-75,<=28,WA,Purchase,4,0,censored
LN0004733,Good,>90,<=28,OH,Purchase,40,1,default
LN0004734,Excellent,<=60,36-43,GA,CashOut,14,1,prepaid
LN0004735,Poor,<=60,36-43,IL,Purchase,9,1,default
LN0004736,Fair,75-90,28-36,OH,Refinance,17,1,default
LN0004737,Fair,<=60,36-43,IL,CashOut,42,0,censored
LN0004738,Excellent,<=60,28-36,TX,Purchase,4,1,prepaid
LN0004739,Excellent,75-90,28-36,FL,Refinance,16,1,default
LN0004740,Fair,75-90,36-43,CA,Purchase,7,1,prepaid
LN0004741,Excellent,60-75,36-43,OH,Purchase,16,1,prepaid
LN0004742,Excellent,60-75,28-36,NV,Refinance,42,0,censored
LN0004743,Fair,75-90,36-43,NY,Refinance,35,1,default
LN0004744,Good,75-90,28-36,OH,Purchase,9,1,default
LN0004745,Excellent,75-90,>43,NV,CashOut,15,1,default
LN0004746,Excellent,75-90,36-43,NY,Refinance,20,1,default
LN0004747,Good,75-90,28-36,AZ,Purchase,28,1,prepaid
LN0004748,Fair,>90,28-36,CA,Purchase,9,1,default
LN0004749,Poor,75-90,>43,GA,CashOut,7,1,default
LN0004750,Excellent,<=60,>43,TX,CashOut,4,1,default
LN0004751,Excellent,>90,<=28,OH,Refinance,4,1,prepaid
LN0004752,Good,>90,28-36,CA,Refinance,18,1,prepaid
LN0004753,Good,60-75,28-36,AZ,Refinance,42,0,censored
LN0004754,Good,<=60,>43,NY,Purchase,6,1,default
LN0004755,Poor,75-90,>43,FL,CashOut,4,1,prepaid
LN0004756,Good,60-75,36-43,WA,Refinance,15,1,default
LN0004757,Good,75-90,28-36,NV,Refinance,9,1,default
LN0004758,Poor,60-75,>43,TX,Refinance,13,1,default
LN0004759,Excellent,<=60,<=28,NY,Refinance,32,0,censored
LN0004760,Poor,60-75,28-36,GA,Purchase,6,1,default
LN0004761,Good,>90,28-36,CA,Refinance,18,1,default
LN0004762,Good,<=60,28-36,NV,Purchase,42,0,censored
LN0004763,Poor,75-90,28-36,WA,Purchase,4,1,prepaid
LN0004764,Good,60-75,<=28,NV,Purchase,15,1,prepaid
LN0004765,Good,60-75,<=28,IL,Purchase,8,1,prepaid
LN0004766,Good,60-75,36-43,AZ,CashOut,41,1,prepaid
LN0004767,Fair,60-75,<=28,NY,Purchase,42,0,censored
LN0004768,Good,75-90,28-36,IL,Purchase,15,1,prepaid
LN0004769,Excellent,75-90,<=28,NY,Refinance,13,1,default
LN0004770,Fair,<=60,28-36,WA,CashOut,42,0,censored
LN0004771,Fair,60-75,28-36,FL,Refinance,23,1,default
LN0004772,Good,75-90,36-43,WA,CashOut,42,0,censored
LN0004773,Excellent,75-90,28-36,AZ,Refinance,20,1,default
LN0004774,Good,60-75,28-36,TX,Refinance,17,1,default
LN0004775,Excellent,75-90,36-43,OH,Purchase,22,1,default
LN0004776,Excellent,<=60,<=28,AZ,Purchase,39,1,prepaid
LN0004777,Good,<=60,36-43,CA,Purchase,30,1,prepaid
LN0004778,Excellent,75-90,<=28,GA,Refinance,8,1,prepaid
LN0004779,Good,75-90,>43,IL,Refinance,6,1,prepaid
LN0004780,Fair,75-90,<=28,GA,Refinance,16,0,censored
LN0004781,Good,<=60,28-36,FL,Refinance,35,1,prepaid
LN0004782,Poor,60-75,36-43,FL,Refinance,22,1,default
LN0004783,Poor,75-90,28-36,FL,Purchase,5,1,default
LN0004784,Good,60-75,36-43,TX,Purchase,16,1,default
LN0004785,Poor,60-75,<=28,IL,Refinance,4,1,prepaid
LN0004786,Poor,75-90,28-36,AZ,Purchase,13,0,censored
LN0004787,Good,60-75,>43,OH,CashOut,7,1,default
LN0004788,Fair,60-75,>43,TX,Purchase,6,0,censored
LN0004789,Excellent,60-75,28-36,WA,Purchase,16,1,prepaid
LN0004790,Fair,>90,28-36,CA,Refinance,4,1,prepaid
LN0004791,Good,60-75,36-43,CA,Purchase,4,1,prepaid
LN0004792,Excellent,<=60,36-43,GA,Refinance,16,1,prepaid
LN0004793,Good,<=60,>43,NY,Purchase,12,1,default
LN0004794,Poor,<=60,36-43,OH,Purchase,9,1,default
LN0004795,Good,<=60,28-36,TX,Refinance,29,1,prepaid
LN0004796,Excellent,75-90,36-43,TX,Purchase,42,0,censored
LN0004797,Excellent,<=60,28-36,OH,Refinance,10,1,prepaid
LN0004798,Good,60-75,<=28,FL,Purchase,4,0,censored
LN0004799,Fair,<=60,36-43,CA,Refinance,40,1,prepaid
LN0004800,Fair,60-75,36-43,OH,Purchase,12,1,prepaid
LN0004801,Good,<=60,<=28,OH,Purchase,17,1,prepaid
LN0004802,Excellent,75-90,36-43,NV,Refinance,14,1,default
LN0004803,Excellent,75-90,28-36,WA,Refinance,9,1,prepaid
LN0004804,Good,75-90,<=28,IL,CashOut,38,1,prepaid
LN0004805,Fair,60-75,36-43,GA,Refinance,16,0,censored
LN0004806,Fair,>90,36-43,OH,Refinance,6,1,default
LN0004807,Good,75-90,28-36,GA,Purchase,34,0,censored
LN0004808,Good,<=60,<=28,NY,Refinance,21,1,prepaid
LN0004809,Good,60-75,28-36,AZ,Refinance,4,1,prepaid
LN0004810,Good,75-90,<=28,OH,Refinance,19,0,censored
LN0004811,Good,60-75,>43,AZ,Refinance,15,0,censored
LN0004812,Fair,60-75,28-36,WA,Purchase,23,1,default
LN0004813,Good,75-90,>43,IL,Refinance,6,0,censored
LN0004814,Poor,<=60,<=28,AZ,Refinance,36,1,prepaid
LN0004815,Good,>90,<=28,GA,Purchase,27,1,default
LN0004816,Excellent,<=60,28-36,OH,Refinance,20,1,prepaid
LN0004817,Excellent,<=60,36-43,AZ,Refinance,23,1,prepaid
LN0004818,Good,<=60,>43,FL,Refinance,32,1,default
LN0004819,Good,60-75,28-36,TX,CashOut,6,1,prepaid
LN0004820,Good,>90,28-36,TX,Purchase,19,1,default
LN0004821,Fair,75-90,<=28,WA,Purchase,5,1,prepaid
LN0004822,Good,>90,28-36,AZ,Purchase,17,1,default
LN0004823,Fair,60-75,28-36,NV,CashOut,18,1,prepaid
LN0004824,Fair,60-75,>43,CA,Purchase,21,1,default
LN0004825,Good,60-75,28-36,CA,Refinance,9,1,prepaid
LN0004826,Good,<=60,36-43,GA,Refinance,6,1,prepaid
LN0004827,Excellent,>90,36-43,FL,Refinance,9,1,default
LN0004828,Good,60-75,<=28,IL,Purchase,40,1,prepaid
LN0004829,Fair,60-75,28-36,CA,Purchase,22,1,default
LN0004830,Poor,60-75,>43,CA,CashOut,5,0,censored
LN0004831,Good,75-90,28-36,WA,Refinance,18,0,censored
LN0004832,Good,60-75,28-36,GA,Purchase,18,1,prepaid
LN0004833,Fair,75-90,>43,AZ,Purchase,16,1,default
LN0004834,Fair,75-90,<=28,IL,Refinance,14,1,default
LN0004835,Good,75-90,>43,GA,CashOut,4,1,default
LN0004836,Fair,<=60,28-36,AZ,Refinance,5,1,default
LN0004837,Excellent,<=60,28-36,IL,Purchase,5,1,prepaid
LN0004838,Excellent,60-75,28-36,FL,Refinance,17,1,prepaid
LN0004839,Excellent,>90,28-36,AZ,Purchase,4,1,prepaid
LN0004840,Excellent,>90,<=28,CA,CashOut,42,0,censored
LN0004841,Poor,75-90,<=28,FL,Purchase,19,1,default
LN0004842,Good,60-75,28-36,TX,Purchase,17,1,prepaid
LN0004843,Good,<=60,28-36,GA,Purchase,17,0,censored
LN0004844,Good,75-90,36-43,FL,Purchase,42,0,censored
LN0004845,Good,60-75,<=28,NY,Purchase,5,1,prepaid
LN0004846,Good,75-90,<=28,GA,Refinance,20,1,default
LN0004847,Excellent,75-90,<=28,FL,Purchase,7,0,censored
LN0004848,Fair,60-75,28-36,NY,Refinance,4,1,prepaid
LN0004849,Excellent,60-75,<=28,IL,Purchase,7,1,prepaid
LN0004850,Fair,<=60,<=28,TX,Purchase,41,1,prepaid
LN0004851,Excellent,60-75,28-36,NV,Refinance,25,1,prepaid
LN0004852,Fair,75-90,36-43,NV,Refinance,20,1,default
LN0004853,Fair,60-75,36-43,OH,Purchase,6,1,default
LN0004854,Excellent,<=60,28-36,TX,Refinance,5,0,censored
LN0004855,Excellent,<=60,>43,IL,Purchase,31,1,prepaid
LN0004856,Poor,<=60,36-43,NY,Purchase,6,1,default
LN0004857,Good,75-90,36-43,TX,Purchase,23,1,default
LN0004858,Fair,75-90,<=28,AZ,Refinance,11,1,default
LN0004859,Excellent,60-75,<=28,IL,Purchase,14,0,censored
LN0004860,Good,60-75,28-36,GA,Purchase,4,1,prepaid
LN0004861,Good,<=60,<=28,GA,Purchase,14,1,prepaid
LN0004862,Poor,60-75,36-43,NY,Purchase,10,1,default
LN0004863,Good,<=60,28-36,NY,Purchase,25,1,default
LN0004864,Fair,>90,<=28,NV,Refinance,4,1,prepaid
LN0004865,Fair,<=60,<=28,AZ,Refinance,14,1,prepaid
LN0004866,Excellent,60-75,<=28,WA,Purchase,4,0,censored
LN0004867,Good,<=60,28-36,WA,Purchase,25,1,prepaid
LN0004868,Excellent,75-90,<=28,CA,Purchase,39,1,prepaid
LN0004869,Good,<=60,28-36,FL,CashOut,14,1,prepaid
LN0004870,Fair,>90,28-36,CA,Refinance,16,1,default
LN0004871,Good,<=60,28-36,AZ,Purchase,8,1,prepaid
LN0004872,Excellent,75-90,>43,NV,CashOut,17,1,default
LN0004873,Fair,75-90,>43,TX,Purchase,4,0,censored
LN0004874,Good,60-75,28-36,FL,Purchase,17,1,default
LN0004875,Good,60-75,28-36,NY,CashOut,42,0,censored
LN0004876,Good,60-75,36-43,AZ,Refinance,4,0,censored
LN0004877,Excellent,75-90,>43,IL,Refinance,28,1,default
LN0004878,Fair,>90,28-36,CA,Refinance,14,1,default
LN0004879,Good,<=60,<=28,WA,CashOut,42,0,censored
LN0004880,Good,60-75,36-43,TX,Purchase,26,1,prepaid
LN0004881,Excellent,60-75,<=28,GA,Purchase,5,1,prepaid
LN0004882,Good,<=60,36-43,AZ,Purchase,10,1,default
LN0004883,Fair,75-90,<=28,CA,CashOut,22,1,default
LN0004884,Good,60-75,<=28,NV,Purchase,13,1,prepaid
LN0004885,Poor,60-75,36-43,GA,Purchase,6,1,default
LN0004886,Fair,>90,36-43,CA,Purchase,38,1,prepaid
LN0004887,Excellent,75-90,28-36,FL,Purchase,4,1,prepaid
LN0004888,Fair,75-90,36-43,TX,Refinance,9,1,default
LN0004889,Good,<=60,>43,AZ,Purchase,25,1,default
LN0004890,Poor,>90,28-36,OH,Refinance,6,0,censored
LN0004891,Excellent,75-90,>43,NY,Refinance,11,1,prepaid
LN0004892,Good,60-75,28-36,WA,Purchase,20,1,prepaid
LN0004893,Good,<=60,<=28,NY,Refinance,4,1,prepaid
LN0004894,Good,>90,36-43,IL,Purchase,4,1,default
LN0004895,Fair,60-75,28-36,GA,Refinance,7,1,prepaid
LN0004896,Good,75-90,>43,TX,Refinance,5,1,prepaid
LN0004897,Excellent,75-90,<=28,OH,Purchase,42,0,censored
LN0004898,Good,75-90,<=28,NV,Purchase,27,1,default
LN0004899,Poor,75-90,<=28,NV,Refinance,4,1,prepaid
LN0004900,Fair,>90,36-43,TX,Refinance,24,1,default
LN0004901,Good,60-75,36-43,IL,Refinance,18,1,prepaid
LN0004902,Good,60-75,28-36,FL,Purchase,4,1,prepaid
LN0004903,Excellent,75-90,<=28,GA,Purchase,42,0,censored
LN0004904,Poor,60-75,28-36,NY,CashOut,25,1,default
LN0004905,Fair,75-90,28-36,NY,Purchase,15,1,default
LN0004906,Good,75-90,36-43,TX,CashOut,13,1,default
LN0004907,Poor,60-75,36-43,WA,Refinance,7,1,prepaid
LN0004908,Excellent,75-90,<=28,WA,Refinance,11,1,prepaid
LN0004909,Fair,60-75,28-36,WA,Purchase,4,1,prepaid
LN0004910,Excellent,>90,36-43,NY,CashOut,12,1,default
LN0004911,Excellent,<=60,28-36,OH,CashOut,35,1,prepaid
LN0004912,Good,75-90,28-36,GA,Refinance,13,1,prepaid
LN0004913,Good,>90,36-43,TX,Refinance,8,1,default
LN0004914,Poor,60-75,28-36,NY,Purchase,8,1,default
LN0004915,Good,60-75,<=28,GA,Purchase,4,0,censored
LN0004916,Fair,60-75,<=28,TX,CashOut,5,1,prepaid
LN0004917,Fair,75-90,36-43,NY,Purchase,10,1,default
LN0004918,Fair,60-75,<=28,AZ,Purchase,4,0,censored
LN0004919,Poor,<=60,36-43,IL,Purchase,7,1,default
LN0004920,Good,>90,28-36,WA,Refinance,4,1,prepaid
LN0004921,Good,60-75,28-36,GA,Refinance,22,1,prepaid
LN0004922,Excellent,60-75,36-43,NY,Refinance,6,1,default
LN0004923,Good,75-90,28-36,AZ,Purchase,31,1,prepaid
LN0004924,Poor,<=60,<=28,CA,Purchase,30,1,prepaid
LN0004925,Good,<=60,<=28,IL,Purchase,4,1,prepaid
LN0004926,Good,>90,36-43,WA,CashOut,5,1,default
LN0004927,Excellent,75-90,28-36,FL,Purchase,5,1,prepaid
LN0004928,Good,<=60,36-43,OH,CashOut,5,1,prepaid
LN0004929,Fair,75-90,28-36,CA,Purchase,4,0,censored
LN0004930,Good,60-75,28-36,GA,CashOut,22,1,prepaid
LN0004931,Fair,<=60,28-36,GA,Refinance,11,0,censored
LN0004932,Fair,75-90,<=28,OH,Refinance,12,1,prepaid
LN0004933,Fair,60-75,36-43,FL,Refinance,42,0,censored
LN0004934,Good,60-75,<=28,TX,Refinance,19,0,censored
LN0004935,Fair,>90,>43,WA,Refinance,19,1,default
LN0004936,Excellent,60-75,<=28,NV,Purchase,19,1,prepaid
LN0004937,Good,60-75,28-36,OH,CashOut,42,0,censored
LN0004938,Fair,60-75,<=28,FL,Refinance,4,1,prepaid
LN0004939,Fair,75-90,36-43,IL,Purchase,19,1,default
LN0004940,Excellent,75-90,<=28,FL,Purchase,4,0,censored
LN0004941,Poor,>90,28-36,OH,Refinance,7,1,prepaid
LN0004942,Excellent,60-75,>43,WA,CashOut,12,0,censored
LN0004943,Good,75-90,36-43,IL,Refinance,42,0,censored
LN0004944,Poor,75-90,<=28,CA,Purchase,10,0,censored
LN0004945,Good,60-75,36-43,GA,Refinance,4,1,prepaid
LN0004946,Fair,<=60,28-36,IL,Purchase,16,1,default
LN0004947,Good,75-90,<=28,CA,Purchase,8,1,prepaid
LN0004948,Fair,60-75,28-36,TX,Refinance,6,1,prepaid
LN0004949,Fair,75-90,36-43,OH,Purchase,4,1,prepaid
LN0004950,Fair,60-75,28-36,OH,Purchase,28,1,default
LN0004951,Excellent,<=60,36-43,IL,Purchase,42,0,censored
LN0004952,Fair,>90,36-43,OH,Purchase,6,1,default
LN0004953,Excellent,75-90,28-36,OH,Purchase,34,0,censored
LN0004954,Poor,60-75,28-36,GA,Purchase,13,0,censored
LN0004955,Excellent,75-90,36-43,FL,Purchase,6,1,prepaid
LN0004956,Excellent,60-75,28-36,IL,CashOut,16,1,prepaid
LN0004957,Poor,75-90,<=28,AZ,Purchase,5,1,prepaid
LN0004958,Excellent,<=60,28-36,NY,CashOut,12,1,prepaid
LN0004959,Good,60-75,>43,GA,Refinance,18,1,default
LN0004960,Fair,60-75,28-36,AZ,Purchase,37,1,prepaid
LN0004961,Excellent,60-75,<=28,WA,Purchase,6,1,prepaid
LN0004962,Excellent,60-75,<=28,WA,Purchase,22,1,prepaid
LN0004963,Good,<=60,<=28,TX,Refinance,11,1,prepaid
LN0004964,Excellent,>90,>43,IL,Refinance,4,1,prepaid
LN0004965,Excellent,<=60,28-36,CA,Purchase,18,1,prepaid
LN0004966,Excellent,<=60,36-43,TX,Purchase,5,1,prepaid
LN0004967,Good,60-75,36-43,WA,Purchase,33,0,censored
LN0004968,Good,75-90,28-36,FL,Refinance,7,0,censored
LN0004969,Excellent,<=60,36-43,NY,Purchase,4,1,prepaid
LN0004970,Fair,60-75,>43,NY,Refinance,4,0,censored
LN0004971,Fair,75-90,36-43,IL,Refinance,9,1,default
LN0004972,Excellent,<=60,36-43,GA,Refinance,5,1,prepaid
LN0004973,Good,>90,28-36,IL,Purchase,42,0,censored
LN0004974,Poor,60-75,36-43,AZ,Purchase,14,1,default
LN0004975,Good,75-90,<=28,IL,Purchase,41,1,default
LN0004976,Good,<=60,36-43,NV,Refinance,17,1,prepaid
LN0004977,Good,75-90,28-36,NV,Purchase,38,1,default
LN0004978,Excellent,75-90,28-36,IL,Purchase,22,1,prepaid
LN0004979,Fair,<=60,>43,OH,Purchase,23,1,prepaid
LN0004980,Poor,<=60,36-43,IL,Refinance,8,1,prepaid
LN0004981,Poor,60-75,<=28,AZ,Refinance,5,1,default
LN0004982,Excellent,<=60,36-43,OH,Refinance,4,1,prepaid
LN0004983,Good,>90,>43,NY,Refinance,15,1,prepaid
LN0004984,Excellent,75-90,36-43,NY,CashOut,15,1,default
LN0004985,Good,75-90,>43,AZ,CashOut,13,0,censored
LN0004986,Good,>90,36-43,WA,Purchase,8,1,prepaid
LN0004987,Fair,75-90,>43,GA,Purchase,10,1,default
LN0004988,Excellent,75-90,28-36,GA,CashOut,6,1,prepaid
LN0004989,Poor,60-75,28-36,TX,Refinance,4,1,prepaid
LN0004990,Excellent,60-75,36-43,FL,CashOut,16,0,censored
LN0004991,Excellent,60-75,>43,NV,Purchase,21,1,default
LN0004992,Poor,60-75,<=28,FL,CashOut,5,1,default
LN0004993,Fair,60-75,<=28,AZ,Purchase,17,0,censored
LN0004994,Good,<=60,28-36,NY,Refinance,10,1,prepaid
LN0004995,Good,60-75,36-43,AZ,Purchase,16,1,prepaid
LN0004996,Excellent,60-75,>43,WA,Purchase,31,1,prepaid
LN0004997,Excellent,60-75,28-36,CA,Purchase,5,0,censored
LN0004998,Good,<=60,<=28,FL,Purchase,25,1,prepaid
LN0004999,Good,60-75,28-36,NV,Purchase,5,1,prepaid
LN0005000,Fair,60-75,>43,FL,CashOut,8,1,prepaid
