loan_id,as_of_month,prob_delinquency_3m,prob_delinquency_6m,prob_default_12m,prob_prepayment_12m,predicted_next_state,exception_flag,exception_type,anomaly_score,top_drivers,recommended_action,confidence
LN0000004,2021-11,0.469088,0.629841,0.455546,0.694406,Current,0,,0.182107,,Monitor closely — elevated default risk,0.8002
LN0000004,2021-12,0.463938,0.62769,0.367908,0.545612,Current,0,,0.212101,,Watch for prepayment — portfolio income risk,0.8293
LN0000004,2022-01,0.456032,0.61933,0.307082,0.434863,Current,0,,0.258071,,Watch for prepayment — portfolio income risk,0.7893
LN0000004,2022-02,0.470048,0.64039,0.26219,0.349544,Current,0,,0.291457,,No immediate action,0.7207
LN0000004,2022-03,0.456032,0.621928,0.227036,0.277633,Current,0,,0.329338,,No immediate action,0.6694
LN0000010,2023-12,0.269386,0.456965,0.519018,0.474351,Current,0,,0.204469,,Monitor closely — elevated default risk,0.8408
LN0000010,2024-01,0.276914,0.487269,0.404583,0.378732,Current,0,,0.237086,,Monitor closely — elevated default risk,0.7737
LN0000010,2024-02,0.272883,0.488576,0.333172,0.303358,Current,0,,0.277398,,No immediate action,0.699
LN0000010,2024-03,0.268518,0.462295,0.283645,0.23417,Prepaid,0,,0.310894,,Watch for prepayment — portfolio income risk,0.6243
LN0000010,2024-04,0.266492,0.482994,0.245944,0.184125,Current,0,,0.341548,,No immediate action,0.5898
LN0000015,2020-11,0.358598,0.59121,0.105621,0.201834,Current,0,,0.173602,,No immediate action,0.5374
LN0000015,2020-12,0.285547,0.579912,0.090735,0.166246,Current,0,,0.195395,,No immediate action,0.4813
LN0000015,2021-01,0.473279,0.642762,0.166246,0.32766,Current,0,,0.234342,,No immediate action,0.6622
LN0000015,2021-02,0.473279,0.642762,0.166149,0.327893,Current,0,,0.271337,,No immediate action,0.6623
LN0000015,2021-03,0.5894,0.693251,0.262993,0.324879,30DPD,0,,0.302993,,No immediate action,0.6526
LN0000017,2022-03,0.594047,0.692857,0.227709,0.255805,30DPD,0,,0.152159,,No immediate action,0.5983
LN0000017,2022-04,0.519211,0.679024,0.491735,0.580043,30DPD,0,,0.178394,,Monitor closely — elevated default risk,0.8567
LN0000020,2020-09,0.519211,0.679024,0.390887,0.463492,30DPD,0,,0.212942,,Monitor closely — elevated default risk,0.8281
LN0000020,2020-10,0.599605,0.734815,0.200978,0.595163,30DPD,0,,0.235377,,Watch for prepayment — portfolio income risk,0.6357
LN0000020,2020-11,0.589522,0.722814,0.182788,0.476951,30DPD,0,,0.371158,,Watch for prepayment — portfolio income risk,0.6737
LN0000020,2020-12,0.698387,0.733701,0.576214,0.252042,30DPD,0,,0.353664,,Monitor closely — elevated default risk,0.6219
LN0000020,2021-01,0.675042,0.697775,0.19746,0.185652,30DPD,0,,0.341657,,No immediate action,0.5051
LN0000021,2022-03,0.654802,0.715382,0.100007,0.158154,30DPD,0,,0.334326,,No immediate action,0.444
LN0000021,2022-04,0.459443,0.640318,0.761105,0.180302,Default,0,,0.312863,,Monitor closely — elevated default risk,0.6192
LN0000021,2022-05,0.432088,0.674102,0.217169,0.13878,60DPD,0,,0.290575,,No immediate action,0.557
LN0000021,2022-06,0.424321,0.648807,0.061072,0.071293,Current,0,,0.322732,,No immediate action,0.4539
LN0000021,2022-07,0.45743,0.691934,0.037109,0.034853,30DPD,0,,0.347618,,No immediate action,0.4187
LN0000029,2023-12,0.548765,0.749318,0.054574,0.059246,30DPD,0,,0.151077,,No immediate action,0.4079
LN0000029,2024-01,0.543609,0.734569,0.498515,0.526486,30DPD,0,,0.180555,,Monitor closely — elevated default risk,0.8469
LN0000029,2024-02,0.537392,0.709195,0.384032,0.41492,30DPD,0,,0.22212,,Watch for prepayment — portfolio income risk,0.7762
LN0000036,2020-06,0.550275,0.747472,0.325803,0.33662,30DPD,0,,0.165337,,No immediate action,0.6823
LN0000036,2020-07,0.533259,0.701068,0.460274,0.562682,30DPD,0,,0.187525,,Monitor closely — elevated default risk,0.8316
LN0000036,2020-08,0.551828,0.691237,0.37044,0.450361,30DPD,0,,0.219571,,Watch for prepayment — portfolio income risk,0.7889
LN0000036,2020-09,0.560834,0.671027,0.308847,0.360965,30DPD,0,,0.259157,,No immediate action,0.719
LN0000036,2020-10,0.555245,0.694381,0.264299,0.287835,30DPD,0,,0.288152,,No immediate action,0.6513
LN0000038,2023-02,0.555462,0.702202,0.228479,0.221856,30DPD,0,,0.17428,,No immediate action,0.5963
LN0000038,2023-03,0.423273,0.586207,0.487514,0.516791,30DPD,0,,0.203629,,Monitor closely — elevated default risk,0.9039
LN0000038,2023-04,0.394365,0.595639,0.387294,0.410321,30DPD,0,,0.238012,,Watch for prepayment — portfolio income risk,0.7982
LN0000038,2023-05,0.408861,0.584664,0.321661,0.330581,30DPD,0,,0.282952,,No immediate action,0.7382
LN0000038,2023-06,0.406332,0.584664,0.274653,0.261589,30DPD,0,,0.352595,,No immediate action,0.679
LN0000041,2025-01,0.431767,0.534996,0.294299,0.143548,30DPD,0,,0.19327,,No immediate action,0.6673
LN0000041,2025-02,0.186997,0.249123,0.445493,0.670832,Current,0,,0.219195,,Monitor closely — elevated default risk,0.6054
LN0000041,2025-03,0.130797,0.199517,0.356216,0.525314,Current,0,,0.262183,,Watch for prepayment — portfolio income risk,0.5806
LN0000041,2025-04,0.183108,0.244065,0.303031,0.423411,Current,0,,0.298984,,Watch for prepayment — portfolio income risk,0.5768
LN0000041,2025-05,0.204767,0.253201,0.257794,0.341678,Prepaid,0,,0.329258,,Watch for prepayment — portfolio income risk,0.5287
LN0000052,2023-11,0.186732,0.249123,0.223101,0.271384,Current,0,,0.198193,,No immediate action,0.4652
LN0000052,2023-12,0.324799,0.399179,0.433114,0.688202,Current,0,,0.225708,,Monitor closely — elevated default risk,0.7344
LN0000052,2024-01,0.350457,0.423659,0.354693,0.540674,Current,0,,0.267463,,Watch for prepayment — portfolio income risk,0.7941
LN0000052,2024-02,0.356164,0.421468,0.297727,0.43069,Current,0,,0.302755,,Watch for prepayment — portfolio income risk,0.753
LN0000056,2022-07,0.317621,0.39812,0.253723,0.346818,Current,0,,0.325858,,No immediate action,0.6581
LN0000056,2022-08,0.473986,0.606856,0.129479,0.082728,Current,0,,0.304382,,No immediate action,0.5397
LN0000056,2022-09,0.447416,0.581161,0.064292,0.079222,Current,0,,0.333811,,No immediate action,0.5049
LN0000056,2022-10,0.442018,0.573994,0.177524,0.150057,Current,0,,0.359267,,No immediate action,0.5978
LN0000056,2022-11,0.53453,0.560448,0.083788,0.069216,Current,1,Anomaly:IsolationForest,0.385398,remaining_term_months(z=2.48); loan_age_months(z=2.48); month_index(z=2.48),Review required — exception flagged,0.529
LN0000060,2024-10,0.485437,0.595855,0.146463,0.108936,Current,0,,0.211699,,No immediate action,0.5725
LN0000060,2024-11,0.373128,0.534426,0.516514,0.421753,30DPD,0,,0.239711,,Monitor closely — elevated default risk,0.872
LN0000062,2022-07,0.400241,0.537989,0.402904,0.340708,30DPD,0,,0.207998,,Monitor closely — elevated default risk,0.8029
LN0000062,2022-08,0.212246,0.299949,0.447538,0.693129,Current,0,,0.292132,,Monitor closely — elevated default risk,0.6333
LN0000062,2022-09,0.336808,0.362507,0.544944,0.387008,Current,0,,0.271698,,Monitor closely — elevated default risk,0.7707
LN0000062,2022-10,0.250373,0.315666,0.163234,0.331874,Current,0,,0.305726,,No immediate action,0.5306
LN0000062,2022-11,0.225421,0.308005,0.15333,0.263294,Current,0,,0.339121,,No immediate action,0.475
LN0000063,2021-05,0.15727,0.285291,0.073185,0.101073,Current,0,,0.17133,,No immediate action,0.3084
LN0000063,2021-06,0.325312,0.468816,0.48362,0.491261,Current,0,,0.200965,,Monitor closely — elevated default risk,0.8845
LN0000063,2021-07,0.368005,0.526281,0.402599,0.396747,Current,0,,0.241992,,Monitor closely — elevated default risk,0.8205
LN0000063,2021-08,0.37453,0.530788,0.331992,0.3187,Current,0,,0.280216,,No immediate action,0.7472
LN0000063,2021-09,0.371564,0.536636,0.282395,0.250563,Current,0,,0.315192,,No immediate action,0.6839
LN0000064,2022-02,0.322561,0.518958,0.24106,0.193369,Current,0,,0.277439,,No immediate action,0.619
LN0000064,2022-03,0.264336,0.333752,0.63904,0.31307,60DPD,0,,0.300684,,Monitor closely — elevated default risk,0.6361
LN0000064,2022-04,0.261634,0.356608,0.570876,0.217647,Current,0,,0.279757,,Monitor closely — elevated default risk,0.6325
LN0000064,2022-05,0.175817,0.295894,0.175124,0.184984,Current,0,,0.319504,,No immediate action,0.4159
LN0000064,2022-06,0.160882,0.261568,0.083392,0.082462,Current,0,,0.347895,,No immediate action,0.2942
LN0000072,2024-04,0.164345,0.280883,0.076873,0.073041,Current,0,,0.143697,,No immediate action,0.2976
LN0000072,2024-05,0.440498,0.630628,0.13063,0.334951,30DPD,0,,0.245528,,No immediate action,0.6377
LN0000072,2024-06,0.414255,0.613673,0.068009,0.067705,60DPD,0,,0.217525,,No immediate action,0.4681
LN0000072,2024-07,0.458551,0.608127,0.117505,0.212685,Current,0,,0.252531,,No immediate action,0.5903
LN0000072,2024-08,0.399646,0.620025,0.113205,0.169247,30DPD,0,,0.280941,,No immediate action,0.531
LN0000081,2021-12,0.391733,0.629372,0.075045,0.085232,30DPD,0,,0.264321,,No immediate action,0.4613
LN0000081,2022-01,0.43587,0.525171,0.52242,0.496306,Current,0,,0.285103,,Monitor closely — elevated default risk,0.9423
LN0000081,2022-02,0.371454,0.525054,0.4086,0.398533,Current,0,,0.361285,,Monitor closely — elevated default risk,0.8268
LN0000081,2022-03,0.343243,0.407884,0.429659,0.219463,60DPD,0,,0.349685,,Monitor closely — elevated default risk,0.7001
LN0000081,2022-04,0.191249,0.347927,0.158252,0.187274,Current,0,,0.377859,,No immediate action,0.4424
LN0000086,2022-03,0.215417,0.360423,0.145661,0.148563,Current,0,,0.152618,,No immediate action,0.435
LN0000086,2022-04,0.632744,0.705913,0.472425,0.591798,30DPD,0,,0.182398,,Monitor closely — elevated default risk,0.771
LN0000086,2022-05,0.605242,0.705131,0.377218,0.473921,30DPD,0,,0.228677,,Watch for prepayment — portfolio income risk,0.7704
LN0000086,2022-06,0.634799,0.705629,0.315649,0.37763,30DPD,0,,0.27689,,No immediate action,0.6764
LN0000086,2022-07,0.511542,0.625392,0.2565,0.295046,30DPD,0,,0.312564,,No immediate action,0.7073
LN0000089,2022-04,0.626502,0.711981,0.232817,0.233687,30DPD,1,Anomaly:IsolationForest,0.476706,modification_flag(z=10.67); days_past_due(z=2.40); remaining_term_months(z=1.97),Review required — exception flagged,0.564
LN0000089,2022-05,0.358268,0.421207,0.719782,0.173008,Current,0,,0.367892,,Monitor closely — elevated default risk,0.6164
LN0000089,2022-06,0.362913,0.530902,0.682408,0.121841,Default,0,,0.347244,,Monitor closely — elevated default risk,0.6357
LN0000089,2022-07,0.272695,0.512983,0.116958,0.058232,Current,0,,0.373187,,No immediate action,0.4675
LN0000089,2022-08,0.297273,0.498514,0.061563,0.025167,Current,1,Anomaly:IsolationForest,0.426418,remaining_term_months(z=2.48); loan_age_months(z=2.48); month_index(z=2.48),Review required — exception flagged,0.4413
LN0000099,2022-07,0.292716,0.388873,0.090986,0.021496,30DPD,0,,0.175136,,No immediate action,0.397
LN0000099,2022-08,0.300673,0.438591,0.202595,0.44056,Current,0,,0.195611,,Watch for prepayment — portfolio income risk,0.6912
LN0000099,2022-09,0.297919,0.429372,0.092484,0.153231,Current,0,,0.238453,,No immediate action,0.4865
LN0000099,2022-10,0.291318,0.46749,0.165761,0.297512,Current,0,,0.276082,,No immediate action,0.611
LN0000099,2022-11,0.317313,0.481657,0.151349,0.229441,Current,0,,0.311267,,No immediate action,0.5899
LN0000113,2025-01,0.333041,0.503837,0.227325,0.228479,Current,0,,0.287679,,No immediate action,0.6425
LN0000113,2025-02,0.612743,0.682976,0.214115,0.142538,90DPD,0,,0.194274,,No immediate action,0.5305
LN0000113,2025-03,0.435381,0.599444,0.120764,0.309179,Current,0,,0.237092,,No immediate action,0.6329
LN0000113,2025-04,0.441217,0.598454,0.118487,0.241255,Current,0,,0.275413,,No immediate action,0.6013
LN0000113,2025-05,0.4256,0.609325,0.033277,0.05891,Current,0,,0.30966,,No immediate action,0.4542
LN0000118,2021-09,0.436537,0.612435,0.099888,0.164499,Current,0,,0.182146,,No immediate action,0.5442
LN0000118,2021-10,0.407915,0.666677,0.04957,0.093967,Current,0,,0.201657,,No immediate action,0.4424
LN0000118,2021-11,0.435052,0.685145,0.123556,0.334832,Current,0,,0.302932,,No immediate action,0.6041
LN0000118,2021-12,0.577603,0.675479,0.214878,0.228864,60DPD,0,,0.377649,,No immediate action,0.5953
LN0000118,2022-01,0.620941,0.642919,0.446049,0.147064,Default,1,Anomaly:IsolationForest,0.402775,remaining_term_months(z=2.48); loan_age_months(z=2.48); month_index(z=2.48),Review required — exception flagged,0.6646
LN0000120,2023-11,0.597755,0.636123,0.372591,0.105966,Default,0,,0.310448,,Monitor closely — elevated default risk,0.6223
LN0000120,2023-12,0.420859,0.554095,0.672832,0.268135,60DPD,0,,0.279864,,Monitor closely — elevated default risk,0.731
LN0000120,2024-01,0.314988,0.505306,0.098217,0.111866,Current,0,,0.310065,,No immediate action,0.5099
LN0000120,2024-02,0.331027,0.50684,0.17714,0.195843,Current,1,Anomaly:IsolationForest,0.390163,remaining_term_months(z=2.35); loan_age_months(z=2.35); month_index(z=2.35),Review required — exception flagged,0.5986
LN0000120,2024-03,0.423624,0.541241,0.153132,0.075752,60DPD,1,Anomaly:IsolationForest,0.405407,remaining_term_months(z=2.48); loan_age_months(z=2.48); month_index(z=2.48),Review required — exception flagged,0.5556
LN0000127,2024-02,0.388551,0.556287,0.29762,0.111642,60DPD,0,,0.158128,,No immediate action,0.6208
LN0000127,2024-03,0.287515,0.425069,0.458487,0.653672,Current,0,,0.184825,,Monitor closely — elevated default risk,0.7587
LN0000127,2024-04,0.2863,0.423338,0.369371,0.523283,Current,0,,0.285313,,Watch for prepayment — portfolio income risk,0.7779
LN0000127,2024-05,0.387242,0.475026,0.419125,0.298373,60DPD,0,,0.360535,,Monitor closely — elevated default risk,0.7899
LN0000127,2024-06,0.539312,0.52612,0.428463,0.154712,60DPD,1,Anomaly:IsolationForest,0.388005,remaining_term_months(z=2.48); loan_age_months(z=2.48); month_index(z=2.48),Review required — exception flagged,0.7589
LN0000133,2024-10,0.517484,0.502026,0.35217,0.110293,Default,0,,0.189605,,Monitor closely — elevated default risk,0.7215
LN0000133,2024-11,0.257836,0.533925,0.2025,0.476297,Current,0,,0.210623,,Watch for prepayment — portfolio income risk,0.7014
LN0000133,2024-12,0.304361,0.513098,0.092359,0.16479,Current,0,,0.25549,,No immediate action,0.5242
LN0000133,2025-01,0.278689,0.495757,0.163916,0.314077,Current,0,,0.339025,,No immediate action,0.6262
LN0000133,2025-02,0.382966,0.567798,0.343382,0.217742,Current,0,,0.324977,,No immediate action,0.6881
LN0000135,2024-06,0.287609,0.521217,0.13447,0.183934,Current,0,,0.169422,,No immediate action,0.5424
LN0000135,2024-07,0.487724,0.646494,0.480032,0.689408,30DPD,0,,0.199044,,Monitor closely — elevated default risk,0.8159
LN0000135,2024-08,0.515179,0.62956,0.381927,0.541974,30DPD,0,,0.24496,,Watch for prepayment — portfolio income risk,0.8476
LN0000135,2024-09,0.483666,0.634825,0.31836,0.431898,30DPD,0,,0.278253,,Watch for prepayment — portfolio income risk,0.7995
LN0000135,2024-10,0.484185,0.635461,0.270977,0.347559,30DPD,0,,0.317963,,No immediate action,0.7336
LN0000136,2022-07,0.484185,0.635461,0.234944,0.275987,30DPD,0,,0.195988,,No immediate action,0.6798
LN0000136,2022-08,0.284083,0.349641,0.458685,0.608551,Current,0,,0.221786,,Monitor closely — elevated default risk,0.7419
LN0000136,2022-09,0.210609,0.329181,0.360061,0.480032,Current,0,,0.260703,,Watch for prepayment — portfolio income risk,0.6899
LN0000136,2022-10,0.277566,0.34986,0.308516,0.387294,Current,0,,0.301481,,No immediate action,0.6616
LN0000136,2022-11,0.276219,0.348049,0.263394,0.310287,Current,0,,0.373642,,No immediate action,0.599
LN0000141,2020-08,0.24149,0.335737,0.29005,0.165858,Current,0,,0.287466,,No immediate action,0.5166
LN0000144,2023-08,0.53736,0.57209,0.125366,0.071586,Current,0,,0.194246,,No immediate action,0.5438
LN0000144,2023-09,0.306798,0.370446,0.483394,0.647254,Current,0,,0.219212,,Monitor closely — elevated default risk,0.7567
LN0000144,2023-10,0.294572,0.363759,0.38375,0.5179,Current,0,,0.263193,,Watch for prepayment — portfolio income risk,0.7621
LN0000144,2023-11,0.293551,0.360083,0.319836,0.411107,Current,0,,0.300779,,Watch for prepayment — portfolio income risk,0.6923
LN0000144,2023-12,0.293551,0.361094,0.272506,0.331051,Current,0,,0.337496,,No immediate action,0.6291
LN0000145,2023-09,0.289447,0.355206,0.2363,0.261989,Current,0,,0.222478,,No immediate action,0.5715
LN0000145,2023-10,0.369183,0.493569,0.609097,0.457305,Prepaid,0,,0.304311,,Monitor closely — elevated default risk,0.8555
LN0000145,2023-11,0.535469,0.573198,0.638324,0.24389,60DPD,0,,0.281782,,Monitor closely — elevated default risk,0.7484
LN0000145,2023-12,0.395307,0.51835,0.214401,0.181354,60DPD,0,,0.366879,,No immediate action,0.6364
LN0000145,2024-01,0.513834,0.568006,0.169344,0.069664,60DPD,0,,0.301673,,No immediate action,0.5786
LN0000150,2022-10,0.274739,0.440841,0.026506,0.039718,Current,1,Anomaly:IsolationForest,0.400416,days_past_due(z=2.40); remaining_term_months(z=1.97); loan_age_months(z=1.97),Review required — exception flagged,0.3909
LN0000150,2022-11,0.399744,0.675818,0.727145,0.15786,60DPD,0,,0.330584,,Monitor closely — elevated default risk,0.5773
LN0000150,2022-12,0.164204,0.586899,0.124622,0.144253,Current,0,,0.362697,,No immediate action,0.4231
LN0000150,2023-01,0.153433,0.58748,0.060578,0.07026,Current,1,Anomaly:IsolationForest,0.428712,remaining_term_months(z=2.35); loan_age_months(z=2.35); month_index(z=2.35),Review required — exception flagged,0.3484
LN0000150,2023-02,0.236463,0.656466,0.061399,0.029018,Current,1,Anomaly:IsolationForest,0.407199,remaining_term_months(z=2.48); loan_age_months(z=2.48); month_index(z=2.48),Review required — exception flagged,0.3352
LN0000155,2020-06,0.186609,0.609888,0.101191,0.094213,Current,0,,0.196047,,No immediate action,0.3861
LN0000155,2020-07,0.323589,0.497711,0.443652,0.564205,Current,0,,0.216751,,Monitor closely — elevated default risk,0.8504
LN0000155,2020-08,0.314525,0.505098,0.359932,0.451311,Current,0,,0.248385,,Watch for prepayment — portfolio income risk,0.8103
LN0000155,2020-09,0.345624,0.529384,0.302052,0.361483,Current,0,,0.287958,,No immediate action,0.7399
LN0000155,2020-10,0.329323,0.5097,0.257296,0.288467,Current,0,,0.322907,,No immediate action,0.6827
LN0000159,2025-02,0.319099,0.505496,0.222718,0.222622,Current,0,,0.147503,,No immediate action,0.6295
LN0000159,2025-03,0.398237,0.530452,0.0486,0.087047,Current,0,,0.304265,,No immediate action,0.5017
LN0000159,2025-04,0.53917,0.64588,0.665077,0.235622,60DPD,1,Anomaly:IsolationForest,0.389769,days_past_due(z=3.71); remaining_term_months(z=2.22); loan_age_months(z=2.22),Review required — exception flagged,0.6927
LN0000171,2024-12,0.360972,0.389056,0.687013,0.120548,Default,0,,0.148037,,Monitor closely — elevated default risk,0.5918
LN0000171,2025-01,0.471275,0.630634,0.501758,0.539064,Current,0,,0.300646,,Monitor closely — elevated default risk,0.8999
LN0000171,2025-02,0.605317,0.595822,0.66415,0.224635,90DPD,1,Anomaly:IsolationForest,0.505459,modification_flag(z=10.67); days_past_due(z=3.71); remaining_term_months(z=2.22),Review required — exception flagged,0.6797
LN0000172,2024-02,0.356214,0.371105,0.684681,0.116629,Default,0,,0.183553,,Monitor closely — elevated default risk,0.5796
LN0000172,2024-03,0.357124,0.513808,0.515689,0.513507,Current,0,,0.216919,,Monitor closely — elevated default risk,0.9071
LN0000172,2024-04,0.365559,0.498555,0.403208,0.407356,Current,0,,0.256442,,Monitor closely — elevated default risk,0.8373
LN0000172,2024-05,0.371904,0.496546,0.332464,0.327543,Current,0,,0.296007,,No immediate action,0.7642
LN0000172,2024-06,0.359058,0.495491,0.282916,0.257993,Current,0,,0.326025,,No immediate action,0.6977
LN0000177,2023-05,0.366466,0.496794,0.245455,0.199742,Current,0,,0.184571,,No immediate action,0.6542
LN0000177,2023-06,0.221357,0.370026,0.440741,0.612431,Current,0,,0.212699,,Monitor closely — elevated default risk,0.7098
LN0000177,2023-07,0.199594,0.30971,0.361873,0.495333,Current,0,,0.251634,,Watch for prepayment — portfolio income risk,0.6833
LN0000177,2023-08,0.149418,0.254964,0.297082,0.389012,Current,0,,0.289001,,No immediate action,0.5452
LN0000177,2023-09,0.199163,0.319731,0.258092,0.315987,Current,0,,0.323041,,No immediate action,0.5465
LN0000178,2021-05,0.199163,0.319731,0.223293,0.248004,Current,0,,0.294779,,No immediate action,0.4951
LN0000178,2021-06,0.41786,0.671975,0.643439,0.337817,60DPD,0,,0.357111,,Monitor closely — elevated default risk,0.7201
LN0000178,2021-07,0.450986,0.567431,0.661423,0.170888,Default,0,,0.295739,,Monitor closely — elevated default risk,0.6965
LN0000178,2021-08,0.344883,0.658212,0.060081,0.08666,Current,0,,0.373165,,No immediate action,0.4167
LN0000178,2021-09,0.34533,0.671189,0.111978,0.071879,60DPD,0,,0.35129,,No immediate action,0.429
LN0000183,2022-02,0.354646,0.673857,0.030495,0.037836,Current,0,,0.227435,,No immediate action,0.3746
LN0000183,2022-03,0.139395,0.254071,0.206971,0.544611,Current,0,,0.254314,,Watch for prepayment — portfolio income risk,0.5279
LN0000183,2022-04,0.17289,0.36389,0.091362,0.182692,Current,0,,0.294979,,No immediate action,0.4054
LN0000183,2022-05,0.213421,0.346135,0.090232,0.01393,Current,1,Anomaly:IsolationForest,0.606326,balance_utilisation(z=13.14); current_balance(z=4.09); days_past_due(z=2.40),Review required — exception flagged,0.3319
LN0000183,2022-06,0.403891,0.505437,0.443286,0.156976,90DPD,1,Anomaly:IsolationForest,0.486541,days_past_due(z=3.71); remaining_term_months(z=2.48); loan_age_months(z=2.48),Review required — exception flagged,0.7494
LN0000184,2023-08,0.27547,0.389275,0.471788,0.106311,Default,0,,0.172262,,Monitor closely — elevated default risk,0.6214
LN0000184,2023-09,0.358607,0.477775,0.466972,0.608007,Prepaid,0,,0.194623,,Monitor closely — elevated default risk,0.8477
LN0000184,2023-10,0.34782,0.452508,0.374758,0.484301,Current,0,,0.229769,,Watch for prepayment — portfolio income risk,0.8297
LN0000184,2023-11,0.397141,0.491558,0.312624,0.386012,Prepaid,0,,0.263958,,Watch for prepayment — portfolio income risk,0.7937
LN0000184,2023-12,0.397141,0.491558,0.267325,0.308516,Prepaid,0,,0.302152,,Watch for prepayment — portfolio income risk,0.7323
LN0000192,2022-03,0.369163,0.47034,0.231562,0.240379,Current,0,,0.275431,,No immediate action,0.6557
LN0000192,2022-04,0.250993,0.510253,0.208684,0.324072,Current,0,,0.233003,,No immediate action,0.6367
LN0000192,2022-05,0.317892,0.531747,0.09653,0.117942,Current,0,,0.271413,,No immediate action,0.5003
LN0000192,2022-06,0.322755,0.578479,0.172912,0.211065,Current,0,,0.308103,,No immediate action,0.5641
LN0000192,2022-07,0.330871,0.581126,0.15786,0.166828,Current,0,,0.33665,,No immediate action,0.5372
LN0000204,2024-01,0.403754,0.739585,0.244868,0.165276,Current,0,,0.238697,,No immediate action,0.5372
LN0000204,2024-02,0.443965,0.553152,0.196128,0.563062,Current,0,,0.259338,,Watch for prepayment — portfolio income risk,0.7619
LN0000204,2024-03,0.435556,0.603022,0.35406,0.558949,Current,0,,0.302545,,Watch for prepayment — portfolio income risk,0.8138
LN0000204,2024-04,0.434014,0.606954,0.29719,0.447351,Current,0,,0.335378,,Watch for prepayment — portfolio income risk,0.7858
LN0000204,2024-05,0.462794,0.623613,0.253525,0.358389,Current,0,,0.367786,,No immediate action,0.7255
LN0000205,2024-02,0.45268,0.622093,0.219176,0.285003,Current,0,,0.376788,,No immediate action,0.6674
LN0000205,2024-03,0.469495,0.591027,0.212971,0.180971,Prepaid,1,Anomaly:IsolationForest,0.394983,original_balance(z=3.32); remaining_term_months(z=2.10); loan_age_months(z=2.10),Review required — exception flagged,0.6362
LN0000205,2024-04,0.398791,0.549417,0.19394,0.144354,Prepaid,1,Anomaly:IsolationForest,0.412384,original_balance(z=3.32); remaining_term_months(z=2.22); loan_age_months(z=2.22),Review required — exception flagged,0.5938
LN0000205,2024-05,0.534755,0.732355,0.345955,0.144656,Prepaid,1,Anomaly:IsolationForest,0.437543,original_balance(z=3.32); remaining_term_months(z=2.35); loan_age_months(z=2.35),Review required — exception flagged,0.6118
LN0000205,2024-06,0.521257,0.726551,0.293339,0.120115,Prepaid,1,Anomaly:IsolationForest,0.457082,original_balance(z=3.32); remaining_term_months(z=2.48); loan_age_months(z=2.48),Review required — exception flagged,0.5828
LN0000216,2024-02,0.534675,0.723918,0.252437,0.101544,Prepaid,0,,0.143426,,Watch for prepayment — portfolio income risk,0.5477
LN0000216,2024-03,0.46781,0.624285,0.504553,0.570474,Current,0,,0.170014,,Monitor closely — elevated default risk,0.8842
LN0000216,2024-04,0.361579,0.491809,0.367776,0.447165,Current,0,,0.214055,,Watch for prepayment — portfolio income risk,0.8342
LN0000216,2024-05,0.467452,0.609882,0.327776,0.365663,30DPD,0,,0.308944,,No immediate action,0.7755
LN0000216,2024-06,0.50352,0.551399,0.349171,0.199552,60DPD,0,,0.377097,,No immediate action,0.7469
LN0000220,2022-03,0.642128,0.646005,0.357876,0.114426,60DPD,0,,0.201208,,No immediate action,0.5921
LN0000220,2022-04,0.33473,0.372626,0.503531,0.526781,Current,0,,0.228556,,Monitor closely — elevated default risk,0.8385
LN0000220,2022-05,0.355935,0.364949,0.396303,0.417013,30DPD,0,,0.266455,,Monitor closely — elevated default risk,0.7671
LN0000220,2022-06,0.391142,0.425183,0.314975,0.332936,30DPD,0,,0.30443,,No immediate action,0.7321
LN0000220,2022-07,0.339295,0.393645,0.279078,0.267527,30DPD,0,,0.331472,,No immediate action,0.6398
LN0000227,2020-11,0.357624,0.392306,0.241937,0.2064,30DPD,0,,0.201669,,No immediate action,0.5991
LN0000227,2020-12,0.27938,0.406188,0.501255,0.465327,Current,0,,0.235486,,Monitor closely — elevated default risk,0.8248
LN0000227,2021-01,0.265487,0.386514,0.395269,0.372861,Current,0,,0.278182,,Monitor closely — elevated default risk,0.7101
LN0000227,2021-02,0.28142,0.406727,0.327195,0.297727,Current,0,,0.313704,,No immediate action,0.6565
LN0000227,2021-03,0.262535,0.383809,0.278561,0.229923,Current,0,,0.34215,,No immediate action,0.5774
LN0000230,2021-05,0.322701,0.469653,0.240281,0.179727,Current,0,,0.183099,,No immediate action,0.6062
LN0000230,2021-06,0.346302,0.404224,0.441464,0.621828,Current,0,,0.204731,,Monitor closely — elevated default risk,0.7851
LN0000230,2021-07,0.367604,0.403275,0.359417,0.498762,Current,0,,0.248716,,Watch for prepayment — portfolio income risk,0.8145
LN0000230,2021-08,0.388485,0.415072,0.301509,0.397044,Current,0,,0.333858,,Watch for prepayment — portfolio income risk,0.7511
LN0000230,2021-09,0.416118,0.438597,0.341799,0.218889,30DPD,0,,0.318029,,No immediate action,0.7077
LN0000234,2022-06,0.306679,0.342459,0.133644,0.185843,Current,0,,0.184645,,No immediate action,0.4843
LN0000234,2022-07,0.371453,0.564738,0.065859,0.158448,Current,0,,0.210905,,No immediate action,0.5155
LN0000234,2022-08,0.326613,0.535398,0.043277,0.082861,Current,0,,0.262162,,No immediate action,0.4587
LN0000234,2022-09,0.304749,0.505286,0.058232,0.126215,Current,0,,0.297234,,No immediate action,0.492
LN0000234,2022-10,0.315903,0.528328,0.109955,0.230019,Current,0,,0.334243,,No immediate action,0.5638
LN0000237,2023-04,0.326005,0.549816,0.136015,0.220133,Current,0,,0.173355,,No immediate action,0.5662
LN0000237,2023-05,0.386658,0.413684,0.461274,0.625565,30DPD,0,,0.203542,,Monitor closely — elevated default risk,0.818
LN0000237,2023-06,0.367446,0.420289,0.370039,0.501004,30DPD,0,,0.246053,,Watch for prepayment — portfolio income risk,0.8284
LN0000237,2023-07,0.308265,0.416876,0.309511,0.397787,30DPD,0,,0.281349,,Watch for prepayment — portfolio income risk,0.7162
LN0000237,2023-08,0.302557,0.40809,0.264802,0.319267,30DPD,0,,0.318447,,No immediate action,0.6474
LN0000240,2022-10,0.308211,0.409713,0.229056,0.251055,30DPD,0,,0.192611,,No immediate action,0.599
LN0000240,2022-11,0.352213,0.490249,0.495576,0.476732,Current,0,,0.219565,,Monitor closely — elevated default risk,0.9074
LN0000241,2024-03,0.277761,0.522493,0.383188,0.378594,Current,0,,0.160873,,No immediate action,0.7585
LN0000241,2024-04,0.389544,0.512277,0.198791,0.501506,Current,0,,0.251021,,Watch for prepayment — portfolio income risk,0.7873
LN0000241,2024-05,0.434228,0.561073,0.562304,0.340466,30DPD,0,,0.332439,,Monitor closely — elevated default risk,0.8257
LN0000241,2024-06,0.536988,0.633945,0.179536,0.094458,30DPD,1,Anomaly:IsolationForest,0.471423,modification_flag(z=10.67); days_past_due(z=2.40); remaining_term_months(z=2.35),Review required — exception flagged,0.5515
LN0000241,2024-07,0.567105,0.64589,0.431898,0.13188,30DPD,1,Anomaly:IsolationForest,0.44411,days_past_due(z=3.71); remaining_term_months(z=2.48); loan_age_months(z=2.48),Review required — exception flagged,0.6754
LN0000243,2023-09,0.348999,0.378415,0.175316,0.043062,Default,0,,0.18807,,Monitor closely — elevated default risk,0.4729
LN0000243,2023-10,0.221934,0.340805,0.43948,0.596633,Current,0,,0.207212,,Monitor closely — elevated default risk,0.7028
LN0000243,2023-11,0.260285,0.3921,0.365137,0.485213,Current,0,,0.24816,,Watch for prepayment — portfolio income risk,0.7514
LN0000243,2023-12,0.243507,0.324378,0.300317,0.384032,Current,0,,0.284623,,No immediate action,0.6261
LN0000243,2024-01,0.277147,0.402173,0.260288,0.309732,Current,0,,0.361688,,No immediate action,0.6247
LN0000254,2021-03,0.295495,0.372733,0.291214,0.168087,Current,0,,0.194316,,No immediate action,0.5638
LN0000258,2020-06,0.39287,0.563856,0.19822,0.493644,30DPD,0,,0.166794,,Watch for prepayment — portfolio income risk,0.7604
LN0000258,2020-07,0.283301,0.44103,0.483167,0.527668,Current,0,,0.199252,,Monitor closely — elevated default risk,0.8399
LN0000258,2020-08,0.24823,0.459252,0.374486,0.412371,Current,0,,0.241333,,Watch for prepayment — portfolio income risk,0.7472
LN0000258,2020-09,0.262173,0.417533,0.312959,0.335665,30DPD,0,,0.27602,,No immediate action,0.6642
LN0000258,2020-10,0.290234,0.438052,0.272608,0.268438,Current,0,,0.311922,,No immediate action,0.6347
LN0000260,2022-04,0.289873,0.42894,0.236397,0.207161,Current,0,,0.365853,,No immediate action,0.5812
LN0000260,2022-05,0.327916,0.396107,0.216787,0.080853,Default,0,,0.210855,,Monitor closely — elevated default risk,0.5108
LN0000260,2022-06,0.478029,0.584557,0.021496,0.052396,30DPD,0,,0.252537,,No immediate action,0.4837
LN0000260,2022-07,0.533625,0.599095,0.012033,0.027787,Current,0,,0.280096,,No immediate action,0.4536
LN0000260,2022-08,0.627268,0.661999,0.009796,0.024822,Current,0,,0.31301,,No immediate action,0.3727
LN0000261,2024-05,0.660905,0.694579,0.063658,0.141931,Current,0,,0.229616,,No immediate action,0.4251
LN0000261,2024-06,0.465569,0.606462,0.617621,0.401841,Prepaid,0,,0.183702,,Monitor closely — elevated default risk,0.8217
LN0000261,2024-07,0.423753,0.529533,0.183839,0.346324,Current,0,,0.287831,,No immediate action,0.7122
LN0000261,2024-08,0.455538,0.600906,0.428122,0.225211,60DPD,0,,0.264365,,Monitor closely — elevated default risk,0.754
LN0000261,2024-09,0.425992,0.530189,0.079768,0.100007,30DPD,0,,0.300546,,No immediate action,0.5378
LN0000268,2021-01,0.420201,0.542458,0.142133,0.167893,Current,0,,0.373846,,No immediate action,0.5939
LN0000268,2021-02,0.428039,0.546138,0.771306,0.16886,Current,1,Anomaly:IsolationForest,0.44057,days_past_due(z=3.71); remaining_term_months(z=2.10); loan_age_months(z=2.10),Review required — exception flagged,0.6397
LN0000277,2022-05,0.206969,0.362121,0.7934,0.094581,Default,0,,0.167511,,Monitor closely — elevated default risk,0.4351
LN0000277,2022-06,0.559016,0.6681,0.474566,0.634129,Current,0,,0.188402,,Monitor closely — elevated default risk,0.8067
LN0000277,2022-07,0.639069,0.684692,0.379562,0.505581,30DPD,0,,0.226911,,Watch for prepayment — portfolio income risk,0.7751
LN0000277,2022-08,0.668908,0.684086,0.316325,0.401993,30DPD,0,,0.264114,,Watch for prepayment — portfolio income risk,0.6827
LN0000277,2022-09,0.678248,0.682112,0.269757,0.322692,30DPD,0,,0.295291,,No immediate action,0.616
LN0000288,2024-05,0.665824,0.675021,0.233783,0.254317,30DPD,0,,0.193465,,No immediate action,0.5736
LN0000288,2024-06,0.604118,0.661948,0.468217,0.744506,30DPD,0,,0.217307,,Monitor closely — elevated default risk,0.7288
LN0000288,2024-07,0.490019,0.594593,0.36019,0.560058,30DPD,0,,0.261005,,Watch for prepayment — portfolio income risk,0.8478
LN0000288,2024-08,0.614972,0.664702,0.313518,0.457895,30DPD,0,,0.296911,,Watch for prepayment — portfolio income risk,0.7459
LN0000288,2024-09,0.606825,0.662052,0.267831,0.366058,30DPD,0,,0.371209,,No immediate action,0.6825
LN0000289,2024-09,0.39917,0.505328,0.290261,0.196128,60DPD,0,,0.190888,,No immediate action,0.6901
LN0000289,2024-10,0.361514,0.467702,0.481817,0.604268,Current,0,,0.212605,,Monitor closely — elevated default risk,0.8534
LN0000289,2024-11,0.354295,0.450218,0.383328,0.482041,Current,0,,0.256155,,Watch for prepayment — portfolio income risk,0.8349
LN0000289,2024-12,0.358901,0.466298,0.319608,0.385162,Current,0,,0.292947,,No immediate action,0.765
LN0000290,2023-08,0.366767,0.460185,0.2722,0.307964,Current,0,,0.285665,,No immediate action,0.7036
LN0000290,2023-09,0.478732,0.57809,0.731114,0.216119,Default,0,,0.195187,,Monitor closely — elevated default risk,0.6928
LN0000290,2023-10,0.278121,0.490025,0.062697,0.101662,Current,0,,0.239045,,No immediate action,0.4663
LN0000290,2023-11,0.270559,0.522189,0.059915,0.092608,Current,0,,0.279405,,No immediate action,0.4504
LN0000292,2024-11,0.27595,0.551314,0.034335,0.048207,Current,0,,0.285874,,No immediate action,0.4036
LN0000292,2024-12,0.457234,0.625424,0.211732,0.250168,Current,0,,0.306641,,No immediate action,0.6469
LN0000292,2025-01,0.441366,0.618656,0.192608,0.196033,Current,0,,0.337499,,No immediate action,0.6057
LN0000292,2025-02,0.470298,0.667007,0.340708,0.194701,Current,0,,0.367325,,No immediate action,0.6694
LN0000292,2025-03,0.453959,0.67,0.288994,0.154219,Current,1,Anomaly:IsolationForest,0.395571,remaining_term_months(z=2.48); loan_age_months(z=2.48); month_index(z=2.48),Review required — exception flagged,0.6136
LN0000299,2023-03,0.423786,0.665104,0.250365,0.12632,Current,0,,0.21007,,No immediate action,0.5677
LN0000299,2023-04,0.322409,0.541497,0.109616,0.148363,Current,0,,0.238143,,No immediate action,0.5194
LN0000299,2023-05,0.33026,0.535076,0.192227,0.288151,Current,0,,0.332813,,No immediate action,0.6378
LN0000299,2023-06,0.44312,0.561317,0.431207,0.196413,60DPD,0,,0.35951,,Monitor closely — elevated default risk,0.7547
LN0000299,2023-07,0.403869,0.572806,0.351668,0.141222,60DPD,0,,0.338199,,No immediate action,0.662
LN0000300,2021-11,0.293235,0.533146,0.145761,0.123876,Current,0,,0.243209,,No immediate action,0.5149
LN0000300,2021-12,0.621827,0.768728,0.618807,0.466148,60DPD,0,,0.312623,,Monitor closely — elevated default risk,0.7284
LN0000300,2022-01,0.635041,0.780994,0.653672,0.248889,30DPD,0,,0.250995,,Monitor closely — elevated default risk,0.5896
LN0000300,2022-02,0.603648,0.759982,0.117177,0.219272,Current,0,,0.290213,,No immediate action,0.4864
LN0000300,2022-03,0.560945,0.777042,0.056513,0.093844,30DPD,0,,0.360968,,No immediate action,0.4062
LN0000301,2022-05,0.612099,0.755267,0.057549,0.043492,30DPD,0,,0.331457,,No immediate action,0.3668
LN0000301,2022-06,0.602775,0.664392,0.124409,0.087176,Current,0,,0.354162,,No immediate action,0.4722
LN0000301,2022-07,0.622834,0.728781,0.645711,0.244085,Default,0,,0.338721,,Monitor closely — elevated default risk,0.6234
LN0000301,2022-08,0.627471,0.657875,0.11542,0.096772,Current,0,,0.30843,,No immediate action,0.4634
LN0000301,2022-09,0.565829,0.648524,0.034073,0.059414,Current,1,Anomaly:IsolationForest,0.381659,remaining_term_months(z=2.48); loan_age_months(z=2.48); month_index(z=2.48),Review required — exception flagged,0.4396
LN0000304,2023-09,0.6057,0.740812,0.057721,0.047214,Current,0,,0.159765,,No immediate action,0.3792
LN0000304,2023-10,0.243675,0.489351,0.454963,0.623681,Current,0,,0.191331,,Monitor closely — elevated default risk,0.7822
LN0000304,2023-11,0.263983,0.48502,0.377492,0.508705,Current,0,,0.237432,,Watch for prepayment — portfolio income risk,0.8089
LN0000304,2023-12,0.256087,0.472961,0.315312,0.404276,Current,0,,0.28519,,Watch for prepayment — portfolio income risk,0.7243
LN0000306,2020-03,0.257494,0.47898,0.268945,0.324187,Current,0,,0.18088,,No immediate action,0.6648
LN0000306,2020-04,0.584483,0.69256,0.449793,0.703925,30DPD,0,,0.206195,,Monitor closely — elevated default risk,0.7344
LN0000306,2020-05,0.625547,0.701461,0.405196,0.12706,30DPD,0,,0.250388,,Monitor closely — elevated default risk,0.6026
LN0000306,2020-06,0.426366,0.609593,0.300967,0.417823,30DPD,0,,0.285728,,Watch for prepayment — portfolio income risk,0.7678
LN0000306,2020-07,0.617229,0.715503,0.265306,0.34534,30DPD,0,,0.320143,,No immediate action,0.639
LN0000309,2021-10,0.617229,0.715503,0.265205,0.345586,30DPD,0,,0.181188,,No immediate action,0.639
LN0000309,2021-11,0.624572,0.718815,0.230116,0.273732,30DPD,0,,0.210338,,No immediate action,0.5802
LN0000309,2021-12,0.575338,0.704015,0.463898,0.667911,Current,0,,0.257264,,Monitor closely — elevated default risk,0.7583
LN0000309,2022-01,0.589498,0.721184,0.372456,0.533104,30DPD,0,,0.290941,,Watch for prepayment — portfolio income risk,0.7643
LN0000309,2022-02,0.607457,0.709564,0.31062,0.423577,30DPD,0,,0.323948,,Watch for prepayment — portfolio income risk,0.7086
LN0000313,2021-03,0.583851,0.72125,0.265608,0.341071,30DPD,0,,0.190586,,No immediate action,0.6508
LN0000313,2021-04,0.595975,0.681096,0.22042,0.266618,30DPD,0,,0.21741,,No immediate action,0.605
LN0000313,2021-05,0.24448,0.428032,0.440921,0.658771,Current,0,,0.260556,,Monitor closely — elevated default risk,0.7273
LN0000313,2021-06,0.23756,0.463458,0.354819,0.519862,Current,0,,0.293955,,Watch for prepayment — portfolio income risk,0.768
LN0000313,2021-07,0.242592,0.425588,0.301075,0.417498,Current,0,,0.328642,,Watch for prepayment — portfolio income risk,0.6934
LN0000317,2023-01,0.268433,0.426121,0.256302,0.337218,Current,0,,0.192743,,No immediate action,0.644
LN0000317,2023-02,0.268967,0.426121,0.22176,0.267123,Current,0,,0.215314,,No immediate action,0.592
LN0000317,2023-03,0.338155,0.54153,0.480922,0.583101,Current,0,,0.257458,,Monitor closely — elevated default risk,0.8472
LN0000317,2023-04,0.355658,0.54027,0.382347,0.465737,Current,0,,0.298799,,Watch for prepayment — portfolio income risk,0.8317
LN0000317,2023-05,0.362678,0.547727,0.3187,0.372996,Current,0,,0.32632,,No immediate action,0.7533
LN0000319,2020-12,0.362442,0.533777,0.271384,0.29762,Current,0,,0.292647,,No immediate action,0.6988
LN0000319,2021-01,0.387287,0.521176,0.235234,0.229634,Current,0,,0.380197,,No immediate action,0.6655
LN0000321,2020-04,0.650569,0.687223,0.213924,0.117287,30DPD,0,,0.209724,,No immediate action,0.4967
LN0000321,2020-05,0.391393,0.440073,0.215451,0.075469,Default,0,,0.232039,,Monitor closely — elevated default risk,0.5612
LN0000322,2020-06,0.511087,0.77078,0.205258,0.480922,Current,0,,0.179503,,Watch for prepayment — portfolio income risk,0.7022
LN0000322,2020-07,0.519298,0.745627,0.190513,0.382627,Current,0,,0.202912,,No immediate action,0.6541
LN0000322,2020-08,0.361751,0.479455,0.434161,0.683537,30DPD,0,,0.244851,,Monitor closely — elevated default risk,0.7959
LN0000322,2020-09,0.345177,0.476081,0.367511,0.548317,Current,0,,0.282863,,Watch for prepayment — portfolio income risk,0.8202
LN0000322,2020-10,0.356948,0.478717,0.307193,0.436449,Current,0,,0.31555,,Watch for prepayment — portfolio income risk,0.7897
LN0000323,2020-07,0.373035,0.502125,0.26229,0.350667,Current,0,,0.163594,,No immediate action,0.7419
LN0000323,2020-08,0.355824,0.51599,0.219654,0.275268,Current,0,,0.19174,,No immediate action,0.6674
LN0000323,2020-09,0.300444,0.41473,0.489846,0.585783,Current,0,,0.232061,,Monitor closely — elevated default risk,0.8096
LN0000323,2020-10,0.301309,0.423219,0.390309,0.468425,Current,0,,0.270344,,Monitor closely — elevated default risk,0.7916
LN0000323,2020-11,0.304334,0.40023,0.322692,0.374894,Current,0,,0.302814,,No immediate action,0.7011
LN0000328,2020-06,0.320418,0.431161,0.275371,0.299128,Current,0,,0.205057,,No immediate action,0.663
LN0000328,2020-07,0.316165,0.431689,0.239017,0.230694,Current,0,,0.225615,,No immediate action,0.6088
LN0000328,2020-08,0.507479,0.663029,0.451692,0.735308,30DPD,0,,0.273734,,Monitor closely — elevated default risk,0.7729
LN0000328,2020-09,0.518277,0.677784,0.365006,0.566522,30DPD,0,,0.306237,,Watch for prepayment — portfolio income risk,0.8012
LN0000328,2020-10,0.506155,0.651084,0.305655,0.452457,30DPD,0,,0.34361,,Watch for prepayment — portfolio income risk,0.8004
LN0000329,2021-11,0.515527,0.669005,0.260488,0.361743,30DPD,0,,0.198003,,No immediate action,0.7188
LN0000329,2021-12,0.516408,0.681077,0.225211,0.288994,30DPD,0,,0.226142,,No immediate action,0.6584
LN0000329,2022-01,0.461442,0.606706,0.487746,0.649613,30DPD,0,,0.311729,,Monitor closely — elevated default risk,0.8464
LN0000329,2022-02,0.492983,0.617108,0.387722,0.520427,30DPD,1,Anomaly:IsolationForest,0.384677,days_past_due(z=2.40); remaining_term_months(z=2.35); loan_age_months(z=2.35),Review required — exception flagged,0.8716
LN0000329,2022-03,0.469508,0.540084,0.423744,0.297082,60DPD,1,Anomaly:IsolationForest,0.468212,days_past_due(z=3.71); remaining_term_months(z=2.48); loan_age_months(z=2.48),Review required — exception flagged,0.8251
LN0000331,2023-07,0.581721,0.603241,0.432245,0.15412,60DPD,0,,0.302757,,Monitor closely — elevated default risk,0.7007
LN0000331,2023-08,0.381858,0.401046,0.50976,0.088584,Default,0,,0.322659,,Monitor closely — elevated default risk,0.6809
LN0000331,2023-09,0.620469,0.698633,0.744506,0.304997,60DPD,1,Anomaly:IsolationForest,0.525995,modification_flag(z=10.67); days_past_due(z=3.71); remaining_term_months(z=2.22),Review required — exception flagged,0.6207
LN0000331,2023-10,0.474972,0.524897,0.197555,0.099413,Current,0,,0.282443,,No immediate action,0.6235
LN0000331,2023-11,0.337469,0.369217,0.693129,0.113427,Default,0,,0.320823,,Monitor closely — elevated default risk,0.5635
LN0000332,2021-11,0.42997,0.629548,0.019429,0.035365,Current,0,,0.255744,,No immediate action,0.4276
LN0000332,2021-12,0.43117,0.662087,0.018085,0.034073,Current,0,,0.210353,,No immediate action,0.4106
LN0000332,2022-01,0.62472,0.676092,0.608551,0.41831,30DPD,0,,0.244961,,Monitor closely — elevated default risk,0.7545
LN0000332,2022-02,0.516272,0.580694,0.180302,0.360319,Current,0,,0.334316,,No immediate action,0.7218
LN0000332,2022-03,0.499919,0.593512,0.169537,0.288046,30DPD,1,Anomaly:IsolationForest,0.506595,modification_flag(z=10.67); remaining_term_months(z=2.48); loan_age_months(z=2.48),Review required — exception flagged,0.682
LN0000341,2021-12,0.581526,0.642702,0.146964,0.098097,30DPD,0,,0.194367,,No immediate action,0.5104
LN0000341,2022-01,0.699225,0.667752,0.349918,0.1163,60DPD,0,,0.226817,,No immediate action,0.5496
LN0000341,2022-02,0.569235,0.591368,0.19765,0.557848,30DPD,0,,0.272876,,Watch for prepayment — portfolio income risk,0.7396
LN0000341,2022-03,0.572607,0.609314,0.180206,0.44642,30DPD,0,,0.311107,,Watch for prepayment — portfolio income risk,0.7224
LN0000341,2022-04,0.626599,0.702841,0.301835,0.444386,30DPD,0,,0.343525,,Watch for prepayment — portfolio income risk,0.7084
LN0000347,2022-06,0.647961,0.707799,0.257196,0.355453,30DPD,0,,0.340065,,No immediate action,0.6284
LN0000347,2022-07,0.629301,0.683888,0.222814,0.283228,30DPD,1,Anomaly:IsolationForest,0.396491,interest_rate(z=2.49); days_past_due(z=2.40); remaining_term_months(z=2.10),Review required — exception flagged,0.5964
LN0000347,2022-08,0.628423,0.72685,0.21822,0.324302,60DPD,1,Anomaly:IsolationForest,0.482945,days_past_due(z=3.71); interest_rate(z=2.49); remaining_term_months(z=2.22),Review required — exception flagged,0.5936
LN0000347,2022-09,0.690536,0.749077,0.689408,0.199837,90DPD,1,Anomaly:IsolationForest,0.50993,days_past_due(z=3.71); interest_rate(z=2.49); remaining_term_months(z=2.35),Review required — exception flagged,0.5354
LN0000350,2020-07,0.347799,0.443942,0.120331,0.03511,Default,0,,0.162627,,Monitor closely — elevated default risk,0.4736
LN0000350,2020-08,0.32504,0.394724,0.194796,0.0486,Default,0,,0.194734,,Monitor closely — elevated default risk,0.4816
LN0000355,2024-07,0.446015,0.634229,0.462077,0.634817,30DPD,0,,0.309807,,Monitor closely — elevated default risk,0.8195
LN0000355,2024-08,0.43742,0.63252,0.370976,0.506616,30DPD,1,Anomaly:IsolationForest,0.395351,days_past_due(z=3.71); remaining_term_months(z=2.10); loan_age_months(z=2.10),Review required — exception flagged,0.8346
LN0000355,2024-09,0.606741,0.629449,0.214687,0.097376,90DPD,0,,0.261303,,No immediate action,0.5379
LN0000355,2024-10,0.364739,0.456627,0.80542,0.109503,Default,0,,0.292864,,Monitor closely — elevated default risk,0.5627
LN0000355,2024-11,0.416967,0.618107,0.020692,0.033544,30DPD,0,,0.31595,,No immediate action,0.4265
LN0000363,2022-09,0.440535,0.636098,0.019858,0.032737,Current,0,,0.22317,,No immediate action,0.4285
LN0000363,2022-10,0.39586,0.610342,0.008255,0.017616,Current,0,,0.252089,,No immediate action,0.4057
LN0000363,2022-11,0.09935,0.205112,0.468633,0.435038,Current,0,,0.291154,,Monitor closely — elevated default risk,0.6041
LN0000363,2022-12,0.131044,0.192332,0.384596,0.352799,Current,0,,0.323433,,No immediate action,0.5304
LN0000363,2023-01,0.112722,0.213098,0.313741,0.278355,Current,0,,0.353554,,No immediate action,0.459
LN0000365,2023-06,0.14527,0.194817,0.273425,0.215833,Current,0,,0.169132,,No immediate action,0.4147
LN0000365,2023-07,0.14527,0.194817,0.237269,0.170985,Current,0,,0.258419,,No immediate action,0.3742
LN0000365,2023-08,0.604992,0.636199,0.066786,0.115199,Current,0,,0.237029,,No immediate action,0.4704
LN0000365,2023-09,0.661032,0.670803,0.069515,0.059078,60DPD,0,,0.267353,,No immediate action,0.3984
LN0000365,2023-10,0.592092,0.665659,0.040405,0.057549,Current,0,,0.299125,,No immediate action,0.4201
LN0000373,2020-09,0.585058,0.683029,0.113871,0.161285,30DPD,0,,0.244223,,No immediate action,0.5035
LN0000373,2020-10,0.643877,0.695139,0.053675,0.072752,30DPD,0,,0.269936,,No immediate action,0.3937
LN0000373,2020-11,0.194337,0.346492,0.20935,0.341192,Current,0,,0.310759,,No immediate action,0.5457
LN0000378,2024-09,0.182317,0.342879,0.189847,0.270977,Current,1,Anomaly:IsolationForest,0.569296,current_balance(z=13.47); balance_utilisation(z=13.14); remaining_term_months(z=1.97),Review required — exception flagged,0.493
LN0000378,2024-10,0.28134,0.486026,0.334951,0.26925,Current,0,,0.251654,,No immediate action,0.6858
LN0000378,2024-11,0.216397,0.348204,0.114426,0.110856,Current,0,,0.289271,,No immediate action,0.3949
LN0000378,2024-12,0.217695,0.517904,0.194416,0.359159,Current,0,,0.329597,,No immediate action,0.6267
LN0000378,2025-01,0.276286,0.574807,0.166731,0.242133,Current,0,,0.357524,,No immediate action,0.5552
LN0000379,2023-03,0.385666,0.711481,0.333883,0.008932,Current,0,,0.192877,,No immediate action,0.5085
LN0000384,2021-07,0.408347,0.709959,0.246631,0.170599,Current,0,,0.180259,,No immediate action,0.5578
LN0000384,2021-08,0.241892,0.418264,0.497039,0.508442,Current,0,,0.203226,,Monitor closely — elevated default risk,0.8244
LN0000384,2021-09,0.454066,0.598812,0.49221,0.498268,Current,0,,0.239854,,Monitor closely — elevated default risk,0.9229
LN0000384,2021-10,0.44631,0.61301,0.391612,0.396895,Current,0,,0.280008,,Monitor closely — elevated default risk,0.8109
LN0000384,2021-11,0.44169,0.604743,0.323841,0.318586,Current,0,,0.311775,,No immediate action,0.7397
LN0000393,2024-11,0.44342,0.601901,0.276295,0.250365,Current,0,,0.225659,,No immediate action,0.6841
LN0000393,2024-12,0.443454,0.600931,0.239698,0.196318,Prepaid,0,,0.250363,,Watch for prepayment — portfolio income risk,0.6393
LN0000393,2025-01,0.500064,0.610338,0.614135,0.466766,60DPD,0,,0.230759,,Monitor closely — elevated default risk,0.8711
LN0000393,2025-02,0.528724,0.639592,0.556395,0.338177,60DPD,0,,0.272152,,Monitor closely — elevated default risk,0.8067
LN0000393,2025-03,0.491458,0.628286,0.171081,0.28773,Current,0,,0.300521,,No immediate action,0.661
LN0000395,2023-04,0.452133,0.611537,0.081257,0.112425,30DPD,0,,0.206979,,No immediate action,0.5171
LN0000395,2023-05,0.476123,0.615466,0.074476,0.097977,30DPD,0,,0.22662,,No immediate action,0.5166
LN0000395,2023-06,0.424724,0.54035,0.442009,0.62061,30DPD,0,,0.264306,,Monitor closely — elevated default risk,0.8529
LN0000395,2023-07,0.41717,0.538619,0.359545,0.498515,30DPD,0,,0.305533,,Watch for prepayment — portfolio income risk,0.8683
LN0000395,2023-08,0.422477,0.548779,0.301618,0.396451,30DPD,0,,0.337598,,Watch for prepayment — portfolio income risk,0.7859
LN0000396,2023-02,0.422477,0.549624,0.256898,0.318133,30DPD,0,,0.335962,,No immediate action,0.7239
LN0000396,2023-03,0.44934,0.563898,0.222239,0.249676,30DPD,0,,0.313688,,No immediate action,0.6787
LN0000396,2023-04,0.419131,0.444538,0.739759,0.210017,Current,0,,0.292854,,Monitor closely — elevated default risk,0.667
LN0000396,2023-05,0.298857,0.441198,0.216596,0.160015,Current,0,,0.323575,,No immediate action,0.5583
LN0000396,2023-06,0.211886,0.428184,0.119357,0.138474,Current,1,Anomaly:IsolationForest,0.395448,remaining_term_months(z=2.48); loan_age_months(z=2.48); month_index(z=2.48),Review required — exception flagged,0.449
LN0000403,2023-03,0.178831,0.381598,0.036864,0.036618,Current,0,,0.194076,,No immediate action,0.317
LN0000403,2023-04,0.274065,0.428663,0.096045,0.054215,Current,0,,0.219426,,No immediate action,0.4265
LN0000403,2023-05,0.399545,0.613412,0.105159,0.235525,Current,0,,0.320902,,No immediate action,0.5634
LN0000403,2023-06,0.431498,0.617671,0.184316,0.446792,Current,0,,0.302502,,Watch for prepayment — portfolio income risk,0.7225
LN0000403,2023-07,0.543996,0.665264,0.422083,0.316325,60DPD,0,,0.333934,,Monitor closely — elevated default risk,0.7646
LN0000409,2024-10,0.482847,0.644083,0.152736,0.269757,Current,0,,0.312304,,No immediate action,0.6306
LN0000409,2024-11,0.455685,0.627974,0.14112,0.20897,Current,0,,0.340038,,No immediate action,0.5889
LN0000409,2024-12,0.616636,0.64292,0.702497,0.259888,30DPD,1,Anomaly:IsolationForest,0.417052,days_past_due(z=3.71); remaining_term_months(z=2.22); loan_age_months(z=2.22),Review required — exception flagged,0.6489
LN0000409,2025-01,0.593626,0.655725,0.650412,0.165761,30DPD,0,,0.29471,,Monitor closely — elevated default risk,0.633
LN0000409,2025-02,0.319693,0.390029,0.21097,0.053855,Default,0,,0.324439,,Monitor closely — elevated default risk,0.4873
LN0000411,2021-11,0.29439,0.406769,0.018543,0.031069,Current,0,,0.15232,,No immediate action,0.3754
LN0000411,2021-12,0.231198,0.424976,0.017135,0.029912,Current,0,,0.169406,,No immediate action,0.3516
LN0000411,2022-01,0.360127,0.582805,0.066478,0.146563,Current,0,,0.207701,,No immediate action,0.4952
LN0000411,2022-02,0.367422,0.620108,0.043492,0.076454,Current,0,,0.248656,,No immediate action,0.4336
LN0000411,2022-03,0.397546,0.627705,0.117942,0.242913,Current,0,,0.280007,,No immediate action,0.5653
LN0000413,2021-02,0.408663,0.644291,0.111754,0.19137,Current,0,,0.185604,,No immediate action,0.5337
LN0000413,2021-03,0.415489,0.651711,0.23999,0.230405,Current,0,,0.209811,,No immediate action,0.6171
LN0000413,2021-04,0.16205,0.309307,0.45829,0.737499,Current,0,,0.257375,,Monitor closely — elevated default risk,0.5961
LN0000413,2021-05,0.210061,0.382628,0.352799,0.538107,Current,0,,0.295501,,Watch for prepayment — portfolio income risk,0.7037
LN0000413,2021-06,0.199267,0.334152,0.336261,0.046205,Current,0,,0.334733,,No immediate action,0.4579
LN0000415,2022-10,0.17925,0.275679,0.255309,0.331992,Current,0,,0.147085,,No immediate action,0.5211
LN0000415,2022-11,0.111961,0.240892,0.218889,0.257395,Current,0,,0.171983,,No immediate action,0.4146
LN0000415,2022-12,0.465507,0.630981,0.483847,0.544279,30DPD,0,,0.215209,,Monitor closely — elevated default risk,0.887
LN0000415,2023-01,0.448444,0.621035,0.384173,0.433987,Current,0,,0.250567,,Watch for prepayment — portfolio income risk,0.8228
LN0000415,2023-02,0.461849,0.652689,0.320405,0.348798,Current,0,,0.289064,,No immediate action,0.7392
LN0000416,2023-03,0.462404,0.637769,0.272914,0.277015,30DPD,0,,0.185329,,No immediate action,0.6873
LN0000416,2023-04,0.468869,0.640854,0.236591,0.21402,30DPD,0,,0.208983,,No immediate action,0.6393
LN0000416,2023-05,0.604877,0.629177,0.472638,0.609097,30DPD,0,,0.253803,,Monitor closely — elevated default risk,0.8147
LN0000419,2022-02,0.593327,0.621437,0.37763,0.486821,30DPD,0,,0.217287,,Watch for prepayment — portfolio income risk,0.8248
LN0000419,2022-03,0.599884,0.620139,0.315874,0.387436,30DPD,0,,0.244365,,No immediate action,0.7416
LN0000419,2022-04,0.184107,0.207266,0.467179,0.478485,Current,0,,0.28672,,Monitor closely — elevated default risk,0.6685
LN0000419,2022-05,0.179508,0.21603,0.375166,0.382207,Current,0,,0.326004,,No immediate action,0.5765
LN0000431,2020-09,0.178737,0.206753,0.31307,0.305984,Current,0,,0.325688,,No immediate action,0.5023
LN0000431,2020-10,0.171405,0.215827,0.267628,0.236688,Current,0,,0.348,,No immediate action,0.4458
LN0000431,2020-11,0.528172,0.684948,0.113094,0.114978,30DPD,0,,0.376235,,No immediate action,0.5075
LN0000431,2020-12,0.515871,0.704391,0.194987,0.203165,30DPD,1,Anomaly:IsolationForest,0.401839,remaining_term_months(z=2.35); loan_age_months(z=2.35); month_index(z=2.35),Review required — exception flagged,0.5889
LN0000431,2021-01,0.507182,0.702271,0.177811,0.16109,30DPD,1,Anomaly:IsolationForest,0.427772,remaining_term_months(z=2.48); loan_age_months(z=2.48); month_index(z=2.48),Review required — exception flagged,0.5647
LN0000432,2023-04,0.511322,0.79606,0.294192,0.160699,Current,0,,0.158561,,No immediate action,0.5738
LN0000432,2023-05,0.555343,0.793686,0.252734,0.131151,30DPD,0,,0.251731,,No immediate action,0.5174
LN0000434,2022-09,0.567333,0.716439,0.510822,0.588062,30DPD,0,,0.209023,,Monitor closely — elevated default risk,0.8087
LN0000434,2022-10,0.561958,0.648972,0.568089,0.336142,60DPD,0,,0.232232,,Monitor closely — elevated default risk,0.7786
LN0000434,2022-11,0.286635,0.439919,0.499755,0.429317,Current,0,,0.280336,,Monitor closely — elevated default risk,0.8278
LN0000434,2022-12,0.396237,0.589335,0.411896,0.353177,Current,0,,0.362683,,Monitor closely — elevated default risk,0.786
LN0000434,2023-01,0.382476,0.585802,0.339139,0.281252,Current,0,,0.338992,,No immediate action,0.7085
LN0000436,2020-12,0.416092,0.529136,0.353807,0.152736,Current,0,,0.308695,,No immediate action,0.6967
LN0000436,2021-01,0.346569,0.482195,0.144455,0.132503,Current,1,Anomaly:IsolationForest,0.503535,modification_flag(z=10.67); days_past_due(z=2.40); remaining_term_months(z=2.10),Review required — exception flagged,0.5529
LN0000436,2021-02,0.516035,0.640508,0.641952,0.248201,30DPD,0,,0.305757,,Monitor closely — elevated default risk,0.7249
LN0000436,2021-03,0.46046,0.578517,0.674875,0.133747,30DPD,0,,0.337254,,Monitor closely — elevated default risk,0.6704
LN0000436,2021-04,0.284973,0.603693,0.118596,0.123021,Current,0,,0.366598,,No immediate action,0.4614
LN0000438,2023-02,0.271168,0.56502,0.057205,0.061072,Current,0,,0.174235,,No immediate action,0.4122
LN0000438,2023-03,0.36685,0.656757,0.030783,0.026831,Current,0,,0.203172,,No immediate action,0.3839
LN0000438,2023-04,0.681619,0.765629,0.506616,0.567695,30DPD,0,,0.242282,,Monitor closely — elevated default risk,0.7392
LN0000438,2023-05,0.662048,0.771735,0.397489,0.453995,30DPD,0,,0.332097,,Monitor closely — elevated default risk,0.7089
LN0000438,2023-06,0.663826,0.761418,0.328942,0.363043,30DPD,0,,0.316076,,No immediate action,0.6334
LN0000446,2024-08,0.620025,0.678488,0.349544,0.198315,60DPD,0,,0.272574,,No immediate action,0.6247
LN0000446,2024-09,0.604252,0.629432,0.139697,0.168474,30DPD,0,,0.289885,,No immediate action,0.5372
LN0000446,2024-10,0.541007,0.69373,0.53684,0.455935,Current,0,,0.329155,,Monitor closely — elevated default risk,0.8422
LN0000446,2024-11,0.551741,0.694231,0.413961,0.364874,30DPD,0,,0.362129,,Monitor closely — elevated default risk,0.7664
LN0000446,2024-12,0.548392,0.69729,0.340224,0.291639,30DPD,1,Anomaly:IsolationForest,0.386487,remaining_term_months(z=2.48); loan_age_months(z=2.48); month_index(z=2.48),Review required — exception flagged,0.6931
LN0000450,2024-06,0.547199,0.707831,0.288256,0.225499,30DPD,0,,0.22791,,No immediate action,0.6294
LN0000450,2024-07,0.547256,0.701035,0.249971,0.178003,30DPD,0,,0.25273,,No immediate action,0.5898
LN0000450,2024-08,0.421899,0.654256,0.498268,0.648821,Current,0,,0.293249,,Monitor closely — elevated default risk,0.8085
LN0000450,2024-09,0.413731,0.628118,0.394093,0.519299,Current,0,,0.336929,,Monitor closely — elevated default risk,0.8302
LN0000450,2024-10,0.411631,0.641091,0.325456,0.411738,Current,1,Anomaly:IsolationForest,0.403261,remaining_term_months(z=2.48); loan_age_months(z=2.48); month_index(z=2.48),Review required — exception flagged,0.7539
LN0000451,2023-03,0.41905,0.624392,0.277736,0.332582,Current,0,,0.174928,,No immediate action,0.7025
LN0000451,2023-04,0.510613,0.613146,0.294619,0.179823,60DPD,0,,0.270365,,No immediate action,0.6753
LN0000451,2023-05,0.220294,0.326313,0.451883,0.546621,Current,0,,0.235328,,Monitor closely — elevated default risk,0.7259
LN0000461,2022-01,0.313382,0.356792,0.550034,0.313182,Current,0,,0.155068,,Monitor closely — elevated default risk,0.7167
LN0000461,2022-02,0.180909,0.299148,0.164304,0.26682,Current,0,,0.18344,,No immediate action,0.4556
LN0000461,2022-03,0.458249,0.62561,0.493405,0.522995,30DPD,0,,0.224661,,Monitor closely — elevated default risk,0.9015
LN0000461,2022-04,0.575608,0.682942,0.404276,0.424914,30DPD,0,,0.25984,,Monitor closely — elevated default risk,0.7853
LN0000461,2022-05,0.58407,0.670296,0.333291,0.342042,30DPD,0,,0.291941,,No immediate action,0.7105
LN0000462,2024-05,0.591663,0.665513,0.283541,0.27169,30DPD,0,,0.196749,,No immediate action,0.649
LN0000462,2024-06,0.580947,0.657109,0.246042,0.209636,30DPD,0,,0.225519,,No immediate action,0.6088
LN0000462,2024-07,0.257105,0.43307,0.474781,0.489846,Current,0,,0.265667,,Monitor closely — elevated default risk,0.8274
LN0000462,2024-08,0.249796,0.437574,0.363827,0.386154,Current,0,,0.297532,,No immediate action,0.7187
LN0000462,2024-09,0.259484,0.425864,0.316551,0.312847,Current,0,,0.333599,,No immediate action,0.6574
LN0000464,2022-08,0.258017,0.45959,0.269554,0.244574,Current,0,,0.197778,,No immediate action,0.6159
LN0000464,2022-09,0.2562,0.439811,0.233687,0.192513,Current,0,,0.229172,,No immediate action,0.5611
LN0000464,2022-10,0.409178,0.566508,0.108596,0.156288,Current,0,,0.267376,,No immediate action,0.5538
LN0000464,2022-11,0.369048,0.600927,0.19118,0.304778,Current,0,,0.304423,,No immediate action,0.632
LN0000464,2022-12,0.453324,0.60852,0.174067,0.236106,Current,0,,0.327943,,No immediate action,0.6275
LN0000465,2021-09,0.465604,0.6234,0.286679,0.23388,30DPD,0,,0.260276,,No immediate action,0.6814
LN0000465,2021-10,0.47077,0.63322,0.248201,0.184316,30DPD,0,,0.280567,,No immediate action,0.635
LN0000465,2021-11,0.33194,0.529874,0.534029,0.347064,Current,0,,0.311462,,Monitor closely — elevated default risk,0.8076
LN0000472,2020-08,0.333306,0.522222,0.41253,0.275884,Current,0,,0.246475,,Monitor closely — elevated default risk,0.7497
LN0000472,2020-09,0.327438,0.523678,0.339621,0.212875,Current,0,,0.270841,,No immediate action,0.6781
LN0000472,2020-10,0.163562,0.359672,0.434337,0.812656,Current,0,,0.306539,,Monitor closely — elevated default risk,0.5725
LN0000472,2020-11,0.157511,0.370038,0.355326,0.600136,Current,0,,0.334831,,Watch for prepayment — portfolio income risk,0.6414
LN0000472,2020-12,0.159171,0.361249,0.298265,0.47981,Current,0,,0.367188,,Watch for prepayment — portfolio income risk,0.6492
LN0000482,2020-04,0.159171,0.361249,0.25402,0.383048,Current,0,,0.174275,,No immediate action,0.5787
LN0000482,2020-05,0.154732,0.368946,0.219559,0.306423,Current,0,,0.201719,,No immediate action,0.5248
LN0000485,2022-12,0.21148,0.356428,0.454188,0.577055,Current,0,,0.240032,,Monitor closely — elevated default risk,0.7225
LN0000485,2023-01,0.218692,0.355564,0.367246,0.462279,Current,0,,0.259735,,Watch for prepayment — portfolio income risk,0.7019
LN0000485,2023-02,0.450136,0.712778,0.110968,0.123342,Current,0,,0.289245,,No immediate action,0.4858
LN0000485,2023-03,0.539172,0.740049,0.097977,0.108255,30DPD,0,,0.316452,,No immediate action,0.4635
LN0000485,2023-04,0.53947,0.720853,0.175028,0.186416,30DPD,0,,0.342722,,No immediate action,0.5506
LN0000502,2023-06,0.254015,0.459793,0.157664,0.144555,Current,0,,0.243323,,No immediate action,0.508
LN0000502,2023-07,0.541696,0.712347,0.249381,0.146463,30DPD,0,,0.319231,,No immediate action,0.5709
LN0000502,2023-08,0.525054,0.719064,0.206019,0.552473,Current,1,Anomaly:IsolationForest,0.386335,days_past_due(z=2.40); remaining_term_months(z=2.22); loan_age_months(z=2.22),Review required — exception flagged,0.7047
LN0000502,2023-09,0.520785,0.690508,0.564205,0.388295,60DPD,1,Anomaly:IsolationForest,0.410576,days_past_due(z=2.40); remaining_term_months(z=2.35); loan_age_months(z=2.35),Review required — exception flagged,0.8064
LN0000502,2023-10,0.533007,0.619865,0.580475,0.203641,30DPD,1,Anomaly:IsolationForest,0.400502,remaining_term_months(z=2.48); loan_age_months(z=2.48); month_index(z=2.48),Review required — exception flagged,0.7351
LN0000507,2020-08,0.534895,0.6123,0.449982,0.136221,30DPD,0,,0.222346,,Monitor closely — elevated default risk,0.7195
LN0000507,2020-09,0.442503,0.582757,0.096893,0.065079,Current,0,,0.300264,,No immediate action,0.5109
LN0000507,2020-10,0.332609,0.521351,0.617032,0.332228,Current,0,,0.379366,,Monitor closely — elevated default risk,0.7632
LN0000508,2022-06,0.39868,0.494559,0.200312,0.093227,30DPD,0,,0.149889,,No immediate action,0.5934
LN0000508,2022-07,0.268886,0.399578,0.209731,0.061399,Default,0,,0.17574,,Monitor closely — elevated default risk,0.4698
LN0000508,2022-08,0.472797,0.639165,0.494366,0.585332,Current,0,,0.222155,,Monitor closely — elevated default risk,0.8713
LN0000508,2022-09,0.466349,0.643985,0.392339,0.468217,Current,0,,0.312656,,Monitor closely — elevated default risk,0.8415
LN0000508,2022-10,0.489636,0.654278,0.324417,0.374079,Current,0,,0.29117,,No immediate action,0.7669
LN0000514,2024-08,0.537155,0.591871,0.34855,0.203546,60DPD,0,,0.213461,,No immediate action,0.7115
LN0000514,2024-09,0.25516,0.364995,0.133954,0.169633,Current,0,,0.243813,,No immediate action,0.4619
LN0000514,2024-10,0.321135,0.457468,0.5179,0.49221,Current,0,,0.282371,,Monitor closely — elevated default risk,0.8765
LN0000514,2024-11,0.31979,0.455159,0.403665,0.392339,Current,0,,0.318866,,Monitor closely — elevated default risk,0.7855
LN0000514,2024-12,0.31979,0.46107,0.332582,0.31475,Current,0,,0.343957,,No immediate action,0.7141
LN0000518,2022-12,0.41834,0.500215,0.27363,0.241937,Current,0,,0.147116,,No immediate action,0.7168
LN0000518,2023-01,0.325817,0.461563,0.245553,0.19375,Current,0,,0.175442,,No immediate action,0.6133
LN0000518,2023-02,0.376922,0.540119,0.507918,0.53496,Current,0,,0.218876,,Monitor closely — elevated default risk,0.897
LN0000518,2023-03,0.418926,0.557547,0.399131,0.425418,Current,0,,0.253742,,Monitor closely — elevated default risk,0.843
LN0000518,2023-04,0.456486,0.577524,0.329878,0.343382,30DPD,0,,0.286114,,No immediate action,0.7761
LN0000525,2024-06,0.47531,0.59521,0.280319,0.271894,30DPD,0,,0.169406,,No immediate action,0.7162
LN0000525,2024-07,0.470597,0.585436,0.243011,0.209922,30DPD,0,,0.198641,,No immediate action,0.669
LN0000525,2024-08,0.352975,0.545242,0.066169,0.12843,Current,0,,0.23588,,No immediate action,0.5012
LN0000525,2024-09,0.281509,0.540696,0.044341,0.071733,60DPD,0,,0.372145,,No immediate action,0.4284
LN0000532,2024-11,0.311655,0.554528,0.058572,0.10539,Current,0,,0.200051,,No immediate action,0.4605
LN0000532,2024-12,0.531772,0.625932,0.434687,0.14556,60DPD,0,,0.225945,,Monitor closely — elevated default risk,0.7113
LN0000532,2025-01,0.38711,0.627418,0.481145,0.758036,Current,0,,0.27891,,Monitor closely — elevated default risk,0.7414
LN0000532,2025-02,0.371233,0.610602,0.382207,0.577902,Current,0,,0.315288,,Watch for prepayment — portfolio income risk,0.7825
LN0000532,2025-03,0.388587,0.622827,0.31904,0.460873,Current,0,,0.353698,,Watch for prepayment — portfolio income risk,0.7728
LN0000537,2024-06,0.389013,0.609536,0.271894,0.368839,Current,0,,0.154007,,No immediate action,0.7101
LN0000537,2024-07,0.373547,0.611911,0.235719,0.294192,Current,0,,0.172721,,No immediate action,0.6458
LN0000537,2024-08,0.529661,0.626096,0.482491,0.575796,Current,0,,0.21065,,Monitor closely — elevated default risk,0.8755
LN0000537,2024-09,0.536959,0.600806,0.38361,0.461073,30DPD,0,,0.252356,,Watch for prepayment — portfolio income risk,0.8535
LN0000537,2024-10,0.536959,0.599737,0.319381,0.368705,30DPD,0,,0.283307,,No immediate action,0.7757
LN0000540,2022-10,0.533041,0.607944,0.272302,0.294299,30DPD,0,,0.216452,,No immediate action,0.7128
LN0000540,2022-11,0.539815,0.607944,0.236106,0.227517,30DPD,0,,0.235547,,No immediate action,0.6579
LN0000540,2022-12,0.609958,0.765003,0.127377,0.497284,30DPD,0,,0.335074,,Watch for prepayment — portfolio income risk,0.6248
LN0000540,2023-01,0.619882,0.776331,0.120979,0.395416,30DPD,0,,0.311331,,Watch for prepayment — portfolio income risk,0.5601
LN0000540,2023-02,0.617292,0.73205,0.420107,0.340587,60DPD,0,,0.349681,,Monitor closely — elevated default risk,0.7057
LN0000546,2020-11,0.59192,0.670722,0.148862,0.287309,30DPD,0,,0.210247,,No immediate action,0.5868
LN0000546,2020-12,0.578634,0.721128,0.139494,0.223964,30DPD,0,,0.232388,,No immediate action,0.5318
LN0000546,2021-01,0.369699,0.612308,0.104465,0.238726,30DPD,0,,0.274073,,No immediate action,0.5503
LN0000546,2021-02,0.32239,0.55757,0.090861,0.195557,30DPD,0,,0.306278,,No immediate action,0.5256
LN0000546,2021-03,0.502376,0.65822,0.16479,0.381508,30DPD,0,,0.343641,,No immediate action,0.6929
LN0000550,2024-11,0.501377,0.639387,0.150356,0.305435,Current,0,,0.255111,,No immediate action,0.6575
LN0000550,2024-12,0.544401,0.726041,0.223676,0.303031,30DPD,0,,0.277468,,No immediate action,0.6281
LN0000550,2025-01,0.289939,0.508941,0.049954,0.06694,Current,0,,0.312467,,No immediate action,0.4489
LN0000550,2025-02,0.270678,0.561199,0.124516,0.197555,Current,0,,0.343886,,No immediate action,0.5158
LN0000552,2025-02,0.270363,0.565072,0.118705,0.155895,Current,0,,0.184521,,No immediate action,0.4899
LN0000552,2025-03,0.307114,0.573575,0.286469,0.188322,Current,0,,0.217946,,No immediate action,0.6042
LN0000552,2025-04,0.285732,0.559091,0.436626,0.690631,Current,0,,0.267646,,Monitor closely — elevated default risk,0.7363
LN0000552,2025-05,0.308535,0.55705,0.356854,0.542957,Current,0,,0.308844,,Watch for prepayment — portfolio income risk,0.7827
LN0000552,2025-06,0.285732,0.559995,0.299236,0.432592,Current,0,,0.378314,,Watch for prepayment — portfolio income risk,0.7288
LN0000553,2023-07,0.297531,0.552392,0.25511,0.348178,Current,0,,0.15925,,No immediate action,0.6742
LN0000553,2023-08,0.322062,0.439536,0.288889,0.18918,Current,0,,0.179399,,No immediate action,0.6198
LN0000553,2023-09,0.443902,0.66173,0.126532,0.345709,Current,0,,0.218386,,No immediate action,0.6272
LN0000553,2023-10,0.506049,0.668968,0.123449,0.275166,Current,0,,0.367849,,No immediate action,0.6118
LN0000553,2023-11,0.453247,0.665582,0.039255,0.06445,Current,0,,0.28756,,No immediate action,0.4457
LN0000581,2024-10,0.650761,0.699715,0.430862,0.147364,60DPD,0,,0.27666,,Monitor closely — elevated default risk,0.6139
LN0000581,2024-11,0.511257,0.65564,0.097617,0.135295,Current,0,,0.302256,,No immediate action,0.533
LN0000581,2024-12,0.488474,0.702759,0.050526,0.057377,30DPD,0,,0.332373,,No immediate action,0.4468
LN0000581,2025-01,0.436704,0.67123,0.125473,0.162553,30DPD,0,,0.359764,,No immediate action,0.5267
LN0000581,2025-02,0.439006,0.665849,0.119682,0.132711,Current,1,Anomaly:IsolationForest,0.428785,remaining_term_months(z=2.48); loan_age_months(z=2.48); month_index(z=2.48),Review required — exception flagged,0.5128
LN0000582,2020-03,0.473556,0.71979,0.292169,0.156387,Current,0,,0.266441,,No immediate action,0.6012
LN0000582,2020-04,0.483434,0.664837,0.307964,0.098816,60DPD,0,,0.287928,,No immediate action,0.6127
LN0000582,2020-05,0.447659,0.619784,0.607465,0.506875,Current,0,,0.325887,,Monitor closely — elevated default risk,0.8568
LN0000582,2020-06,0.533372,0.64614,0.544279,0.365006,Current,0,,0.300424,,Monitor closely — elevated default risk,0.8206
LN0000582,2020-07,0.518074,0.643799,0.421093,0.261188,Current,0,,0.334547,,Monitor closely — elevated default risk,0.7602
LN0000583,2021-04,0.389376,0.578138,0.079359,0.110744,Current,0,,0.189091,,No immediate action,0.5007
LN0000583,2021-05,0.350523,0.561331,0.07419,0.100363,Current,0,,0.217739,,No immediate action,0.4819
LN0000583,2021-06,0.260913,0.379226,0.469888,0.521563,Current,0,,0.252765,,Monitor closely — elevated default risk,0.7942
LN0000583,2021-07,0.283027,0.374746,0.376258,0.413483,Current,0,,0.297486,,Watch for prepayment — portfolio income risk,0.7238
LN0000583,2021-08,0.275039,0.380498,0.314077,0.333883,Current,0,,0.326279,,No immediate action,0.6517
LN0000595,2020-06,0.232651,0.354013,0.261188,0.26239,Current,0,,0.197311,,No immediate action,0.5551
LN0000595,2020-07,0.289524,0.364541,0.232238,0.203451,Current,0,,0.211008,,No immediate action,0.5449
LN0000595,2020-08,0.448795,0.612648,0.196508,0.455351,Current,0,,0.313496,,Watch for prepayment — portfolio income risk,0.744
LN0000595,2020-09,0.445277,0.605592,0.184984,0.368041,Current,0,,0.282215,,No immediate action,0.6964
LN0000595,2020-10,0.534423,0.648964,0.161675,0.117724,60DPD,0,,0.317256,,No immediate action,0.548
LN0000601,2022-12,0.489006,0.614406,0.149361,0.226748,Current,0,,0.280613,,No immediate action,0.6254
LN0000601,2023-01,0.52403,0.625808,0.138984,0.178961,Current,0,,0.243847,,No immediate action,0.5841
LN0000601,2023-02,0.399636,0.522534,0.640486,0.26581,Current,0,,0.284582,,Monitor closely — elevated default risk,0.7512
LN0000601,2023-03,0.297932,0.463852,0.192417,0.220802,Current,0,,0.319523,,No immediate action,0.5875
LN0000601,2023-04,0.242823,0.436905,0.089474,0.09372,Current,1,Anomaly:IsolationForest,0.389324,remaining_term_months(z=2.48); loan_age_months(z=2.48); month_index(z=2.48),Review required — exception flagged,0.4315
LN0000606,2024-01,0.344091,0.438968,0.082994,0.081526,Current,0,,0.223364,,No immediate action,0.4738
LN0000606,2024-02,0.40016,0.524467,0.29676,0.119899,60DPD,0,,0.239088,,No immediate action,0.6462
LN0000606,2024-03,0.421835,0.644789,0.20659,0.457698,Current,0,,0.271325,,Watch for prepayment — portfolio income risk,0.7207
LN0000606,2024-04,0.432757,0.675694,0.191942,0.367246,Current,0,,0.36327,,No immediate action,0.6581
LN0000606,2024-05,0.438491,0.696602,0.087818,0.129375,30DPD,1,Anomaly:IsolationForest,0.423231,remaining_term_months(z=2.48); loan_age_months(z=2.48); month_index(z=2.48),Review required — exception flagged,0.4795
LN0000607,2022-10,0.584355,0.694398,0.350667,0.210303,60DPD,0,,0.228712,,No immediate action,0.6411
LN0000607,2022-11,0.61603,0.679791,0.363957,0.118813,60DPD,0,,0.249629,,No immediate action,0.5935
LN0000607,2022-12,0.598941,0.66751,0.375712,0.102952,60DPD,0,,0.37563,,No immediate action,0.6061
LN0000607,2023-01,0.544999,0.790977,0.128009,0.491972,Current,0,,0.36258,,Watch for prepayment — portfolio income risk,0.642
LN0000607,2023-02,0.554913,0.788429,0.184221,0.475863,Current,1,Anomaly:IsolationForest,0.564509,balance_utilisation(z=13.14); remaining_term_months(z=2.48); loan_age_months(z=2.48),Review required — exception flagged,0.6584
LN0000611,2021-05,0.662387,0.742636,0.577478,0.249184,60DPD,0,,0.157403,,Monitor closely — elevated default risk,0.6333
LN0000611,2021-06,0.61019,0.760619,0.198411,0.184889,60DPD,0,,0.18594,,No immediate action,0.5062
LN0000611,2021-07,0.325603,0.627086,0.102014,0.14385,Current,0,,0.235347,,No immediate action,0.4722
LN0000611,2021-08,0.229021,0.369622,0.454382,0.638324,Current,0,,0.280364,,Monitor closely — elevated default risk,0.7074
LN0000611,2021-09,0.221182,0.359579,0.367114,0.511355,Current,0,,0.3194,,Watch for prepayment — portfolio income risk,0.7183
LN0000616,2024-06,0.185176,0.347536,0.303358,0.402904,Current,0,,0.184822,,Watch for prepayment — portfolio income risk,0.6195
LN0000616,2024-07,0.226426,0.370767,0.261689,0.327079,Current,0,,0.210894,,No immediate action,0.593
LN0000616,2024-08,0.226426,0.369089,0.261589,0.327311,Current,0,,0.301366,,No immediate action,0.5922
LN0000616,2024-09,0.1702,0.333951,0.219367,0.252536,Current,0,,0.378853,,No immediate action,0.488
LN0000620,2020-05,0.45104,0.583412,0.510025,0.568089,Current,0,,0.228359,,Monitor closely — elevated default risk,0.8948
LN0000620,2020-06,0.466325,0.586382,0.399881,0.454575,Current,0,,0.187645,,Monitor closely — elevated default risk,0.8672
LN0000620,2020-07,0.447878,0.557133,0.427613,0.255606,60DPD,0,,0.231904,,Monitor closely — elevated default risk,0.787
LN0000620,2020-08,0.534629,0.622611,0.441283,0.136529,60DPD,0,,0.275996,,Monitor closely — elevated default risk,0.7103
LN0000620,2020-09,0.494753,0.60013,0.601669,0.451692,30DPD,0,,0.31204,,Monitor closely — elevated default risk,0.8723
LN0000624,2024-07,0.391613,0.546583,0.179153,0.385445,Current,0,,0.218564,,No immediate action,0.7048
LN0000624,2024-08,0.374749,0.549259,0.167215,0.308626,30DPD,0,,0.24088,,No immediate action,0.6507
LN0000624,2024-09,0.332292,0.576368,0.077569,0.113316,Current,0,,0.336322,,No immediate action,0.4734
LN0000624,2024-10,0.448545,0.578899,0.134677,0.198981,30DPD,0,,0.319122,,No immediate action,0.6017
LN0000624,2024-11,0.496874,0.703433,0.103418,0.228286,Current,0,,0.354835,,No immediate action,0.5626
LN0000625,2023-02,0.465895,0.713903,0.186225,0.434161,Current,0,,0.282471,,Watch for prepayment — portfolio income risk,0.6862
LN0000625,2023-03,0.567819,0.734347,0.161773,0.135707,30DPD,0,,0.300467,,No immediate action,0.4977
LN0000625,2023-04,0.493038,0.707571,0.150753,0.276501,Current,0,,0.330444,,No immediate action,0.6064
LN0000625,2023-05,0.465792,0.702544,0.139596,0.213924,Current,0,,0.360519,,No immediate action,0.5584
LN0000625,2023-06,0.505661,0.700835,0.209065,0.431379,Current,1,Anomaly:IsolationForest,0.389781,interest_rate(z=2.56); remaining_term_months(z=2.48); loan_age_months(z=2.48),Review required — exception flagged,0.717
LN0000627,2020-06,0.513256,0.702243,0.192798,0.348426,30DPD,0,,0.16584,,No immediate action,0.6629
LN0000627,2020-07,0.590285,0.702173,0.088584,0.124089,30DPD,0,,0.198093,,No immediate action,0.4601
LN0000627,2020-08,0.652497,0.732523,0.159721,0.226075,30DPD,0,,0.244245,,No immediate action,0.5004
LN0000627,2020-09,0.637649,0.724685,0.144958,0.178195,30DPD,0,,0.287801,,No immediate action,0.4804
LN0000627,2020-10,0.490231,0.60036,0.482716,0.58266,Current,0,,0.318584,,Monitor closely — elevated default risk,0.895
LN0000628,2024-08,0.588064,0.726188,0.401841,0.477387,30DPD,0,,0.166705,,Monitor closely — elevated default risk,0.7825
LN0000628,2024-09,0.562397,0.727273,0.331051,0.381229,30DPD,0,,0.189903,,No immediate action,0.7113
LN0000633,2024-09,0.562374,0.725347,0.281668,0.305216,30DPD,0,,0.151787,,No immediate action,0.6496
LN0000633,2024-10,0.570683,0.728262,0.244574,0.236009,Current,0,,0.304283,,No immediate action,0.5908
LN0000633,2024-11,0.319435,0.429964,0.462884,0.569674,Current,0,,0.331464,,Monitor closely — elevated default risk,0.8213
LN0000633,2024-12,0.329511,0.449783,0.371782,0.454963,Current,0,,0.311674,,Watch for prepayment — portfolio income risk,0.803
LN0000633,2025-01,0.312862,0.52459,0.052211,0.103535,Current,0,,0.277653,,No immediate action,0.472
LN0000650,2021-03,0.483704,0.5648,0.071146,0.04559,60DPD,0,,0.204878,,No immediate action,0.5178
LN0000650,2021-04,0.516096,0.543998,0.051093,0.021098,30DPD,0,,0.232953,,No immediate action,0.506
LN0000650,2021-05,0.430028,0.599395,0.128745,0.106196,30DPD,0,,0.286392,,No immediate action,0.5328
LN0000650,2021-06,0.413095,0.513009,0.016641,0.029617,Current,0,,0.321437,,No immediate action,0.4732
LN0000650,2021-07,0.141855,0.295349,0.103068,0.227036,Current,0,,0.3596,,No immediate action,0.3837
LN0000656,2021-03,0.14232,0.264902,0.090609,0.188799,Current,0,,0.175845,,No immediate action,0.3433
LN0000656,2021-04,0.157821,0.294669,0.162942,0.363696,Current,0,,0.202956,,No immediate action,0.4896
LN0000656,2021-05,0.140008,0.308976,0.148064,0.290897,Current,0,,0.293037,,No immediate action,0.444
LN0000656,2021-06,0.167779,0.411423,0.219463,0.288572,Current,0,,0.279947,,No immediate action,0.5436
LN0000656,2021-07,0.356743,0.577824,0.199742,0.500503,Current,0,,0.313813,,Watch for prepayment — portfolio income risk,0.7391
LN0000672,2023-08,0.356226,0.577824,0.181928,0.398682,Current,0,,0.294695,,Watch for prepayment — portfolio income risk,0.6795
LN0000672,2023-09,0.475377,0.637603,0.419452,0.28302,Current,0,,0.324117,,Monitor closely — elevated default risk,0.7701
LN0000672,2023-10,0.385733,0.574876,0.149858,0.235138,Current,0,,0.296795,,No immediate action,0.5979
LN0000672,2023-11,0.350897,0.563459,0.139188,0.185557,Current,0,,0.324047,,No immediate action,0.5561
LN0000672,2023-12,0.484109,0.7447,0.675914,0.235719,60DPD,1,Anomaly:IsolationForest,0.389008,remaining_term_months(z=2.48); loan_age_months(z=2.48); month_index(z=2.48),Review required — exception flagged,0.6496
LN0000678,2024-01,0.475721,0.740469,0.182023,0.08998,Current,0,,0.15469,,No immediate action,0.5036
LN0000678,2024-02,0.427186,0.730559,0.176852,0.157566,Current,0,,0.187605,,No immediate action,0.5155
LN0000678,2024-03,0.505412,0.77199,0.083524,0.07333,30DPD,0,,0.232297,,No immediate action,0.4397
LN0000678,2024-04,0.37978,0.572624,0.134264,0.059748,Current,0,,0.274888,,No immediate action,0.5006
LN0000678,2024-05,0.539712,0.663999,0.514322,0.539385,30DPD,0,,0.303949,,Monitor closely — elevated default risk,0.8713
LN0000680,2024-06,0.530365,0.646597,0.402144,0.429146,30DPD,0,,0.251096,,Monitor closely — elevated default risk,0.8272
LN0000680,2024-07,0.536124,0.653234,0.331639,0.346201,30DPD,0,,0.204574,,No immediate action,0.7442
LN0000680,2024-08,0.52898,0.661773,0.282291,0.274653,30DPD,0,,0.250844,,No immediate action,0.6831
LN0000680,2024-09,0.530352,0.656568,0.24477,0.211922,30DPD,0,,0.28348,,No immediate action,0.6349
LN0000680,2024-10,0.369791,0.573602,0.125685,0.153033,Current,0,,0.315289,,No immediate action,0.5375
LN0000685,2022-11,0.312892,0.538212,0.062051,0.144857,Current,0,,0.245549,,No immediate action,0.4908
LN0000685,2022-12,0.349414,0.585108,0.167603,0.3395,Current,0,,0.269768,,No immediate action,0.6357
LN0000685,2023-01,0.341924,0.591093,0.078123,0.121087,Current,0,,0.361024,,No immediate action,0.475
LN0000685,2023-02,0.394771,0.613975,0.135089,0.218507,Current,1,Anomaly:IsolationForest,0.424576,days_past_due(z=2.40); remaining_term_months(z=2.35); loan_age_months(z=2.35),Review required — exception flagged,0.5672
LN0000685,2023-03,0.374812,0.522184,0.541323,0.406428,Current,0,,0.364212,,Monitor closely — elevated default risk,0.8589
LN0000686,2023-09,0.373119,0.513456,0.415401,0.326266,Current,0,,0.145593,,Monitor closely — elevated default risk,0.8007
LN0000689,2022-05,0.419098,0.502928,0.436981,0.17762,60DPD,0,,0.208356,,Monitor closely — elevated default risk,0.7654
LN0000689,2022-06,0.497675,0.545995,0.494125,0.104233,60DPD,0,,0.232502,,Monitor closely — elevated default risk,0.775
LN0000689,2022-07,0.356883,0.495632,0.102484,0.097496,Current,0,,0.275476,,No immediate action,0.5262
LN0000689,2022-08,0.194021,0.382769,0.205829,0.433114,Current,0,,0.310034,,Watch for prepayment — portfolio income risk,0.6079
LN0000689,2022-09,0.48204,0.631301,0.130943,0.292701,Current,0,,0.344051,,No immediate action,0.6372
LN0000696,2021-04,0.520419,0.684724,0.41476,0.350792,Current,0,,0.349563,,Monitor closely — elevated default risk,0.7802
LN0000696,2021-05,0.51629,0.682243,0.340587,0.279388,Current,0,,0.375023,,No immediate action,0.7107
LN0000696,2021-06,0.516209,0.684399,0.288783,0.215546,Current,1,Anomaly:IsolationForest,0.472638,original_balance(z=2.42); days_past_due(z=2.40); remaining_term_months(z=2.22),Review required — exception flagged,0.6519
LN0000696,2021-07,0.518386,0.691894,0.250267,0.170502,Current,1,Anomaly:IsolationForest,0.421793,original_balance(z=2.42); remaining_term_months(z=2.35); loan_age_months(z=2.35),Review required — exception flagged,0.6052
LN0000696,2021-08,0.227619,0.31498,0.551423,0.302161,Current,1,Anomaly:IsolationForest,0.447835,remaining_term_months(z=2.48); loan_age_months(z=2.48); month_index(z=2.48),Review required — exception flagged,0.6467
LN0000699,2024-06,0.229122,0.325528,0.419943,0.23359,Current,0,,0.213628,,Monitor closely — elevated default risk,0.6041
LN0000699,2024-07,0.470821,0.418021,0.596633,0.106885,30DPD,0,,0.241057,,Monitor closely — elevated default risk,0.6995
LN0000699,2024-08,0.209888,0.271022,0.114315,0.098935,Current,0,,0.282216,,No immediate action,0.3471
LN0000712,2023-11,0.196279,0.278396,0.104117,0.083656,Current,0,,0.292108,,No immediate action,0.3312
LN0000718,2022-08,0.770606,0.821136,0.10905,0.207446,30DPD,0,,0.309324,,No immediate action,0.3624
LN0000718,2022-09,0.79866,0.828665,0.191466,0.394974,30DPD,1,Anomaly:IsolationForest,0.382951,remaining_term_months(z=2.10); loan_age_months(z=2.10); month_index(z=2.10),Review required — exception flagged,0.4796
LN0000718,2022-10,0.79618,0.830127,0.174355,0.317115,30DPD,1,Anomaly:IsolationForest,0.407513,remaining_term_months(z=2.22); loan_age_months(z=2.22); month_index(z=2.22),Review required — exception flagged,0.4326
LN0000718,2022-11,0.545638,0.64072,0.752295,0.246631,60DPD,1,Anomaly:IsolationForest,0.46393,days_past_due(z=2.40); remaining_term_months(z=2.35); loan_age_months(z=2.35),Review required — exception flagged,0.654
LN0000718,2022-12,0.232229,0.536503,0.538745,0.336978,Current,1,Anomaly:IsolationForest,0.513678,days_past_due(z=3.71); remaining_term_months(z=2.48); loan_age_months(z=2.48),Review required — exception flagged,0.747
LN0000719,2021-01,0.204444,0.507364,0.578754,0.182215,Current,0,,0.163811,,Monitor closely — elevated default risk,0.6503
LN0000719,2021-02,0.190762,0.485022,0.431034,0.13354,Current,0,,0.190995,,Monitor closely — elevated default risk,0.6202
LN0000719,2021-03,0.247689,0.496723,0.51514,0.083788,Current,0,,0.242502,,Monitor closely — elevated default risk,0.6565
LN0000719,2021-04,0.114094,0.273272,0.17762,0.024472,Default,0,,0.324003,,Monitor closely — elevated default risk,0.2947
LN0000719,2021-05,0.390326,0.607488,0.476297,0.627483,Current,1,Anomaly:IsolationForest,0.393393,remaining_term_months(z=2.48); loan_age_months(z=2.48); month_index(z=2.48),Review required — exception flagged,0.8158
LN0000721,2024-05,0.404932,0.594734,0.380811,0.500253,Current,0,,0.257175,,Watch for prepayment — portfolio income risk,0.8454
LN0000721,2024-06,0.413705,0.590886,0.317228,0.398085,Current,0,,0.281791,,Watch for prepayment — portfolio income risk,0.7691
LN0000721,2024-07,0.397938,0.480786,0.346448,0.219367,60DPD,0,,0.357469,,No immediate action,0.7223
LN0000721,2024-08,0.523813,0.564327,0.352296,0.122485,60DPD,1,Anomaly:IsolationForest,0.437714,days_past_due(z=3.71); remaining_term_months(z=2.35); loan_age_months(z=2.35),Review required — exception flagged,0.6933
LN0000721,2024-09,0.354178,0.483712,0.604268,0.487283,Current,1,Anomaly:IsolationForest,0.551762,modification_flag(z=10.67); days_past_due(z=3.71); remaining_term_months(z=2.48),Review required — exception flagged,0.8605
LN0000722,2022-03,0.356847,0.447523,0.542629,0.351794,Current,0,,0.262154,,Monitor closely — elevated default risk,0.8068
LN0000722,2022-04,0.485105,0.500582,0.575796,0.183075,Current,0,,0.222831,,Monitor closely — elevated default risk,0.7959
LN0000722,2022-05,0.246113,0.314383,0.188132,0.060081,Default,0,,0.266949,,Monitor closely — elevated default risk,0.4044
LN0000722,2022-06,0.229479,0.302528,0.173778,0.041083,Default,0,,0.303826,,Monitor closely — elevated default risk,0.3734
LN0000722,2022-07,0.272053,0.499808,0.070852,0.05686,Current,0,,0.329322,,No immediate action,0.4498
LN0000728,2022-01,0.233257,0.499804,0.044551,0.055813,Current,0,,0.157107,,No immediate action,0.4167
LN0000728,2022-02,0.228678,0.488347,0.059581,0.085492,Current,0,,0.181137,,No immediate action,0.431
LN0000728,2022-03,0.226978,0.461151,0.055461,0.074618,Current,1,Anomaly:IsolationForest,0.557445,balance_utilisation(z=13.14); current_balance(z=7.92); remaining_term_months(z=2.22),Review required — exception flagged,0.4091
LN0000728,2022-04,0.310727,0.545813,0.141526,0.139697,Current,0,,0.257773,,No immediate action,0.5231
LN0000728,2022-05,0.445038,0.566679,0.198506,0.507396,Current,0,,0.293176,,Watch for prepayment — portfolio income risk,0.7847
LN0000729,2022-09,0.464539,0.604468,0.180971,0.404124,Current,0,,0.178442,,Watch for prepayment — portfolio income risk,0.7226
LN0000729,2022-10,0.347847,0.441443,0.337937,0.319722,Current,0,,0.207672,,No immediate action,0.7235
LN0000729,2022-11,0.33852,0.563475,0.272404,0.371917,Current,0,,0.253662,,No immediate action,0.7097
LN0000729,2022-12,0.425646,0.599262,0.218603,0.269859,Current,0,,0.289653,,No immediate action,0.6574
LN0000729,2023-01,0.496571,0.613106,0.130107,0.336739,Current,0,,0.325377,,No immediate action,0.6752
LN0000733,2023-03,0.497038,0.607304,0.124729,0.267224,Current,0,,0.308034,,No immediate action,0.6408
LN0000733,2023-04,0.556848,0.692279,0.336978,0.320748,Current,0,,0.287321,,No immediate action,0.7043
LN0000733,2023-05,0.558743,0.686393,0.286155,0.252932,30DPD,0,,0.361564,,No immediate action,0.647
LN0000733,2023-06,0.564203,0.678207,0.248299,0.197269,30DPD,0,,0.307618,,No immediate action,0.6016
LN0000733,2023-07,0.631366,0.648944,0.21402,0.097134,30DPD,0,,0.329488,,No immediate action,0.5154
LN0000735,2022-12,0.552203,0.657068,0.216883,0.153429,Current,0,,0.17377,,No immediate action,0.5805
LN0000735,2023-01,0.443745,0.51073,0.114978,0.033008,Current,0,,0.201221,,No immediate action,0.5405
LN0000735,2023-02,0.468695,0.581564,0.034595,0.03637,Current,0,,0.241699,,No immediate action,0.479
LN0000735,2023-03,0.454104,0.611581,0.053855,0.064292,Current,0,,0.282837,,No immediate action,0.4803
LN0000735,2023-04,0.24381,0.476708,0.102835,0.201929,Current,0,,0.317038,,No immediate action,0.5126
LN0000740,2023-01,0.197982,0.410558,0.180684,0.390164,Current,0,,0.198218,,Watch for prepayment — portfolio income risk,0.5897
LN0000747,2020-03,0.203809,0.430247,0.164693,0.3124,Current,0,,0.224,,No immediate action,0.5556
LN0000747,2020-04,0.305685,0.535424,0.258591,0.310509,Current,0,,0.25423,,No immediate action,0.6697
LN0000747,2020-05,0.306533,0.559462,0.22358,0.241742,Current,0,,0.292717,,No immediate action,0.6062
LN0000747,2020-06,0.312987,0.563878,0.511088,0.426259,Current,0,,0.33042,,Monitor closely — elevated default risk,0.8321
LN0000747,2020-07,0.299135,0.424624,0.527076,0.395269,Current,0,,0.358499,,Monitor closely — elevated default risk,0.796
LN0000753,2024-05,0.295126,0.409942,0.406583,0.314975,Current,0,,0.212943,,Monitor closely — elevated default risk,0.7133
LN0000753,2024-06,0.341118,0.426506,0.336739,0.249775,Current,0,,0.2325,,No immediate action,0.6771
LN0000753,2024-07,0.299147,0.414575,0.28605,0.195367,Current,0,,0.326332,,No immediate action,0.5976
LN0000753,2024-08,0.29672,0.413121,0.248103,0.154515,Current,0,,0.307528,,No immediate action,0.5562
LN0000753,2024-09,0.472396,0.617689,0.205543,0.331521,Current,0,,0.333638,,No immediate action,0.6959
LN0000760,2021-06,0.504817,0.625302,0.191751,0.263495,30DPD,0,,0.154151,,No immediate action,0.6626
LN0000760,2021-07,0.512287,0.6123,0.162455,0.091986,30DPD,0,,0.175151,,No immediate action,0.5649
LN0000760,2021-08,0.469913,0.60414,0.156976,0.160406,Current,0,,0.212337,,No immediate action,0.5916
LN0000760,2021-09,0.49989,0.62375,0.144656,0.131255,Current,0,,0.248903,,No immediate action,0.576
LN0000760,2021-10,0.475959,0.625726,0.204877,0.457502,30DPD,0,,0.285144,,Watch for prepayment — portfolio income risk,0.7563
LN0000761,2023-12,0.460267,0.605197,0.093474,0.158742,30DPD,0,,0.216667,,No immediate action,0.5536
LN0000761,2024-01,0.533322,0.651166,0.167796,0.308074,30DPD,0,,0.244259,,No immediate action,0.6457
LN0000761,2024-02,0.518681,0.661901,0.153528,0.239212,30DPD,0,,0.293542,,No immediate action,0.6061
LN0000761,2024-03,0.587736,0.67714,0.233203,0.237172,30DPD,0,,0.325066,,No immediate action,0.6027
LN0000761,2024-04,0.283928,0.529872,0.200217,0.506356,Current,0,,0.363373,,Watch for prepayment — portfolio income risk,0.724
LN0000763,2020-07,0.236129,0.502434,0.093844,0.184412,Current,1,Anomaly:IsolationForest,0.422216,modification_flag(z=10.67); days_past_due(z=2.40); remaining_term_months(z=1.97),Review required — exception flagged,0.506
LN0000763,2020-08,0.22352,0.499673,0.085101,0.15491,Current,0,,0.30759,,No immediate action,0.4816
LN0000763,2020-09,0.243041,0.512311,0.150554,0.301075,Current,0,,0.238077,,No immediate action,0.5912
LN0000763,2020-10,0.252926,0.513797,0.135295,0.232044,Current,1,Anomaly:IsolationForest,0.537408,balance_utilisation(z=13.14); current_balance(z=4.96); remaining_term_months(z=2.35),Review required — exception flagged,0.5532
LN0000763,2020-11,0.489747,0.530505,0.701094,0.269656,30DPD,0,,0.311588,,Monitor closely — elevated default risk,0.7639
LN0000764,2020-07,0.456056,0.515465,0.198886,0.092359,30DPD,0,,0.173753,,No immediate action,0.6159
LN0000764,2020-08,0.2051,0.385145,0.039021,0.058572,Current,0,,0.20797,,No immediate action,0.3439
LN0000764,2020-09,0.213788,0.487913,0.036121,0.04957,Current,0,,0.299204,,No immediate action,0.3937
LN0000764,2020-10,0.184735,0.369884,0.026831,0.054395,Current,0,,0.281588,,No immediate action,0.3179
LN0000764,2020-11,0.473523,0.551689,0.504297,0.553178,30DPD,0,,0.312291,,Monitor closely — elevated default risk,0.9322
LN0000768,2025-01,0.469733,0.552469,0.396451,0.439839,30DPD,0,,0.255915,,Monitor closely — elevated default risk,0.8768
LN0000768,2025-02,0.522693,0.552091,0.426428,0.245749,60DPD,0,,0.220793,,Monitor closely — elevated default risk,0.7987
LN0000768,2025-03,0.422878,0.515712,0.155402,0.206305,Current,0,,0.264162,,No immediate action,0.6344
LN0000768,2025-04,0.461927,0.517896,0.143749,0.163818,30DPD,0,,0.2955,,No immediate action,0.6258
LN0000768,2025-05,0.411654,0.48943,0.603744,0.481817,Current,0,,0.36676,,Monitor closely — elevated default risk,0.8896
LN0000770,2024-01,0.30888,0.424323,0.179344,0.409224,Current,0,,0.165481,,Watch for prepayment — portfolio income risk,0.6609
LN0000775,2020-12,0.288282,0.415949,0.167506,0.330112,Current,0,,0.195934,,No immediate action,0.6009
LN0000775,2021-01,0.2721,0.420516,0.077984,0.119465,Current,0,,0.225952,,No immediate action,0.445
LN0000775,2021-02,0.276486,0.366205,0.288046,0.182884,30DPD,0,,0.262733,,No immediate action,0.5568
LN0000775,2021-03,0.537549,0.750543,0.130838,0.393361,Current,0,,0.298332,,Watch for prepayment — portfolio income risk,0.6181
LN0000775,2021-04,0.165288,0.273567,0.437692,0.660531,Current,0,,0.331342,,Monitor closely — elevated default risk,0.608
LN0000776,2022-08,0.166779,0.275102,0.357748,0.528561,Current,0,,0.272677,,Watch for prepayment — portfolio income risk,0.6355
LN0000776,2022-09,0.144977,0.261109,0.299668,0.419452,Current,0,,0.301679,,Watch for prepayment — portfolio income risk,0.5626
LN0000776,2022-10,0.160836,0.273567,0.255606,0.338537,Current,0,,0.378426,,No immediate action,0.5143
LN0000776,2022-11,0.162872,0.273567,0.255507,0.338778,Current,0,,0.370718,,No immediate action,0.5154
LN0000776,2022-12,0.147161,0.263751,0.220898,0.268236,Current,1,Anomaly:IsolationForest,0.392594,remaining_term_months(z=2.48); loan_age_months(z=2.48); month_index(z=2.48),Review required — exception flagged,0.45
LN0000786,2023-04,0.656953,0.800548,0.210588,0.458092,30DPD,0,,0.174137,,Watch for prepayment — portfolio income risk,0.6056
LN0000786,2023-05,0.726486,0.838856,0.410321,0.454769,30DPD,0,,0.193619,,Monitor closely — elevated default risk,0.6499
LN0000786,2023-06,0.640974,0.773886,0.430002,0.256004,60DPD,0,,0.231368,,Monitor closely — elevated default risk,0.6356
LN0000786,2023-07,0.662726,0.741505,0.158742,0.213257,Current,0,,0.317671,,No immediate action,0.4839
LN0000786,2023-08,0.312818,0.606251,0.140816,0.164304,30DPD,0,,0.300917,,No immediate action,0.5058
LN0000789,2024-09,0.708932,0.720001,0.128114,0.417175,30DPD,0,,0.305081,,Watch for prepayment — portfolio income risk,0.5582
LN0000789,2024-10,0.760244,0.75905,0.381229,0.503023,30DPD,0,,0.327393,,Watch for prepayment — portfolio income risk,0.6795
LN0000789,2024-11,0.759624,0.759321,0.317793,0.39973,30DPD,0,,0.358462,,Watch for prepayment — portfolio income risk,0.5993
LN0000789,2024-12,0.723184,0.686815,0.346694,0.219941,60DPD,1,Anomaly:IsolationForest,0.388662,remaining_term_months(z=2.35); loan_age_months(z=2.35); month_index(z=2.35),Review required — exception flagged,0.5783
LN0000789,2025-01,0.727819,0.698349,0.137042,0.187083,30DPD,1,Anomaly:IsolationForest,0.416459,remaining_term_months(z=2.48); loan_age_months(z=2.48); month_index(z=2.48),Review required — exception flagged,0.449
LN0000790,2024-06,0.511017,0.726484,0.554242,0.36435,Current,0,,0.193651,,Monitor closely — elevated default risk,0.7863
LN0000790,2024-07,0.509125,0.67684,0.416206,0.283958,Current,0,,0.227305,,Monitor closely — elevated default risk,0.7571
LN0000790,2024-08,0.496492,0.705222,0.344727,0.225115,Current,0,,0.278651,,No immediate action,0.6806
LN0000790,2024-09,0.486697,0.674114,0.289522,0.173682,Current,0,,0.314762,,No immediate action,0.6379
LN0000790,2024-10,0.496492,0.705222,0.252141,0.14274,Current,0,,0.34927,,No immediate action,0.5931
LN0000792,2021-08,0.379738,0.539399,0.104696,0.23475,Current,0,,0.17575,,No immediate action,0.5899
LN0000792,2021-09,0.403823,0.542468,0.183552,0.446049,Current,0,,0.196311,,Watch for prepayment — portfolio income risk,0.7455
LN0000792,2021-10,0.41444,0.56625,0.167893,0.357109,Current,0,,0.237182,,No immediate action,0.6866
LN0000792,2021-11,0.418355,0.607896,0.26239,0.349793,Current,0,,0.322274,,No immediate action,0.7113
LN0000792,2021-12,0.401322,0.609348,0.233493,0.282499,Current,0,,0.303984,,No immediate action,0.654
LN0000798,2024-12,0.477972,0.587708,0.107114,0.179057,Current,0,,0.20056,,No immediate action,0.5882
LN0000802,2024-10,0.46478,0.627,0.096409,0.158252,Current,0,,0.298232,,No immediate action,0.5462
LN0000802,2024-11,0.498794,0.659886,0.087176,0.134986,Current,0,,0.37895,,No immediate action,0.5305
LN0000802,2024-12,0.546942,0.658887,0.347559,0.219846,60DPD,1,Anomaly:IsolationForest,0.405919,days_past_due(z=3.71); remaining_term_months(z=2.22); loan_age_months(z=2.22),Review required — exception flagged,0.6808
LN0000802,2025-01,0.559181,0.616286,0.134573,0.183648,Current,1,Anomaly:IsolationForest,0.43103,days_past_due(z=3.71); remaining_term_months(z=2.35); loan_age_months(z=2.35),Review required — exception flagged,0.5714
LN0000812,2024-02,0.436867,0.665798,0.464101,0.58945,Current,0,,0.167666,,Monitor closely — elevated default risk,0.8229
LN0000812,2024-03,0.575094,0.597669,0.699713,0.34265,60DPD,0,,0.193295,,Monitor closely — elevated default risk,0.7351
LN0000812,2024-04,0.431996,0.493013,0.742092,0.16226,Default,0,,0.235875,,Monitor closely — elevated default risk,0.6726
LN0000812,2024-05,0.365471,0.428591,0.20897,0.063339,Default,0,,0.273585,,Monitor closely — elevated default risk,0.5332
LN0000812,2024-06,0.395145,0.372084,0.11553,0.024119,Default,0,,0.309328,,Monitor closely — elevated default risk,0.4534
LN0000836,2022-06,0.256316,0.474195,0.127272,0.355707,Current,0,,0.229431,,No immediate action,0.6067
LN0000840,2020-04,0.28585,0.46328,0.120871,0.283333,Current,0,,0.161513,,No immediate action,0.5767
LN0000840,2020-05,0.243335,0.491846,0.310176,0.341314,Current,0,,0.19263,,No immediate action,0.6933
LN0000840,2020-06,0.254971,0.491054,0.265508,0.270672,Current,0,,0.234459,,No immediate action,0.6411
LN0000840,2020-07,0.274322,0.517456,0.226267,0.206875,Current,0,,0.275736,,No immediate action,0.595
LN0000840,2020-08,0.208007,0.270243,0.433288,0.731114,Current,0,,0.310054,,Monitor closely — elevated default risk,0.5902
LN0000844,2022-01,0.469178,0.554321,0.128955,0.346941,Current,0,,0.342806,,No immediate action,0.6954
LN0000844,2022-02,0.465301,0.505361,0.186988,0.333527,30DPD,0,,0.365172,,No immediate action,0.7402
LN0000844,2022-03,0.475851,0.580077,0.325919,0.330933,30DPD,1,Anomaly:IsolationForest,0.387311,original_balance(z=2.51); remaining_term_months(z=2.22); loan_age_months(z=2.22),Review required — exception flagged,0.7763
LN0000844,2022-04,0.413387,0.540748,0.276192,0.25879,Current,1,Anomaly:IsolationForest,0.415496,original_balance(z=2.51); remaining_term_months(z=2.35); loan_age_months(z=2.35),Review required — exception flagged,0.7038
LN0000844,2022-05,0.465438,0.58519,0.241353,0.202119,Current,1,Anomaly:IsolationForest,0.438825,original_balance(z=2.51); remaining_term_months(z=2.48); loan_age_months(z=2.48),Review required — exception flagged,0.6619
LN0000852,2022-08,0.480599,0.704158,0.552122,0.294726,30DPD,0,,0.177125,,Monitor closely — elevated default risk,0.7595
LN0000852,2022-09,0.347891,0.627463,0.41669,0.22243,Current,0,,0.199291,,Monitor closely — elevated default risk,0.6798
LN0000852,2022-10,0.478805,0.696792,0.344359,0.179536,30DPD,0,,0.237297,,No immediate action,0.653
LN0000852,2022-11,0.482049,0.69629,0.292701,0.143951,Current,0,,0.273291,,No immediate action,0.6112
LN0000852,2022-12,0.490733,0.702386,0.251944,0.11979,30DPD,0,,0.304427,,No immediate action,0.58
LN0000855,2020-12,0.457395,0.690789,0.014511,0.047414,Current,0,,0.181332,,No immediate action,0.4143
LN0000855,2021-01,0.506708,0.723228,0.071293,0.276809,Current,0,,0.204182,,No immediate action,0.5591
LN0000855,2021-02,0.475372,0.714173,0.069814,0.213543,Current,0,,0.250428,,No immediate action,0.5223
LN0000855,2021-03,0.568366,0.72115,0.263595,0.31995,30DPD,0,,0.284378,,No immediate action,0.647
LN0000855,2021-04,0.59074,0.727172,0.228671,0.250858,30DPD,0,,0.324142,,No immediate action,0.5808
LN0000872,2023-05,0.507827,0.637179,0.197174,0.531574,30DPD,0,,0.177845,,Watch for prepayment — portfolio income risk,0.7603
LN0000879,2023-06,0.581897,0.728398,0.359031,0.528263,30DPD,1,Anomaly:IsolationForest,0.39324,days_past_due(z=3.71); remaining_term_months(z=1.97); loan_age_months(z=1.97),Review required — exception flagged,0.7602
LN0000879,2023-07,0.602724,0.724969,0.300533,0.418962,30DPD,1,Anomaly:IsolationForest,0.411765,days_past_due(z=3.71); remaining_term_months(z=2.10); loan_age_months(z=2.10),Review required — exception flagged,0.6959
LN0000879,2023-08,0.594267,0.725272,0.256202,0.338417,30DPD,1,Anomaly:IsolationForest,0.442015,days_past_due(z=3.71); remaining_term_months(z=2.22); loan_age_months(z=2.22),Review required — exception flagged,0.6375
LN0000890,2024-04,0.574713,0.725498,0.221568,0.267831,30DPD,0,,0.179834,,No immediate action,0.5946
LN0000890,2024-05,0.290874,0.348437,0.457305,0.602184,Current,0,,0.209611,,Monitor closely — elevated default risk,0.7472
LN0000890,2024-06,0.321521,0.374694,0.131672,0.055989,Default,0,,0.30158,,Monitor closely — elevated default risk,0.4419
LN0000890,2024-07,0.280287,0.313504,0.215737,0.07144,Default,0,,0.377147,,Monitor closely — elevated default risk,0.4405
LN0000890,2024-08,0.285475,0.301166,0.120656,0.028099,Default,0,,0.351523,,Monitor closely — elevated default risk,0.3677
LN0000893,2024-11,0.41359,0.585178,0.505581,0.542629,Current,0,,0.190162,,Monitor closely — elevated default risk,0.8901
LN0000893,2024-12,0.420299,0.575368,0.397192,0.432766,Current,0,,0.331324,,Monitor closely — elevated default risk,0.8374
LN0000893,2025-01,0.401012,0.484449,0.426766,0.240768,60DPD,0,,0.303069,,Monitor closely — elevated default risk,0.7765
LN0000893,2025-02,0.508661,0.530795,0.439839,0.131047,60DPD,0,,0.283701,,Monitor closely — elevated default risk,0.7657
LN0000893,2025-03,0.420279,0.464258,0.188036,0.106081,Current,0,,0.320229,,No immediate action,0.5893
LN0000895,2021-02,0.374737,0.473354,0.494607,0.516239,30DPD,0,,0.331514,,Monitor closely — elevated default risk,0.9132
LN0000895,2021-03,0.487127,0.550947,0.658771,0.215069,30DPD,0,,0.300696,,Monitor closely — elevated default risk,0.7462
LN0000895,2021-04,0.44082,0.522498,0.214497,0.160992,30DPD,0,,0.335457,,No immediate action,0.6469
LN0000895,2021-05,0.384193,0.494703,0.113427,0.13929,Current,0,,0.367131,,No immediate action,0.5658
LN0000895,2021-06,0.313569,0.48043,0.029319,0.036864,30DPD,1,Anomaly:IsolationForest,0.464012,remaining_term_months(z=2.48); loan_age_months(z=2.48); month_index(z=2.48),Review required — exception flagged,0.4301
LN0000897,2023-03,0.471145,0.622276,0.626201,0.243304,60DPD,0,,0.15198,,Monitor closely — elevated default risk,0.733
LN0000897,2023-04,0.405737,0.579732,0.182406,0.43948,Current,0,,0.178436,,Watch for prepayment — portfolio income risk,0.7239
LN0000897,2023-05,0.387247,0.554469,0.171563,0.353807,30DPD,0,,0.221377,,No immediate action,0.6791
LN0000897,2023-06,0.281471,0.541502,0.08004,0.125897,Current,0,,0.255973,,No immediate action,0.473
LN0000897,2023-07,0.564556,0.645997,0.354313,0.151845,60DPD,0,,0.292928,,No immediate action,0.6478
LN0000899,2021-10,0.302244,0.430255,0.203546,0.417985,Current,0,,0.179505,,Watch for prepayment — portfolio income risk,0.677
LN0000899,2021-11,0.301004,0.469888,0.386723,0.41476,Current,0,,0.206634,,Watch for prepayment — portfolio income risk,0.7862
LN0000899,2021-12,0.297181,0.45734,0.321433,0.33507,Current,0,,0.25451,,No immediate action,0.7055
LN0000899,2022-01,0.2985,0.45755,0.274243,0.265407,Current,0,,0.287831,,No immediate action,0.6478
LN0000899,2022-02,0.299137,0.468868,0.238143,0.204592,30DPD,0,,0.327597,,No immediate action,0.6054
LN0000904,2020-07,0.220963,0.444772,0.44056,0.655343,Current,0,,0.180717,,Monitor closely — elevated default risk,0.7255
LN0000904,2020-08,0.243045,0.467343,0.359159,0.524731,Current,0,,0.209207,,Watch for prepayment — portfolio income risk,0.7724
LN0000904,2020-09,0.211123,0.445276,0.300858,0.415884,Current,0,,0.255329,,Watch for prepayment — portfolio income risk,0.6866
LN0000904,2020-10,0.208742,0.397702,0.253822,0.333291,Current,0,,0.292345,,No immediate action,0.5968
LN0000904,2020-11,0.211123,0.445276,0.221664,0.265709,Current,0,,0.361165,,No immediate action,0.5719
LN0000908,2024-02,0.426719,0.537987,0.072316,0.250464,Current,0,,0.158748,,No immediate action,0.6058
LN0000908,2024-03,0.284975,0.377003,0.39468,0.360448,Current,0,,0.186147,,Monitor closely — elevated default risk,0.7086
LN0000908,2024-04,0.434931,0.543337,0.334476,0.293979,Current,0,,0.226231,,No immediate action,0.76
LN0000908,2024-05,0.460629,0.543716,0.284585,0.227805,Current,0,,0.268038,,No immediate action,0.7147
LN0000908,2024-06,0.490133,0.582968,0.296117,0.130003,60DPD,0,,0.301831,,No immediate action,0.6666
LN0000910,2021-12,0.305074,0.499257,0.126426,0.355073,Current,0,,0.274652,,No immediate action,0.6429
LN0000910,2022-01,0.303904,0.506731,0.123235,0.28375,Current,0,,0.230712,,No immediate action,0.6021
LN0000910,2022-02,0.143694,0.35994,0.037595,0.064922,Current,0,,0.269788,,No immediate action,0.3031
LN0000910,2022-03,0.293372,0.530557,0.110519,0.190132,Current,1,Anomaly:IsolationForest,0.530427,balance_utilisation(z=13.14); remaining_term_months(z=2.35); loan_age_months(z=2.35),Review required — exception flagged,0.5317
LN0000933,2021-08,0.271394,0.522232,0.099055,0.15125,Current,0,,0.147875,,No immediate action,0.4997
LN0000933,2021-09,0.517593,0.640524,0.601156,0.497529,30DPD,0,,0.170766,,Monitor closely — elevated default risk,0.8691
LN0000933,2021-10,0.441821,0.63019,0.179057,0.422912,Current,0,,0.2085,,Watch for prepayment — portfolio income risk,0.7068
LN0000933,2021-11,0.446206,0.619359,0.167118,0.342528,30DPD,0,,0.249404,,No immediate action,0.6682
LN0000933,2021-12,0.246461,0.413702,0.079495,0.114757,Current,0,,0.279818,,No immediate action,0.4272
LN0000946,2022-11,0.448626,0.630366,0.200788,0.44457,Current,0,,0.268881,,Watch for prepayment — portfolio income risk,0.7318
LN0000946,2022-12,0.444741,0.638823,0.187846,0.356854,Current,0,,0.223063,,No immediate action,0.6753
LN0000946,2023-01,0.441922,0.648291,0.086789,0.126744,30DPD,0,,0.259509,,No immediate action,0.5036
LN0000946,2023-02,0.460059,0.692978,0.154712,0.231948,Current,0,,0.291359,,No immediate action,0.5769
LN0000946,2023-03,0.448463,0.677971,0.138678,0.18231,30DPD,0,,0.323462,,No immediate action,0.5457
LN0000950,2022-05,0.638999,0.554483,0.605856,0.427782,Current,0,,0.258017,,Monitor closely — elevated default risk,0.8142
LN0000950,2022-06,0.50833,0.507663,0.179632,0.366321,Current,0,,0.214692,,No immediate action,0.765
LN0000950,2022-07,0.504524,0.478717,0.168183,0.293233,30DPD,0,,0.260728,,No immediate action,0.7178
LN0000950,2022-08,0.382086,0.427235,0.078261,0.109842,Current,0,,0.297935,,No immediate action,0.4987
LN0000950,2022-09,0.466331,0.484097,0.135398,0.188894,Current,0,,0.334677,,No immediate action,0.6374
LN0000959,2023-11,0.390368,0.447085,0.60639,0.464101,60DPD,0,,0.167995,,Monitor closely — elevated default risk,0.8476
LN0000959,2023-12,0.294333,0.373707,0.179823,0.394093,Current,0,,0.19478,,Watch for prepayment — portfolio income risk,0.621
LN0000959,2024-01,0.244164,0.36494,0.168474,0.317228,Current,0,,0.231733,,No immediate action,0.5474
LN0000959,2024-02,0.282768,0.398495,0.078398,0.11564,Current,0,,0.270748,,No immediate action,0.4377
LN0000959,2024-03,0.246551,0.374506,0.133333,0.201358,Current,0,,0.301777,,No immediate action,0.4779
LN0000961,2021-01,0.430887,0.532967,0.107685,0.168667,Current,0,,0.176019,,No immediate action,0.5871
LN0000961,2021-02,0.403332,0.531822,0.188894,0.326962,Current,0,,0.202053,,No immediate action,0.6937
LN0000961,2021-03,0.395215,0.552566,0.172816,0.257296,Current,0,,0.240261,,No immediate action,0.6364
LN0000961,2021-04,0.422971,0.560848,0.281045,0.25521,Current,0,,0.278266,,No immediate action,0.6992
LN0000961,2021-05,0.426333,0.559334,0.243597,0.198411,Current,0,,0.314396,,No immediate action,0.6545
LN0000962,2023-05,0.11845,0.207173,0.459279,0.602702,Current,0,,0.204989,,Monitor closely — elevated default risk,0.5911
LN0000962,2023-06,0.114369,0.197326,0.369505,0.481145,Current,0,,0.235171,,Watch for prepayment — portfolio income risk,0.5812
LN0000962,2023-07,0.116888,0.201284,0.308626,0.38361,Current,0,,0.36685,,No immediate action,0.5052
LN0000962,2023-08,0.117533,0.196133,0.263696,0.307413,Current,0,,0.299469,,No immediate action,0.4424
LN0000962,2023-09,0.110503,0.198209,0.227998,0.23824,Current,0,,0.332807,,No immediate action,0.3875
LN0000968,2024-09,0.24519,0.357068,0.497775,0.467179,Current,0,,0.179983,,Monitor closely — elevated default risk,0.7836
LN0000968,2024-10,0.235054,0.359943,0.3938,0.373808,Current,0,,0.19656,,Monitor closely — elevated default risk,0.6813
LN0000968,2024-11,0.405922,0.454105,0.580909,0.152439,Current,0,,0.234674,,Monitor closely — elevated default risk,0.7158
LN0000968,2024-12,0.174536,0.265406,0.108368,0.137554,Current,0,,0.268157,,No immediate action,0.3429
LN0000968,2025-01,0.16579,0.316979,0.101897,0.11619,Current,0,,0.300103,,No immediate action,0.3504
LN0000970,2022-08,0.428165,0.626348,0.202024,0.471364,Current,0,,0.279862,,Watch for prepayment — portfolio income risk,0.7376
LN0000970,2022-09,0.371797,0.632931,0.092111,0.16187,Current,0,,0.177455,,No immediate action,0.4964
LN0000970,2022-10,0.465083,0.678041,0.16547,0.315312,Current,0,,0.228361,,No immediate action,0.6339
LN0000970,2022-11,0.497984,0.67242,0.15115,0.247415,Current,0,,0.266989,,No immediate action,0.6121
LN0000970,2022-12,0.595167,0.699317,0.226171,0.245651,30DPD,0,,0.308709,,No immediate action,0.5887
LN0000977,2024-06,0.651122,0.652008,0.213638,0.11914,Current,0,,0.15866,,No immediate action,0.5148
LN0000977,2024-07,0.438281,0.615559,0.122485,0.243011,Current,0,,0.177575,,No immediate action,0.5941
LN0000977,2024-08,0.433886,0.606541,0.039949,0.064608,60DPD,0,,0.213977,,No immediate action,0.466
LN0000977,2024-09,0.393554,0.641273,0.032737,0.057033,Current,0,,0.260682,,No immediate action,0.421
LN0000977,2024-10,0.388098,0.641839,0.099413,0.159624,Current,0,,0.291649,,No immediate action,0.5026
LN0000981,2023-09,0.499956,0.648774,0.128325,0.390742,Current,0,,0.276458,,Watch for prepayment — portfolio income risk,0.6851
LN0000981,2023-10,0.48293,0.626726,0.184793,0.378318,30DPD,0,,0.245416,,No immediate action,0.7097
LN0000981,2023-11,0.509959,0.609836,0.382487,0.47073,30DPD,0,,0.282199,,Watch for prepayment — portfolio income risk,0.8667
LN0000981,2023-12,0.536322,0.620658,0.318813,0.375985,30DPD,0,,0.31638,,No immediate action,0.7689
LN0000981,2024-01,0.518076,0.607456,0.27169,0.300425,30DPD,0,,0.348433,,No immediate action,0.7233
LN0000983,2022-03,0.522238,0.610534,0.235525,0.231755,30DPD,0,,0.211268,,No immediate action,0.6673
LN0000983,2022-04,0.427215,0.601135,0.651217,0.370173,60DPD,0,,0.241994,,Monitor closely — elevated default risk,0.7725
LN0000983,2022-05,0.382818,0.599633,0.190989,0.315087,Current,0,,0.287311,,No immediate action,0.6446
LN0000983,2022-06,0.396034,0.602798,0.176276,0.248103,Current,0,,0.326052,,No immediate action,0.6088
LN0000983,2022-07,0.41706,0.622092,0.083127,0.097737,Current,0,,0.356746,,No immediate action,0.4879
LN0000984,2024-07,0.459061,0.626447,0.144253,0.15933,Current,0,,0.190368,,No immediate action,0.5681
LN0000984,2024-08,0.470741,0.642539,0.492448,0.723375,Current,0,,0.280524,,Monitor closely — elevated default risk,0.7986
LN0000984,2024-09,0.446843,0.62004,0.391903,0.558214,Current,0,,0.253506,,Monitor closely — elevated default risk,0.8302
LN0000984,2024-10,0.313284,0.465882,0.310509,0.435743,Current,0,,0.29864,,Watch for prepayment — portfolio income risk,0.7627
LN0000984,2024-11,0.502534,0.594838,0.256401,0.350417,Current,0,,0.323684,,No immediate action,0.7547
LN0000987,2020-10,0.436337,0.607051,0.239892,0.285108,Current,0,,0.164891,,No immediate action,0.6771
LN0000987,2020-11,0.242738,0.480427,0.497284,0.487514,Current,0,,0.197745,,Monitor closely — elevated default risk,0.854
LN0000987,2020-12,0.295559,0.419953,0.562682,0.277118,Current,0,,0.235847,,Monitor closely — elevated default risk,0.715
LN0000987,2021-01,0.161813,0.359238,0.16944,0.229827,Current,0,,0.269201,,No immediate action,0.4602
LN0000987,2021-02,0.163014,0.368055,0.158448,0.181163,Current,0,,0.304982,,No immediate action,0.4353
LN0000988,2021-07,0.188474,0.409285,0.074761,0.078673,Current,0,,0.213582,,No immediate action,0.3756
LN0000988,2021-08,0.167648,0.349177,0.19784,0.424747,Current,0,,0.305227,,Watch for prepayment — portfolio income risk,0.5697
LN0000988,2021-09,0.220794,0.36004,0.18403,0.347312,Current,0,,0.372291,,No immediate action,0.5561
LN0000988,2021-10,0.277825,0.448514,0.316889,0.345218,Current,0,,0.354539,,No immediate action,0.6942
LN0000988,2021-11,0.264771,0.427424,0.270062,0.273118,Current,0,,0.333299,,No immediate action,0.6177
LN0000996,2024-11,0.264771,0.427424,0.234363,0.21116,Current,0,,0.157205,,No immediate action,0.5689
LN0000996,2024-12,0.363944,0.553394,0.473921,0.531879,30DPD,0,,0.186176,,Monitor closely — elevated default risk,0.8763
LN0000996,2025-01,0.460789,0.559645,0.556034,0.304232,60DPD,0,,0.233478,,Monitor closely — elevated default risk,0.8247
LN0000996,2025-02,0.533922,0.629762,0.574963,0.157271,90DPD,0,,0.275577,,Monitor closely — elevated default risk,0.7093
LN0000996,2025-03,0.445119,0.566355,0.201644,0.123769,30DPD,0,,0.314703,,No immediate action,0.6021
LN0001001,2024-02,0.363799,0.537236,0.053129,0.065703,Current,0,,0.154889,,No immediate action,0.4727
LN0001001,2024-03,0.593669,0.672178,0.12843,0.403665,30DPD,0,,0.182375,,Watch for prepayment — portfolio income risk,0.6331
LN0001001,2024-04,0.639753,0.717506,0.383891,0.484756,30DPD,0,,0.285976,,Watch for prepayment — portfolio income risk,0.7557
LN0001001,2024-05,0.62987,0.713899,0.320291,0.386581,30DPD,0,,0.265627,,No immediate action,0.6816
LN0001001,2024-06,0.646699,0.710082,0.272812,0.309289,30DPD,0,,0.292076,,No immediate action,0.6127
LN0001011,2023-02,0.620324,0.713947,0.236785,0.240671,30DPD,0,,0.17521,,No immediate action,0.5716
LN0001016,2025-01,0.315334,0.525333,0.203831,0.420107,Current,0,,0.218965,,Watch for prepayment — portfolio income risk,0.707
LN0001016,2025-02,0.401942,0.571673,0.094458,0.147964,30DPD,0,,0.243065,,No immediate action,0.5363
LN0001025,2021-12,0.463699,0.623809,0.422414,0.251351,30DPD,1,Anomaly:IsolationForest,0.41652,days_past_due(z=3.71); remaining_term_months(z=1.97); loan_age_months(z=1.97),Review required — exception flagged,0.7568
LN0001025,2022-01,0.398845,0.568948,0.152835,0.209541,Current,1,Anomaly:IsolationForest,0.442725,days_past_due(z=3.71); remaining_term_months(z=2.10); loan_age_months(z=2.10),Review required — exception flagged,0.5961
LN0001025,2022-02,0.378315,0.526678,0.141627,0.166052,30DPD,1,Anomaly:IsolationForest,0.463702,days_past_due(z=3.71); remaining_term_months(z=2.22); loan_age_months(z=2.22),Review required — exception flagged,0.5797
LN0001032,2023-08,0.422265,0.630538,0.207446,0.521848,Current,0,,0.221185,,Watch for prepayment — portfolio income risk,0.7387
LN0001032,2023-09,0.237745,0.445508,0.48659,0.435214,Current,0,,0.243941,,Monitor closely — elevated default risk,0.8025
LN0001033,2020-11,0.281428,0.446227,0.386866,0.349669,Current,0,,0.180612,,No immediate action,0.7321
LN0001033,2020-12,0.312775,0.371325,0.217456,0.059581,Default,0,,0.209197,,Monitor closely — elevated default risk,0.4806
LN0001033,2021-01,0.298785,0.356252,0.216119,0.040632,Default,0,,0.249689,,Monitor closely — elevated default risk,0.4559
LN0001033,2021-02,0.248705,0.27049,0.124196,0.018085,Default,0,,0.292584,,Monitor closely — elevated default risk,0.3307
LN0001033,2021-03,0.358252,0.514746,0.514867,0.576634,Current,0,,0.326481,,Monitor closely — elevated default risk,0.876
LN0001045,2020-03,0.363531,0.49521,0.402296,0.461876,Current,0,,0.336952,,Monitor closely — elevated default risk,0.8615
LN0001045,2020-04,0.45722,0.555452,0.201073,0.514594,30DPD,0,,0.356745,,Watch for prepayment — portfolio income risk,0.7941
LN0001045,2020-05,0.528304,0.632061,0.375848,0.512697,30DPD,0,,0.378509,,Watch for prepayment — portfolio income risk,0.8514
LN0001045,2020-06,0.532587,0.632155,0.313182,0.406892,30DPD,1,Anomaly:IsolationForest,0.409189,original_balance(z=2.47); remaining_term_months(z=2.35); loan_age_months(z=2.35),Review required — exception flagged,0.7777
LN0001045,2020-07,0.536634,0.632155,0.26773,0.326498,30DPD,1,Anomaly:IsolationForest,0.436694,remaining_term_months(z=2.48); loan_age_months(z=2.48); month_index(z=2.48),Review required — exception flagged,0.7127
LN0001052,2020-06,0.602651,0.654466,0.231948,0.256997,30DPD,0,,0.177238,,No immediate action,0.6159
LN0001052,2020-07,0.470141,0.6491,0.543287,0.291851,Current,0,,0.205738,,Monitor closely — elevated default risk,0.7848
LN0001052,2020-08,0.501597,0.640244,0.416367,0.226171,Current,0,,0.298804,,Monitor closely — elevated default risk,0.7503
LN0001052,2020-09,0.481551,0.645894,0.341678,0.178482,Current,0,,0.28886,,No immediate action,0.6779
LN0001052,2020-10,0.44177,0.621418,0.288362,0.142235,Current,0,,0.324388,,No immediate action,0.6255
LN0001058,2022-10,0.47673,0.625246,0.25076,0.118922,Current,0,,0.208066,,No immediate action,0.6106
LN0001058,2022-11,0.33005,0.521647,0.127904,0.394239,30DPD,0,,0.229076,,Watch for prepayment — portfolio income risk,0.6653
LN0001058,2022-12,0.274449,0.481172,0.042846,0.080987,Current,0,,0.262562,,No immediate action,0.4397
LN0001058,2023-01,0.393292,0.572323,0.213734,0.240866,30DPD,0,,0.295506,,No immediate action,0.6378
LN0001058,2023-02,0.299082,0.517182,0.108141,0.201549,Current,0,,0.329441,,No immediate action,0.5458
LN0001059,2020-06,0.308069,0.419084,0.136426,0.19413,Current,0,,0.147221,,No immediate action,0.5289
LN0001059,2020-07,0.330703,0.44622,0.451501,0.597624,Current,0,,0.175584,,Monitor closely — elevated default risk,0.8154
LN0001059,2020-08,0.3791,0.465239,0.364874,0.478925,Current,0,,0.276828,,Watch for prepayment — portfolio income risk,0.8441
LN0001059,2020-09,0.360718,0.46868,0.305545,0.382487,Current,0,,0.252175,,No immediate action,0.7587
LN0001059,2020-10,0.374243,0.467298,0.260688,0.306203,Current,0,,0.33211,,No immediate action,0.7042
LN0001069,2024-05,0.367647,0.474558,0.225115,0.236785,Current,0,,0.157425,,No immediate action,0.6521
LN0001069,2024-06,0.591015,0.716885,0.20678,0.44885,30DPD,0,,0.175697,,Watch for prepayment — portfolio income risk,0.6739
LN0001069,2024-07,0.617816,0.742099,0.398085,0.445308,30DPD,0,,0.220744,,Monitor closely — elevated default risk,0.7417
LN0001069,2024-08,0.622824,0.726447,0.427104,0.248791,60DPD,0,,0.26173,,Monitor closely — elevated default risk,0.6633
LN0001069,2024-09,0.60626,0.692536,0.155796,0.209065,Current,0,,0.30007,,No immediate action,0.533
LN0001074,2024-01,0.633233,0.734312,0.296331,0.140816,60DPD,1,Anomaly:IsolationForest,0.395195,interest_rate(z=2.65); original_balance(z=2.23); remaining_term_months(z=1.97),Review required — exception flagged,0.5348
LN0001074,2024-02,0.374551,0.552465,0.45574,0.587603,Current,1,Anomaly:IsolationForest,0.403745,interest_rate(z=2.65); original_balance(z=2.23); remaining_term_months(z=2.10),Review required — exception flagged,0.8451
LN0001074,2024-03,0.377026,0.54822,0.367643,0.470941,Current,1,Anomaly:IsolationForest,0.431179,interest_rate(z=2.65); original_balance(z=2.23); remaining_term_months(z=2.22),Review required — exception flagged,0.8337
LN0001074,2024-04,0.387567,0.552212,0.306972,0.375575,Current,1,Anomaly:IsolationForest,0.45443,interest_rate(z=2.65); remaining_term_months(z=2.35); loan_age_months(z=2.35),Review required — exception flagged,0.759
LN0001074,2024-05,0.369315,0.567007,0.26209,0.300317,Current,1,Anomaly:IsolationForest,0.471374,interest_rate(z=2.65); remaining_term_months(z=2.48); loan_age_months(z=2.48),Review required — exception flagged,0.6824
LN0001078,2020-08,0.398405,0.547803,0.226844,0.231562,Current,0,,0.196443,,No immediate action,0.6545
LN0001088,2021-05,0.457891,0.711824,0.069216,0.082994,Current,0,,0.283425,,No immediate action,0.4491
LN0001088,2021-06,0.503167,0.728341,0.064922,0.076734,Current,0,,0.302455,,No immediate action,0.4551
LN0001088,2021-07,0.594405,0.759838,0.041972,0.037595,Current,0,,0.336961,,No immediate action,0.3627
LN0001088,2021-08,0.596693,0.765459,0.115309,0.109955,30DPD,0,,0.37098,,No immediate action,0.4316
LN0001088,2021-09,0.566573,0.763037,0.104233,0.092111,Current,1,Anomaly:IsolationForest,0.400459,remaining_term_months(z=2.48); loan_age_months(z=2.48); month_index(z=2.48),Review required — exception flagged,0.4334
LN0001093,2025-01,0.255378,0.437845,0.521563,0.464509,Current,0,,0.159763,,Monitor closely — elevated default risk,0.8181
LN0001093,2025-02,0.340253,0.52968,0.482942,0.747006,Current,0,,0.258788,,Monitor closely — elevated default risk,0.7733
LN0001093,2025-03,0.467575,0.650923,0.358517,0.559318,Current,0,,0.284444,,Watch for prepayment — portfolio income risk,0.8079
LN0001093,2025-04,0.33115,0.522634,0.31995,0.45829,Current,0,,0.261371,,Watch for prepayment — portfolio income risk,0.7934
LN0001093,2025-05,0.336718,0.528248,0.273221,0.365531,Current,0,,0.28994,,No immediate action,0.7236
LN0001102,2023-08,0.290786,0.413705,0.231658,0.287415,Current,0,,0.209501,,No immediate action,0.6118
LN0001102,2023-09,0.544505,0.643029,0.208589,0.415401,Current,0,,0.233241,,Watch for prepayment — portfolio income risk,0.7182
LN0001102,2023-10,0.499225,0.649909,0.178099,0.130838,Current,0,,0.273833,,No immediate action,0.5791
LN0001102,2023-11,0.62125,0.662267,0.423078,0.216692,Current,0,,0.313485,,Monitor closely — elevated default risk,0.6781
LN0001102,2023-12,0.550465,0.619718,0.157369,0.183552,Current,0,,0.345278,,No immediate action,0.5854
LN0001110,2022-10,0.485537,0.632952,0.076173,0.081257,Current,0,,0.197286,,No immediate action,0.505
LN0001110,2022-11,0.203916,0.312075,0.465327,0.619405,Current,0,,0.224486,,Monitor closely — elevated default risk,0.681
LN0001112,2023-07,0.207993,0.314308,0.373808,0.498021,Current,0,,0.23088,,Watch for prepayment — portfolio income risk,0.6971
LN0001112,2023-08,0.210628,0.308377,0.311843,0.396155,Current,0,,0.257319,,Watch for prepayment — portfolio income risk,0.6135
LN0001112,2023-09,0.204921,0.323344,0.266113,0.317906,Current,0,,0.299439,,No immediate action,0.5561
LN0001112,2023-10,0.207202,0.30914,0.230501,0.249479,Current,1,Anomaly:IsolationForest,0.415295,days_past_due(z=2.40); remaining_term_months(z=2.35); loan_age_months(z=2.35),Review required — exception flagged,0.4982
LN0001116,2023-05,0.513272,0.566862,0.484985,0.499506,Current,0,,0.261344,,Monitor closely — elevated default risk,0.9522
LN0001116,2023-06,0.51212,0.559887,0.385587,0.397936,Current,0,,0.280705,,Watch for prepayment — portfolio income risk,0.8558
LN0001116,2023-07,0.274246,0.422658,0.504809,0.463289,Current,0,,0.319309,,Monitor closely — elevated default risk,0.8277
LN0001116,2023-08,0.269296,0.432315,0.396747,0.370842,Current,0,,0.339308,,Monitor closely — elevated default risk,0.7346
LN0001116,2023-09,0.263794,0.423759,0.327893,0.295902,Current,0,,0.364458,,No immediate action,0.6557
LN0001122,2023-02,0.47163,0.533042,0.446234,0.125154,Current,0,,0.22029,,Monitor closely — elevated default risk,0.755
LN0001122,2023-03,0.255792,0.545734,0.046408,0.096893,Current,0,,0.24647,,No immediate action,0.4267
LN0001122,2023-04,0.275908,0.630785,0.061888,0.150157,Current,0,,0.280624,,No immediate action,0.4286
LN0001122,2023-05,0.326488,0.63771,0.11608,0.290579,Current,0,,0.315948,,No immediate action,0.5477
LN0001122,2023-06,0.354522,0.640284,0.148363,0.278974,Current,0,,0.348045,,No immediate action,0.5708
LN0001124,2023-11,0.448997,0.652332,0.218794,0.275576,Current,1,Anomaly:IsolationForest,0.397203,original_balance(z=3.16); remaining_term_months(z=1.97); loan_age_months(z=1.97),Review required — exception flagged,0.6455
LN0001124,2023-12,0.311611,0.438824,0.520994,0.397192,Current,1,Anomaly:IsolationForest,0.418212,original_balance(z=3.16); remaining_term_months(z=2.10); loan_age_months(z=2.10),Review required — exception flagged,0.8133
LN0001124,2024-01,0.309761,0.437365,0.398234,0.316438,Current,1,Anomaly:IsolationForest,0.436452,original_balance(z=3.16); remaining_term_months(z=2.22); loan_age_months(z=2.22),Review required — exception flagged,0.7309
LN0001124,2024-02,0.315822,0.442895,0.334001,0.251253,Current,1,Anomaly:IsolationForest,0.456746,original_balance(z=3.16); remaining_term_months(z=2.35); loan_age_months(z=2.35),Review required — exception flagged,0.672
LN0001124,2024-03,0.333535,0.461193,0.284063,0.196794,Current,1,Anomaly:IsolationForest,0.48107,original_balance(z=3.16); remaining_term_months(z=2.48); loan_age_months(z=2.48),Review required — exception flagged,0.6378
LN0001126,2022-09,0.315822,0.442895,0.246434,0.155304,Current,0,,0.200305,,No immediate action,0.5802
LN0001127,2024-12,0.139894,0.214315,0.547636,0.242718,Current,0,,0.173762,,Monitor closely — elevated default risk,0.5246
LN0001127,2025-01,0.131462,0.194375,0.417498,0.191275,Current,0,,0.203311,,Monitor closely — elevated default risk,0.4673
LN0001127,2025-02,0.132238,0.211098,0.342894,0.152142,Current,0,,0.24183,,No immediate action,0.4192
LN0001127,2025-03,0.145781,0.196083,0.29132,0.125048,Current,0,,0.283833,,No immediate action,0.3791
LN0001127,2025-04,0.145622,0.198028,0.251055,0.104812,Current,0,,0.314763,,No immediate action,0.3498
LN0001133,2020-06,0.269146,0.411501,0.469469,0.656189,Current,0,,0.240604,,Monitor closely — elevated default risk,0.747
LN0001133,2020-07,0.290597,0.449938,0.04801,0.086918,Current,0,,0.267048,,No immediate action,0.4377
LN0001133,2020-08,0.327081,0.465894,0.122378,0.299992,Current,0,,0.303966,,No immediate action,0.6077
LN0001133,2020-09,0.319315,0.463142,0.117833,0.231369,Current,0,,0.33185,,No immediate action,0.5658
LN0001133,2020-10,0.321391,0.471369,0.27609,0.28605,Current,0,,0.367646,,No immediate action,0.6774
LN0001141,2024-07,0.312253,0.473446,0.239309,0.220228,Current,0,,0.187575,,No immediate action,0.6226
LN0001141,2024-08,0.335268,0.565859,0.195843,0.578327,Current,0,,0.213515,,Watch for prepayment — portfolio income risk,0.6935
LN0001141,2024-09,0.348948,0.593281,0.180589,0.462682,Current,0,,0.253144,,Watch for prepayment — portfolio income risk,0.6995
LN0001141,2024-10,0.336044,0.56042,0.084315,0.160308,Current,0,,0.2889,,No immediate action,0.5101
LN0001141,2024-11,0.34453,0.603076,0.148164,0.310398,Current,0,,0.323582,,No immediate action,0.6
LN0001163,2024-07,0.348787,0.599354,0.13354,0.241645,Current,0,,0.239236,,No immediate action,0.5623
LN0001163,2024-08,0.219992,0.330752,0.491498,0.51958,Current,0,,0.258692,,Monitor closely — elevated default risk,0.7613
LN0001163,2024-09,0.219047,0.323079,0.390598,0.411896,Current,0,,0.294732,,Monitor closely — elevated default risk,0.6723
LN0001163,2024-10,0.2304,0.322564,0.323611,0.333054,Current,0,,0.322974,,No immediate action,0.6048
LN0001163,2024-11,0.219569,0.321254,0.275781,0.263193,Current,0,,0.355017,,No immediate action,0.5399
LN0001165,2024-06,0.219569,0.316411,0.239503,0.202405,Current,0,,0.267969,,No immediate action,0.4889
LN0001165,2024-07,0.430797,0.586551,0.472851,0.771306,30DPD,0,,0.34818,,Monitor closely — elevated default risk,0.7729
LN0001165,2024-08,0.419218,0.592094,0.378043,0.580475,Current,1,Anomaly:IsolationForest,0.414253,days_past_due(z=2.40); remaining_term_months(z=2.22); loan_age_months(z=2.22),Review required — exception flagged,0.8123
LN0001165,2024-09,0.370927,0.579251,0.315762,0.463898,Current,1,Anomaly:IsolationForest,0.397282,remaining_term_months(z=2.35); loan_age_months(z=2.35); month_index(z=2.35),Review required — exception flagged,0.7857
LN0001165,2024-10,0.36781,0.591286,0.269047,0.37111,Current,1,Anomaly:IsolationForest,0.453122,remaining_term_months(z=2.48); loan_age_months(z=2.48); month_index(z=2.48),Review required — exception flagged,0.7083
LN0001172,2024-05,0.373287,0.588601,0.2333,0.296117,Current,0,,0.147108,,No immediate action,0.6571
LN0001172,2024-06,0.372812,0.666766,0.130734,0.194416,Current,0,,0.170651,,No immediate action,0.5156
LN0001172,2024-07,0.420369,0.669802,0.121948,0.076173,Current,0,,0.216036,,No immediate action,0.4743
LN0001172,2024-08,0.467251,0.633989,0.189561,0.060908,60DPD,0,,0.258189,,No immediate action,0.5419
LN0001172,2024-09,0.419425,0.641219,0.211446,0.090735,Current,0,,0.339386,,No immediate action,0.5402
LN0001173,2021-12,0.503223,0.651475,0.160797,0.033277,90DPD,0,,0.185896,,No immediate action,0.5197
LN0001173,2022-01,0.656156,0.707718,0.49901,0.605325,30DPD,0,,0.271032,,Monitor closely — elevated default risk,0.7649
LN0001173,2022-02,0.656156,0.707718,0.394239,0.483394,30DPD,0,,0.240599,,Monitor closely — elevated default risk,0.7569
LN0001173,2022-03,0.638113,0.720203,0.325572,0.385587,30DPD,0,,0.272961,,No immediate action,0.6764
LN0001173,2022-04,0.644815,0.724032,0.277633,0.308405,30DPD,1,Anomaly:IsolationForest,0.386657,remaining_term_months(z=2.48); loan_age_months(z=2.48); month_index(z=2.48),Review required — exception flagged,0.6086
LN0001180,2023-06,0.570904,0.632316,0.294512,0.167215,60DPD,0,,0.181252,,No immediate action,0.6293
LN0001180,2023-07,0.380051,0.495503,0.201263,0.405965,Current,0,,0.205492,,Watch for prepayment — portfolio income risk,0.7414
LN0001180,2023-08,0.453665,0.57014,0.563823,0.292276,60DPD,0,,0.241145,,Monitor closely — elevated default risk,0.806
LN0001180,2023-09,0.347152,0.513735,0.170213,0.243108,Current,0,,0.286243,,No immediate action,0.6234
LN0001180,2023-10,0.347502,0.547143,0.158644,0.192132,Current,0,,0.315622,,No immediate action,0.5756
LN0001197,2024-08,0.545191,0.625885,0.154416,0.062213,90DPD,0,,0.249597,,No immediate action,0.5228
LN0001197,2024-09,0.290189,0.581294,0.197364,0.428633,Current,0,,0.213933,,Watch for prepayment — portfolio income risk,0.6674
LN0001197,2024-10,0.289208,0.586048,0.184412,0.345832,Current,0,,0.255144,,No immediate action,0.6167
LN0001197,2024-11,0.333939,0.550422,0.085232,0.123235,Current,0,,0.292561,,No immediate action,0.496
LN0001197,2024-12,0.348991,0.58217,0.150952,0.222814,Current,0,,0.320597,,No immediate action,0.5703
LN0001209,2021-10,0.37268,0.59526,0.135913,0.17666,Current,0,,0.239849,,No immediate action,0.545
LN0001209,2021-11,0.42107,0.599233,0.622442,0.329878,Current,0,,0.320574,,Monitor closely — elevated default risk,0.7646
LN0001209,2021-12,0.306213,0.50247,0.185939,0.281045,Current,0,,0.298854,,No immediate action,0.6354
LN0001209,2022-01,0.327828,0.523221,0.173874,0.216978,Current,0,,0.324559,,No immediate action,0.5977
LN0001209,2022-02,0.373379,0.539908,0.081122,0.088966,Current,0,,0.361961,,No immediate action,0.5018
LN0001210,2022-11,0.387073,0.552149,0.141323,0.144958,Current,0,,0.192079,,No immediate action,0.5606
LN0001210,2022-12,0.576656,0.604103,0.433812,0.818614,30DPD,0,,0.218047,,Monitor closely — elevated default risk,0.7172
LN0001210,2023-01,0.424793,0.565041,0.537156,0.430174,60DPD,0,,0.256893,,Monitor closely — elevated default risk,0.8764
LN0001210,2023-02,0.339864,0.519058,0.16226,0.369105,30DPD,0,,0.292352,,No immediate action,0.6761
LN0001210,2023-03,0.365722,0.540241,0.149958,0.295367,30DPD,0,,0.320729,,No immediate action,0.6354
LN0001222,2024-02,0.418875,0.527165,0.072752,0.11018,30DPD,0,,0.208723,,No immediate action,0.5373
LN0001222,2024-03,0.286356,0.507251,0.521278,0.453417,Current,0,,0.298929,,Monitor closely — elevated default risk,0.8556
LN0001222,2024-04,0.290806,0.507251,0.405657,0.362653,Current,0,,0.271122,,Monitor closely — elevated default risk,0.7759
LN0001222,2024-05,0.285023,0.525061,0.33412,0.289733,Current,0,,0.308782,,No immediate action,0.6919
LN0001222,2024-06,0.295824,0.50984,0.284271,0.223197,Current,0,,0.340333,,No immediate action,0.6467
LN0001233,2021-06,0.290737,0.518699,0.246336,0.177332,Current,0,,0.215898,,No immediate action,0.5979
LN0001233,2021-07,0.471779,0.442597,0.439121,0.676965,Current,0,,0.244664,,Monitor closely — elevated default risk,0.8383
LN0001233,2021-08,0.47897,0.416105,0.541648,0.383328,30DPD,0,,0.289207,,Monitor closely — elevated default risk,0.8684
LN0001233,2021-09,0.412071,0.36227,0.16265,0.328242,Current,0,,0.322075,,No immediate action,0.6326
LN0001233,2021-10,0.404736,0.340919,0.151746,0.259089,Current,0,,0.354251,,No immediate action,0.5782
LN0001235,2022-09,0.247986,0.324076,0.072607,0.099293,Current,0,,0.203808,,No immediate action,0.372
LN0001235,2022-10,0.25643,0.389262,0.44885,0.698355,Current,0,,0.342947,,Monitor closely — elevated default risk,0.6981
LN0001235,2022-11,0.253531,0.399913,0.362653,0.547976,Current,0,,0.270435,,Watch for prepayment — portfolio income risk,0.7341
LN0001235,2022-12,0.250457,0.399747,0.298373,0.427274,Current,0,,0.304758,,Watch for prepayment — portfolio income risk,0.6879
LN0001235,2023-01,0.246609,0.417401,0.254218,0.344115,Current,0,,0.340373,,No immediate action,0.6312
LN0001240,2021-09,0.255577,0.396866,0.224156,0.278871,Current,0,,0.297851,,No immediate action,0.5777
LN0001240,2021-10,0.334284,0.510367,0.210779,0.330346,Current,0,,0.325778,,No immediate action,0.6825
LN0001240,2021-11,0.451624,0.601908,0.204592,0.088074,60DPD,1,Anomaly:IsolationForest,0.621343,current_balance(z=25.75); balance_utilisation(z=13.14); remaining_term_months(z=2.22),Review required — exception flagged,0.5712
LN0001240,2021-12,0.347507,0.561423,0.117724,0.159232,Current,1,Anomaly:IsolationForest,0.386626,remaining_term_months(z=2.35); loan_age_months(z=2.35); month_index(z=2.35),Review required — exception flagged,0.5315
LN0001240,2022-01,0.327075,0.579907,0.114204,0.13063,Current,1,Anomaly:IsolationForest,0.415484,remaining_term_months(z=2.48); loan_age_months(z=2.48); month_index(z=2.48),Review required — exception flagged,0.496
LN0001242,2022-08,0.285528,0.564839,0.030205,0.032464,Current,1,Anomaly:IsolationForest,0.450738,original_balance(z=4.82); current_balance(z=2.30); remaining_term_months(z=1.97),Review required — exception flagged,0.3917
LN0001242,2022-09,0.28473,0.458309,0.131151,0.210398,Current,1,Anomaly:IsolationForest,0.471631,original_balance(z=4.82); current_balance(z=2.29); remaining_term_months(z=2.10),Review required — exception flagged,0.5423
LN0001242,2022-10,0.335858,0.459054,0.125154,0.166343,Current,1,Anomaly:IsolationForest,0.489656,original_balance(z=4.82); current_balance(z=2.29); remaining_term_months(z=2.22),Review required — exception flagged,0.5432
LN0001242,2022-11,0.138479,0.299084,0.416045,0.112089,Current,1,Anomaly:IsolationForest,0.513411,original_balance(z=4.82); remaining_term_months(z=2.35); loan_age_months(z=2.35),Review required — exception flagged,0.4828
LN0001242,2022-12,0.341499,0.493024,0.30314,0.260888,Current,1,Anomaly:IsolationForest,0.532051,original_balance(z=4.82); remaining_term_months(z=2.48); loan_age_months(z=2.48),Review required — exception flagged,0.6993
LN0001253,2020-12,0.394874,0.524748,0.22694,0.15333,Current,0,,0.167422,,No immediate action,0.6252
LN0001253,2021-01,0.075775,0.152881,0.213448,0.125579,Current,1,Anomaly:IsolationForest,0.44111,modification_flag(z=10.67); days_past_due(z=2.40); remaining_term_months(z=2.10),Review required — exception flagged,0.2838
LN0001253,2021-02,0.077011,0.157827,0.197079,0.105851,Current,0,,0.331358,,No immediate action,0.2689
LN0001253,2021-03,0.070943,0.179003,0.090484,0.049954,Current,0,,0.261187,,No immediate action,0.1952
LN0001253,2021-04,0.081408,0.191485,0.162358,0.078811,Current,0,,0.305506,,No immediate action,0.257
LN0001255,2023-03,0.084182,0.189842,0.147864,0.068312,Current,0,,0.333026,,No immediate action,0.2451
LN0001255,2023-04,0.363462,0.600461,0.453032,0.60639,Current,0,,0.355346,,Monitor closely — elevated default risk,0.8048
LN0001255,2023-05,0.489132,0.534107,0.636206,0.257893,30DPD,0,,0.376803,,Monitor closely — elevated default risk,0.7884
LN0001255,2023-06,0.51424,0.534027,0.567303,0.164207,30DPD,1,Anomaly:IsolationForest,0.405106,original_balance(z=2.54); remaining_term_months(z=2.35); loan_age_months(z=2.35),Review required — exception flagged,0.7743
LN0001255,2023-07,0.257646,0.395934,0.111193,0.148164,Current,1,Anomaly:IsolationForest,0.426393,original_balance(z=2.54); remaining_term_months(z=2.48); loan_age_months(z=2.48),Review required — exception flagged,0.4565
LN0001257,2020-04,0.234765,0.427404,0.028715,0.041751,Current,0,,0.190995,,No immediate action,0.3663
LN0001257,2020-05,0.518986,0.646584,0.554956,0.291426,30DPD,0,,0.217434,,Monitor closely — elevated default risk,0.7854
LN0001257,2020-06,0.517256,0.655279,0.420928,0.225691,Current,0,,0.256631,,Monitor closely — elevated default risk,0.737
LN0001257,2020-07,0.519982,0.646584,0.34534,0.178386,30DPD,0,,0.348665,,No immediate action,0.6786
LN0001257,2020-08,0.516954,0.64348,0.345218,0.178674,30DPD,0,,0.307652,,No immediate action,0.6817
LN0001258,2023-08,0.534323,0.64703,0.29302,0.143245,Current,0,,0.263217,,No immediate action,0.6275
LN0001258,2023-09,0.51468,0.643456,0.252339,0.119357,30DPD,0,,0.28503,,No immediate action,0.6068
LN0001258,2023-10,0.415037,0.541452,0.048207,0.089474,30DPD,0,,0.317448,,No immediate action,0.5056
LN0001258,2023-11,0.437199,0.58718,0.063179,0.143447,30DPD,0,,0.353089,,No immediate action,0.5283
LN0001258,2023-12,0.488969,0.612262,0.058402,0.124196,30DPD,0,,0.379762,,No immediate action,0.5297
LN0001260,2023-12,0.342251,0.457338,0.148264,0.273425,Current,0,,0.153314,,No immediate action,0.6106
LN0001260,2024-01,0.503317,0.640365,0.138576,0.216214,30DPD,0,,0.180805,,No immediate action,0.6056
LN0001260,2024-02,0.372792,0.524946,0.50818,0.592273,Current,0,,0.283884,,Monitor closely — elevated default risk,0.8737
LN0001260,2024-03,0.453902,0.556418,0.393946,0.469888,Current,0,,0.365848,,Monitor closely — elevated default risk,0.8807
LN0001260,2024-04,0.361015,0.530691,0.329409,0.377767,Current,1,Anomaly:IsolationForest,0.442654,days_past_due(z=3.71); remaining_term_months(z=2.48); loan_age_months(z=2.48),Review required — exception flagged,0.7687
LN0001261,2024-12,0.336844,0.518779,0.264198,0.295474,Current,0,,0.149691,,No immediate action,0.6889
LN0001261,2025-01,0.375424,0.50061,0.243108,0.2333,Current,0,,0.177192,,No immediate action,0.6756
LN0001261,2025-02,0.590767,0.760063,0.521848,0.573313,Current,0,,0.22727,,Monitor closely — elevated default risk,0.777
LN0001261,2025-03,0.580714,0.767955,0.405811,0.459081,Current,0,,0.262915,,Monitor closely — elevated default risk,0.7581
LN0001261,2025-04,0.456615,0.62161,0.428633,0.258491,60DPD,0,,0.297996,,Monitor closely — elevated default risk,0.7611
LN0001262,2022-10,0.538257,0.631729,0.454769,0.137451,30DPD,0,,0.173176,,Monitor closely — elevated default risk,0.7111
LN0001262,2022-11,0.344658,0.447387,0.532184,0.08004,Default,0,,0.192366,,Monitor closely — elevated default risk,0.67
LN0001262,2022-12,0.495784,0.539232,0.495091,0.554242,30DPD,0,,0.290794,,Monitor closely — elevated default risk,0.9487
LN0001262,2023-01,0.490469,0.53113,0.39263,0.441464,30DPD,0,,0.267019,,Monitor closely — elevated default risk,0.8967
LN0001262,2023-02,0.485271,0.508933,0.324879,0.354313,30DPD,0,,0.295702,,No immediate action,0.8278
LN0001266,2020-05,0.21715,0.338792,0.26581,0.274039,Current,0,,0.166583,,No immediate action,0.5479
LN0001266,2020-06,0.477351,0.510898,0.240671,0.217265,30DPD,0,,0.259447,,No immediate action,0.7122
LN0001266,2020-07,0.609287,0.749492,0.203736,0.425754,30DPD,0,,0.231173,,Watch for prepayment — portfolio income risk,0.6354
LN0001266,2020-08,0.642338,0.801167,0.387436,0.421918,30DPD,0,,0.274987,,Watch for prepayment — portfolio income risk,0.6829
LN0001266,2020-09,0.611697,0.769202,0.423577,0.234944,60DPD,0,,0.304595,,Monitor closely — elevated default risk,0.6388
LN0001269,2024-06,0.421871,0.686648,0.148962,0.195938,Current,0,,0.163715,,No immediate action,0.5401
LN0001269,2024-07,0.58908,0.752561,0.142032,0.157467,Current,0,,0.30594,,No immediate action,0.4789
LN0001269,2024-08,0.431015,0.704167,0.210493,0.452265,Current,0,,0.327053,,Watch for prepayment — portfolio income risk,0.6948
LN0001269,2024-09,0.531694,0.714438,0.178482,0.139596,60DPD,0,,0.264926,,No immediate action,0.536
LN0001269,2024-10,0.463782,0.68666,0.17137,0.287204,Current,0,,0.29971,,No immediate action,0.6178
LN0001272,2021-10,0.439661,0.70362,0.159526,0.222526,Current,0,,0.215798,,No immediate action,0.559
LN0001272,2021-11,0.455908,0.700372,0.07561,0.090232,Current,0,,0.243703,,No immediate action,0.4607
LN0001272,2021-12,0.208107,0.322685,0.46926,0.578754,Current,0,,0.280218,,Monitor closely — elevated default risk,0.7106
LN0001272,2022-01,0.448673,0.405605,0.647254,0.243499,60DPD,0,,0.316407,,Monitor closely — elevated default risk,0.7253
LN0001272,2022-02,0.480289,0.421149,0.571279,0.157173,60DPD,1,Anomaly:IsolationForest,0.385764,remaining_term_months(z=2.48); loan_age_months(z=2.48); month_index(z=2.48),Review required — exception flagged,0.7437
LN0001275,2021-07,0.209579,0.239322,0.111642,0.143043,Current,0,,0.167441,,No immediate action,0.3518
LN0001275,2021-08,0.163657,0.247118,0.029617,0.039949,Current,0,,0.191421,,No immediate action,0.2402
LN0001275,2021-09,0.288491,0.484589,0.109163,0.132607,Current,0,,0.232899,,No immediate action,0.5074
LN0001275,2021-10,0.313907,0.525274,0.191275,0.248987,Current,0,,0.270558,,No immediate action,0.6144
LN0001275,2021-11,0.337975,0.503029,0.172238,0.192703,Current,0,,0.302108,,No immediate action,0.5999
LN0001276,2022-12,0.341745,0.538286,0.287204,0.193655,Current,0,,0.148718,,No immediate action,0.6422
LN0001276,2023-01,0.427465,0.551266,0.296546,0.114868,30DPD,0,,0.170798,,No immediate action,0.6438
LN0001276,2023-02,0.127107,0.351332,0.196889,0.432072,Current,0,,0.213196,,Watch for prepayment — portfolio income risk,0.5537
LN0001276,2023-03,0.129527,0.345762,0.183457,0.348674,Current,0,,0.254589,,No immediate action,0.5037
LN0001276,2023-04,0.130254,0.331074,0.084839,0.124303,Current,0,,0.290768,,No immediate action,0.3352
LN0001289,2024-12,0.134933,0.388543,0.150455,0.226267,Current,0,,0.169221,,No immediate action,0.4501
LN0001289,2025-01,0.148811,0.394629,0.135192,0.178291,Current,0,,0.200769,,No immediate action,0.4285
LN0001289,2025-02,0.449913,0.607942,0.200883,0.455546,Current,0,,0.239158,,Watch for prepayment — portfolio income risk,0.7492
LN0001289,2025-03,0.426423,0.617665,0.187655,0.366189,Current,0,,0.2743,,No immediate action,0.6813
LN0001289,2025-04,0.466354,0.619752,0.08666,0.12885,30DPD,0,,0.310566,,No immediate action,0.5311
LN0001292,2025-02,0.453279,0.634656,0.154811,0.239017,Current,1,Anomaly:IsolationForest,0.415008,original_balance(z=4.02); remaining_term_months(z=1.97); loan_age_months(z=1.97),Review required — exception flagged,0.6062
LN0001292,2025-03,0.448221,0.631018,0.13878,0.188132,Current,1,Anomaly:IsolationForest,0.432258,original_balance(z=4.02); remaining_term_months(z=2.10); loan_age_months(z=2.10),Review required — exception flagged,0.5721
LN0001292,2025-04,0.40728,0.438377,0.493644,0.529159,30DPD,1,Anomaly:IsolationForest,0.454627,original_balance(z=4.02); remaining_term_months(z=2.22); loan_age_months(z=2.22),Review required — exception flagged,0.9051
LN0001292,2025-05,0.403626,0.42631,0.392193,0.420764,Current,1,Anomaly:IsolationForest,0.500379,original_balance(z=4.02); remaining_term_months(z=2.35); loan_age_months(z=2.35),Review required — exception flagged,0.8214
LN0001292,2025-06,0.399071,0.433025,0.324187,0.33938,Current,1,Anomaly:IsolationForest,0.536874,original_balance(z=4.02); remaining_term_months(z=2.48); loan_age_months(z=2.48),Review required — exception flagged,0.7478
LN0001298,2020-08,0.403626,0.434476,0.276706,0.269047,Current,0,,0.229911,,No immediate action,0.6919
LN0001298,2020-09,0.399352,0.437744,0.240184,0.207827,Current,0,,0.251613,,No immediate action,0.6426
LN0001298,2020-10,0.610705,0.765821,0.581345,0.199457,Current,1,Anomaly:IsolationForest,0.387949,days_past_due(z=2.40); remaining_term_months(z=2.22); loan_age_months(z=2.22),Review required — exception flagged,0.6208
LN0001298,2020-11,0.608777,0.768403,0.437158,0.158644,Current,0,,0.328949,,Monitor closely — elevated default risk,0.6093
LN0001298,2020-12,0.606331,0.770747,0.357109,0.129165,Current,0,,0.356031,,No immediate action,0.5546
LN0001301,2022-02,0.440204,0.50697,0.405965,0.081391,60DPD,0,,0.236871,,Monitor closely — elevated default risk,0.7103
LN0001301,2022-03,0.482378,0.561694,0.425754,0.053493,60DPD,0,,0.191487,,Monitor closely — elevated default risk,0.7
LN0001301,2022-04,0.552227,0.720135,0.211636,0.298804,Current,0,,0.23951,,No immediate action,0.619
LN0001302,2020-07,0.531031,0.721676,0.097737,0.111305,Current,0,,0.302812,,No immediate action,0.4782
LN0001302,2020-08,0.61563,0.688371,0.590854,0.130734,30DPD,0,,0.210192,,Monitor closely — elevated default risk,0.6179
LN0001302,2020-09,0.499554,0.693961,0.112759,0.12044,Current,0,,0.249415,,No immediate action,0.5194
LN0001302,2020-10,0.516691,0.69291,0.102601,0.102014,30DPD,0,,0.286745,,No immediate action,0.4975
LN0001302,2020-11,0.36896,0.431266,0.608007,0.433812,Current,0,,0.358612,,Monitor closely — elevated default risk,0.813
LN0001307,2022-11,0.239397,0.343363,0.18011,0.372186,Current,0,,0.159481,,No immediate action,0.5675
LN0001307,2022-12,0.225039,0.362921,0.168764,0.298158,Current,0,,0.182176,,No immediate action,0.5274
LN0001307,2023-01,0.232455,0.403138,0.085362,0.131672,Current,0,,0.218366,,No immediate action,0.4263
LN0001307,2023-02,0.606275,0.65364,0.725236,0.221951,30DPD,0,,0.263886,,Monitor closely — elevated default risk,0.6184
LN0001307,2023-03,0.502862,0.619246,0.125048,0.199171,Current,0,,0.293107,,No immediate action,0.6011
LN0001309,2024-10,0.480001,0.632456,0.041529,0.054574,Current,0,,0.172104,,No immediate action,0.4718
LN0001309,2024-11,0.490143,0.626774,0.035871,0.04899,Current,0,,0.190029,,No immediate action,0.4741
LN0001309,2024-12,0.548217,0.670858,0.189466,0.12227,60DPD,0,,0.23036,,No immediate action,0.5463
LN0001309,2025-01,0.461407,0.647658,0.207256,0.435566,Current,0,,0.336224,,Watch for prepayment — portfolio income risk,0.7283
LN0001309,2025-02,0.44743,0.634353,0.094703,0.151746,30DPD,0,,0.296025,,No immediate action,0.5298
LN0001311,2020-07,0.462055,0.646592,0.16973,0.293446,30DPD,0,,0.205511,,No immediate action,0.6393
LN0001311,2020-08,0.443694,0.651173,0.155107,0.227709,30DPD,0,,0.295696,,No immediate action,0.5877
LN0001311,2020-09,0.531892,0.717301,0.237366,0.225403,30DPD,0,,0.267899,,No immediate action,0.6068
LN0001311,2020-10,0.218103,0.457222,0.103185,0.195748,Current,0,,0.303966,,No immediate action,0.4871
LN0001311,2020-11,0.246022,0.514648,0.180397,0.376395,Current,0,,0.331591,,No immediate action,0.6441
LN0001318,2021-11,0.244863,0.478816,0.164499,0.301292,Current,0,,0.171698,,No immediate action,0.5947
LN0001318,2021-12,0.334447,0.540998,0.258292,0.298697,Current,0,,0.202038,,No immediate action,0.6752
LN0001318,2022-01,0.327611,0.550281,0.223197,0.230598,Current,0,,0.24097,,No immediate action,0.6156
LN0001318,2022-02,0.243137,0.422503,0.505066,0.449227,Current,0,,0.283501,,Monitor closely — elevated default risk,0.8049
LN0001318,2022-03,0.336884,0.457628,0.566522,0.252141,60DPD,0,,0.31467,,Monitor closely — elevated default risk,0.7401
LN0001325,2020-09,0.216857,0.390244,0.170502,0.210874,Current,0,,0.148651,,No immediate action,0.4942
LN0001325,2020-10,0.213035,0.372158,0.159036,0.167022,Current,0,,0.251104,,No immediate action,0.4556
LN0001325,2020-11,0.217575,0.345179,0.075328,0.073617,Current,0,,0.2775,,No immediate action,0.3558
LN0001325,2020-12,0.479834,0.583738,0.106655,0.162065,Current,0,,0.309979,,No immediate action,0.5824
LN0001325,2021-01,0.449774,0.597602,0.18632,0.315424,Current,0,,0.33339,,No immediate action,0.677
LN0001330,2023-04,0.460557,0.592011,0.170695,0.247808,Current,0,,0.169272,,No immediate action,0.6435
LN0001330,2023-05,0.526042,0.689246,0.276501,0.245357,Current,0,,0.193623,,No immediate action,0.6533
LN0001330,2023-06,0.322806,0.490284,0.231755,0.188418,Current,0,,0.242658,,No immediate action,0.6166
LN0001330,2023-07,0.28227,0.427821,0.456913,0.553887,Current,0,,0.278589,,Monitor closely — elevated default risk,0.8066
LN0001330,2023-08,0.427203,0.519208,0.56043,0.319495,60DPD,0,,0.315263,,Monitor closely — elevated default risk,0.8335
LN0001333,2023-09,0.263945,0.362898,0.413483,0.214497,Current,0,,0.178859,,Monitor closely — elevated default risk,0.6274
LN0001333,2023-10,0.424333,0.530135,0.349295,0.158546,Current,1,Anomaly:IsolationForest,0.475646,balance_utilisation(z=13.14); current_balance(z=2.33); remaining_term_months(z=2.10),Review required — exception flagged,0.701
LN0001333,2023-11,0.442893,0.53112,0.132815,0.070111,Current,0,,0.243473,,No immediate action,0.5573
LN0001333,2023-12,0.332184,0.498036,0.065392,0.138882,Current,0,,0.287097,,No immediate action,0.5172
LN0001333,2024-01,0.348021,0.475137,0.043705,0.078123,30DPD,0,,0.319387,,No immediate action,0.4725
LN0001338,2025-01,0.357335,0.504371,0.037836,0.072025,30DPD,0,,0.182641,,No immediate action,0.4814
LN0001338,2025-02,0.391066,0.557513,0.11018,0.217074,Current,0,,0.210704,,No immediate action,0.5804
LN0001338,2025-03,0.406652,0.581009,0.098337,0.171756,30DPD,0,,0.299731,,No immediate action,0.5479
LN0001338,2025-04,0.301087,0.400467,0.463695,0.626201,Current,0,,0.286754,,Monitor closely — elevated default risk,0.7695
LN0001338,2025-05,0.2014,0.360083,0.380672,0.452648,Current,0,,0.316638,,Watch for prepayment — portfolio income risk,0.6974
LN0001346,2024-08,0.255845,0.350003,0.31802,0.416851,Current,0,,0.161419,,Watch for prepayment — portfolio income risk,0.6704
LN0001346,2024-09,0.308931,0.400944,0.260088,0.32673,Current,0,,0.191001,,No immediate action,0.6483
LN0001346,2024-10,0.304616,0.430022,0.28302,0.090986,Current,0,,0.231007,,No immediate action,0.5543
LN0001346,2024-11,0.291219,0.415908,0.229827,0.251944,Current,0,,0.263885,,No immediate action,0.5944
LN0001346,2024-12,0.267671,0.433176,0.463492,0.615864,Current,0,,0.295301,,Monitor closely — elevated default risk,0.7742
LN0001350,2020-07,0.263631,0.417142,0.372186,0.494125,Current,0,,0.205833,,Watch for prepayment — portfolio income risk,0.7735
LN0001350,2020-08,0.282733,0.436556,0.41508,0.277427,Current,0,,0.223854,,Monitor closely — elevated default risk,0.7059
LN0001350,2020-09,0.276534,0.419425,0.150256,0.233397,Current,0,,0.265175,,No immediate action,0.5398
LN0001350,2020-10,0.25052,0.430794,0.139392,0.183839,Current,0,,0.293344,,No immediate action,0.5023
LN0001350,2020-11,0.393709,0.646963,0.211351,0.393653,Current,0,,0.321795,,Watch for prepayment — portfolio income risk,0.6759
LN0001355,2022-02,0.474454,0.669134,0.097255,0.13827,Current,0,,0.336309,,No immediate action,0.5204
LN0001355,2022-03,0.452701,0.666322,0.17397,0.2644,Current,1,Anomaly:IsolationForest,0.388825,interest_rate(z=2.56); remaining_term_months(z=2.10); loan_age_months(z=2.10),Review required — exception flagged,0.6124
LN0001355,2022-04,0.448385,0.657725,0.159134,0.203831,Current,1,Anomaly:IsolationForest,0.387508,interest_rate(z=2.56); remaining_term_months(z=2.22); loan_age_months(z=2.22),Review required — exception flagged,0.5768
LN0001355,2022-05,0.514687,0.69071,0.247612,0.202309,Current,1,Anomaly:IsolationForest,0.415258,interest_rate(z=2.56); remaining_term_months(z=2.35); loan_age_months(z=2.35),Review required — exception flagged,0.6223
LN0001355,2022-06,0.471244,0.66168,0.198125,0.568483,Current,1,Anomaly:IsolationForest,0.434935,interest_rate(z=2.56); remaining_term_months(z=2.48); loan_age_months(z=2.48),Review required — exception flagged,0.7196
LN0001356,2020-12,0.572771,0.77648,0.362262,0.563823,Current,0,,0.233291,,Watch for prepayment — portfolio income risk,0.7246
LN0001356,2021-01,0.598041,0.783995,0.30456,0.451501,30DPD,0,,0.260159,,Watch for prepayment — portfolio income risk,0.687
LN0001356,2021-02,0.637984,0.79916,0.259189,0.361354,30DPD,0,,0.300784,,No immediate action,0.5917
LN0001356,2021-03,0.642371,0.806478,0.224348,0.288256,30DPD,0,,0.366253,,No immediate action,0.5319
LN0001356,2021-04,0.524496,0.725642,0.069365,0.111754,30DPD,0,,0.362683,,No immediate action,0.4655
LN0001360,2021-10,0.544425,0.712351,0.069664,0.053312,30DPD,0,,0.167993,,No immediate action,0.4331
LN0001360,2021-11,0.541247,0.749893,0.119465,0.159134,Current,0,,0.193786,,No immediate action,0.4937
LN0001360,2021-12,0.541781,0.773269,0.115199,0.130421,30DPD,0,,0.240626,,No immediate action,0.4653
LN0001360,2022-01,0.596125,0.781959,0.077291,0.071146,30DPD,0,,0.279204,,No immediate action,0.3852
LN0001360,2022-02,0.128269,0.295437,0.433637,0.799073,Current,0,,0.318346,,Monitor closely — elevated default risk,0.5291
LN0001384,2024-09,0.136599,0.305915,0.3552,0.590384,Current,0,,0.308439,,Watch for prepayment — portfolio income risk,0.6037
LN0001384,2024-10,0.142772,0.291012,0.298158,0.472,Current,0,,0.261749,,Watch for prepayment — portfolio income risk,0.602
LN0001384,2024-11,0.142772,0.291012,0.29805,0.472212,Current,0,,0.298405,,Watch for prepayment — portfolio income risk,0.602
LN0001384,2024-12,0.271025,0.419951,0.340345,0.267426,Current,0,,0.327166,,No immediate action,0.6494
LN0001384,2025-01,0.136909,0.273936,0.133022,0.221185,Current,0,,0.358731,,No immediate action,0.3825
LN0001385,2020-12,0.173919,0.334938,0.047414,0.088202,Current,0,,0.300696,,No immediate action,0.3222
LN0001385,2021-01,0.221195,0.373979,0.062213,0.134677,Current,0,,0.364006,,No immediate action,0.396
LN0001385,2021-02,0.216659,0.403099,0.11652,0.252635,Current,1,Anomaly:IsolationForest,0.427681,days_past_due(z=2.40); remaining_term_months(z=2.22); loan_age_months(z=2.22),Review required — exception flagged,0.4945
LN0001385,2021-03,0.197079,0.378684,0.15125,0.240476,Current,0,,0.379775,,No immediate action,0.4837
LN0001385,2021-04,0.297464,0.524708,0.227132,0.238434,Current,1,Anomaly:IsolationForest,0.406351,remaining_term_months(z=2.48); loan_age_months(z=2.48); month_index(z=2.48),Review required — exception flagged,0.6192
LN0001386,2021-01,0.718147,0.796196,0.630755,0.512966,60DPD,0,,0.187776,,Monitor closely — elevated default risk,0.671
LN0001386,2021-02,0.673499,0.791562,0.186702,0.434687,30DPD,0,,0.269395,,Watch for prepayment — portfolio income risk,0.5782
LN0001386,2021-03,0.638556,0.805224,0.174259,0.350292,30DPD,0,,0.342399,,No immediate action,0.5404
LN0001386,2021-04,0.629021,0.785142,0.081526,0.124941,30DPD,0,,0.295445,,No immediate action,0.3962
LN0001386,2021-05,0.631071,0.796325,0.142336,0.227228,30DPD,0,,0.329817,,No immediate action,0.4711
LN0001393,2022-08,0.684711,0.800166,0.545278,0.424245,30DPD,0,,0.166563,,Monitor closely — elevated default risk,0.697
LN0001393,2022-09,0.520143,0.607574,0.584435,0.235912,60DPD,0,,0.19254,,Monitor closely — elevated default risk,0.7619
LN0001393,2022-10,0.51645,0.587318,0.594676,0.128745,Default,0,,0.228152,,Monitor closely — elevated default risk,0.7152
LN0001393,2022-11,0.448077,0.605661,0.114536,0.119574,Current,0,,0.268013,,No immediate action,0.5383
LN0001393,2022-12,0.46647,0.606928,0.054752,0.059915,Current,0,,0.296876,,No immediate action,0.4871
LN0001394,2024-02,0.429201,0.558251,0.473707,0.648035,Current,0,,0.191196,,Monitor closely — elevated default risk,0.8483
LN0001394,2024-03,0.477005,0.531823,0.556757,0.369905,Current,0,,0.219786,,Monitor closely — elevated default risk,0.8792
LN0001394,2024-04,0.535297,0.499917,0.574135,0.194511,Current,0,,0.260886,,Monitor closely — elevated default risk,0.7925
LN0001394,2024-05,0.404611,0.532061,0.110856,0.174259,Current,0,,0.294776,,No immediate action,0.5788
LN0001394,2024-06,0.350728,0.532811,0.053312,0.079085,Current,0,,0.330138,,No immediate action,0.4752
LN0001409,2022-08,0.362945,0.567266,0.12864,0.282916,Current,0,,0.186301,,No immediate action,0.6036
LN0001409,2022-09,0.34427,0.480805,0.04413,0.069963,Current,0,,0.209277,,No immediate action,0.4696
LN0001409,2022-10,0.406629,0.520573,0.038314,0.063658,Current,0,,0.249119,,No immediate action,0.494
LN0001409,2022-11,0.427093,0.559273,0.110406,0.181258,Current,0,,0.335953,,No immediate action,0.5797
LN0001409,2022-12,0.429617,0.556503,0.098816,0.145259,Current,1,Anomaly:IsolationForest,0.406431,remaining_term_months(z=2.48); loan_age_months(z=2.48); month_index(z=2.48),Review required — exception flagged,0.5586
LN0001411,2024-05,0.187833,0.296514,0.463087,0.517067,Current,0,,0.217586,,Monitor closely — elevated default risk,0.7152
LN0001411,2024-06,0.187833,0.296514,0.371917,0.410478,Current,0,,0.24572,,Watch for prepayment — portfolio income risk,0.6334
LN0001411,2024-07,0.193191,0.298719,0.310398,0.330816,Current,0,,0.286,,No immediate action,0.5666
LN0001411,2024-08,0.193734,0.285537,0.265104,0.261889,Current,0,,0.319042,,No immediate action,0.5031
LN0001411,2024-09,0.196085,0.285537,0.229634,0.202024,Current,1,Anomaly:IsolationForest,0.388596,remaining_term_months(z=2.48); loan_age_months(z=2.48); month_index(z=2.48),Review required — exception flagged,0.4566
LN0001413,2024-02,0.621584,0.799177,0.51958,0.669848,30DPD,0,,0.15296,,Monitor closely — elevated default risk,0.6949
LN0001413,2024-03,0.655489,0.808315,0.387579,0.52071,30DPD,0,,0.250456,,Watch for prepayment — portfolio income risk,0.7015
LN0001413,2024-04,0.655073,0.807398,0.333409,0.42258,30DPD,0,,0.280995,,Watch for prepayment — portfolio income risk,0.6468
LN0001413,2024-05,0.621769,0.765429,0.350542,0.235428,60DPD,0,,0.362187,,No immediate action,0.5994
LN0001413,2024-06,0.613444,0.685937,0.363565,0.128114,60DPD,1,Anomaly:IsolationForest,0.435585,days_past_due(z=3.71); remaining_term_months(z=2.48); loan_age_months(z=2.48),Review required — exception flagged,0.5961
LN0001417,2022-09,0.381462,0.590569,0.471576,0.672832,Current,0,,0.203252,,Monitor closely — elevated default risk,0.7948
LN0001417,2022-10,0.375996,0.569331,0.37708,0.536211,Current,0,,0.23319,,Watch for prepayment — portfolio income risk,0.8238
LN0001417,2022-11,0.366503,0.566522,0.315424,0.426091,Current,0,,0.321286,,Watch for prepayment — portfolio income risk,0.7707
LN0001417,2022-12,0.384729,0.591862,0.268641,0.34387,Current,1,Anomaly:IsolationForest,0.392501,days_past_due(z=2.40); remaining_term_months(z=2.35); loan_age_months(z=2.35),Review required — exception flagged,0.7027
LN0001417,2023-01,0.397198,0.511843,0.293126,0.186988,60DPD,1,Anomaly:IsolationForest,0.466065,days_past_due(z=3.71); remaining_term_months(z=2.48); loan_age_months(z=2.48),Review required — exception flagged,0.6827
LN0001418,2021-12,0.509235,0.618169,0.067093,0.135089,30DPD,0,,0.214908,,No immediate action,0.5374
LN0001418,2022-01,0.53932,0.654409,0.068614,0.066169,30DPD,0,,0.296244,,No immediate action,0.4705
LN0001418,2022-02,0.608614,0.659577,0.214783,0.172238,60DPD,0,,0.269756,,No immediate action,0.5594
LN0001418,2022-03,0.663492,0.651798,0.478705,0.11816,60DPD,0,,0.299109,,Monitor closely — elevated default risk,0.6408
LN0001418,2022-04,0.421956,0.346349,0.176564,0.038075,Default,0,,0.337362,,Monitor closely — elevated default risk,0.4915
LN0001422,2022-01,0.435543,0.535514,0.512159,0.536525,30DPD,0,,0.36534,,Monitor closely — elevated default risk,0.9257
LN0001423,2022-08,0.424568,0.544683,0.400633,0.427443,30DPD,0,,0.357028,,Monitor closely — elevated default risk,0.854
LN0001423,2022-09,0.34665,0.454159,0.425586,0.23301,Current,1,Anomaly:IsolationForest,0.386758,days_past_due(z=3.71); remaining_term_months(z=2.10); loan_age_months(z=2.10),Review required — exception flagged,0.7297
LN0001423,2022-10,0.523824,0.524787,0.443103,0.12906,60DPD,1,Anomaly:IsolationForest,0.413011,days_past_due(z=3.71); remaining_term_months(z=2.22); loan_age_months(z=2.22),Review required — exception flagged,0.7618
LN0001424,2020-09,0.359355,0.319247,0.526486,0.077569,Default,0,,0.165008,,Monitor closely — elevated default risk,0.6148
LN0001424,2020-10,0.274895,0.444032,0.199647,0.559688,Current,0,,0.198703,,Watch for prepayment — portfolio income risk,0.6794
LN0001424,2020-11,0.349802,0.475059,0.177428,0.172527,30DPD,0,,0.238034,,No immediate action,0.5874
LN0001424,2020-12,0.280543,0.434371,0.162845,0.357364,Current,0,,0.278553,,No immediate action,0.6176
LN0001424,2021-01,0.295999,0.420495,0.152043,0.285317,Current,0,,0.350047,,No immediate action,0.5769
LN0001427,2024-01,0.263383,0.432897,0.072896,0.106999,Current,0,,0.168579,,No immediate action,0.4381
LN0001427,2024-02,0.314562,0.407404,0.131568,0.047014,Default,0,,0.196081,,Monitor closely — elevated default risk,0.4503
LN0001427,2024-03,0.402062,0.407508,0.818614,0.148264,Default,0,,0.235328,,Monitor closely — elevated default risk,0.5696
LN0001427,2024-04,0.33762,0.319236,0.799073,0.099888,Default,0,,0.273715,,Monitor closely — elevated default risk,0.4788
LN0001427,2024-05,0.332092,0.281857,0.121303,0.022274,Default,0,,0.304693,,Monitor closely — elevated default risk,0.3788
LN0001428,2022-08,0.414656,0.5098,0.501004,0.543617,Current,0,,0.193574,,Monitor closely — elevated default risk,0.9301
LN0001428,2022-09,0.420802,0.510415,0.394974,0.433288,Current,0,,0.224461,,Monitor closely — elevated default risk,0.8693
LN0001428,2022-10,0.411581,0.50058,0.326498,0.348302,Current,1,Anomaly:IsolationForest,0.569499,balance_utilisation(z=13.14); current_balance(z=10.74); remaining_term_months(z=2.22),Review required — exception flagged,0.7929
LN0001428,2022-11,0.405036,0.497145,0.278252,0.276398,Current,0,,0.295195,,No immediate action,0.7284
LN0001428,2022-12,0.446484,0.500846,0.294833,0.150554,Current,0,,0.32848,,No immediate action,0.6955
LN0001430,2020-07,0.358313,0.539495,0.464917,0.551772,Current,0,,0.19618,,Monitor closely — elevated default risk,0.866
LN0001430,2020-08,0.358645,0.550236,0.373131,0.438584,Current,0,,0.216578,,Watch for prepayment — portfolio income risk,0.8101
LN0001430,2020-09,0.356195,0.542886,0.311175,0.352421,Current,0,,0.258485,,No immediate action,0.7385
LN0001430,2020-10,0.356195,0.546223,0.266012,0.28063,Current,0,,0.293262,,No immediate action,0.6783
LN0001430,2020-11,0.346919,0.543116,0.230405,0.216596,30DPD,0,,0.326675,,No immediate action,0.6254
LN0001438,2024-08,0.214246,0.237565,0.475213,0.504297,Current,0,,0.221744,,Monitor closely — elevated default risk,0.7114
LN0001438,2024-09,0.219114,0.241748,0.379839,0.401085,Current,0,,0.170287,,Watch for prepayment — portfolio income risk,0.6209
LN0001438,2024-10,0.144992,0.23031,0.343626,0.233977,Current,0,,0.212867,,No immediate action,0.4765
LN0001438,2024-11,0.144562,0.245479,0.28626,0.311509,Current,0,,0.249863,,No immediate action,0.4939
LN0001438,2024-12,0.176624,0.291802,0.254615,0.277839,Current,0,,0.336055,,No immediate action,0.5004
LN0001444,2020-08,0.231136,0.296168,0.254515,0.010592,Current,0,,0.249789,,No immediate action,0.3962
LN0001444,2020-09,0.42691,0.609354,0.489143,0.51029,Current,0,,0.271647,,Monitor closely — elevated default risk,0.8982
LN0001444,2020-10,0.429395,0.616443,0.389732,0.404736,Current,0,,0.305215,,Monitor closely — elevated default risk,0.8037
LN0001445,2023-06,0.429395,0.616443,0.322807,0.324648,Current,0,,0.22776,,No immediate action,0.7302
LN0001445,2023-07,0.427398,0.616098,0.275474,0.256103,Current,0,,0.177421,,No immediate action,0.6714
LN0001450,2022-03,0.431959,0.586413,0.239114,0.198506,Current,0,,0.265048,,No immediate action,0.6416
LN0001450,2022-04,0.419509,0.426646,0.609646,0.437692,Current,1,Anomaly:IsolationForest,0.391221,days_past_due(z=2.40); remaining_term_months(z=2.10); loan_age_months(z=2.10),Review required — exception flagged,0.8371
LN0001450,2022-05,0.29088,0.337245,0.181354,0.375712,Current,0,,0.325339,,No immediate action,0.5926
LN0001450,2022-06,0.259197,0.316192,0.166343,0.296653,Current,0,,0.357548,,No immediate action,0.5192
LN0001450,2022-07,0.305519,0.3533,0.079222,0.11153,Current,1,Anomaly:IsolationForest,0.38388,remaining_term_months(z=2.48); loan_age_months(z=2.48); month_index(z=2.48),Review required — exception flagged,0.4248
LN0001466,2023-07,0.440612,0.426563,0.292807,0.170406,60DPD,0,,0.169929,,No immediate action,0.6652
LN0001466,2023-08,0.456753,0.570799,0.519299,0.389732,Current,0,,0.195441,,Monitor closely — elevated default risk,0.8782
LN0001466,2023-09,0.445982,0.579102,0.404736,0.312512,Current,0,,0.297444,,Monitor closely — elevated default risk,0.7921
LN0001466,2023-10,0.252642,0.359663,0.324302,0.237949,Current,0,,0.328878,,No immediate action,0.5873
LN0001466,2023-11,0.380339,0.479558,0.126003,0.136426,30DPD,1,Anomaly:IsolationForest,0.393819,remaining_term_months(z=2.48); loan_age_months(z=2.48); month_index(z=2.48),Review required — exception flagged,0.5612
LN0001467,2022-12,0.253246,0.379174,0.042192,0.077846,Current,0,,0.272271,,No immediate action,0.3762
LN0001467,2023-01,0.451636,0.550669,0.517067,0.399131,Current,0,,0.296577,,Monitor closely — elevated default risk,0.8915
LN0001476,2021-03,0.520129,0.564762,0.668875,0.164596,60DPD,0,,0.246455,,Monitor closely — elevated default risk,0.7054
LN0001476,2021-04,0.34633,0.501576,0.117615,0.148064,Current,0,,0.270459,,No immediate action,0.5552
LN0001476,2021-05,0.354014,0.53625,0.114093,0.123128,Current,0,,0.308802,,No immediate action,0.5275
LN0001476,2021-06,0.329367,0.467704,0.029912,0.030783,Current,0,,0.378615,,No immediate action,0.4289
LN0001476,2021-07,0.573513,0.758056,0.01561,0.043277,60DPD,1,Anomaly:IsolationForest,0.407041,remaining_term_months(z=2.48); loan_age_months(z=2.48); month_index(z=2.48),Review required — exception flagged,0.3637
LN0001479,2023-04,0.62278,0.771594,0.071733,0.248299,Current,0,,0.189131,,No immediate action,0.4628
LN0001479,2023-05,0.640808,0.775639,0.132088,0.171274,60DPD,0,,0.211044,,No immediate action,0.4435
LN0001479,2023-06,0.659926,0.649687,0.346201,0.175412,Current,0,,0.247094,,No immediate action,0.606
LN0001479,2023-07,0.638339,0.628709,0.360319,0.103768,Default,0,,0.28507,,Monitor closely — elevated default risk,0.5985
LN0001479,2023-08,0.342444,0.457635,0.538426,0.34942,Current,0,,0.319322,,Monitor closely — elevated default risk,0.8055
LN0001486,2020-09,0.34095,0.434719,0.41428,0.278149,Current,0,,0.155474,,Monitor closely — elevated default risk,0.734
LN0001486,2020-10,0.103149,0.223556,0.438763,0.7934,Current,0,,0.180116,,Monitor closely — elevated default risk,0.486
LN0001486,2020-11,0.107591,0.229011,0.358004,0.588523,Current,0,,0.232233,,Watch for prepayment — portfolio income risk,0.553
LN0001486,2020-12,0.103637,0.221819,0.299884,0.471576,Current,0,,0.269603,,Watch for prepayment — portfolio income risk,0.5485
LN0001486,2021-01,0.270568,0.36242,0.341192,0.266416,Current,0,,0.313998,,No immediate action,0.6203
LN0001488,2020-09,0.293061,0.343421,0.288467,0.18403,Current,0,,0.301418,,No immediate action,0.5545
LN0001488,2020-10,0.354641,0.677551,0.20326,0.473065,Current,0,,0.195472,,Watch for prepayment — portfolio income risk,0.6767
LN0001488,2020-11,0.419852,0.681401,0.092979,0.162748,Current,0,,0.227119,,No immediate action,0.4971
LN0001488,2020-12,0.42904,0.688167,0.166634,0.316663,Current,0,,0.26039,,No immediate action,0.6121
LN0001488,2021-01,0.437636,0.71062,0.15234,0.248594,Current,0,,0.343768,,No immediate action,0.564
LN0001511,2021-05,0.520217,0.744232,0.22973,0.246238,30DPD,0,,0.186921,,No immediate action,0.6058
LN0001511,2021-06,0.455263,0.628847,0.104812,0.212304,Current,0,,0.277952,,No immediate action,0.5718
LN0001511,2021-07,0.47253,0.639822,0.183743,0.405043,Current,0,,0.354187,,Watch for prepayment — portfolio income risk,0.7107
LN0001511,2021-08,0.488691,0.669557,0.16799,0.326035,Current,0,,0.294951,,No immediate action,0.6566
LN0001511,2021-09,0.584743,0.698522,0.269656,0.322463,Current,0,,0.330544,,No immediate action,0.6544
LN0001522,2022-07,0.588297,0.700537,0.233977,0.25402,30DPD,0,,0.162975,,No immediate action,0.5996
LN0001522,2022-08,0.655261,0.712232,0.718046,0.234847,90DPD,0,,0.18424,,Monitor closely — elevated default risk,0.5747
LN0001522,2022-09,0.511229,0.665694,0.063498,0.107342,Current,0,,0.220572,,No immediate action,0.497
LN0001522,2022-10,0.550866,0.676927,0.041083,0.062697,60DPD,0,,0.266254,,No immediate action,0.438
LN0001522,2022-11,0.590559,0.707644,0.033544,0.056338,Current,0,,0.295469,,No immediate action,0.3958
LN0001531,2022-07,0.630539,0.694458,0.185366,0.138065,60DPD,0,,0.185117,,No immediate action,0.4992
LN0001531,2022-08,0.267268,0.54312,0.446792,0.718046,Current,0,,0.216643,,Monitor closely — elevated default risk,0.7264
LN0001531,2022-09,0.356937,0.533322,0.53496,0.387151,Current,0,,0.254281,,Monitor closely — elevated default risk,0.8379
LN0001531,2022-10,0.564705,0.653926,0.567695,0.208874,30DPD,0,,0.294627,,Monitor closely — elevated default risk,0.7113
LN0001531,2022-11,0.339559,0.566644,0.10939,0.187846,Current,0,,0.324959,,No immediate action,0.5351
LN0001536,2021-10,0.337926,0.544809,0.052396,0.083127,Current,0,,0.181677,,No immediate action,0.4643
LN0001536,2021-11,0.36924,0.547176,0.201739,0.449415,Current,0,,0.206854,,Watch for prepayment — portfolio income risk,0.7366
LN0001536,2021-12,0.371419,0.539772,0.183648,0.359932,Current,0,,0.294735,,No immediate action,0.6876
LN0001536,2022-01,0.359148,0.514241,0.316438,0.35762,Current,0,,0.323912,,No immediate action,0.7595
LN0001536,2022-02,0.363043,0.524691,0.269351,0.28448,Current,0,,0.311947,,No immediate action,0.6961
LN0001537,2025-01,0.246526,0.455463,0.227517,0.21631,Current,0,,0.159517,,No immediate action,0.5729
LN0001537,2025-02,0.315408,0.39473,0.500503,0.542301,Current,0,,0.183754,,Monitor closely — elevated default risk,0.8337
LN0001537,2025-03,0.255386,0.411981,0.385303,0.42525,Current,0,,0.334891,,Watch for prepayment — portfolio income risk,0.739
LN0001537,2025-04,0.30783,0.393401,0.326846,0.34793,Current,1,Anomaly:IsolationForest,0.530323,modification_flag(z=10.67); days_past_due(z=3.71); remaining_term_months(z=2.35),Review required — exception flagged,0.688
LN0001540,2023-07,0.296816,0.397841,0.278149,0.276295,Current,0,,0.296325,,No immediate action,0.6246
LN0001540,2023-08,0.294628,0.400195,0.24145,0.212971,Current,1,Anomaly:IsolationForest,0.509548,modification_flag(z=10.67); days_past_due(z=3.71); remaining_term_months(z=2.10),Review required — exception flagged,0.5746
LN0001544,2021-05,0.188121,0.312165,0.484074,0.528859,Current,0,,0.247918,,Monitor closely — elevated default risk,0.7278
LN0001550,2022-08,0.18988,0.312165,0.384737,0.420435,Current,0,,0.245381,,Watch for prepayment — portfolio income risk,0.6536
LN0001550,2022-09,0.323487,0.395827,0.422746,0.232817,Current,0,,0.325359,,Monitor closely — elevated default risk,0.6874
LN0001550,2022-10,0.310026,0.362399,0.346078,0.165179,60DPD,0,,0.350331,,No immediate action,0.5918
LN0001550,2022-11,0.178832,0.292002,0.140308,0.142639,Current,0,,0.277714,,No immediate action,0.3769
LN0001550,2022-12,0.310075,0.49171,0.500004,0.523571,30DPD,0,,0.303571,,Monitor closely — elevated default risk,0.8891
LN0001554,2022-08,0.339884,0.49644,0.392048,0.412054,30DPD,0,,0.156648,,Monitor closely — elevated default risk,0.8202
LN0001554,2022-09,0.436661,0.552708,0.583101,0.172334,30DPD,0,,0.178243,,Monitor closely — elevated default risk,0.7366
LN0001554,2022-10,0.259609,0.33755,0.593709,0.096045,Default,0,,0.220197,,Monitor closely — elevated default risk,0.5497
LN0001554,2022-11,0.639455,0.67553,0.714686,0.308737,60DPD,0,,0.260052,,Monitor closely — elevated default risk,0.6395
LN0001554,2022-12,0.389526,0.46841,0.767719,0.147564,Default,0,,0.294248,,Monitor closely — elevated default risk,0.6189
LN0001561,2020-08,0.457167,0.533913,0.606927,0.418473,30DPD,0,,0.335633,,Monitor closely — elevated default risk,0.8674
LN0001561,2020-09,0.440863,0.618069,0.217934,0.303686,60DPD,0,,0.308679,,No immediate action,0.6722
LN0001576,2024-06,0.543956,0.634125,0.20269,0.096166,30DPD,0,,0.26799,,No immediate action,0.5604
LN0001576,2024-07,0.533314,0.598512,0.113761,0.046408,30DPD,0,,0.290987,,No immediate action,0.5142
LN0001576,2024-08,0.330381,0.572246,0.055813,0.080447,Current,0,,0.325007,,No immediate action,0.4472
LN0001576,2024-09,0.229979,0.540286,0.027472,0.044341,Current,1,Anomaly:IsolationForest,0.39907,remaining_term_months(z=2.35); loan_age_months(z=2.35); month_index(z=2.35),Review required — exception flagged,0.3808
LN0001576,2024-10,0.245538,0.348222,0.469679,0.551423,Current,1,Anomaly:IsolationForest,0.385502,remaining_term_months(z=2.48); loan_age_months(z=2.48); month_index(z=2.48),Review required — exception flagged,0.756
LN0001582,2020-03,0.243585,0.358148,0.376122,0.438405,Current,0,,0.180528,,Watch for prepayment — portfolio income risk,0.7081
LN0001582,2020-04,0.237506,0.337921,0.313965,0.35217,Current,0,,0.203177,,No immediate action,0.6208
LN0001582,2020-05,0.241073,0.337921,0.313853,0.352673,Current,0,,0.245652,,No immediate action,0.6228
LN0001582,2020-06,0.237964,0.343791,0.268135,0.280941,Current,0,,0.283207,,No immediate action,0.5654
LN0001582,2020-07,0.23344,0.357077,0.231851,0.216501,Current,0,,0.31677,,No immediate action,0.5194
LN0001583,2023-12,0.67066,0.701734,0.669848,0.312624,60DPD,0,,0.158852,,Monitor closely — elevated default risk,0.6352
LN0001583,2024-01,0.611534,0.706433,0.193464,0.266214,Current,0,,0.177495,,No immediate action,0.5709
LN0001583,2024-02,0.474613,0.651184,0.529159,0.353051,Current,0,,0.221347,,Monitor closely — elevated default risk,0.8237
LN0001583,2024-03,0.46988,0.63646,0.409381,0.281149,Current,0,,0.26204,,Monitor closely — elevated default risk,0.762
LN0001583,2024-04,0.46988,0.63646,0.337218,0.216405,Current,0,,0.300196,,No immediate action,0.6935
LN0001584,2023-10,0.359089,0.446321,0.351794,0.125473,Current,0,,0.174155,,No immediate action,0.6413
LN0001584,2023-11,0.251139,0.394811,0.143346,0.111418,Current,0,,0.198426,,No immediate action,0.4504
LN0001584,2023-12,0.598629,0.723732,0.462279,0.705378,30DPD,0,,0.238712,,Monitor closely — elevated default risk,0.7173
LN0001584,2024-01,0.598629,0.723732,0.371245,0.551074,30DPD,0,,0.276301,,Watch for prepayment — portfolio income risk,0.7489
LN0001584,2024-02,0.671575,0.713076,0.29902,0.432245,30DPD,0,,0.309828,,Watch for prepayment — portfolio income risk,0.6733
LN0001590,2022-02,0.596922,0.733311,0.264903,0.352045,30DPD,0,,0.184293,,No immediate action,0.6434
LN0001591,2020-10,0.606766,0.727421,0.229441,0.280216,30DPD,0,,0.182786,,No immediate action,0.5877
LN0001591,2020-11,0.536298,0.643296,0.475429,0.616447,30DPD,0,,0.204867,,Monitor closely — elevated default risk,0.8397
LN0001591,2020-12,0.531952,0.642448,0.379978,0.494607,30DPD,0,,0.242796,,Watch for prepayment — portfolio income risk,0.8501
LN0001591,2021-01,0.533288,0.63702,0.316663,0.393946,30DPD,0,,0.327689,,Watch for prepayment — portfolio income risk,0.7702
LN0001591,2021-02,0.536232,0.643296,0.26996,0.315874,30DPD,0,,0.316724,,No immediate action,0.7032
LN0001597,2023-02,0.526016,0.636247,0.23417,0.24771,30DPD,0,,0.165414,,No immediate action,0.6598
LN0001597,2023-03,0.281144,0.523553,0.072025,0.279802,Current,0,,0.189737,,No immediate action,0.5547
LN0001597,2023-04,0.342022,0.585954,0.384879,0.408133,Current,0,,0.225108,,Watch for prepayment — portfolio income risk,0.7745
LN0001597,2023-05,0.338307,0.580988,0.320519,0.328125,Prepaid,0,,0.266789,,Watch for prepayment — portfolio income risk,0.703
LN0001597,2023-06,0.334459,0.594076,0.273016,0.258092,Current,0,,0.292135,,No immediate action,0.6357
LN0001598,2021-02,0.34217,0.591711,0.236881,0.200122,Current,0,,0.195904,,No immediate action,0.5937
LN0001598,2021-03,0.253521,0.262068,0.443469,0.596141,Current,0,,0.219412,,Monitor closely — elevated default risk,0.6815
LN0001598,2021-04,0.254626,0.448985,0.199932,0.48362,Current,0,,0.265412,,Watch for prepayment — portfolio income risk,0.6936
LN0001598,2021-05,0.269553,0.424254,0.091237,0.168183,Current,0,,0.351259,,No immediate action,0.4766
LN0001598,2021-06,0.295144,0.47898,0.163818,0.32511,Current,0,,0.329622,,No immediate action,0.6315
LN0001602,2023-02,0.295144,0.47898,0.163721,0.325572,Current,0,,0.194015,,No immediate action,0.6317
LN0001602,2023-03,0.356003,0.520092,0.341314,0.221664,30DPD,0,,0.220819,,No immediate action,0.6994
LN0001603,2023-05,0.244883,0.450768,0.132918,0.186892,Current,0,,0.182765,,No immediate action,0.5077
LN0001603,2023-06,0.288014,0.557393,0.126638,0.301401,Current,0,,0.21344,,No immediate action,0.5793
LN0001603,2023-07,0.381669,0.551526,0.063339,0.116849,Current,0,,0.256509,,No immediate action,0.5052
LN0001603,2023-08,0.394601,0.551717,0.038075,0.063179,Current,0,,0.297894,,No immediate action,0.4721
LN0001603,2023-09,0.438705,0.574145,0.110293,0.179919,Current,0,,0.361941,,No immediate action,0.5774
LN0001609,2020-09,0.459253,0.576764,0.098696,0.143749,Current,0,,0.187094,,No immediate action,0.5625
LN0001609,2020-10,0.277907,0.444702,0.507657,0.445678,Current,0,,0.219601,,Monitor closely — elevated default risk,0.8303
LN0001609,2020-11,0.279154,0.463291,0.398383,0.357237,Current,0,,0.264364,,Monitor closely — elevated default risk,0.749
LN0001609,2020-12,0.296824,0.445107,0.329059,0.284271,Current,0,,0.341094,,No immediate action,0.6776
LN0001609,2021-01,0.387471,0.472594,0.349669,0.154614,30DPD,0,,0.324035,,No immediate action,0.6822
LN0001612,2024-09,0.228039,0.38903,0.139799,0.13416,Current,1,Anomaly:IsolationForest,0.428271,original_balance(z=3.26); remaining_term_months(z=1.97); loan_age_months(z=1.97),Review required — exception flagged,0.4455
LN0001612,2024-10,0.146189,0.265965,0.449227,0.537472,Current,1,Anomaly:IsolationForest,0.4038,original_balance(z=3.26); remaining_term_months(z=2.10); loan_age_months(z=2.10),Review required — exception flagged,0.662
LN0001612,2024-11,0.151599,0.263565,0.363435,0.428122,Current,1,Anomaly:IsolationForest,0.427531,original_balance(z=3.26); remaining_term_months(z=2.22); loan_age_months(z=2.22),Review required — exception flagged,0.6034
LN0001612,2024-12,0.485711,0.622467,0.525022,0.527076,30DPD,1,Anomaly:IsolationForest,0.448497,original_balance(z=3.26); remaining_term_months(z=2.35); loan_age_months(z=2.35),Review required — exception flagged,0.9056
LN0001612,2025-01,0.499768,0.639695,0.407512,0.417661,Current,1,Anomaly:IsolationForest,0.465112,original_balance(z=3.26); remaining_term_months(z=2.48); loan_age_months(z=2.48),Review required — exception flagged,0.8426
LN0001613,2023-06,0.482304,0.623694,0.335308,0.337697,30DPD,0,,0.193297,,No immediate action,0.7658
LN0001613,2023-07,0.491498,0.636628,0.285003,0.267628,Current,0,,0.214986,,No immediate action,0.7038
LN0001613,2023-08,0.53206,0.61583,0.296224,0.145761,60DPD,0,,0.262399,,No immediate action,0.647
LN0001613,2023-09,0.181869,0.24709,0.440379,0.684681,Current,0,,0.307134,,Monitor closely — elevated default risk,0.5923
LN0001613,2023-10,0.180651,0.254448,0.358902,0.541323,Current,0,,0.37888,,Watch for prepayment — portfolio income risk,0.6263
LN0001646,2024-11,0.20206,0.261176,0.30075,0.430862,Current,0,,0.210237,,Watch for prepayment — portfolio income risk,0.5974
LN0001646,2024-12,0.274447,0.311408,0.341435,0.239698,Current,0,,0.232068,,No immediate action,0.5835
LN0001646,2025-01,0.154953,0.215155,0.133437,0.200978,Current,0,,0.279344,,No immediate action,0.3523
LN0001646,2025-02,0.535307,0.603348,0.691871,0.150455,60DPD,0,,0.314144,,Monitor closely — elevated default risk,0.66
LN0001646,2025-03,0.391316,0.598303,0.101544,0.074476,Current,0,,0.349673,,No immediate action,0.4845
LN0001655,2021-05,0.413223,0.603513,0.178291,0.119031,Current,0,,0.271924,,No immediate action,0.5535
LN0001655,2021-06,0.402353,0.617065,0.084183,0.056686,Current,0,,0.287467,,No immediate action,0.4631
LN0001655,2021-07,0.439801,0.625301,0.147364,0.08769,Current,0,,0.373706,,No immediate action,0.5248
LN0001655,2021-08,0.364665,0.557794,0.129689,0.400031,Current,0,,0.360009,,Watch for prepayment — portfolio income risk,0.6683
LN0001655,2021-09,0.373052,0.528576,0.095436,0.167603,Current,1,Anomaly:IsolationForest,0.392585,remaining_term_months(z=2.48); loan_age_months(z=2.48); month_index(z=2.48),Review required — exception flagged,0.5538
LN0001656,2023-12,0.392045,0.551156,0.170792,0.325456,Current,0,,0.255256,,No immediate action,0.6686
LN0001656,2024-01,0.376895,0.536786,0.155993,0.256401,Current,0,,0.280341,,No immediate action,0.6263
LN0001656,2024-02,0.441676,0.560897,0.290579,0.171467,60DPD,0,,0.321628,,No immediate action,0.6714
LN0001656,2024-03,0.195915,0.526074,0.447351,0.714686,Current,0,,0.35058,,Monitor closely — elevated default risk,0.7013
LN0001656,2024-04,0.273518,0.598939,0.353934,0.547297,Current,1,Anomaly:IsolationForest,0.386136,remaining_term_months(z=2.48); loan_age_months(z=2.48); month_index(z=2.48),Review required — exception flagged,0.7406
LN0001658,2020-09,0.180977,0.532174,0.304013,0.442555,Current,0,,0.226848,,Watch for prepayment — portfolio income risk,0.6977
LN0001658,2020-10,0.195915,0.532944,0.25869,0.354693,Current,0,,0.250973,,No immediate action,0.6382
LN0001658,2020-11,0.182154,0.528111,0.223868,0.282395,Current,1,Anomaly:IsolationForest,0.452546,modification_flag(z=10.67); days_past_due(z=2.40); remaining_term_months(z=2.22),Review required — exception flagged,0.5802
LN0001658,2020-12,0.701898,0.79033,0.209446,0.506098,30DPD,0,,0.25416,,Watch for prepayment — portfolio income risk,0.6056
LN0001658,2021-01,0.732884,0.782382,0.189942,0.402144,30DPD,0,,0.287592,,Watch for prepayment — portfolio income risk,0.5384
LN0001659,2022-01,0.662415,0.723814,0.428804,0.285212,60DPD,0,,0.300123,,Monitor closely — elevated default risk,0.6639
LN0001659,2022-02,0.696277,0.746338,0.157762,0.236881,Current,0,,0.325557,,No immediate action,0.476
LN0001672,2024-09,0.660077,0.744439,0.145259,0.18775,30DPD,0,,0.280733,,No immediate action,0.4642
LN0001672,2024-10,0.222702,0.357133,0.447165,0.818614,Current,0,,0.302582,,Monitor closely — elevated default risk,0.6042
LN0001674,2020-08,0.206757,0.32991,0.356471,0.599629,Current,0,,0.168469,,Watch for prepayment — portfolio income risk,0.6468
LN0001674,2020-09,0.22639,0.361543,0.303577,0.485442,Current,0,,0.197857,,Watch for prepayment — portfolio income risk,0.6885
LN0001674,2020-10,0.200834,0.343621,0.25521,0.382067,Current,0,,0.250241,,No immediate action,0.5909
LN0001674,2020-11,0.238039,0.344535,0.223484,0.309511,Current,0,,0.287148,,No immediate action,0.5578
LN0001674,2020-12,0.693965,0.751615,0.196033,0.186511,60DPD,0,,0.32676,,No immediate action,0.4685
LN0001681,2021-04,0.701476,0.765994,0.564973,0.324532,60DPD,0,,0.339167,,Monitor closely — elevated default risk,0.646
LN0001681,2021-05,0.658935,0.707496,0.58945,0.16944,90DPD,0,,0.362296,,Monitor closely — elevated default risk,0.6068
LN0001681,2021-06,0.458314,0.555321,0.055638,0.082595,Current,1,Anomaly:IsolationForest,0.427302,original_balance(z=2.66); remaining_term_months(z=2.22); loan_age_months(z=2.22),Review required — exception flagged,0.5206
LN0001681,2021-07,0.442265,0.576348,0.053493,0.076033,Current,1,Anomaly:IsolationForest,0.4478,original_balance(z=2.66); remaining_term_months(z=2.35); loan_age_months(z=2.35),Review required — exception flagged,0.4977
LN0001681,2021-08,0.497171,0.619567,0.214306,0.109276,30DPD,1,Anomaly:IsolationForest,0.492936,original_balance(z=2.66); remaining_term_months(z=2.48); loan_age_months(z=2.48),Review required — exception flagged,0.6006
LN0001685,2021-06,0.48955,0.58602,0.119248,0.053129,Default,0,,0.190937,,Monitor closely — elevated default risk,0.538
LN0001685,2021-07,0.6194,0.644634,0.708363,0.275063,90DPD,0,,0.214757,,Monitor closely — elevated default risk,0.6513
LN0001685,2021-08,0.605968,0.618868,0.671827,0.174547,30DPD,0,,0.255038,,Monitor closely — elevated default risk,0.6389
LN0001685,2021-09,0.490277,0.557705,0.450361,0.663233,30DPD,0,,0.291247,,Monitor closely — elevated default risk,0.8598
LN0001685,2021-10,0.486191,0.564745,0.364219,0.529759,30DPD,0,,0.326044,,Watch for prepayment — portfolio income risk,0.878
LN0001690,2023-10,0.4757,0.555349,0.304997,0.421093,Current,0,,0.152924,,Watch for prepayment — portfolio income risk,0.8232
LN0001690,2023-11,0.485779,0.573167,0.259788,0.339741,30DPD,0,,0.253022,,No immediate action,0.7561
LN0001690,2023-12,0.4757,0.561225,0.224635,0.269148,Current,0,,0.282984,,No immediate action,0.7041
LN0001690,2024-01,0.568648,0.693906,0.566133,0.284585,Current,0,,0.262368,,Monitor closely — elevated default risk,0.7279
LN0001690,2024-02,0.568648,0.693906,0.565745,0.284898,Current,0,,0.293345,,Monitor closely — elevated default risk,0.7283
LN0001691,2021-08,0.567866,0.688388,0.426597,0.220037,60DPD,0,,0.264919,,Monitor closely — elevated default risk,0.6952
LN0001691,2021-09,0.512052,0.640448,0.500753,0.126955,60DPD,0,,0.28654,,Monitor closely — elevated default risk,0.7369
LN0001691,2021-10,0.460419,0.630544,0.389876,0.099174,60DPD,0,,0.322839,,Monitor closely — elevated default risk,0.6595
LN0001691,2021-11,0.492964,0.63274,0.419615,0.065235,Current,1,Anomaly:IsolationForest,0.401107,remaining_term_months(z=2.35); loan_age_months(z=2.35); month_index(z=2.35),Review required — exception flagged,0.6725
LN0001691,2021-12,0.412423,0.512217,0.199171,0.400332,Current,1,Anomaly:IsolationForest,0.381475,remaining_term_months(z=2.48); loan_age_months(z=2.48); month_index(z=2.48),Review required — exception flagged,0.7499
LN0001698,2021-08,0.395361,0.510179,0.186416,0.32189,30DPD,0,,0.1761,,No immediate action,0.6967
LN0001698,2021-09,0.402224,0.444132,0.086142,0.117177,30DPD,0,,0.203816,,No immediate action,0.5248
LN0001698,2021-10,0.411751,0.508058,0.153231,0.208398,30DPD,0,,0.23741,,No immediate action,0.6327
LN0001698,2021-11,0.377717,0.516744,0.135707,0.16265,Current,0,,0.278557,,No immediate action,0.5797
LN0001698,2021-12,0.491744,0.625029,0.467593,0.555673,30DPD,0,,0.31304,,Monitor closely — elevated default risk,0.8893
LN0001707,2023-12,0.464272,0.574132,0.563062,0.320862,60DPD,0,,0.186965,,Monitor closely — elevated default risk,0.824
LN0001707,2024-01,0.482849,0.564198,0.423411,0.223389,60DPD,0,,0.212488,,Monitor closely — elevated default risk,0.7827
LN0001707,2024-02,0.405557,0.547696,0.157467,0.190228,Current,0,,0.311638,,No immediate action,0.6028
LN0001707,2024-03,0.373438,0.5303,0.076314,0.08392,30DPD,0,,0.337677,,No immediate action,0.5017
LN0001707,2024-04,0.557889,0.724132,0.533412,0.45112,30DPD,0,,0.326524,,Monitor closely — elevated default risk,0.8178
LN0001708,2022-01,0.55893,0.696171,0.412213,0.361613,30DPD,0,,0.260586,,Monitor closely — elevated default risk,0.7594
LN0001708,2022-02,0.55476,0.708588,0.339259,0.288678,30DPD,0,,0.283317,,No immediate action,0.6823
LN0001709,2023-03,0.422448,0.478596,0.353681,0.156878,60DPD,0,,0.208251,,No immediate action,0.7058
LN0001709,2023-04,0.286922,0.435658,0.144555,0.135604,Current,0,,0.234909,,No immediate action,0.5014
LN0001709,2023-05,0.214097,0.224615,0.482041,0.598122,Current,0,,0.277946,,Monitor closely — elevated default risk,0.6613
LN0001709,2023-06,0.20232,0.23107,0.382767,0.480254,Current,0,,0.314542,,Watch for prepayment — portfolio income risk,0.6482
LN0001709,2023-07,0.205882,0.219681,0.319722,0.382767,Current,0,,0.378571,,No immediate action,0.564
LN0001714,2020-08,0.206926,0.224891,0.272098,0.306313,Current,0,,0.287072,,No immediate action,0.5051
LN0001714,2020-09,0.205346,0.224891,0.235912,0.237269,Current,0,,0.349955,,No immediate action,0.4517
LN0001714,2020-10,0.372127,0.602693,0.435038,0.706857,30DPD,1,Anomaly:IsolationForest,0.42036,days_past_due(z=2.40); remaining_term_months(z=2.22); loan_age_months(z=2.22),Review required — exception flagged,0.7488
LN0001714,2020-11,0.350074,0.594201,0.35558,0.552122,Current,0,,0.368694,,Watch for prepayment — portfolio income risk,0.7797
LN0001720,2024-02,0.398694,0.564524,0.412688,0.310842,30DPD,1,Anomaly:IsolationForest,0.393755,original_balance(z=2.87); remaining_term_months(z=1.97); loan_age_months(z=1.97),Review required — exception flagged,0.7788
LN0001720,2024-03,0.374271,0.561192,0.338778,0.217551,Current,1,Anomaly:IsolationForest,0.412897,original_balance(z=2.87); remaining_term_months(z=2.10); loan_age_months(z=2.10),Review required — exception flagged,0.6847
LN0001720,2024-04,0.263534,0.482779,0.13416,0.184698,Current,1,Anomaly:IsolationForest,0.434804,original_balance(z=2.87); remaining_term_months(z=2.22); loan_age_months(z=2.22),Review required — exception flagged,0.5326
LN0001720,2024-05,0.360585,0.492338,0.217838,0.296868,Current,1,Anomaly:IsolationForest,0.458698,original_balance(z=2.87); remaining_term_months(z=2.35); loan_age_months(z=2.35),Review required — exception flagged,0.6838
LN0001720,2024-06,0.332788,0.450403,0.067399,0.067552,Current,1,Anomaly:IsolationForest,0.483252,original_balance(z=2.87); remaining_term_months(z=2.48); loan_age_months(z=2.48),Review required — exception flagged,0.4591
LN0001722,2025-02,0.326233,0.552852,0.212494,0.388438,Current,0,,0.154449,,No immediate action,0.6872
LN0001722,2025-03,0.341641,0.555217,0.099174,0.137042,Current,0,,0.174251,,No immediate action,0.5113
LN0001722,2025-04,0.268531,0.357402,0.167312,0.242523,Current,0,,0.217044,,No immediate action,0.5179
LN0001722,2025-05,0.294631,0.542671,0.160601,0.200312,Current,0,,0.260765,,No immediate action,0.5564
LN0001722,2025-06,0.419627,0.593271,0.298589,0.142437,60DPD,0,,0.295115,,No immediate action,0.6337
LN0001723,2020-07,0.443239,0.714346,0.21259,0.329292,Current,0,,0.243152,,No immediate action,0.6354
LN0001723,2020-08,0.536891,0.746329,0.593229,0.214115,60DPD,0,,0.3152,,Monitor closely — elevated default risk,0.6688
LN0001723,2020-09,0.489788,0.688291,0.192988,0.070556,Default,0,,0.350106,,Monitor closely — elevated default risk,0.5325
LN0001723,2020-10,0.436012,0.689798,0.114868,0.120331,Current,1,Anomaly:IsolationForest,0.415953,days_past_due(z=2.40); remaining_term_months(z=2.35); loan_age_months(z=2.35),Review required — exception flagged,0.4907
LN0001723,2020-11,0.744051,0.798037,0.570474,0.267932,30DPD,0,,0.355199,,Monitor closely — elevated default risk,0.5777
LN0001725,2023-10,0.728205,0.797187,0.428293,0.207542,30DPD,0,,0.182226,,Monitor closely — elevated default risk,0.5552
LN0001725,2023-11,0.700276,0.771037,0.345832,0.160504,30DPD,0,,0.321026,,No immediate action,0.5175
LN0001730,2022-01,0.738112,0.827647,0.295795,0.133126,30DPD,0,,0.177381,,No immediate action,0.4316
LN0001730,2022-02,0.730925,0.808063,0.252932,0.112536,30DPD,0,,0.211403,,No immediate action,0.4132
LN0001730,2022-03,0.335536,0.53405,0.199837,0.458685,Current,0,,0.249647,,Watch for prepayment — portfolio income risk,0.73
LN0001730,2022-04,0.37453,0.622758,0.461474,0.569276,Current,0,,0.331241,,Monitor closely — elevated default risk,0.822
LN0001730,2022-05,0.373093,0.626955,0.369905,0.45574,Current,0,,0.318884,,Watch for prepayment — portfolio income risk,0.7859
LN0001742,2021-03,0.386579,0.617105,0.309179,0.363827,Current,0,,0.217628,,No immediate action,0.7212
LN0001742,2021-04,0.393984,0.624163,0.2644,0.291108,Current,0,,0.24524,,No immediate action,0.6627
LN0001742,2021-05,0.376981,0.621821,0.228767,0.224252,Current,0,,0.286855,,No immediate action,0.6041
LN0001742,2021-06,0.513594,0.603404,0.211255,0.371648,Current,1,Anomaly:IsolationForest,0.612148,current_balance(z=13.83); balance_utilisation(z=13.14); remaining_term_months(z=2.35),Review required — exception flagged,0.733
LN0001742,2021-07,0.579959,0.627482,0.577902,0.259688,60DPD,0,,0.352593,,Monitor closely — elevated default risk,0.7372
LN0001744,2024-07,0.607849,0.613236,0.430517,0.180397,60DPD,0,,0.180061,,Monitor closely — elevated default risk,0.6949
LN0001744,2024-08,0.602072,0.612568,0.510555,0.106655,Default,0,,0.202109,,Monitor closely — elevated default risk,0.6907
LN0001744,2024-09,0.460529,0.568193,0.054036,0.057721,Current,0,,0.242682,,No immediate action,0.502
LN0001744,2024-10,0.1781,0.269035,0.436096,0.617032,Current,0,,0.278125,,Monitor closely — elevated default risk,0.6331
LN0001744,2024-11,0.489804,0.439869,0.642693,0.270875,60DPD,0,,0.309995,,Monitor closely — elevated default risk,0.7789
LN0001747,2020-12,0.430712,0.516397,0.04899,0.083259,Current,0,,0.238177,,No immediate action,0.5233
LN0001747,2021-01,0.41354,0.509092,0.123128,0.283854,Current,0,,0.270282,,No immediate action,0.6557
LN0001747,2021-02,0.417292,0.528304,0.118269,0.218794,Current,0,,0.308512,,No immediate action,0.613
LN0001747,2021-03,0.477181,0.526476,0.349793,0.185175,30DPD,0,,0.380989,,No immediate action,0.7428
LN0001747,2021-04,0.363325,0.457283,0.139901,0.157369,Current,0,,0.374217,,No immediate action,0.5589
LN0001752,2023-06,0.337198,0.367357,0.485671,0.474566,Current,0,,0.176385,,Monitor closely — elevated default risk,0.8324
LN0001752,2023-07,0.323182,0.370859,0.385445,0.37887,Current,0,,0.207553,,No immediate action,0.7292
LN0001752,2023-08,0.330911,0.371933,0.320862,0.303467,Current,0,,0.252271,,No immediate action,0.6636
LN0001752,2023-09,0.149697,0.202152,0.294726,0.159917,Current,0,,0.338318,,No immediate action,0.4032
LN0001752,2023-10,0.174441,0.316315,0.249479,0.237366,Current,0,,0.358398,,No immediate action,0.4888
LN0001755,2022-05,0.470633,0.708871,0.209541,0.474781,Current,0,,0.16792,,Watch for prepayment — portfolio income risk,0.723
LN0001755,2022-06,0.489527,0.712504,0.095923,0.164013,Current,0,,0.259348,,No immediate action,0.5185
LN0001755,2022-07,0.513485,0.76011,0.172045,0.317454,Current,0,,0.221744,,No immediate action,0.608
LN0001755,2022-08,0.577914,0.766693,0.156288,0.247023,Current,0,,0.259619,,No immediate action,0.5294
LN0001755,2022-09,0.649841,0.821283,0.242133,0.247219,Current,0,,0.295866,,No immediate action,0.5091
LN0001757,2024-12,0.355082,0.56036,0.490788,0.752295,Current,0,,0.252703,,Monitor closely — elevated default risk,0.7666
LN0001757,2025-01,0.365567,0.577188,0.39002,0.574135,Current,0,,0.278446,,Monitor closely — elevated default risk,0.8021
LN0001757,2025-02,0.291068,0.464038,0.309732,0.448099,Current,0,,0.317056,,Watch for prepayment — portfolio income risk,0.7565
LN0001757,2025-03,0.564245,0.661265,0.347806,0.258292,60DPD,0,,0.347845,,No immediate action,0.6903
LN0001757,2025-04,0.47528,0.622926,0.138168,0.215165,Current,0,,0.381189,,No immediate action,0.6028
LN0001761,2022-01,0.197359,0.52795,0.206305,0.331639,Current,0,,0.175502,,No immediate action,0.6037
LN0001761,2022-02,0.18239,0.519595,0.096651,0.124409,Current,0,,0.205133,,No immediate action,0.4419
LN0001761,2022-03,0.209178,0.527971,0.087304,0.109616,Current,0,,0.25323,,No immediate action,0.4391
LN0001761,2022-04,0.334401,0.547488,0.34793,0.165955,Prepaid,0,,0.294086,,Watch for prepayment — portfolio income risk,0.6504
LN0001761,2022-05,0.324893,0.549891,0.293765,0.123662,Current,0,,0.330999,,No immediate action,0.5962
LN0001763,2025-02,0.581381,0.625709,0.470941,0.601156,30DPD,0,,0.196529,,Monitor closely — elevated default risk,0.8313
LN0001763,2025-03,0.572297,0.57872,0.555314,0.344482,30DPD,0,,0.222275,,Monitor closely — elevated default risk,0.8191
LN0001763,2025-04,0.540147,0.556454,0.165664,0.292807,30DPD,0,,0.264484,,No immediate action,0.6809
LN0001763,2025-05,0.502705,0.522009,0.15619,0.227132,30DPD,0,,0.29585,,No immediate action,0.6793
LN0001763,2025-06,0.536791,0.545623,0.073761,0.091612,30DPD,0,,0.3265,,No immediate action,0.5415
LN0001766,2024-01,0.409655,0.441149,0.438584,0.742092,Current,0,,0.176464,,Monitor closely — elevated default risk,0.7736
LN0001766,2024-02,0.415925,0.446487,0.357237,0.571279,Current,0,,0.20151,,Watch for prepayment — portfolio income risk,0.8242
LN0001773,2021-01,0.408335,0.446301,0.299776,0.456913,Current,0,,0.190041,,Watch for prepayment — portfolio income risk,0.8057
LN0001773,2021-02,0.347397,0.447563,0.253228,0.358004,30DPD,0,,0.224108,,No immediate action,0.7031
LN0001773,2021-03,0.420451,0.457963,0.220802,0.291745,30DPD,0,,0.266619,,No immediate action,0.6955
LN0001773,2021-04,0.276654,0.457205,0.460673,0.636907,Current,0,,0.30324,,Monitor closely — elevated default risk,0.7788
LN0001773,2021-05,0.278297,0.437284,0.3654,0.505839,Current,0,,0.33792,,Watch for prepayment — portfolio income risk,0.7876
LN0001775,2025-01,0.277459,0.457205,0.3094,0.405657,Current,0,,0.193605,,Watch for prepayment — portfolio income risk,0.7249
LN0001775,2025-02,0.289264,0.460553,0.2645,0.325687,Current,0,,0.220045,,No immediate action,0.67
LN0001775,2025-03,0.291727,0.450827,0.229153,0.2566,Current,0,,0.26085,,No immediate action,0.6142
LN0001775,2025-04,0.321273,0.620129,0.102718,0.239503,Current,0,,0.303667,,No immediate action,0.5217
LN0001775,2025-05,0.426394,0.657787,0.17877,0.45093,Current,0,,0.33675,,Watch for prepayment — portfolio income risk,0.6992
LN0001778,2022-12,0.370655,0.629714,0.163429,0.363304,Current,0,,0.157948,,No immediate action,0.6338
LN0001778,2023-01,0.401067,0.689191,0.255805,0.360836,Current,0,,0.17958,,No immediate action,0.6643
LN0001778,2023-02,0.375487,0.694593,0.221377,0.28752,Current,0,,0.217829,,No immediate action,0.5949
LN0001778,2023-03,0.375487,0.697628,0.221281,0.287625,Current,0,,0.264106,,No immediate action,0.5934
LN0001778,2023-04,0.4745,0.72058,0.496794,0.48659,Current,0,,0.298688,,Monitor closely — elevated default risk,0.8687
LN0001783,2021-10,0.300061,0.594005,0.379008,0.380811,Current,0,,0.15824,,No immediate action,0.7329
LN0001783,2021-11,0.272866,0.488609,0.527372,0.477169,Current,0,,0.183496,,Monitor closely — elevated default risk,0.8556
LN0001783,2021-12,0.261512,0.494142,0.408756,0.38095,Current,0,,0.225371,,Monitor closely — elevated default risk,0.7727
LN0001783,2022-01,0.296848,0.476091,0.333054,0.300642,Current,0,,0.267181,,No immediate action,0.7033
LN0001783,2022-02,0.263106,0.501099,0.285945,0.236203,Current,0,,0.300926,,No immediate action,0.6421
LN0001784,2024-10,0.270471,0.501949,0.248004,0.18632,Current,0,,0.178828,,No immediate action,0.6014
LN0001784,2024-11,0.36159,0.511643,0.200598,0.45074,Current,0,,0.206233,,Watch for prepayment — portfolio income risk,0.7506
LN0001784,2024-12,0.382402,0.580786,0.18937,0.366982,Current,0,,0.246831,,No immediate action,0.679
LN0001784,2025-01,0.433308,0.597092,0.087561,0.129793,Current,1,Anomaly:IsolationForest,0.489557,modification_flag(z=10.67); days_past_due(z=2.40); remaining_term_months(z=2.35),Review required — exception flagged,0.5268
LN0001784,2025-02,0.430375,0.588373,0.156682,0.23999,Current,0,,0.35008,,No immediate action,0.6193
LN0001791,2022-07,0.430375,0.596979,0.140409,0.188703,Current,0,,0.329874,,No immediate action,0.5813
LN0001791,2022-08,0.298528,0.50218,0.196699,0.491024,Current,0,,0.309754,,Watch for prepayment — portfolio income risk,0.742
LN0001791,2022-09,0.341071,0.534414,0.182501,0.396007,Current,0,,0.288991,,Watch for prepayment — portfolio income risk,0.6926
LN0001791,2022-10,0.383859,0.584328,0.311732,0.3938,Current,0,,0.374526,,Watch for prepayment — portfolio income risk,0.7525
LN0001791,2022-11,0.390567,0.58021,0.266315,0.315649,Current,1,Anomaly:IsolationForest,0.389871,remaining_term_months(z=2.48); loan_age_months(z=2.48); month_index(z=2.48),Review required — exception flagged,0.6962
LN0001799,2021-03,0.378097,0.576542,0.23079,0.247612,Current,0,,0.168847,,No immediate action,0.64
LN0001799,2021-04,0.354824,0.551195,0.049377,0.090609,Current,0,,0.192987,,No immediate action,0.4718
LN0001799,2021-05,0.35269,0.545188,0.043062,0.081122,Current,0,,0.28665,,No immediate action,0.4658
LN0001799,2021-06,0.374299,0.554912,0.117068,0.278045,Current,0,,0.274216,,No immediate action,0.6073
LN0001799,2021-07,0.377064,0.565106,0.110744,0.214687,Current,0,,0.307531,,No immediate action,0.5687
LN0001800,2021-08,0.37309,0.56767,0.23272,0.264601,Current,0,,0.164109,,No immediate action,0.6514
LN0001800,2021-09,0.358879,0.402445,0.466766,0.525606,30DPD,0,,0.19224,,Monitor closely — elevated default risk,0.8512
LN0001800,2021-10,0.349334,0.473381,0.368705,0.413961,Current,0,,0.282927,,Watch for prepayment — portfolio income risk,0.8027
LN0001800,2021-11,0.287713,0.404108,0.304888,0.334357,Current,0,,0.267895,,No immediate action,0.6655
LN0001800,2021-12,0.493676,0.494965,0.430346,0.138576,30DPD,0,,0.303918,,Monitor closely — elevated default risk,0.7788
LN0001802,2023-07,0.42024,0.483102,0.179727,0.111978,30DPD,0,,0.162503,,No immediate action,0.5975
LN0001802,2023-08,0.54227,0.688917,0.779177,0.179249,60DPD,0,,0.1875,,Monitor closely — elevated default risk,0.5844
LN0001802,2023-09,0.517911,0.667338,0.121195,0.078261,60DPD,0,,0.28588,,No immediate action,0.5071
LN0001802,2023-10,0.466598,0.642529,0.060743,0.074903,Current,0,,0.267241,,No immediate action,0.4799
LN0001802,2023-11,0.483764,0.540346,0.061236,0.031352,Current,0,,0.301207,,No immediate action,0.518
LN0001812,2022-03,0.53546,0.666813,0.098097,0.051468,Current,0,,0.168838,,No immediate action,0.4736
LN0001812,2022-04,0.251967,0.376028,0.452265,0.603744,Current,0,,0.198515,,Monitor closely — elevated default risk,0.7383
LN0001812,2022-05,0.438598,0.590305,0.38095,0.490788,Current,0,,0.235039,,Watch for prepayment — portfolio income risk,0.86
LN0001812,2022-06,0.470022,0.526459,0.421753,0.280734,60DPD,0,,0.281671,,Monitor closely — elevated default risk,0.823
LN0001812,2022-07,0.38121,0.446878,0.152538,0.231466,Current,0,,0.310442,,No immediate action,0.606
LN0001813,2023-03,0.37617,0.468001,0.141019,0.182597,Current,0,,0.337789,,No immediate action,0.5839
LN0001813,2023-04,0.370479,0.409736,0.475646,0.628129,Current,1,Anomaly:IsolationForest,0.41605,days_past_due(z=3.71); remaining_term_months(z=2.10); loan_age_months(z=2.10),Review required — exception flagged,0.8139
LN0001824,2024-03,0.368045,0.402118,0.380116,0.501255,Current,0,,0.271092,,Watch for prepayment — portfolio income risk,0.8245
LN0001824,2024-04,0.338397,0.397897,0.421422,0.284689,Current,0,,0.294312,,Monitor closely — elevated default risk,0.7212
LN0001824,2024-05,0.282776,0.330271,0.151944,0.237463,Current,0,,0.209557,,No immediate action,0.5012
LN0001824,2024-06,0.262682,0.349558,0.140613,0.187464,Current,0,,0.249314,,No immediate action,0.4702
LN0001824,2024-07,0.505599,0.686484,0.049763,0.082329,Current,0,,0.282856,,No immediate action,0.47
LN0001827,2020-03,0.470489,0.677319,0.124303,0.280526,Current,0,,0.174187,,No immediate action,0.599
LN0001827,2020-04,0.55598,0.713712,0.215165,0.190704,60DPD,0,,0.2026,,No immediate action,0.5681
LN0001827,2020-05,0.510595,0.65371,0.158154,0.196889,Current,0,,0.241791,,No immediate action,0.5954
LN0001827,2020-06,0.498622,0.679437,0.14546,0.155796,Current,0,,0.283495,,No immediate action,0.5602
LN0001827,2020-07,0.356846,0.468211,0.204497,0.416367,30DPD,0,,0.353882,,Watch for prepayment — portfolio income risk,0.723
LN0001831,2023-10,0.32454,0.476638,0.390164,0.4146,30DPD,0,,0.211542,,Monitor closely — elevated default risk,0.803
LN0001831,2023-11,0.33494,0.461032,0.323956,0.334476,30DPD,0,,0.241631,,No immediate action,0.7272
LN0001831,2023-12,0.340917,0.461032,0.276398,0.264802,30DPD,0,,0.372357,,No immediate action,0.6716
LN0001831,2024-01,0.338308,0.45922,0.239795,0.203926,30DPD,0,,0.309164,,No immediate action,0.6206
LN0001831,2024-02,0.655527,0.633993,0.125897,0.063498,60DPD,0,,0.34099,,No immediate action,0.4499
LN0001834,2023-03,0.356748,0.352314,0.12632,0.040178,Default,0,,0.275104,,Monitor closely — elevated default risk,0.4378
LN0001834,2023-04,0.576348,0.628098,0.21421,0.121626,30DPD,0,,0.233447,,No immediate action,0.5657
LN0001834,2023-05,0.630406,0.59723,0.663233,0.180493,Default,0,,0.268774,,Monitor closely — elevated default risk,0.6448
LN0001834,2023-06,0.357114,0.542442,0.059414,0.088839,Current,0,,0.304211,,No immediate action,0.4815
LN0001834,2023-07,0.338346,0.535595,0.03637,0.050526,Current,0,,0.335869,,No immediate action,0.4448
LN0001835,2020-12,0.42617,0.586231,0.027787,0.044551,Current,0,,0.200933,,No immediate action,0.4561
LN0001835,2021-01,0.265921,0.401925,0.472212,0.586236,Current,0,,0.233598,,Monitor closely — elevated default risk,0.7769
LN0001835,2021-02,0.275962,0.400989,0.377905,0.470309,Current,0,,0.319889,,Watch for prepayment — portfolio income risk,0.7626
LN0001835,2021-03,0.265418,0.41086,0.315537,0.375439,Current,0,,0.300869,,No immediate action,0.6836
LN0001835,2021-04,0.266041,0.426718,0.268742,0.299452,Current,0,,0.330905,,No immediate action,0.6305
LN0001838,2021-02,0.309533,0.395334,0.293233,0.16148,60DPD,0,,0.277788,,No immediate action,0.5798
LN0001838,2021-03,0.178963,0.284327,0.490316,0.456326,Current,0,,0.241369,,Monitor closely — elevated default risk,0.705
LN0001838,2021-04,0.222158,0.283881,0.398682,0.37044,Current,0,,0.280403,,Monitor closely — elevated default risk,0.6376
LN0001838,2021-05,0.332611,0.363532,0.584883,0.152835,Current,0,,0.316708,,Monitor closely — elevated default risk,0.632
LN0001838,2021-06,0.149099,0.25803,0.111418,0.137861,Current,0,,0.342782,,No immediate action,0.3282
LN0001849,2021-07,0.159318,0.264482,0.102132,0.115309,Current,0,,0.214007,,No immediate action,0.3206
LN0001849,2021-08,0.527671,0.690522,0.195652,0.15835,60DPD,0,,0.244133,,No immediate action,0.5679
LN0001849,2021-09,0.449317,0.651212,0.091861,0.149062,Current,0,,0.278344,,No immediate action,0.5195
LN0001849,2021-10,0.519026,0.678016,0.170116,0.290261,Current,0,,0.36202,,No immediate action,0.6317
LN0001849,2021-11,0.566816,0.743609,0.078948,0.108709,Current,0,,0.343333,,No immediate action,0.4386
LN0001855,2020-10,0.611523,0.748384,0.136939,0.186797,Current,0,,0.231457,,No immediate action,0.4819
LN0001855,2020-11,0.283995,0.37771,0.492926,0.510822,Current,0,,0.255206,,Monitor closely — elevated default risk,0.8219
LN0001855,2020-12,0.289211,0.382209,0.391467,0.407202,Current,0,,0.300396,,Monitor closely — elevated default risk,0.735
LN0001855,2021-01,0.368605,0.423868,0.425418,0.223772,Current,0,,0.332121,,Monitor closely — elevated default risk,0.7208
LN0001855,2021-02,0.222538,0.348669,0.154515,0.189656,Current,1,Anomaly:IsolationForest,0.565789,balance_utilisation(z=13.14); current_balance(z=3.75); remaining_term_months(z=2.48),Review required — exception flagged,0.4577
LN0001857,2023-08,0.231684,0.353608,0.142841,0.151349,Current,0,,0.221104,,No immediate action,0.4397
LN0001857,2023-09,0.675109,0.777612,0.619405,0.329176,60DPD,0,,0.249952,,Monitor closely — elevated default risk,0.6285
LN0001857,2023-10,0.59897,0.722543,0.199076,0.012696,30DPD,0,,0.297949,,No immediate action,0.4451
LN0001857,2023-11,0.668302,0.771989,0.176084,0.200217,30DPD,0,,0.330721,,No immediate action,0.468
LN0001857,2023-12,0.662714,0.729204,0.082861,0.084052,Current,0,,0.361353,,No immediate action,0.3875
LN0001858,2020-12,0.68973,0.783951,0.144756,0.135913,30DPD,0,,0.205162,,No immediate action,0.4035
LN0001858,2021-01,0.182202,0.306465,0.515414,0.446606,Current,0,,0.236336,,Monitor closely — elevated default risk,0.7099
LN0001858,2021-02,0.181096,0.300478,0.402448,0.35826,Current,0,,0.268115,,Monitor closely — elevated default risk,0.6211
LN0001858,2021-03,0.187356,0.302243,0.331874,0.285631,Current,0,,0.308757,,No immediate action,0.5536
LN0001858,2021-04,0.262432,0.377016,0.350043,0.155205,60DPD,0,,0.331183,,No immediate action,0.5723
LN0001859,2024-04,0.134141,0.28993,0.140917,0.134573,Current,0,,0.166302,,No immediate action,0.3498
LN0001859,2024-05,0.228799,0.317458,0.449604,0.729103,Current,0,,0.190554,,Monitor closely — elevated default risk,0.6334
LN0001859,2024-06,0.197955,0.322974,0.368572,0.567303,Current,0,,0.225856,,Watch for prepayment — portfolio income risk,0.6611
LN0001859,2024-07,0.202247,0.300553,0.296653,0.443286,Current,0,,0.269725,,Watch for prepayment — portfolio income risk,0.6214
LN0001859,2024-08,0.196217,0.341106,0.262691,0.362783,Current,0,,0.299099,,No immediate action,0.5814
LN0001869,2022-02,0.193807,0.336926,0.242425,0.249578,Current,0,,0.322894,,No immediate action,0.5114
LN0001869,2022-03,0.222397,0.378448,0.513778,0.428293,Current,0,,0.35242,,Monitor closely — elevated default risk,0.7577
LN0001869,2022-04,0.218324,0.378625,0.40169,0.344972,Current,0,,0.372568,,Monitor closely — elevated default risk,0.6718
LN0001869,2022-05,0.224153,0.378625,0.331168,0.273323,Current,1,Anomaly:IsolationForest,0.401541,remaining_term_months(z=2.35); loan_age_months(z=2.35); month_index(z=2.35),Review required — exception flagged,0.6036
LN0001869,2022-06,0.233634,0.384746,0.281772,0.211446,Current,1,Anomaly:IsolationForest,0.424527,remaining_term_months(z=2.48); loan_age_months(z=2.48); month_index(z=2.48),Review required — exception flagged,0.5558
LN0001879,2020-06,0.255009,0.371543,0.244281,0.167506,Current,0,,0.185858,,No immediate action,0.5192
LN0001879,2020-07,0.349075,0.444308,0.503023,0.550727,Current,0,,0.214678,,Monitor closely — elevated default risk,0.8698
LN0001879,2020-08,0.279129,0.456737,0.386581,0.431725,Current,0,,0.251078,,Watch for prepayment — portfolio income risk,0.7771
LN0001879,2020-09,0.341014,0.465263,0.327427,0.351919,Current,0,,0.297761,,No immediate action,0.7428
LN0001879,2020-10,0.335964,0.465263,0.278665,0.280423,Current,0,,0.328494,,No immediate action,0.6802
LN0001881,2022-11,0.335964,0.460913,0.241742,0.215928,Current,0,,0.260663,,No immediate action,0.6273
LN0001881,2022-12,0.439215,0.551305,0.484528,0.554599,30DPD,0,,0.285731,,Monitor closely — elevated default risk,0.9089
LN0001881,2023-01,0.438966,0.570452,0.384455,0.441646,30DPD,0,,0.321749,,Watch for prepayment — portfolio income risk,0.8473
LN0001888,2023-01,0.438966,0.572219,0.320178,0.354186,30DPD,0,,0.179213,,No immediate action,0.7706
LN0001892,2023-10,0.44027,0.5897,0.273118,0.281979,30DPD,0,,0.20067,,No immediate action,0.7028
LN0001892,2023-11,0.31434,0.576264,0.231369,0.214878,Current,0,,0.228479,,No immediate action,0.5922
LN0001892,2023-12,0.245436,0.373003,0.551772,0.311286,Current,0,,0.272425,,Monitor closely — elevated default risk,0.689
LN0001892,2024-01,0.244399,0.389353,0.419779,0.243792,Current,0,,0.30537,,Monitor closely — elevated default risk,0.6487
LN0001892,2024-02,0.238149,0.391442,0.344237,0.191942,Current,0,,0.340463,,No immediate action,0.5829
LN0001893,2024-01,0.238149,0.391442,0.292382,0.152538,Current,0,,0.183012,,No immediate action,0.5373
LN0001893,2024-02,0.220775,0.411175,0.251845,0.12526,Current,0,,0.2163,,No immediate action,0.5045
LN0001893,2024-03,0.247932,0.448811,0.103768,0.211351,Current,0,,0.261691,,No immediate action,0.5059
LN0001893,2024-04,0.252552,0.461376,0.181832,0.402599,Current,0,,0.302742,,Watch for prepayment — portfolio income risk,0.6492
LN0001893,2024-05,0.264505,0.463609,0.16644,0.322922,Current,0,,0.335964,,No immediate action,0.6087
LN0001895,2024-03,0.328509,0.52093,0.264702,0.320178,Current,0,,0.18772,,No immediate action,0.6962
LN0001895,2024-04,0.303217,0.512289,0.22819,0.252437,Current,0,,0.214143,,No immediate action,0.6358
LN0001895,2024-05,0.355594,0.551974,0.504041,0.387722,Current,0,,0.253813,,Monitor closely — elevated default risk,0.8437
LN0001895,2024-06,0.322887,0.556856,0.411265,0.317002,Current,0,,0.296939,,Monitor closely — elevated default risk,0.7471
LN0001895,2024-07,0.329686,0.559982,0.338657,0.248692,Current,0,,0.327866,,No immediate action,0.6785
LN0001898,2021-02,0.374189,0.492457,0.456521,0.610752,Current,0,,0.207268,,Monitor closely — elevated default risk,0.8562
LN0001898,2021-03,0.374189,0.492457,0.456326,0.611309,Current,0,,0.293422,,Monitor closely — elevated default risk,0.8558
LN0001898,2021-04,0.381605,0.566296,0.523283,0.472851,Current,0,,0.279557,,Monitor closely — elevated default risk,0.8824
LN0001898,2021-05,0.257567,0.458607,0.381787,0.369505,Current,0,,0.313887,,No immediate action,0.7337
LN0001898,2021-06,0.379266,0.577868,0.334832,0.302705,Current,0,,0.349366,,No immediate action,0.7195
LN0001900,2023-05,0.3987,0.567755,0.284794,0.232914,Current,0,,0.304536,,No immediate action,0.6743
LN0001900,2023-06,0.265329,0.44347,0.234847,0.179632,Current,0,,0.368579,,No immediate action,0.5616
LN0001900,2023-07,0.314403,0.482675,0.459478,0.644948,Current,1,Anomaly:IsolationForest,0.442167,days_past_due(z=3.71); remaining_term_months(z=2.22); loan_age_months(z=2.22),Review required — exception flagged,0.8058
LN0001902,2024-08,0.273168,0.395523,0.355707,0.512159,Current,0,,0.181608,,Watch for prepayment — portfolio income risk,0.7561
LN0001902,2024-09,0.333893,0.486177,0.309068,0.41095,Current,0,,0.210527,,Watch for prepayment — portfolio income risk,0.77
LN0001902,2024-10,0.338745,0.46998,0.263796,0.330698,Current,0,,0.257916,,No immediate action,0.7016
LN0001902,2024-11,0.327148,0.467745,0.228383,0.261689,Current,0,,0.290793,,No immediate action,0.6425
LN0001902,2024-12,0.291638,0.442834,0.106196,0.161968,Current,0,,0.364838,,No immediate action,0.5013
LN0001917,2021-07,0.308106,0.474676,0.185271,0.3161,Current,0,,0.168636,,No immediate action,0.6421
LN0001917,2021-08,0.332911,0.464279,0.169633,0.247906,Current,0,,0.26493,,No immediate action,0.6074
LN0001917,2021-09,0.29337,0.469536,0.273323,0.245161,Current,0,,0.347256,,No immediate action,0.6407
LN0001917,2021-10,0.330927,0.470119,0.237172,0.192988,Current,1,Anomaly:IsolationForest,0.434829,days_past_due(z=3.71); remaining_term_months(z=2.35); loan_age_months(z=2.35),Review required — exception flagged,0.6156
LN0001917,2021-11,0.261007,0.515082,0.448099,0.702497,Current,0,,0.308983,,Monitor closely — elevated default risk,0.7458
LN0001922,2022-03,0.375745,0.499507,0.545948,0.39002,30DPD,1,Anomaly:IsolationForest,0.441127,original_balance(z=5.11); current_balance(z=2.46); remaining_term_months(z=1.97),Review required — exception flagged,0.8597
LN0001922,2022-04,0.252076,0.46799,0.163332,0.335308,Current,1,Anomaly:IsolationForest,0.483544,original_balance(z=5.11); current_balance(z=2.46); remaining_term_months(z=2.10),Review required — exception flagged,0.6094
LN0001922,2022-05,0.243704,0.461097,0.153626,0.266719,Current,1,Anomaly:IsolationForest,0.521374,original_balance(z=5.11); current_balance(z=2.46); days_past_due(z=2.40),Review required — exception flagged,0.5626
LN0001922,2022-06,0.211518,0.46551,0.07333,0.102132,Current,1,Anomaly:IsolationForest,0.555331,original_balance(z=5.11); days_past_due(z=3.71); current_balance(z=2.46),Review required — exception flagged,0.4262
LN0001925,2022-06,0.506106,0.711873,0.218029,0.454188,Current,0,,0.174104,,Watch for prepayment — portfolio income risk,0.7271
LN0001925,2022-07,0.621925,0.747685,0.616447,0.283645,30DPD,0,,0.207801,,Monitor closely — elevated default risk,0.6488
LN0001925,2022-08,0.334466,0.372406,0.694406,0.020692,Default,0,,0.246428,,Monitor closely — elevated default risk,0.5166
LN0001925,2022-09,0.437011,0.625127,0.444019,0.657042,30DPD,0,,0.287899,,Monitor closely — elevated default risk,0.7994
LN0001925,2022-10,0.460866,0.635797,0.360448,0.525899,30DPD,0,,0.316498,,Watch for prepayment — portfolio income risk,0.8298
LN0001942,2024-08,0.475395,0.645528,0.30227,0.41669,30DPD,0,,0.165028,,Watch for prepayment — portfolio income risk,0.7744
LN0001942,2024-09,0.479072,0.619117,0.254714,0.33412,Current,0,,0.189041,,No immediate action,0.7244
LN0001942,2024-10,0.394234,0.48605,0.290367,0.181928,Current,0,,0.229361,,No immediate action,0.6763
LN0001942,2024-11,0.458876,0.649177,0.517622,0.494849,Current,0,,0.26659,,Monitor closely — elevated default risk,0.8935
LN0001942,2024-12,0.521291,0.652829,0.572903,0.28626,60DPD,0,,0.299399,,Monitor closely — elevated default risk,0.7696
LN0001944,2025-01,0.591314,0.668678,0.587603,0.148962,60DPD,0,,0.203059,,Monitor closely — elevated default risk,0.6507
LN0001944,2025-02,0.407934,0.393031,0.598122,0.086789,Default,0,,0.227801,,Monitor closely — elevated default risk,0.6448
LN0001944,2025-03,0.520066,0.610195,0.037353,0.047614,Current,0,,0.32208,,No immediate action,0.4774
LN0001944,2025-04,0.533578,0.706532,0.583989,0.149659,Prepaid,1,Anomaly:IsolationForest,0.494183,modification_flag(z=10.67); days_past_due(z=2.40); remaining_term_months(z=2.35),Review required — exception flagged,0.6628
LN0001944,2025-05,0.452011,0.550448,0.600645,0.095192,60DPD,0,,0.334106,,Monitor closely — elevated default risk,0.6981
LN0001949,2020-12,0.516055,0.538577,0.624306,0.062536,60DPD,0,,0.184621,,Monitor closely — elevated default risk,0.6918
LN0001949,2021-01,0.310332,0.320322,0.673848,0.032189,Default,0,,0.20983,,Monitor closely — elevated default risk,0.4945
LN0001949,2021-02,0.277642,0.375434,0.47981,0.534029,Current,0,,0.24727,,Monitor closely — elevated default risk,0.7994
LN0001949,2021-03,0.243529,0.42385,0.372051,0.418799,Current,0,,0.284364,,Watch for prepayment — portfolio income risk,0.7291
LN0001949,2021-04,0.264383,0.414133,0.310842,0.337937,Current,0,,0.324422,,No immediate action,0.6636
LN0001960,2023-06,0.277462,0.407923,0.271079,0.271792,Current,0,,0.147148,,No immediate action,0.6141
LN0001960,2023-07,0.274969,0.378424,0.235138,0.209827,Current,0,,0.242087,,No immediate action,0.5492
LN0001960,2023-08,0.363268,0.506124,0.199361,0.518458,Current,0,,0.215809,,Watch for prepayment — portfolio income risk,0.769
LN0001960,2023-09,0.366868,0.515892,0.368307,0.514322,Current,0,,0.250728,,Watch for prepayment — portfolio income risk,0.8525
LN0001960,2023-10,0.353779,0.502064,0.307413,0.408912,Current,0,,0.286107,,Watch for prepayment — portfolio income risk,0.784
LN0001962,2020-09,0.353743,0.486847,0.262491,0.328942,Current,0,,0.184595,,No immediate action,0.716
LN0001962,2020-10,0.368096,0.515892,0.227421,0.25889,Current,0,,0.219447,,No immediate action,0.6693
LN0001962,2020-11,0.23908,0.392035,0.199266,0.505323,Current,0,,0.261092,,Watch for prepayment — portfolio income risk,0.6625
LN0001962,2020-12,0.138274,0.224273,0.090358,0.172045,Current,0,,0.296179,,No immediate action,0.3125
LN0001962,2021-01,0.374622,0.483212,0.415241,0.301944,Current,0,,0.333198,,Monitor closely — elevated default risk,0.7875
LN0001983,2023-07,0.521814,0.530654,0.426091,0.156091,Current,0,,0.271426,,Monitor closely — elevated default risk,0.7649
LN0001983,2023-08,0.266717,0.388677,0.097014,0.142032,Current,0,,0.295143,,No immediate action,0.4472
LN0001983,2023-09,0.421894,0.579861,0.448662,0.620006,Current,0,,0.32622,,Monitor closely — elevated default risk,0.8353
LN0001983,2023-10,0.400108,0.569279,0.362913,0.497775,Current,0,,0.357206,,Watch for prepayment — portfolio income risk,0.8458
LN0001983,2023-11,0.4577,0.582978,0.304232,0.395711,Current,1,Anomaly:IsolationForest,0.383241,remaining_term_months(z=2.48); loan_age_months(z=2.48); month_index(z=2.48),Review required — exception flagged,0.7873
LN0001987,2021-05,0.432262,0.578225,0.25879,0.31768,Current,0,,0.163501,,No immediate action,0.7153
LN0001987,2021-06,0.432262,0.578225,0.223964,0.249381,Current,0,,0.190862,,No immediate action,0.6637
LN0001987,2021-07,0.562474,0.698094,0.517345,0.599125,30DPD,0,,0.231834,,Monitor closely — elevated default risk,0.8115
LN0001987,2021-08,0.535702,0.632942,0.569674,0.343016,60DPD,0,,0.278145,,Monitor closely — elevated default risk,0.8023
LN0001987,2021-09,0.441744,0.598014,0.171756,0.291532,Current,0,,0.308801,,No immediate action,0.6535
LN0001990,2022-12,0.424581,0.618355,0.159624,0.226363,30DPD,0,,0.189071,,No immediate action,0.5961
LN0001990,2023-01,0.448165,0.663761,0.075752,0.091362,30DPD,0,,0.214413,,No immediate action,0.4758
LN0001990,2023-02,0.21879,0.341217,0.494849,0.493165,Current,0,,0.257748,,Monitor closely — elevated default risk,0.774
LN0001990,2023-03,0.21527,0.344697,0.388008,0.390887,Current,0,,0.294561,,Watch for prepayment — portfolio income risk,0.6694
LN0001990,2023-04,0.216376,0.350408,0.322005,0.313406,Current,0,,0.330627,,No immediate action,0.6011
LN0001992,2021-03,0.225937,0.348019,0.277015,0.247514,Current,0,,0.159295,,No immediate action,0.5492
LN0001992,2021-04,0.233072,0.33629,0.240574,0.194225,Current,0,,0.18848,,No immediate action,0.5021
LN0001992,2021-05,0.520033,0.742525,0.212304,0.293765,Current,0,,0.234201,,No immediate action,0.6218
LN0001992,2021-06,0.535283,0.754891,0.195082,0.228575,Current,0,,0.267793,,No immediate action,0.5667
LN0001992,2021-07,0.560295,0.744581,0.090106,0.092484,Current,0,,0.341206,,No immediate action,0.4389
LN0001993,2024-03,0.570121,0.750985,0.16148,0.150952,Current,0,,0.208952,,No immediate action,0.4957
LN0001993,2024-04,0.556711,0.739835,0.146563,0.124729,Current,0,,0.229423,,No immediate action,0.4874
LN0001993,2024-05,0.397687,0.533968,0.200693,0.508968,Current,0,,0.274219,,Watch for prepayment — portfolio income risk,0.7777
LN0001993,2024-06,0.410987,0.509896,0.182692,0.404583,Current,0,,0.308153,,Watch for prepayment — portfolio income risk,0.7442
LN0001993,2024-07,0.510386,0.613699,0.312735,0.401387,Current,0,,0.345296,,Watch for prepayment — portfolio income risk,0.795
LN0002001,2021-05,0.484141,0.595104,0.267022,0.322578,Current,0,,0.37816,,No immediate action,0.7393
LN0002002,2020-03,0.265398,0.367377,0.222334,0.24614,Current,0,,0.157416,,No immediate action,0.5506
LN0002002,2020-04,0.237644,0.361216,0.195938,0.499755,Current,0,,0.181514,,Watch for prepayment — portfolio income risk,0.6473
LN0002002,2020-05,0.242516,0.340773,0.181163,0.39958,Current,0,,0.223342,,Watch for prepayment — portfolio income risk,0.582
LN0002002,2020-06,0.245408,0.375399,0.084446,0.140003,Current,0,,0.315953,,No immediate action,0.4226
LN0002002,2020-07,0.297589,0.407192,0.148463,0.268742,Current,1,Anomaly:IsolationForest,0.385845,remaining_term_months(z=2.48); loan_age_months(z=2.48); month_index(z=2.48),Review required — exception flagged,0.561
LN0002007,2022-04,0.279791,0.427469,0.133126,0.205163,Current,0,,0.162934,,No immediate action,0.5228
LN0002007,2022-05,0.457868,0.616995,0.023397,0.068463,Current,0,,0.194686,,No immediate action,0.4664
LN0002007,2022-06,0.45175,0.603168,0.012696,0.031633,30DPD,0,,0.239799,,No immediate action,0.4465
LN0002007,2022-07,0.44978,0.58169,0.07026,0.181641,30DPD,0,,0.368913,,No immediate action,0.56
LN0002007,2022-08,0.44978,0.58169,0.06816,0.14546,30DPD,0,,0.352879,,No immediate action,0.5409
LN0002022,2024-04,0.525612,0.593789,0.295581,0.14956,60DPD,0,,0.163255,,No immediate action,0.6629
LN0002024,2022-04,0.718746,0.784692,0.065235,0.204212,30DPD,0,,0.221512,,No immediate action,0.383
LN0002033,2023-08,0.762837,0.780548,0.121518,0.391612,30DPD,0,,0.178853,,Watch for prepayment — portfolio income risk,0.4849
LN0002033,2023-09,0.767389,0.772748,0.16857,0.379147,30DPD,0,,0.2064,,No immediate action,0.5038
LN0002033,2023-10,0.815615,0.794532,0.270367,0.376532,30DPD,0,,0.24702,,No immediate action,0.5184
LN0002033,2023-11,0.809881,0.805701,0.234557,0.300967,30DPD,0,,0.296217,,No immediate action,0.46
LN0002034,2020-11,0.214025,0.25338,0.13188,0.045796,Default,0,,0.226936,,Monitor closely — elevated default risk,0.3225
LN0002034,2020-12,0.502676,0.644309,0.205734,0.482716,30DPD,0,,0.254341,,Watch for prepayment — portfolio income risk,0.7707
LN0002034,2021-01,0.57539,0.602016,0.395711,0.479588,30DPD,0,,0.286379,,Monitor closely — elevated default risk,0.8489
LN0002034,2021-02,0.574026,0.613491,0.327311,0.382907,30DPD,0,,0.261013,,No immediate action,0.7614
LN0002034,2021-03,0.362151,0.452066,0.345095,0.2025,Current,0,,0.295117,,No immediate action,0.6809
LN0002038,2020-09,0.661826,0.615021,0.356981,0.118269,60DPD,0,,0.145509,,No immediate action,0.5992
LN0002038,2020-10,0.349869,0.507945,0.127799,0.424078,Current,0,,0.171849,,Watch for prepayment — portfolio income risk,0.6969
LN0002038,2020-11,0.358564,0.507441,0.12141,0.342285,Current,0,,0.209475,,No immediate action,0.6574
LN0002038,2020-12,0.343906,0.545949,0.317002,0.407047,Current,0,,0.24829,,Watch for prepayment — portfolio income risk,0.761
LN0002038,2021-01,0.53906,0.549258,0.431725,0.16857,60DPD,0,,0.284537,,Monitor closely — elevated default risk,0.756
LN0002041,2020-04,0.459112,0.544417,0.18078,0.129689,Current,0,,0.153696,,No immediate action,0.6126
LN0002041,2020-05,0.464781,0.597593,0.490081,0.543287,30DPD,0,,0.185048,,Monitor closely — elevated default risk,0.907
LN0002041,2020-06,0.214523,0.327667,0.42983,0.673848,Current,0,,0.230558,,Monitor closely — elevated default risk,0.6491
LN0002041,2020-07,0.569451,0.595705,0.208113,0.462884,30DPD,0,,0.272945,,Watch for prepayment — portfolio income risk,0.7529
LN0002041,2020-08,0.511986,0.654964,0.095192,0.16021,30DPD,0,,0.305193,,No immediate action,0.5442
LN0002042,2022-05,0.563487,0.679661,0.170599,0.31062,30DPD,0,,0.183872,,No immediate action,0.619
LN0002042,2022-06,0.557813,0.679661,0.155599,0.24184,30DPD,0,,0.21493,,No immediate action,0.58
LN0002042,2022-07,0.290346,0.414308,0.604795,0.448287,60DPD,0,,0.252557,,Monitor closely — elevated default risk,0.7741
LN0002042,2022-08,0.299404,0.41374,0.542957,0.323266,60DPD,0,,0.294845,,Monitor closely — elevated default risk,0.7467
LN0002042,2022-09,0.314418,0.431979,0.420435,0.226556,60DPD,0,,0.323865,,Monitor closely — elevated default risk,0.6967
LN0002052,2020-08,0.15244,0.27205,0.078811,0.100481,Current,0,,0.21454,,No immediate action,0.3019
LN0002052,2020-09,0.135672,0.270495,0.073904,0.091237,Current,0,,0.242755,,No immediate action,0.2857
LN0002052,2020-10,0.431904,0.626145,0.201358,0.47608,Current,0,,0.284543,,Watch for prepayment — portfolio income risk,0.7416
LN0002052,2020-11,0.43117,0.633739,0.182979,0.380116,Current,0,,0.325415,,No immediate action,0.6803
LN0002052,2020-12,0.315134,0.508044,0.302814,0.369371,Current,0,,0.356195,,No immediate action,0.7396
LN0002056,2021-12,0.474144,0.666291,0.268033,0.302052,Current,0,,0.180528,,No immediate action,0.689
LN0002056,2022-01,0.481645,0.662156,0.232334,0.232624,Current,0,,0.202217,,No immediate action,0.6422
LN0002056,2022-02,0.426907,0.509899,0.503786,0.53684,30DPD,0,,0.245652,,Monitor closely — elevated default risk,0.9382
LN0002056,2022-03,0.442296,0.531342,0.396599,0.427952,Current,0,,0.283623,,Monitor closely — elevated default risk,0.8678
LN0002056,2022-04,0.418182,0.5231,0.32766,0.344604,30DPD,0,,0.317097,,No immediate action,0.7837
LN0002062,2022-09,0.413803,0.503672,0.278974,0.272608,Current,0,,0.171497,,No immediate action,0.7309
LN0002062,2022-10,0.410984,0.507168,0.242035,0.210779,30DPD,0,,0.19297,,No immediate action,0.6783
LN0002062,2022-11,0.463696,0.616045,0.208208,0.422414,30DPD,0,,0.229155,,Watch for prepayment — portfolio income risk,0.7391
LN0002062,2022-12,0.540488,0.70653,0.403818,0.419943,Current,0,,0.265692,,Monitor closely — elevated default risk,0.7884
LN0002062,2023-01,0.528784,0.71036,0.3327,0.339018,Current,0,,0.300364,,No immediate action,0.7163
LN0002063,2020-05,0.540307,0.704021,0.283124,0.26854,30DPD,0,,0.265798,,No immediate action,0.6537
LN0002063,2020-06,0.53675,0.711395,0.245651,0.207351,30DPD,0,,0.227231,,No immediate action,0.6024
LN0002063,2020-07,0.149629,0.306976,0.432418,0.711462,Current,0,,0.270534,,Monitor closely — elevated default risk,0.5888
LN0002064,2025-01,0.238954,0.357123,0.351543,0.549345,Prepaid,0,,0.17995,,Watch for prepayment — portfolio income risk,0.6991
LN0002064,2025-02,0.190541,0.326064,0.297297,0.440019,Current,0,,0.206841,,Watch for prepayment — portfolio income risk,0.627
LN0002064,2025-03,0.162464,0.307442,0.253624,0.353934,Current,0,,0.297238,,No immediate action,0.5387
LN0002073,2021-06,0.152293,0.319805,0.218698,0.276706,Current,0,,0.203631,,No immediate action,0.4838
LN0002073,2021-07,0.324699,0.513539,0.196794,0.522707,Current,0,,0.229923,,Watch for prepayment — portfolio income risk,0.7426
LN0002073,2021-08,0.315576,0.504565,0.183361,0.415241,Current,0,,0.271481,,Watch for prepayment — portfolio income risk,0.7048
LN0002073,2021-09,0.316177,0.476141,0.091737,0.18145,Current,0,,0.308349,,No immediate action,0.5328
LN0002073,2021-10,0.355766,0.510555,0.164596,0.353303,Current,0,,0.339941,,No immediate action,0.6816
LN0002076,2024-10,0.352501,0.519296,0.150157,0.281356,Current,0,,0.25475,,No immediate action,0.6324
LN0002076,2024-11,0.371239,0.59944,0.223772,0.278665,Current,0,,0.282721,,No immediate action,0.6371
LN0002076,2024-12,0.548723,0.676565,0.12706,0.403513,Current,0,,0.321733,,Watch for prepayment — portfolio income risk,0.6526
LN0002076,2025-01,0.591639,0.737088,0.369238,0.484528,30DPD,0,,0.351839,,Watch for prepayment — portfolio income risk,0.7625
LN0002076,2025-02,0.592038,0.739625,0.308405,0.386296,30DPD,0,,0.376976,,No immediate action,0.6815
LN0002078,2025-02,0.5849,0.746032,0.263294,0.308958,30DPD,0,,0.196735,,No immediate action,0.6207
LN0002078,2025-03,0.574956,0.746097,0.228094,0.240574,30DPD,0,,0.28784,,No immediate action,0.5738
LN0002078,2025-04,0.463691,0.625856,0.218411,0.240281,Current,0,,0.258569,,No immediate action,0.6483
LN0002078,2025-05,0.334096,0.592382,0.123983,0.201263,Current,0,,0.288001,,No immediate action,0.5335
LN0002078,2025-06,0.33904,0.558085,0.175892,0.195082,Current,0,,0.319521,,No immediate action,0.576
LN0002086,2022-05,0.418562,0.513235,0.456717,0.607465,30DPD,0,,0.201682,,Monitor closely — elevated default risk,0.8773
LN0002086,2022-06,0.428179,0.508903,0.368839,0.482942,30DPD,0,,0.227801,,Watch for prepayment — portfolio income risk,0.8855
LN0002086,2022-07,0.317648,0.382539,0.418636,0.274756,60DPD,0,,0.330735,,Monitor closely — elevated default risk,0.6968
LN0002086,2022-08,0.236784,0.407593,0.046813,0.073473,Current,0,,0.307961,,No immediate action,0.3823
LN0002086,2022-09,0.277973,0.462522,0.123876,0.238823,Current,0,,0.34199,,No immediate action,0.5516
LN0002089,2024-11,0.304808,0.471405,0.05891,0.094948,Current,0,,0.214343,,No immediate action,0.465
LN0002089,2024-12,0.297349,0.475931,0.156387,0.190989,Current,0,,0.234076,,No immediate action,0.5603
LN0002089,2025-01,0.296856,0.468515,0.140511,0.151647,Current,0,,0.2773,,No immediate action,0.5288
LN0002089,2025-02,0.380252,0.693997,0.111866,0.105736,Current,0,,0.313012,,No immediate action,0.4519
LN0002089,2025-03,0.495981,0.694493,0.100244,0.096409,Current,0,,0.348993,,No immediate action,0.4991
LN0002093,2023-06,0.549671,0.720781,0.0896,0.084315,30DPD,0,,0.162195,,No immediate action,0.4517
LN0002093,2023-07,0.482124,0.725702,0.160992,0.136324,Current,0,,0.196534,,No immediate action,0.5269
LN0002093,2023-08,0.489659,0.722716,0.146162,0.114204,Current,0,,0.236072,,No immediate action,0.5137
LN0002094,2021-05,0.567977,0.669897,0.066014,0.140613,30DPD,1,Anomaly:IsolationForest,0.493897,modification_flag(z=10.67); days_past_due(z=2.40); remaining_term_months(z=1.97),Review required — exception flagged,0.4844
LN0002094,2021-06,0.633123,0.72853,0.216501,0.231851,60DPD,1,Anomaly:IsolationForest,0.393934,days_past_due(z=2.40); remaining_term_months(z=2.10); loan_age_months(z=2.10),Review required — exception flagged,0.5433
LN0002094,2021-07,0.629088,0.72836,0.170406,0.240087,30DPD,1,Anomaly:IsolationForest,0.515568,modification_flag(z=10.67); days_past_due(z=2.40); remaining_term_months(z=2.22),Review required — exception flagged,0.5265
LN0002094,2021-08,0.652432,0.745403,0.15884,0.189275,30DPD,0,,0.350644,,No immediate action,0.4751
LN0002094,2021-09,0.571974,0.666935,0.074618,0.079904,30DPD,0,,0.378705,,No immediate action,0.4578
LN0002107,2023-09,0.677438,0.772761,0.202119,0.556757,30DPD,1,Anomaly:IsolationForest,0.40659,original_balance(z=3.83); remaining_term_months(z=1.97); loan_age_months(z=1.97),Review required — exception flagged,0.5976
LN0002107,2023-10,0.672699,0.768534,0.184507,0.444755,30DPD,1,Anomaly:IsolationForest,0.424897,original_balance(z=3.83); remaining_term_months(z=2.10); loan_age_months(z=2.10),Review required — exception flagged,0.594
LN0002107,2023-11,0.715593,0.791111,0.422249,0.314414,60DPD,1,Anomaly:IsolationForest,0.44255,original_balance(z=3.83); remaining_term_months(z=2.22); loan_age_months(z=2.22),Review required — exception flagged,0.615
LN0002107,2023-12,0.78252,0.777733,0.148563,0.263997,30DPD,1,Anomaly:IsolationForest,0.48784,original_balance(z=3.83); remaining_term_months(z=2.35); loan_age_months(z=2.35),Review required — exception flagged,0.4262
LN0002107,2024-01,0.686807,0.777866,0.141424,0.207732,30DPD,1,Anomaly:IsolationForest,0.502162,original_balance(z=3.83); remaining_term_months(z=2.48); loan_age_months(z=2.48),Review required — exception flagged,0.4422
LN0002140,2023-12,0.366926,0.653189,0.105505,0.22109,Current,0,,0.147621,,No immediate action,0.5202
LN0002140,2024-01,0.403354,0.645425,0.184889,0.421258,Current,0,,0.171728,,Watch for prepayment — portfolio income risk,0.682
LN0002149,2020-04,0.419928,0.658671,0.169054,0.339983,Current,0,,0.255779,,No immediate action,0.6351
LN0002149,2020-05,0.449722,0.756397,0.271588,0.336381,Current,0,,0.277638,,No immediate action,0.6506
LN0002149,2020-06,0.439327,0.751321,0.271486,0.3365,Current,0,,0.313744,,No immediate action,0.648
LN0002149,2020-07,0.439327,0.751596,0.235428,0.267022,Current,0,,0.348141,,No immediate action,0.5951
LN0002149,2020-08,0.395526,0.562885,0.468009,0.66415,Current,0,,0.373677,,Monitor closely — elevated default risk,0.8182
LN0002150,2021-04,0.411436,0.58916,0.375439,0.530664,30DPD,0,,0.174945,,Watch for prepayment — portfolio income risk,0.8335
LN0002150,2021-05,0.395267,0.572673,0.313406,0.421422,30DPD,0,,0.206053,,Watch for prepayment — portfolio income risk,0.7787
LN0002150,2021-06,0.652782,0.681862,0.695702,0.373401,60DPD,0,,0.24213,,Monitor closely — elevated default risk,0.6715
LN0002150,2021-07,0.628571,0.662514,0.611869,0.238143,30DPD,0,,0.283261,,Monitor closely — elevated default risk,0.6676
LN0002150,2021-08,0.622356,0.663104,0.178578,0.086142,30DPD,0,,0.315328,,No immediate action,0.4896
LN0002163,2020-12,0.215692,0.414726,0.031912,0.052026,Current,0,,0.215082,,No immediate action,0.3572
LN0002166,2024-02,0.515998,0.65145,0.025167,0.051654,60DPD,0,,0.192438,,No immediate action,0.4547
LN0002166,2024-03,0.506817,0.672419,0.05184,0.039487,Current,0,,0.224085,,No immediate action,0.456
LN0002166,2024-04,0.485271,0.682703,0.126215,0.114536,Prepaid,0,,0.274863,,Watch for prepayment — portfolio income risk,0.5217
LN0002166,2024-05,0.539949,0.683921,0.120223,0.096651,Current,0,,0.309019,,No immediate action,0.4965
LN0002166,2024-06,0.601763,0.640442,0.413324,0.085362,60DPD,0,,0.343536,,Monitor closely — elevated default risk,0.6282
LN0002176,2023-08,0.607155,0.661535,0.338057,0.069066,60DPD,0,,0.203013,,No immediate action,0.5692
LN0002176,2023-09,0.381333,0.619499,0.208874,0.422746,Current,0,,0.235275,,Watch for prepayment — portfolio income risk,0.6967
LN0002176,2023-10,0.452313,0.645232,0.09568,0.146764,Current,0,,0.275251,,No immediate action,0.5248
LN0002176,2023-11,0.509643,0.622924,0.528859,0.554956,Current,0,,0.311544,,Monitor closely — elevated default risk,0.8918
LN0002176,2023-12,0.499068,0.64656,0.409537,0.443835,Current,0,,0.343878,,Monitor closely — elevated default risk,0.8529
LN0002184,2021-03,0.501976,0.647648,0.337337,0.355835,Current,0,,0.215378,,No immediate action,0.7718
LN0002184,2021-04,0.51288,0.628565,0.286889,0.283437,Current,0,,0.236676,,No immediate action,0.7144
LN0002184,2021-05,0.504062,0.635238,0.248594,0.21822,Current,0,,0.27685,,No immediate action,0.6638
LN0002184,2021-06,0.47349,0.578596,0.204212,0.420271,30DPD,0,,0.314886,,Watch for prepayment — portfolio income risk,0.7597
LN0002184,2021-07,0.312537,0.467737,0.37435,0.408444,30DPD,0,,0.347487,,Watch for prepayment — portfolio income risk,0.7815
LN0002186,2021-06,0.538637,0.650496,0.322922,0.335903,30DPD,0,,0.222532,,No immediate action,0.7348
LN0002186,2021-07,0.533649,0.6397,0.275576,0.266517,30DPD,0,,0.173192,,No immediate action,0.6844
LN0002186,2021-08,0.523609,0.640298,0.23892,0.205734,30DPD,0,,0.212721,,No immediate action,0.6404
LN0002186,2021-09,0.321933,0.505627,0.103884,0.215355,30DPD,0,,0.255097,,No immediate action,0.5678
LN0002186,2021-10,0.308527,0.501224,0.452457,0.701094,Current,0,,0.288015,,Monitor closely — elevated default risk,0.7793
LN0002187,2020-05,0.277896,0.47166,0.358645,0.540998,Current,0,,0.179351,,Watch for prepayment — portfolio income risk,0.7836
LN0002187,2020-06,0.309806,0.488819,0.305874,0.437336,Current,0,,0.20656,,Watch for prepayment — portfolio income risk,0.7709
LN0002187,2020-07,0.291207,0.488819,0.260988,0.351167,Current,0,,0.250914,,No immediate action,0.6961
LN0002187,2020-08,0.299027,0.496262,0.225499,0.279595,Current,0,,0.290899,,No immediate action,0.6502
LN0002187,2020-09,0.271368,0.432953,0.509231,0.474997,Current,0,,0.321291,,Monitor closely — elevated default risk,0.835
LN0002189,2021-04,0.267829,0.430708,0.39943,0.379423,Prepaid,0,,0.194755,,Monitor closely — elevated default risk,0.7387
LN0002189,2021-05,0.255864,0.426459,0.330229,0.30314,Current,0,,0.226878,,No immediate action,0.6578
LN0002189,2021-06,0.281296,0.41345,0.280526,0.235234,Prepaid,0,,0.264869,,Watch for prepayment — portfolio income risk,0.6053
LN0002189,2021-07,0.262529,0.420945,0.243401,0.183743,Current,0,,0.299765,,No immediate action,0.5553
LN0002189,2021-08,0.289111,0.46101,0.107799,0.140714,Current,0,,0.334649,,No immediate action,0.4993
LN0002194,2021-04,0.34177,0.520374,0.189085,0.26996,Current,0,,0.231823,,No immediate action,0.6402
LN0002194,2021-05,0.357374,0.507974,0.173104,0.208303,Current,0,,0.255076,,No immediate action,0.6154
LN0002194,2021-06,0.401769,0.619037,0.282708,0.20659,Current,0,,0.292348,,No immediate action,0.636
LN0002194,2021-07,0.401952,0.619143,0.245357,0.163137,Current,0,,0.327728,,No immediate action,0.5957
LN0002194,2021-08,0.457362,0.543355,0.195557,0.139392,Current,0,,0.356829,,No immediate action,0.6245
LN0002206,2020-12,0.336432,0.493733,0.09372,0.132918,Current,0,,0.260402,,No immediate action,0.5284
LN0002206,2021-01,0.316224,0.483908,0.087047,0.120656,Current,0,,0.286517,,No immediate action,0.5039
LN0002206,2021-02,0.351711,0.496524,0.078673,0.105275,Current,0,,0.316402,,No immediate action,0.5161
LN0002206,2021-03,0.350125,0.539844,0.136734,0.180015,Current,0,,0.351663,,No immediate action,0.5635
LN0002206,2021-04,0.450406,0.628346,0.130003,0.341921,Current,1,Anomaly:IsolationForest,0.382059,remaining_term_months(z=2.48); loan_age_months(z=2.48); month_index(z=2.48),Review required — exception flagged,0.647
LN0002210,2024-04,0.442182,0.629214,0.189751,0.328825,Current,0,,0.313473,,No immediate action,0.6658
LN0002210,2024-05,0.43844,0.656787,0.334238,0.326614,Current,0,,0.220177,,No immediate action,0.7213
LN0002210,2024-06,0.43844,0.658377,0.284376,0.257097,Current,0,,0.270407,,No immediate action,0.6608
LN0002210,2024-07,0.44132,0.666445,0.246729,0.199361,Current,0,,0.300103,,No immediate action,0.6105
LN0002210,2024-08,0.120383,0.192717,0.441827,0.681293,Current,0,,0.334215,,Monitor closely — elevated default risk,0.5368
LN0002216,2021-07,0.131561,0.199461,0.359288,0.540351,Current,0,,0.177247,,Watch for prepayment — portfolio income risk,0.575
LN0002216,2021-08,0.122778,0.191726,0.301401,0.429659,Current,0,,0.20826,,Watch for prepayment — portfolio income risk,0.5228
LN0002216,2021-09,0.131561,0.197873,0.2566,0.346694,Current,0,,0.245585,,No immediate action,0.4664
LN0002216,2021-10,0.130966,0.194771,0.221951,0.274858,Current,0,,0.27994,,No immediate action,0.4113
LN0002216,2021-11,0.376035,0.557081,0.491024,0.444019,Current,1,Anomaly:IsolationForest,0.388854,remaining_term_months(z=2.48); loan_age_months(z=2.48); month_index(z=2.48),Review required — exception flagged,0.877
LN0002220,2021-10,0.376499,0.545089,0.390453,0.355962,Current,0,,0.24062,,Monitor closely — elevated default risk,0.7889
LN0002220,2021-11,0.376035,0.55717,0.323151,0.283541,Current,0,,0.267969,,No immediate action,0.7128
LN0002220,2021-12,0.379478,0.543415,0.275987,0.218603,Current,0,,0.353051,,No immediate action,0.6653
LN0002220,2022-01,0.382808,0.538213,0.239601,0.173104,Current,0,,0.374131,,No immediate action,0.6286
LN0002220,2022-02,0.270242,0.502798,0.109276,0.130943,Current,1,Anomaly:IsolationForest,0.425436,remaining_term_months(z=2.48); loan_age_months(z=2.48); month_index(z=2.48),Review required — exception flagged,0.5038
LN0002228,2022-03,0.272596,0.542974,0.191656,0.242328,Current,0,,0.231221,,No immediate action,0.5818
LN0002228,2022-04,0.284122,0.531276,0.174547,0.19118,Current,0,,0.25704,,No immediate action,0.5593
LN0002228,2022-05,0.354577,0.608629,0.287309,0.189561,Current,0,,0.298874,,No immediate action,0.6114
LN0002228,2022-06,0.335261,0.605443,0.248889,0.150654,Current,0,,0.330544,,No immediate action,0.5647
LN0002228,2022-07,0.522564,0.717605,0.697018,0.384455,60DPD,0,,0.360203,,Monitor closely — elevated default risk,0.7236
LN0002237,2022-12,0.410935,0.569636,0.119899,0.347806,Current,0,,0.159506,,No immediate action,0.6545
LN0002250,2022-11,0.36657,0.607329,0.117396,0.276912,Current,0,,0.153308,,No immediate action,0.5768
LN0002250,2022-12,0.369971,0.547633,0.032189,0.064765,Current,0,,0.182848,,No immediate action,0.4596
LN0002250,2023-01,0.356971,0.573305,0.097376,0.185748,Current,0,,0.226342,,No immediate action,0.5334
LN0002254,2025-01,0.271156,0.496007,0.468842,0.50976,Current,0,,0.29016,,Monitor closely — elevated default risk,0.8631
LN0002254,2025-02,0.209319,0.436562,0.365663,0.402296,Current,0,,0.380021,,Watch for prepayment — portfolio income risk,0.7069
LN0002254,2025-03,0.2667,0.491783,0.313629,0.325803,Current,0,,0.254724,,No immediate action,0.699
LN0002254,2025-04,0.268579,0.502534,0.267932,0.256699,Current,0,,0.291263,,No immediate action,0.6453
LN0002254,2025-05,0.406049,0.398268,0.353051,0.113538,30DPD,0,,0.327902,,No immediate action,0.6355
LN0002263,2023-12,0.352373,0.624414,0.531879,0.377905,Current,0,,0.187679,,Monitor closely — elevated default risk,0.787
LN0002263,2024-01,0.351049,0.621265,0.411107,0.302923,Current,0,,0.213613,,Monitor closely — elevated default risk,0.7219
LN0002263,2024-02,0.354842,0.512903,0.43069,0.163624,Current,0,,0.255272,,Monitor closely — elevated default risk,0.7181
LN0002263,2024-03,0.330097,0.535037,0.351418,0.122056,Current,0,,0.300458,,No immediate action,0.6343
LN0002263,2024-04,0.415638,0.550536,0.394827,0.077984,60DPD,0,,0.324655,,Monitor closely — elevated default risk,0.669
LN0002264,2022-09,0.227952,0.348333,0.516239,0.4393,Current,0,,0.356431,,Monitor closely — elevated default risk,0.7497
LN0002264,2022-10,0.227952,0.348333,0.515963,0.439659,Current,0,,0.377407,,Monitor closely — elevated default risk,0.75
LN0002264,2022-11,0.224409,0.362637,0.403056,0.353681,Current,1,Anomaly:IsolationForest,0.397574,original_balance(z=2.77); remaining_term_months(z=2.22); loan_age_months(z=2.22),Review required — exception flagged,0.6719
LN0002264,2022-12,0.220064,0.362637,0.332228,0.28146,Current,1,Anomaly:IsolationForest,0.42546,original_balance(z=2.77); remaining_term_months(z=2.35); loan_age_months(z=2.35),Review required — exception flagged,0.5982
LN0002264,2023-01,0.225994,0.35314,0.282499,0.216883,Current,1,Anomaly:IsolationForest,0.666667,current_balance(z=14.98); balance_utilisation(z=13.14); original_balance(z=2.77),Review required — exception flagged,0.5393
LN0002276,2025-02,0.231243,0.355099,0.245259,0.17166,Current,0,,0.156407,,No immediate action,0.5016
LN0002276,2025-03,0.390295,0.553961,0.104,0.207066,30DPD,0,,0.178979,,No immediate action,0.5737
LN0002276,2025-04,0.411019,0.524241,0.207066,0.420599,Current,0,,0.224463,,Watch for prepayment — portfolio income risk,0.7572
LN0002276,2025-05,0.229297,0.443922,0.384314,0.408756,Current,0,,0.267572,,Watch for prepayment — portfolio income risk,0.7331
LN0002276,2025-06,0.44467,0.54891,0.32976,0.336023,30DPD,0,,0.303625,,No immediate action,0.7808
LN0002277,2025-02,0.473011,0.561263,0.709898,0.363957,60DPD,0,,0.243065,,Monitor closely — elevated default risk,0.7829
LN0002277,2025-03,0.300249,0.404958,0.737499,0.174451,Default,0,,0.266774,,Monitor closely — elevated default risk,0.5711
LN0002277,2025-04,0.29502,0.447097,0.069963,0.16547,Current,0,,0.302364,,No immediate action,0.4888
LN0002278,2021-01,0.163051,0.352732,0.01899,0.046001,Current,0,,0.267068,,No immediate action,0.2904
LN0002278,2021-02,0.295325,0.525852,0.008255,0.023028,Current,0,,0.286423,,No immediate action,0.4004
LN0002278,2021-03,0.345874,0.460899,0.492687,0.574548,Current,0,,0.262103,,Monitor closely — elevated default risk,0.8625
LN0002278,2021-04,0.340005,0.462548,0.391177,0.461474,Current,0,,0.296664,,Monitor closely — elevated default risk,0.8276
LN0002278,2021-05,0.343164,0.474526,0.323496,0.369238,Current,0,,0.372836,,No immediate action,0.7552
LN0002290,2022-08,0.364722,0.479959,0.276604,0.294085,Current,0,,0.169065,,No immediate action,0.7077
LN0002290,2022-09,0.363125,0.478868,0.240087,0.227613,30DPD,0,,0.189367,,No immediate action,0.6548
LN0002290,2022-10,0.123354,0.257714,0.210684,0.197174,Current,0,,0.233004,,No immediate action,0.3945
LN0002290,2022-11,0.120585,0.26773,0.19375,0.157958,Current,0,,0.274116,,No immediate action,0.37
LN0002290,2022-12,0.130151,0.286082,0.089347,0.072462,Current,0,,0.309749,,No immediate action,0.289
LN0002292,2022-05,0.143666,0.297706,0.160699,0.113205,Current,0,,0.290966,,No immediate action,0.3576
LN0002295,2023-08,0.070164,0.185535,0.149659,0.072896,Current,0,,0.182174,,No immediate action,0.2391
LN0002295,2023-09,0.403157,0.576547,0.540674,0.068614,30DPD,0,,0.213108,,Monitor closely — elevated default risk,0.6773
LN0002295,2023-10,0.373102,0.55997,0.373943,0.500753,Current,0,,0.258267,,Watch for prepayment — portfolio income risk,0.8432
LN0002295,2023-11,0.35829,0.571691,0.311954,0.398832,Current,0,,0.293239,,Watch for prepayment — portfolio income risk,0.7487
LN0002295,2023-12,0.36586,0.575503,0.266719,0.319836,Current,0,,0.327409,,No immediate action,0.6885
LN0002307,2021-11,0.363857,0.57713,0.23108,0.251746,Current,0,,0.197122,,No immediate action,0.6348
LN0002307,2021-12,0.556137,0.742498,0.212018,0.285526,30DPD,0,,0.21945,,No immediate action,0.5995
LN0002307,2022-01,0.570693,0.741663,0.098577,0.10677,Current,0,,0.261496,,No immediate action,0.4465
LN0002307,2022-02,0.585594,0.771303,0.1757,0.182979,30DPD,0,,0.295335,,No immediate action,0.5009
LN0002307,2022-03,0.494173,0.660495,0.194606,0.208589,30DPD,0,,0.330146,,No immediate action,0.6184
LN0002313,2022-07,0.601016,0.686583,0.539706,0.361224,30DPD,0,,0.262473,,Monitor closely — elevated default risk,0.767
LN0002313,2022-08,0.548757,0.652511,0.165179,0.309068,Current,0,,0.290895,,No immediate action,0.6365
LN0002313,2022-09,0.412389,0.613492,0.079085,0.117615,30DPD,0,,0.32244,,No immediate action,0.4978
LN0002313,2022-10,0.471002,0.647587,0.132296,0.09409,30DPD,0,,0.35092,,No immediate action,0.5249
LN0002313,2022-11,0.237517,0.376228,0.462682,0.579182,Current,1,Anomaly:IsolationForest,0.382408,remaining_term_months(z=2.48); loan_age_months(z=2.48); month_index(z=2.48),Review required — exception flagged,0.7486
LN0002315,2024-08,0.223697,0.390256,0.371648,0.463087,Current,0,,0.171654,,Watch for prepayment — portfolio income risk,0.7243
LN0002315,2024-09,0.261259,0.402332,0.310287,0.370708,Current,0,,0.199269,,No immediate action,0.6723
LN0002315,2024-10,0.238319,0.395246,0.265004,0.295688,Current,0,,0.245679,,No immediate action,0.5971
LN0002315,2024-11,0.236122,0.406679,0.229249,0.22896,Current,0,,0.27382,,No immediate action,0.5505
LN0002315,2024-12,0.65233,0.642439,0.721557,0.34326,60DPD,0,,0.306283,,Monitor closely — elevated default risk,0.6635
LN0002316,2021-08,0.488525,0.591607,0.535897,0.58669,Current,0,,0.219274,,Monitor closely — elevated default risk,0.8872
LN0002316,2021-09,0.51372,0.661002,0.393507,0.441827,30DPD,0,,0.248215,,Monitor closely — elevated default risk,0.8303
LN0002316,2021-10,0.530396,0.555262,0.348674,0.033809,Current,0,,0.287588,,No immediate action,0.6484
LN0002316,2021-11,0.536704,0.595551,0.284167,0.271282,30DPD,0,,0.325249,,No immediate action,0.7116
LN0002316,2021-12,0.537792,0.59186,0.246533,0.209446,30DPD,0,,0.355125,,No immediate action,0.6632
LN0002329,2022-10,0.362609,0.487442,0.480476,0.511088,Current,0,,0.178717,,Monitor closely — elevated default risk,0.9097
LN0002329,2022-11,0.381632,0.485956,0.382627,0.405504,Current,0,,0.2061,,Watch for prepayment — portfolio income risk,0.8279
LN0002329,2022-12,0.358539,0.507007,0.318586,0.325225,Current,0,,0.251495,,No immediate action,0.7477
LN0002331,2022-10,0.349722,0.499953,0.271282,0.256302,Current,0,,0.212524,,No immediate action,0.6886
LN0002331,2022-11,0.355796,0.487394,0.235331,0.198696,Current,0,,0.232859,,No immediate action,0.6386
LN0002331,2022-12,0.197992,0.337613,0.539064,0.359545,Current,0,,0.280182,,Monitor closely — elevated default risk,0.678
LN0002331,2023-01,0.197836,0.319533,0.41444,0.286889,Current,0,,0.314381,,Monitor closely — elevated default risk,0.6093
LN0002331,2023-02,0.197836,0.319533,0.340466,0.221377,Current,0,,0.348638,,No immediate action,0.5396
LN0002336,2022-11,0.19464,0.331133,0.288678,0.175604,Current,0,,0.238565,,No immediate action,0.495
LN0002338,2021-06,0.194093,0.318464,0.250168,0.140917,Current,0,,0.147846,,No immediate action,0.4518
LN0002338,2021-07,0.49335,0.5997,0.105851,0.217838,Current,0,,0.179254,,No immediate action,0.6087
LN0002338,2021-08,0.52434,0.606321,0.092608,0.181067,Current,0,,0.225738,,No immediate action,0.5715
LN0002338,2021-09,0.59369,0.632861,0.165955,0.352296,30DPD,0,,0.258898,,No immediate action,0.6458
LN0002338,2021-10,0.589845,0.636107,0.151547,0.280112,30DPD,0,,0.291633,,No immediate action,0.6029
LN0002341,2022-07,0.510532,0.637917,0.22243,0.273936,30DPD,0,,0.194717,,No immediate action,0.674
LN0002341,2022-08,0.314846,0.453634,0.524731,0.419125,Current,0,,0.220336,,Monitor closely — elevated default risk,0.8314
LN0002341,2022-09,0.320951,0.450707,0.407356,0.338898,Current,0,,0.264413,,Monitor closely — elevated default risk,0.759
LN0002341,2022-10,0.343755,0.457461,0.335427,0.268641,Current,0,,0.301642,,No immediate action,0.7026
LN0002341,2022-11,0.344621,0.455085,0.285108,0.207637,Current,0,,0.337798,,No immediate action,0.6462
LN0002344,2022-07,0.336943,0.461913,0.247219,0.163916,Current,0,,0.15326,,No immediate action,0.605
LN0002344,2022-08,0.243813,0.426266,0.44642,0.716348,Current,0,,0.172791,,Monitor closely — elevated default risk,0.7001
LN0002344,2022-09,0.258099,0.44598,0.361483,0.555314,Current,0,,0.210636,,Watch for prepayment — portfolio income risk,0.7551
LN0002344,2022-10,0.243813,0.434581,0.303467,0.443103,Current,0,,0.250969,,Watch for prepayment — portfolio income risk,0.7125
LN0002344,2022-11,0.292736,0.614134,0.072171,0.38502,Current,0,,0.333642,,No immediate action,0.5679
LN0002347,2022-03,0.313562,0.623206,0.07144,0.307743,Current,0,,0.17675,,No immediate action,0.5348
LN0002347,2022-04,0.296397,0.638452,0.311398,0.442738,Current,0,,0.271178,,Watch for prepayment — portfolio income risk,0.706
LN0002347,2022-05,0.296397,0.638452,0.266214,0.354819,Current,0,,0.347615,,No immediate action,0.6395
LN0002347,2022-06,0.293519,0.639007,0.230694,0.282604,Current,0,,0.33139,,No immediate action,0.5839
LN0002347,2022-07,0.574252,0.726697,0.629434,0.392922,Current,0,,0.308929,,Monitor closely — elevated default risk,0.7313
LN0002354,2022-03,0.34533,0.486458,0.12885,0.359803,Current,0,,0.20589,,No immediate action,0.6602
LN0002354,2022-04,0.348967,0.456514,0.122592,0.286994,Current,0,,0.235841,,No immediate action,0.6075
LN0002354,2022-05,0.350338,0.45356,0.325225,0.345955,30DPD,0,,0.276911,,No immediate action,0.7375
LN0002354,2022-06,0.35846,0.451451,0.277221,0.274141,Current,0,,0.314875,,No immediate action,0.6806
LN0002357,2022-09,0.357407,0.468966,0.240768,0.212113,Current,0,,0.250559,,No immediate action,0.6396
LN0002357,2022-10,0.227057,0.379294,0.449038,0.654504,Current,0,,0.201674,,Monitor closely — elevated default risk,0.7004
LN0002357,2022-11,0.237187,0.388812,0.362783,0.52386,Current,0,,0.301543,,Watch for prepayment — portfolio income risk,0.7325
LN0002357,2022-12,0.262897,0.388606,0.304669,0.41508,Current,0,,0.329836,,Watch for prepayment — portfolio income risk,0.6856
LN0002357,2023-01,0.238127,0.380938,0.259289,0.335189,Current,1,Anomaly:IsolationForest,0.396159,remaining_term_months(z=2.48); loan_age_months(z=2.48); month_index(z=2.48),Review required — exception flagged,0.6068
LN0002358,2023-09,0.226543,0.378092,0.224252,0.265205,Current,0,,0.191814,,No immediate action,0.547
LN0002358,2023-10,0.529957,0.650578,0.200027,0.443652,30DPD,0,,0.286468,,Watch for prepayment — portfolio income risk,0.7316
LN0002358,2023-11,0.515159,0.637562,0.186892,0.356344,30DPD,0,,0.255665,,No immediate action,0.6953
LN0002358,2023-12,0.51646,0.617574,0.086272,0.126532,30DPD,0,,0.292576,,No immediate action,0.5394
LN0002365,2021-04,0.561129,0.686602,0.154219,0.231273,30DPD,0,,0.341839,,No immediate action,0.5689
LN0002365,2021-05,0.588392,0.697338,0.293446,0.160797,60DPD,1,Anomaly:IsolationForest,0.430117,days_past_due(z=3.71); remaining_term_months(z=2.10); loan_age_months(z=2.10),Review required — exception flagged,0.5843
LN0002365,2021-06,0.503733,0.720751,0.050715,0.079495,Current,0,,0.306608,,No immediate action,0.4529
LN0002365,2021-07,0.470112,0.719187,0.069066,0.068009,60DPD,0,,0.342184,,No immediate action,0.444
LN0002365,2021-08,0.564485,0.641014,0.587146,0.162163,60DPD,0,,0.363809,,Monitor closely — elevated default risk,0.6848
LN0002366,2022-11,0.452913,0.667991,0.210017,0.127482,60DPD,0,,0.145645,,No immediate action,0.5612
LN0002366,2022-12,0.535632,0.680336,0.054215,0.066632,60DPD,0,,0.17009,,No immediate action,0.4524
LN0002366,2023-01,0.356304,0.564772,0.209636,0.342407,Current,0,,0.212151,,No immediate action,0.6718
LN0002366,2023-02,0.378895,0.586578,0.193084,0.272302,Current,0,,0.24819,,No immediate action,0.6289
LN0002366,2023-03,0.419749,0.591821,0.088966,0.103418,Current,0,,0.282137,,No immediate action,0.5102
LN0002368,2024-12,0.389748,0.574543,0.159917,0.175796,Current,0,,0.155591,,No immediate action,0.5755
LN0002368,2025-01,0.559279,0.678406,0.070704,0.07561,Current,0,,0.185676,,No immediate action,0.4543
LN0002368,2025-02,0.553305,0.70776,0.062858,0.124835,Current,0,,0.230363,,No immediate action,0.4633
LN0002368,2025-03,0.652455,0.731085,0.21526,0.190418,60DPD,0,,0.264026,,No immediate action,0.5111
LN0002368,2025-04,0.62459,0.717442,0.147764,0.08922,60DPD,0,,0.295016,,No immediate action,0.4475
LN0002370,2023-02,0.694721,0.70981,0.375575,0.107114,Default,0,,0.306117,,Monitor closely — elevated default risk,0.5391
LN0002370,2023-03,0.39803,0.549363,0.201549,0.40985,Current,0,,0.329155,,Watch for prepayment — portfolio income risk,0.73
LN0002370,2023-04,0.441831,0.574722,0.555673,0.292488,60DPD,1,Anomaly:IsolationForest,0.445293,days_past_due(z=2.40); remaining_term_months(z=2.22); loan_age_months(z=2.22),Review required — exception flagged,0.802
LN0002370,2023-05,0.344657,0.526663,0.166052,0.243597,Current,1,Anomaly:IsolationForest,0.509008,days_past_due(z=3.71); remaining_term_months(z=2.35); loan_age_months(z=2.35),Review required — exception flagged,0.6138
LN0002370,2023-06,0.331678,0.51963,0.156485,0.191751,Current,1,Anomaly:IsolationForest,0.519196,days_past_due(z=3.71); remaining_term_months(z=2.48); loan_age_months(z=2.48),Review required — exception flagged,0.5801
LN0002371,2023-10,0.539863,0.600399,0.749599,0.20307,60DPD,0,,0.171989,,Monitor closely — elevated default risk,0.6566
LN0002371,2023-11,0.19054,0.25931,0.783539,0.107571,Default,0,,0.197505,,Monitor closely — elevated default risk,0.3869
LN0002371,2023-12,0.401624,0.600997,0.046611,0.062051,Current,0,,0.235674,,No immediate action,0.4546
LN0002371,2024-01,0.428125,0.612875,0.020279,0.030495,Current,0,,0.321007,,No immediate action,0.433
LN0002371,2024-02,0.451337,0.641609,0.008255,0.016641,Current,0,,0.305153,,No immediate action,0.4173
LN0002373,2022-07,0.349972,0.608651,0.19803,0.46248,Current,0,,0.192289,,Watch for prepayment — portfolio income risk,0.7009
LN0002373,2022-08,0.685668,0.720462,0.392485,0.469679,30DPD,0,,0.220025,,Monitor closely — elevated default risk,0.728
LN0002373,2022-09,0.681277,0.716888,0.324532,0.375303,30DPD,0,,0.25898,,No immediate action,0.6508
LN0002373,2022-10,0.659227,0.703312,0.276809,0.299344,30DPD,0,,0.294695,,No immediate action,0.6068
LN0002373,2022-11,0.681739,0.720397,0.240476,0.230983,30DPD,0,,0.329739,,No immediate action,0.5347
LN0002379,2021-12,0.546581,0.590082,0.12927,0.352547,Current,0,,0.22129,,No immediate action,0.6726
LN0002379,2022-01,0.547641,0.58112,0.187941,0.340104,Current,0,,0.243316,,No immediate action,0.6996
LN0002379,2022-02,0.583374,0.621118,0.328242,0.337337,Current,0,,0.27907,,No immediate action,0.7305
LN0002379,2022-03,0.580297,0.625994,0.279284,0.267325,Current,0,,0.319042,,No immediate action,0.6702
LN0002379,2022-04,0.586593,0.632676,0.24223,0.206114,Current,0,,0.346833,,No immediate action,0.6145
LN0002380,2021-10,0.261149,0.408922,0.548659,0.35406,Current,0,,0.171897,,Monitor closely — elevated default risk,0.7377
LN0002380,2021-11,0.262114,0.408869,0.418473,0.282187,Current,0,,0.198495,,Monitor closely — elevated default risk,0.6858
LN0002380,2021-12,0.410362,0.40361,0.596141,0.120764,60DPD,0,,0.238359,,Monitor closely — elevated default risk,0.6693
LN0002380,2022-01,0.233972,0.262023,0.605325,0.072607,Default,0,,0.276523,,Monitor closely — elevated default risk,0.4816
LN0002380,2022-02,0.208619,0.256201,0.549001,0.04801,Default,0,,0.305461,,Monitor closely — elevated default risk,0.4819
LN0002385,2023-09,0.477463,0.698421,0.050336,0.07743,Current,0,,0.204388,,No immediate action,0.4534
LN0002385,2023-10,0.566251,0.713993,0.043918,0.070852,Current,0,,0.232702,,No immediate action,0.4173
LN0002385,2023-11,0.629563,0.753869,0.11816,0.213162,Current,0,,0.275138,,No immediate action,0.4739
LN0002385,2023-12,0.67119,0.772479,0.205068,0.149261,60DPD,0,,0.307138,,No immediate action,0.4553
LN0002385,2024-01,0.626483,0.731729,0.13929,0.153528,30DPD,0,,0.342967,,No immediate action,0.4673
LN0002389,2021-11,0.388392,0.529715,0.106426,0.166731,Current,0,,0.23341,,No immediate action,0.5659
LN0002389,2021-12,0.387869,0.558671,0.185557,0.323726,Current,0,,0.258023,,No immediate action,0.6692
LN0002389,2022-01,0.396338,0.55033,0.17002,0.255011,Current,0,,0.294377,,No immediate action,0.6355
LN0002389,2022-02,0.443798,0.607512,0.274039,0.252734,Current,0,,0.330273,,No immediate action,0.6815
LN0002389,2022-03,0.424257,0.614117,0.237852,0.197079,Current,0,,0.357746,,No immediate action,0.6225
LN0002391,2022-08,0.465425,0.632988,0.52444,0.391757,Current,0,,0.237431,,Monitor closely — elevated default risk,0.8499
LN0002391,2022-09,0.440928,0.611183,0.407047,0.313965,Current,0,,0.264953,,Monitor closely — elevated default risk,0.7754
LN0002391,2022-10,0.463861,0.646223,0.335189,0.246042,Current,0,,0.296308,,No immediate action,0.6994
LN0002391,2022-11,0.461022,0.613176,0.284689,0.193464,Current,0,,0.332716,,No immediate action,0.663
LN0002391,2022-12,0.441651,0.618243,0.247121,0.153132,Current,0,,0.361733,,No immediate action,0.6118
LN0002393,2021-05,0.464538,0.629496,0.522134,0.517345,Current,0,,0.182763,,Monitor closely — elevated default risk,0.8978
LN0002393,2021-06,0.471934,0.623773,0.406274,0.410792,Current,0,,0.323132,,Monitor closely — elevated default risk,0.8326
LN0002393,2021-07,0.475817,0.626338,0.40612,0.411265,Current,0,,0.299154,,Monitor closely — elevated default risk,0.8334
LN0002393,2021-08,0.470628,0.622874,0.334713,0.331756,30DPD,0,,0.281132,,No immediate action,0.7571
LN0002393,2021-09,0.459154,0.616844,0.28448,0.262993,Current,0,,0.312891,,No immediate action,0.6949
LN0002394,2021-11,0.477474,0.615377,0.246925,0.202214,Current,0,,0.169104,,No immediate action,0.6556
LN0002394,2021-12,0.253303,0.409487,0.498021,0.436626,Current,0,,0.196455,,Monitor closely — elevated default risk,0.7987
LN0002394,2022-01,0.247392,0.407745,0.393653,0.350917,Current,0,,0.250465,,Monitor closely — elevated default risk,0.6999
LN0002394,2022-02,0.271707,0.409946,0.325687,0.279698,Current,0,,0.28966,,No immediate action,0.6435
LN0002394,2022-03,0.248611,0.408026,0.27753,0.215642,Current,0,,0.361554,,No immediate action,0.5749
LN0002398,2023-05,0.25104,0.387087,0.241158,0.170213,Current,0,,0.28718,,No immediate action,0.5247
LN0002398,2023-06,0.380429,0.63005,0.527965,0.489143,Current,0,,0.310638,,Monitor closely — elevated default risk,0.8558
LN0002398,2023-07,0.414859,0.619612,0.406892,0.387579,Current,0,,0.33993,,Monitor closely — elevated default risk,0.7949
LN0002398,2023-08,0.39635,0.621682,0.337098,0.312066,Current,0,,0.373248,,No immediate action,0.7119
LN0002398,2023-09,0.381259,0.638567,0.286365,0.244183,Current,1,Anomaly:IsolationForest,0.399433,remaining_term_months(z=2.48); loan_age_months(z=2.48); month_index(z=2.48),Review required — exception flagged,0.6366
LN0002418,2022-09,0.39351,0.61772,0.248397,0.192417,Current,0,,0.18361,,No immediate action,0.6083
LN0002418,2022-10,0.275685,0.528433,0.53006,0.409381,Current,0,,0.270369,,Monitor closely — elevated default risk,0.8133
LN0002418,2022-11,0.276997,0.537407,0.410007,0.32976,Current,0,,0.24127,,Monitor closely — elevated default risk,0.7397
LN0002427,2023-10,0.287421,0.546494,0.337697,0.260688,Current,0,,0.165667,,No immediate action,0.6697
LN0002427,2023-11,0.279444,0.537681,0.287099,0.201168,Current,0,,0.258933,,No immediate action,0.615
LN0002427,2023-12,0.277728,0.523818,0.248692,0.159721,Current,0,,0.288837,,No immediate action,0.5812
LN0002427,2024-01,0.340904,0.603282,0.104581,0.195462,Current,0,,0.370123,,No immediate action,0.5188
LN0002427,2024-02,0.527538,0.661412,0.648821,0.247317,Current,1,Anomaly:IsolationForest,0.437363,days_past_due(z=3.71); remaining_term_months(z=2.48); loan_age_months(z=2.48),Review required — exception flagged,0.7048
LN0002428,2024-11,0.48,0.648906,0.213829,0.182119,Current,0,,0.157088,,No immediate action,0.6135
LN0002428,2024-12,0.336864,0.592108,0.112536,0.155993,Current,0,,0.189371,,No immediate action,0.5066
LN0002428,2025-01,0.32255,0.597689,0.028409,0.042192,Current,0,,0.236924,,No immediate action,0.3977
LN0002428,2025-02,0.390915,0.48315,0.461675,0.630092,Current,0,,0.277115,,Monitor closely — elevated default risk,0.8528
LN0002428,2025-03,0.385598,0.479292,0.371513,0.502263,Current,0,,0.305558,,Watch for prepayment — portfolio income risk,0.8671
LN0002443,2022-11,0.385265,0.503527,0.310065,0.39943,Current,0,,0.206391,,Watch for prepayment — portfolio income risk,0.7956
LN0002443,2022-12,0.489624,0.568255,0.257694,0.31836,Current,0,,0.233446,,No immediate action,0.7487
LN0002443,2023-01,0.397359,0.484891,0.292276,0.174355,Current,0,,0.279072,,No immediate action,0.6744
LN0002443,2023-02,0.31379,0.412624,0.536211,0.321547,Current,0,,0.31463,,Monitor closely — elevated default risk,0.7559
LN0002443,2023-03,0.26107,0.397695,0.413801,0.253525,Current,0,,0.339414,,Monitor closely — elevated default risk,0.663
LN0002444,2021-03,0.297062,0.406498,0.339862,0.19784,Current,0,,0.214514,,No immediate action,0.6206
LN0002444,2021-04,0.301279,0.414757,0.288151,0.156583,Current,0,,0.23927,,No immediate action,0.5804
LN0002444,2021-05,0.284743,0.404566,0.249873,0.127693,Current,0,,0.281329,,No immediate action,0.5334
LN0002444,2021-06,0.290651,0.389605,0.46656,0.661423,Current,0,,0.315932,,Monitor closely — elevated default risk,0.7427
LN0002444,2021-07,0.420303,0.43827,0.552473,0.378043,60DPD,0,,0.349165,,Monitor closely — elevated default risk,0.8421
LN0002460,2021-04,0.318856,0.372432,0.164985,0.320634,Current,1,Anomaly:IsolationForest,0.529638,balance_utilisation(z=13.14); current_balance(z=8.03); remaining_term_months(z=1.97),Review required — exception flagged,0.5885
LN0002460,2021-05,0.613559,0.726751,0.206114,0.415723,Current,0,,0.345369,,Watch for prepayment — portfolio income risk,0.6408
LN0002460,2021-06,0.62628,0.726879,0.565358,0.29676,60DPD,1,Anomaly:IsolationForest,0.432062,days_past_due(z=3.71); remaining_term_months(z=2.22); loan_age_months(z=2.22),Review required — exception flagged,0.6891
LN0002460,2021-07,0.605902,0.723131,0.425082,0.205068,60DPD,1,Anomaly:IsolationForest,0.455651,days_past_due(z=3.71); remaining_term_months(z=2.35); loan_age_months(z=2.35),Review required — exception flagged,0.6506
LN0002462,2020-08,0.648245,0.689286,0.461073,0.117068,90DPD,0,,0.247866,,Monitor closely — elevated default risk,0.6203
LN0002464,2023-02,0.36448,0.330603,0.175988,0.037109,Default,0,,0.150735,,Monitor closely — elevated default risk,0.4541
LN0002468,2023-04,0.520832,0.685724,0.066324,0.147864,Current,0,,0.170532,,No immediate action,0.5038
LN0002468,2023-05,0.615256,0.708263,0.123769,0.286784,30DPD,0,,0.190929,,No immediate action,0.5435
LN0002468,2023-06,0.6253,0.699518,0.173682,0.27609,Current,0,,0.234049,,No immediate action,0.5625
LN0002470,2020-05,0.653354,0.777136,0.28375,0.27363,30DPD,0,,0.306464,,No immediate action,0.5634
LN0002470,2020-06,0.642237,0.75923,0.24614,0.211541,30DPD,0,,0.27389,,No immediate action,0.5281
LN0002470,2020-07,0.304333,0.51798,0.52415,0.420928,Current,0,,0.307335,,Monitor closely — elevated default risk,0.8416
LN0002470,2020-08,0.358329,0.538609,0.406737,0.339139,Current,0,,0.339033,,Monitor closely — elevated default risk,0.7828
LN0002470,2020-09,0.358055,0.54494,0.33507,0.268945,Current,0,,0.368998,,No immediate action,0.7086
LN0002473,2022-03,0.366098,0.549269,0.284898,0.207922,Current,0,,0.317187,,No immediate action,0.6548
LN0002473,2022-04,0.353029,0.54115,0.247023,0.16411,Current,0,,0.330693,,No immediate action,0.6115
LN0002473,2022-05,0.144374,0.275865,0.495333,0.449038,Current,0,,0.361422,,Monitor closely — elevated default risk,0.6823
LN0002473,2022-06,0.142726,0.279729,0.392776,0.359417,Current,1,Anomaly:IsolationForest,0.384113,remaining_term_months(z=2.35); loan_age_months(z=2.35); month_index(z=2.35),Review required — exception flagged,0.5873
LN0002473,2022-07,0.153563,0.266969,0.324763,0.286679,Current,1,Anomaly:IsolationForest,0.411593,remaining_term_months(z=2.48); loan_age_months(z=2.48); month_index(z=2.48),Review required — exception flagged,0.516
LN0002475,2021-06,0.145954,0.278372,0.276912,0.221281,Current,0,,0.147477,,No immediate action,0.4613
LN0002475,2021-07,0.162121,0.321773,0.238337,0.17397,Current,0,,0.170535,,No immediate action,0.4481
LN0002475,2021-08,0.179515,0.324758,0.552825,0.371379,Current,0,,0.22031,,Monitor closely — elevated default risk,0.6614
LN0002475,2021-09,0.340695,0.414789,0.685839,0.219654,Current,0,,0.263147,,Monitor closely — elevated default risk,0.6446
LN0002475,2021-10,0.236148,0.360095,0.678028,0.108823,Default,0,,0.302146,,Monitor closely — elevated default risk,0.5135
LN0002482,2020-12,0.234072,0.264219,0.660531,0.011335,Default,0,,0.213899,,Monitor closely — elevated default risk,0.4245
LN0002482,2021-01,0.421816,0.640742,0.210874,0.447912,Current,0,,0.236015,,Watch for prepayment — portfolio income risk,0.7199
LN0002482,2021-02,0.36857,0.566179,0.049184,0.084839,Current,0,,0.327984,,No immediate action,0.4682
LN0002482,2021-03,0.174208,0.252874,0.457502,0.573723,Current,1,Anomaly:IsolationForest,0.400356,days_past_due(z=2.40); remaining_term_months(z=2.35); loan_age_months(z=2.35),Review required — exception flagged,0.6554
LN0002482,2021-04,0.122269,0.238465,0.354186,0.449604,Current,1,Anomaly:IsolationForest,0.470038,days_past_due(z=3.71); remaining_term_months(z=2.48); loan_age_months(z=2.48),Review required — exception flagged,0.5823
LN0002487,2021-03,0.175341,0.275158,0.307523,0.367776,Current,1,Anomaly:IsolationForest,0.391917,original_balance(z=3.48); remaining_term_months(z=1.97); loan_age_months(z=1.97),Review required — exception flagged,0.5629
LN0002487,2021-04,0.324323,0.541281,0.652847,0.253031,30DPD,1,Anomaly:IsolationForest,0.44699,original_balance(z=3.48); remaining_term_months(z=2.10); loan_age_months(z=2.10),Review required — exception flagged,0.6916
LN0002490,2023-05,0.215008,0.494096,0.191561,0.211636,Current,0,,0.181403,,No immediate action,0.5562
LN0002490,2023-06,0.236416,0.501132,0.176468,0.167796,Current,0,,0.213986,,No immediate action,0.5398
LN0002490,2023-07,0.278108,0.582833,0.083259,0.074047,Current,0,,0.252945,,No immediate action,0.4263
LN0002490,2023-08,0.302645,0.585095,0.14536,0.117505,Current,0,,0.290247,,No immediate action,0.4902
LN0002490,2023-09,0.400443,0.602263,0.549689,0.358517,Current,0,,0.323157,,Monitor closely — elevated default risk,0.8035
LN0002498,2022-04,0.388165,0.624089,0.419288,0.285736,Current,0,,0.287974,,Monitor closely — elevated default risk,0.7346
LN0002498,2022-05,0.412392,0.613416,0.34387,0.22042,Current,0,,0.256736,,No immediate action,0.6816
LN0002498,2022-06,0.411684,0.614211,0.291957,0.175028,Current,0,,0.298438,,No immediate action,0.6322
LN0002500,2025-02,0.407526,0.625297,0.251549,0.140511,Current,1,Anomaly:IsolationForest,0.385725,original_balance(z=2.98); remaining_term_months(z=1.97); loan_age_months(z=1.97),Review required — exception flagged,0.5871
LN0002500,2025-03,0.367373,0.505271,0.477169,0.603222,Current,1,Anomaly:IsolationForest,0.411304,original_balance(z=2.98); remaining_term_months(z=2.10); loan_age_months(z=2.10),Review required — exception flagged,0.868
LN0002500,2025-04,0.37403,0.508778,0.38109,0.481369,Current,1,Anomaly:IsolationForest,0.43061,original_balance(z=2.98); remaining_term_months(z=2.22); loan_age_months(z=2.22),Review required — exception flagged,0.8639
LN0002500,2025-05,0.367373,0.498965,0.317341,0.383891,Current,1,Anomaly:IsolationForest,0.45653,original_balance(z=2.98); remaining_term_months(z=2.35); loan_age_months(z=2.35),Review required — exception flagged,0.7838
LN0002500,2025-06,0.379755,0.512942,0.270265,0.307523,Current,1,Anomaly:IsolationForest,0.474764,original_balance(z=2.98); remaining_term_months(z=2.48); loan_age_months(z=2.48),Review required — exception flagged,0.7223
LN0002501,2020-06,0.388353,0.516161,0.23446,0.238531,Current,0,,0.293562,,No immediate action,0.6726
LN0002501,2020-07,0.373831,0.590194,0.441646,0.624934,Current,0,,0.319471,,Monitor closely — elevated default risk,0.8002
LN0002501,2020-08,0.227384,0.434806,0.354946,0.48891,Current,0,,0.289971,,Watch for prepayment — portfolio income risk,0.753
LN0002501,2020-09,0.404552,0.586565,0.41831,0.286574,60DPD,0,,0.260908,,Monitor closely — elevated default risk,0.7614
LN0002501,2020-10,0.377633,0.510321,0.422912,0.14536,60DPD,0,,0.289764,,Monitor closely — elevated default risk,0.7178
LN0002505,2023-05,0.279349,0.36747,0.477387,0.086531,Default,0,,0.210619,,Monitor closely — elevated default risk,0.6054
LN0002505,2023-06,0.379575,0.634761,0.569276,0.227325,Current,0,,0.241572,,Monitor closely — elevated default risk,0.7014
LN0002505,2023-07,0.329414,0.377049,0.595163,0.130107,60DPD,0,,0.276311,,Monitor closely — elevated default risk,0.6207
LN0002505,2023-08,0.416578,0.553007,0.513507,0.479367,Current,0,,0.313978,,Monitor closely — elevated default risk,0.9147
LN0002505,2023-09,0.421817,0.55365,0.401387,0.383188,Current,0,,0.34306,,Monitor closely — elevated default risk,0.8264
LN0002514,2025-02,0.411941,0.556273,0.331286,0.306533,Current,0,,0.181635,,No immediate action,0.7467
LN0002514,2025-03,0.417527,0.564464,0.281876,0.237755,Current,0,,0.210248,,No immediate action,0.6863
LN0002514,2025-04,0.414259,0.553789,0.244378,0.18756,Current,0,,0.255733,,No immediate action,0.6462
LN0002514,2025-05,0.348008,0.436451,0.599629,0.515963,Current,0,,0.291334,,Monitor closely — elevated default risk,0.8344
LN0002514,2025-06,0.223908,0.350346,0.178674,0.440199,Current,0,,0.327808,,Watch for prepayment — portfolio income risk,0.5966
LN0002519,2024-08,0.263276,0.434675,0.164207,0.351668,Current,0,,0.243163,,No immediate action,0.6069
LN0002519,2024-09,0.229685,0.444459,0.557484,0.259189,Current,0,,0.267868,,Monitor closely — elevated default risk,0.6879
LN0002519,2024-10,0.260542,0.466091,0.421918,0.200408,Current,0,,0.304754,,Monitor closely — elevated default risk,0.6745
LN0002519,2024-11,0.263678,0.448271,0.346571,0.159036,Current,0,,0.344281,,No immediate action,0.6088
LN0002519,2024-12,0.249018,0.448745,0.293552,0.130316,Current,0,,0.373761,,No immediate action,0.5608
LN0002524,2023-03,0.234507,0.465294,0.252536,0.110068,Current,0,,0.192071,,No immediate action,0.5312
LN0002524,2023-04,0.680309,0.664847,0.703925,0.262691,90DPD,0,,0.221096,,Monitor closely — elevated default risk,0.6068
LN0002524,2023-05,0.673978,0.658762,0.652029,0.166925,30DPD,0,,0.366699,,Monitor closely — elevated default risk,0.5911
LN0002524,2023-06,0.545869,0.584872,0.11564,0.073904,30DPD,0,,0.350618,,No immediate action,0.5294
LN0002524,2023-07,0.415426,0.494704,0.034853,0.042629,Current,0,,0.325905,,No immediate action,0.4938
LN0002525,2023-08,0.414032,0.534621,0.028099,0.038787,Current,0,,0.378338,,No immediate action,0.4731
LN0002525,2023-09,0.202199,0.333216,0.520427,0.449793,Current,1,Anomaly:IsolationForest,0.452648,days_past_due(z=3.71); remaining_term_months(z=2.10); loan_age_months(z=2.10),Review required — exception flagged,0.7324
LN0002525,2023-10,0.192937,0.33601,0.405043,0.360061,Current,1,Anomaly:IsolationForest,0.475526,days_past_due(z=3.71); remaining_term_months(z=2.22); loan_age_months(z=2.22),Review required — exception flagged,0.647
LN0002526,2021-06,0.191813,0.332632,0.333764,0.287099,Current,0,,0.207208,,No immediate action,0.5727
LN0002526,2021-07,0.201263,0.34231,0.283958,0.221472,Current,0,,0.236076,,No immediate action,0.5245
LN0002526,2021-08,0.176004,0.306241,0.238823,0.172623,Current,1,Anomaly:IsolationForest,0.545673,balance_utilisation(z=13.14); current_balance(z=5.25); remaining_term_months(z=2.22),Review required — exception flagged,0.4468
LN0002526,2021-09,0.637621,0.736982,0.506098,0.489377,30DPD,0,,0.31571,,Monitor closely — elevated default risk,0.8043
LN0002526,2021-10,0.616649,0.723376,0.397787,0.389876,30DPD,0,,0.346536,,Monitor closely — elevated default risk,0.7238
LN0002550,2022-02,0.625209,0.738809,0.328475,0.312177,30DPD,0,,0.20529,,No immediate action,0.6383
LN0002550,2022-03,0.634548,0.738552,0.279491,0.244281,30DPD,0,,0.22982,,No immediate action,0.5753
LN0002550,2022-04,0.619871,0.72562,0.242523,0.192322,30DPD,0,,0.272017,,No immediate action,0.5447
LN0002550,2022-05,0.254627,0.37919,0.512697,0.427104,Current,0,,0.309353,,Monitor closely — elevated default risk,0.7741
LN0002550,2022-06,0.247049,0.380011,0.400783,0.344359,Current,0,,0.34031,,Monitor closely — elevated default risk,0.6861
LN0002552,2021-02,0.25355,0.389448,0.330698,0.272506,Current,0,,0.218366,,No immediate action,0.6231
LN0002552,2021-03,0.260205,0.385493,0.281149,0.210684,Current,0,,0.247014,,No immediate action,0.5688
LN0002552,2021-04,0.260205,0.385493,0.243987,0.166537,Current,0,,0.284078,,No immediate action,0.5281
LN0002552,2021-05,0.435884,0.679283,0.52071,0.467386,Current,0,,0.323168,,Monitor closely — elevated default risk,0.8516
LN0002552,2021-06,0.434188,0.676653,0.405504,0.374486,60DPD,0,,0.352275,,Monitor closely — elevated default risk,0.7688
LN0002558,2024-07,0.434188,0.676653,0.40535,0.374758,60DPD,0,,0.369935,,Monitor closely — elevated default risk,0.7688
LN0002560,2020-06,0.444203,0.55408,0.588523,0.153626,60DPD,0,,0.149713,,Monitor closely — elevated default risk,0.7276
LN0002560,2020-07,0.384767,0.526577,0.204973,0.120979,Current,0,,0.243448,,No immediate action,0.5921
LN0002560,2020-08,0.30161,0.488198,0.102249,0.108141,Current,0,,0.212509,,No immediate action,0.5001
LN0002560,2020-09,0.375916,0.647081,0.713058,0.369638,60DPD,0,,0.247635,,Monitor closely — elevated default risk,0.6927
LN0002560,2020-10,0.154302,0.332928,0.764326,0.177715,Default,0,,0.330714,,Monitor closely — elevated default risk,0.4503
LN0002563,2024-10,0.124375,0.29296,0.211541,0.067093,Default,0,,0.22987,,Monitor closely — elevated default risk,0.348
LN0002563,2024-11,0.285599,0.356985,0.457895,0.48636,Current,0,,0.247847,,Monitor closely — elevated default risk,0.7934
LN0002563,2024-12,0.322932,0.37114,0.379423,0.3893,Current,1,Anomaly:IsolationForest,0.445167,modification_flag(z=10.67); days_past_due(z=2.40); remaining_term_months(z=2.22),Review required — exception flagged,0.7314
LN0002563,2025-01,0.12492,0.212774,0.335665,0.268844,Current,0,,0.358897,,No immediate action,0.4711
LN0002563,2025-02,0.189546,0.274629,0.278871,0.273221,Current,0,,0.284473,,No immediate action,0.5081
LN0002581,2025-01,0.185196,0.336572,0.220994,0.196604,Current,0,,0.149329,,No immediate action,0.4697
LN0002581,2025-02,0.232653,0.476285,0.20916,0.346448,Current,0,,0.17194,,No immediate action,0.6323
LN0002581,2025-03,0.250134,0.438914,0.095802,0.123556,Current,0,,0.211867,,No immediate action,0.4542
LN0002581,2025-04,0.262352,0.512648,0.171949,0.22358,Current,0,,0.252827,,No immediate action,0.5726
LN0002581,2025-05,0.268915,0.496791,0.157075,0.177236,Current,0,,0.289188,,No immediate action,0.55
LN0002587,2021-01,0.22418,0.452405,0.240379,0.174643,Current,0,,0.177105,,No immediate action,0.5458
LN0002587,2021-02,0.413756,0.525881,0.498762,0.465122,Current,0,,0.197728,,Monitor closely — elevated default risk,0.9259
LN0002587,2021-03,0.324783,0.519103,0.407977,0.377355,Current,0,,0.24042,,Monitor closely — elevated default risk,0.7955
LN0002587,2021-04,0.350442,0.518956,0.336381,0.302378,Current,0,,0.27779,,No immediate action,0.7351
LN0002587,2021-05,0.327649,0.520657,0.285526,0.233203,Current,0,,0.31669,,No immediate action,0.6629
LN0002609,2023-10,0.321045,0.536624,0.24771,0.183457,Current,0,,0.15439,,No immediate action,0.6078
LN0002609,2023-11,0.305899,0.43465,0.755104,0.154318,Current,0,,0.183058,,Monitor closely — elevated default risk,0.5699
LN0002609,2023-12,0.506826,0.690749,0.047014,0.090861,30DPD,0,,0.222816,,No immediate action,0.4702
LN0002609,2024-01,0.466874,0.662977,0.216214,0.282812,60DPD,0,,0.265721,,No immediate action,0.6515
LN0002609,2024-02,0.382797,0.652054,0.116629,0.23446,Current,0,,0.295337,,No immediate action,0.5409
LN0002612,2023-01,0.382811,0.64659,0.15678,0.225595,Current,0,,0.304078,,No immediate action,0.5593
LN0002612,2023-02,0.441292,0.615829,0.132607,0.083392,60DPD,0,,0.268498,,No immediate action,0.5207
LN0002612,2023-03,0.514082,0.624756,0.612996,0.433637,30DPD,0,,0.305792,,Monitor closely — elevated default risk,0.8409
LN0002612,2023-04,0.511757,0.649063,0.554599,0.313518,60DPD,0,,0.345676,,Monitor closely — elevated default risk,0.799
LN0002612,2023-05,0.592212,0.657954,0.58222,0.162358,60DPD,1,Anomaly:IsolationForest,0.416815,remaining_term_months(z=2.48); loan_age_months(z=2.48); month_index(z=2.48),Review required — exception flagged,0.665
LN0002613,2024-03,0.530166,0.612399,0.167022,0.067399,30DPD,0,,0.149146,,No immediate action,0.5459
LN0002613,2024-04,0.378295,0.57682,0.052947,0.067247,Current,0,,0.175188,,No immediate action,0.4608
LN0002613,2024-05,0.259368,0.485485,0.198601,0.481593,Current,0,,0.221876,,Watch for prepayment — portfolio income risk,0.7125
LN0002613,2024-06,0.266705,0.4972,0.181067,0.384737,Current,0,,0.265538,,No immediate action,0.6649
LN0002613,2024-07,0.22623,0.405576,0.299992,0.377218,Current,0,,0.304961,,No immediate action,0.6545
LN0002623,2020-11,0.282106,0.507637,0.259888,0.306093,Current,0,,0.173782,,No immediate action,0.6702
LN0002623,2020-12,0.282866,0.505539,0.224827,0.236494,Current,0,,0.204364,,No immediate action,0.6193
LN0002623,2021-01,0.24462,0.423981,0.445124,0.583544,Current,0,,0.242527,,Monitor closely — elevated default risk,0.7651
LN0002623,2021-02,0.245299,0.364132,0.365531,0.470519,Prepaid,0,,0.27944,,Watch for prepayment — portfolio income risk,0.7227
LN0002623,2021-03,0.222711,0.348606,0.306093,0.375848,Current,0,,0.313357,,No immediate action,0.6266
LN0002634,2022-08,0.240937,0.36607,0.260788,0.300209,Prepaid,0,,0.281533,,Watch for prepayment — portfolio income risk,0.584
LN0002634,2022-09,0.224926,0.348017,0.225403,0.231658,Prepaid,0,,0.351018,,Watch for prepayment — portfolio income risk,0.515
LN0002634,2022-10,0.438175,0.583826,0.129375,0.370306,Current,0,,0.374484,,No immediate action,0.677
LN0002634,2022-11,0.425564,0.584264,0.401538,0.442009,30DPD,0,,0.360692,,Monitor closely — elevated default risk,0.8424
LN0002634,2022-12,0.417756,0.584021,0.330816,0.354566,30DPD,0,,0.378304,,No immediate action,0.7596
LN0002636,2020-11,0.429302,0.590579,0.281564,0.282083,Current,0,,0.189225,,No immediate action,0.7012
LN0002636,2020-12,0.429157,0.590338,0.244183,0.21736,Current,0,,0.217429,,No immediate action,0.6502
LN0002643,2020-08,0.471385,0.605436,0.196318,0.182023,60DPD,1,Anomaly:IsolationForest,0.44642,balance_utilisation(z=13.14); remaining_term_months(z=1.97); loan_age_months(z=1.97),Review required — exception flagged,0.6221
LN0002643,2020-09,0.405339,0.534052,0.187464,0.378456,Current,0,,0.31963,,No immediate action,0.7186
LN0002643,2020-10,0.383661,0.57556,0.174932,0.303904,Current,1,Anomaly:IsolationForest,0.559763,balance_utilisation(z=13.14); current_balance(z=8.38); remaining_term_months(z=2.22),Review required — exception flagged,0.6435
LN0002643,2020-11,0.348246,0.550523,0.082062,0.112201,Current,0,,0.275342,,No immediate action,0.496
LN0002643,2020-12,0.48513,0.616776,0.295688,0.171949,60DPD,0,,0.312078,,No immediate action,0.668
LN0002645,2025-01,0.360002,0.493264,0.482266,0.604795,Current,0,,0.262884,,Monitor closely — elevated default risk,0.8654
LN0002645,2025-02,0.371786,0.497971,0.383048,0.482491,Current,0,,0.284754,,Watch for prepayment — portfolio income risk,0.8676
LN0002645,2025-03,0.369701,0.492856,0.319495,0.385303,Current,0,,0.319097,,No immediate action,0.7837
LN0002645,2025-04,0.357051,0.486013,0.271996,0.308184,Current,0,,0.356069,,No immediate action,0.7116
LN0002645,2025-05,0.214979,0.333833,0.227228,0.233107,Current,1,Anomaly:IsolationForest,0.384163,remaining_term_months(z=2.48); loan_age_months(z=2.48); month_index(z=2.48),Review required — exception flagged,0.5046
LN0002647,2020-05,0.288448,0.472856,0.104928,0.17137,30DPD,0,,0.297346,,No immediate action,0.5188
LN0002647,2020-06,0.346109,0.498134,0.183934,0.3327,Current,0,,0.266054,,No immediate action,0.6804
LN0002647,2020-07,0.338199,0.495572,0.168087,0.263093,Current,0,,0.300518,,No immediate action,0.6325
LN0002647,2020-08,0.358303,0.588003,0.269452,0.260488,30DPD,0,,0.335485,,No immediate action,0.6501
LN0002651,2021-01,0.382571,0.591616,0.23388,0.201073,30DPD,0,,0.209901,,No immediate action,0.613
LN0002651,2021-02,0.475659,0.534611,0.621828,0.336261,60DPD,0,,0.240278,,Monitor closely — elevated default risk,0.8277
LN0002651,2021-03,0.51935,0.561639,0.681293,0.178865,60DPD,0,,0.331464,,Monitor closely — elevated default risk,0.7083
LN0002651,2021-04,0.514125,0.584054,0.594192,0.122378,Default,0,,0.315706,,Monitor closely — elevated default risk,0.715
LN0002655,2020-09,0.493579,0.579586,0.11153,0.058402,60DPD,0,,0.312963,,No immediate action,0.542
LN0002655,2020-10,0.4847,0.569681,0.058062,0.025507,Current,0,,0.339624,,No immediate action,0.4993
LN0002655,2020-11,0.421401,0.487527,0.45074,0.662324,30DPD,0,,0.362177,,Monitor closely — elevated default risk,0.8487
LN0002655,2020-12,0.435815,0.49046,0.364743,0.529459,Current,1,Anomaly:IsolationForest,0.39131,remaining_term_months(z=2.35); loan_age_months(z=2.35); month_index(z=2.35),Review required — exception flagged,0.8808
LN0002655,2021-01,0.277307,0.390644,0.485213,0.609646,Current,1,Anomaly:IsolationForest,0.420463,remaining_term_months(z=2.48); loan_age_months(z=2.48); month_index(z=2.48),Review required — exception flagged,0.7718
LN0002664,2020-08,0.412866,0.513586,0.649613,0.29805,Current,0,,0.210772,,Monitor closely — elevated default risk,0.7739
LN0002664,2020-09,0.355905,0.570019,0.118378,0.19746,Current,0,,0.230112,,No immediate action,0.5509
LN0002664,2020-10,0.153272,0.365554,0.114647,0.080311,Current,0,,0.329932,,No immediate action,0.3569
LN0002664,2020-11,0.217496,0.426529,0.024119,0.051093,Current,0,,0.356941,,No immediate action,0.3596
LN0002664,2020-12,0.160967,0.363442,0.53249,0.328359,Current,1,Anomaly:IsolationForest,0.382347,remaining_term_months(z=2.48); loan_age_months(z=2.48); month_index(z=2.48),Review required — exception flagged,0.6601
LN0002669,2024-10,0.317826,0.501713,0.417013,0.266012,Current,0,,0.231895,,Monitor closely — elevated default risk,0.7496
LN0002669,2024-11,0.296876,0.496242,0.342164,0.205353,Current,0,,0.194612,,No immediate action,0.6703
LN0002669,2024-12,0.311871,0.507875,0.289944,0.161675,Current,0,,0.237822,,No immediate action,0.6278
LN0002669,2025-01,0.325973,0.505387,0.250858,0.1324,Current,0,,0.270969,,No immediate action,0.6019
LN0002669,2025-02,0.293234,0.466698,0.621217,0.418148,60DPD,0,,0.301514,,Monitor closely — elevated default risk,0.7784
LN0002670,2024-10,0.195884,0.403753,0.185462,0.36019,Current,0,,0.253118,,No immediate action,0.5726
LN0002670,2024-11,0.13997,0.373022,0.16828,0.281876,Current,0,,0.319985,,No immediate action,0.4816
LN0002670,2024-12,0.180913,0.441828,0.080987,0.107913,Current,0,,0.240697,,No immediate action,0.4058
LN0002670,2025-01,0.516788,0.754914,0.108255,0.225883,Current,0,,0.336722,,No immediate action,0.5312
LN0002670,2025-02,0.536647,0.77345,0.096288,0.188227,Current,0,,0.35979,,No immediate action,0.4872
LN0002675,2021-05,0.561415,0.758554,0.427443,0.320405,60DPD,0,,0.296501,,Monitor closely — elevated default risk,0.7139
LN0002675,2021-06,0.537077,0.754925,0.156091,0.27271,Current,0,,0.322711,,No immediate action,0.5684
LN0002675,2021-07,0.210178,0.321152,0.548317,0.309622,Current,0,,0.298565,,Monitor closely — elevated default risk,0.6463
LN0002675,2021-08,0.20515,0.32443,0.417823,0.241353,Current,0,,0.328849,,Monitor closely — elevated default risk,0.5944
LN0002675,2021-09,0.210178,0.325234,0.34326,0.189847,Current,0,,0.353387,,No immediate action,0.5343
LN0002694,2024-01,0.217292,0.3385,0.291639,0.150853,Prepaid,0,,0.204579,,Watch for prepayment — portfolio income risk,0.4991
LN0002694,2024-02,0.213034,0.334763,0.251154,0.124516,Current,0,,0.230349,,No immediate action,0.4617
LN0002694,2024-03,0.329476,0.688554,0.202405,0.406274,Current,0,,0.272477,,Watch for prepayment — portfolio income risk,0.6248
LN0002694,2024-04,0.300202,0.66652,0.09507,0.148762,Current,0,,0.308624,,No immediate action,0.4388
LN0002694,2024-05,0.411784,0.728821,0.16187,0.11608,60DPD,0,,0.377134,,No immediate action,0.4805
LN0002695,2022-04,0.440268,0.690707,0.342042,0.183361,60DPD,0,,0.234359,,No immediate action,0.6375
LN0002695,2022-05,0.474595,0.737292,0.293979,0.135398,Current,0,,0.247472,,No immediate action,0.5833
LN0002695,2022-06,0.43587,0.531047,0.632092,0.367114,Current,0,,0.281679,,Monitor closely — elevated default risk,0.8199
LN0002695,2022-07,0.344379,0.470514,0.187178,0.312735,Current,0,,0.309482,,No immediate action,0.6574
LN0002695,2022-08,0.381789,0.501351,0.174451,0.245553,Current,0,,0.335343,,No immediate action,0.6502
LN0002705,2021-12,0.410681,0.505136,0.081794,0.097255,Current,0,,0.246791,,No immediate action,0.5423
LN0002705,2022-01,0.394259,0.523992,0.14274,0.160601,Current,0,,0.211321,,No immediate action,0.5868
LN0002705,2022-02,0.590952,0.624036,0.218125,0.297297,60DPD,0,,0.254468,,No immediate action,0.6502
LN0002705,2022-03,0.668098,0.659514,0.680191,0.178578,Default,0,,0.291978,,Monitor closely — elevated default risk,0.5854
LN0002705,2022-04,0.530121,0.603767,0.039487,0.055461,Current,0,,0.321666,,No immediate action,0.4805
LN0002709,2024-11,0.55287,0.63435,0.109729,0.075892,60DPD,0,,0.224598,,No immediate action,0.4992
LN0002709,2024-12,0.594509,0.626325,0.057892,0.034595,Current,0,,0.247578,,No immediate action,0.4358
LN0002709,2025-01,0.380528,0.553302,0.070999,0.05258,Current,0,,0.285397,,No immediate action,0.4754
LN0002714,2023-11,0.382356,0.566255,0.068915,0.044969,Current,0,,0.220438,,No immediate action,0.465
LN0002714,2023-12,0.288744,0.556768,0.118922,0.133229,Current,0,,0.310382,,No immediate action,0.4921
LN0002714,2024-01,0.239544,0.519772,0.05686,0.066324,Current,0,,0.280918,,No immediate action,0.4215
LN0002714,2024-02,0.248508,0.540149,0.077013,0.066478,Current,0,,0.31699,,No immediate action,0.4259
LN0002714,2024-03,0.475175,0.717866,0.131255,0.298481,Current,0,,0.347668,,No immediate action,0.5935
LN0002719,2023-06,0.460998,0.740785,0.045384,0.067857,Current,0,,0.186935,,No immediate action,0.4167
LN0002719,2023-07,0.519522,0.762141,0.119031,0.198791,Current,0,,0.211922,,No immediate action,0.5181
LN0002719,2023-08,0.553065,0.766526,0.113982,0.158056,Current,0,,0.249453,,No immediate action,0.4762
LN0002719,2023-09,0.507968,0.724781,0.297835,0.136837,60DPD,0,,0.335095,,No immediate action,0.601
LN0002719,2023-10,0.593686,0.732436,0.131047,0.300858,30DPD,0,,0.366333,,No immediate action,0.5529
LN0002722,2023-08,0.605766,0.743787,0.09977,0.134057,Current,0,,0.266823,,No immediate action,0.4421
LN0002722,2023-09,0.619878,0.757567,0.08922,0.11641,Current,0,,0.28766,,No immediate action,0.4141
LN0002722,2023-10,0.593321,0.790847,0.160113,0.20678,Current,0,,0.326821,,No immediate action,0.4914
LN0002732,2023-04,0.597362,0.778799,0.145159,0.163526,Current,0,,0.161893,,No immediate action,0.4663
LN0002732,2023-05,0.416329,0.58528,0.63976,0.341556,60DPD,0,,0.195427,,Monitor closely — elevated default risk,0.7664
LN0002732,2023-06,0.305218,0.552322,0.189275,0.290685,Current,0,,0.236492,,No immediate action,0.6164
LN0002732,2023-07,0.323241,0.537688,0.175796,0.225019,Current,0,,0.274709,,No immediate action,0.5932
LN0002732,2023-08,0.349372,0.558177,0.082728,0.091111,Current,0,,0.30258,,No immediate action,0.4825
LN0002737,2022-05,0.340593,0.563063,0.159232,0.188036,Current,0,,0.246446,,No immediate action,0.5624
LN0002737,2022-06,0.344499,0.561944,0.144152,0.149161,Current,0,,0.271131,,No immediate action,0.5379
LN0002737,2022-07,0.270283,0.333662,0.43294,0.764326,Current,0,,0.314255,,Monitor closely — elevated default risk,0.6363
LN0002737,2022-08,0.263451,0.334933,0.354566,0.577478,Current,0,,0.345909,,Watch for prepayment — portfolio income risk,0.6877
LN0002737,2022-09,0.270283,0.333662,0.297512,0.462077,Current,0,,0.37719,,Watch for prepayment — portfolio income risk,0.6818
LN0002739,2022-06,0.225611,0.383961,0.109842,0.127588,Current,0,,0.301103,,No immediate action,0.4235
LN0002739,2022-07,0.324704,0.38044,0.178386,0.101426,Current,0,,0.318417,,No immediate action,0.4925
LN0002739,2022-08,0.279565,0.442244,0.172719,0.184507,Current,0,,0.351811,,No immediate action,0.5395
LN0002739,2022-09,0.286439,0.434627,0.16021,0.146964,Current,1,Anomaly:IsolationForest,0.459037,days_past_due(z=2.40); remaining_term_months(z=2.35); loan_age_months(z=2.35),Review required — exception flagged,0.5141
LN0002739,2022-10,0.283885,0.434065,0.076454,0.069365,Current,1,Anomaly:IsolationForest,0.589938,modification_flag(z=10.67); days_past_due(z=3.71); remaining_term_months(z=2.48),Review required — exception flagged,0.4319
LN0002742,2021-01,0.339155,0.431166,0.051654,0.009796,Current,0,,0.219958,,No immediate action,0.4159
LN0002747,2022-10,0.361431,0.488019,0.120548,0.337098,Current,0,,0.188961,,No immediate action,0.6535
LN0002747,2022-11,0.23054,0.379001,0.11575,0.260288,Current,1,Anomaly:IsolationForest,0.470525,balance_utilisation(z=13.14); current_balance(z=2.25); remaining_term_months(z=2.10),Review required — exception flagged,0.4928
LN0002747,2022-12,0.293048,0.464847,0.340104,0.215737,Current,0,,0.262972,,No immediate action,0.6569
LN0002766,2023-08,0.502035,0.567386,0.289311,0.157075,Current,0,,0.265614,,No immediate action,0.6885
LN0002766,2023-09,0.488756,0.664264,0.206495,0.568879,Current,0,,0.294562,,Watch for prepayment — portfolio income risk,0.7311
LN0002766,2023-10,0.484896,0.675499,0.397341,0.564588,Current,0,,0.331696,,Monitor closely — elevated default risk,0.8211
LN0002766,2023-11,0.525261,0.677386,0.328359,0.452074,30DPD,1,Anomaly:IsolationForest,0.438486,days_past_due(z=2.40); interest_rate(z=2.37); remaining_term_months(z=2.35),Review required — exception flagged,0.7889
LN0002766,2023-12,0.364935,0.561145,0.487051,0.52444,Current,1,Anomaly:IsolationForest,0.385194,remaining_term_months(z=2.48); loan_age_months(z=2.48); month_index(z=2.48),Review required — exception flagged,0.8832
LN0002769,2022-11,0.369246,0.565838,0.387865,0.416206,Current,0,,0.216768,,Watch for prepayment — portfolio income risk,0.8037
LN0002769,2022-12,0.367141,0.566471,0.32189,0.335784,Current,0,,0.238319,,No immediate action,0.7292
LN0002769,2023-01,0.364347,0.562045,0.274858,0.266315,Current,0,,0.337299,,No immediate action,0.6717
LN0002769,2023-02,0.367662,0.563827,0.238434,0.205448,Current,1,Anomaly:IsolationForest,0.400649,days_past_due(z=2.40); remaining_term_months(z=2.35); loan_age_months(z=2.35),Review required — exception flagged,0.6239
LN0002769,2023-03,0.310785,0.310881,0.434512,0.761105,Current,1,Anomaly:IsolationForest,0.424641,remaining_term_months(z=2.48); loan_age_months(z=2.48); month_index(z=2.48),Review required — exception flagged,0.6475
LN0002779,2022-12,0.291686,0.328271,0.352925,0.570876,Current,0,,0.210701,,Watch for prepayment — portfolio income risk,0.701
LN0002779,2023-01,0.310785,0.310881,0.298481,0.461274,Current,0,,0.240388,,Watch for prepayment — portfolio income risk,0.6907
LN0002779,2023-02,0.284188,0.310592,0.254317,0.368972,Current,0,,0.286716,,No immediate action,0.609
LN0002779,2023-03,0.297062,0.314822,0.21975,0.294405,Current,0,,0.324103,,No immediate action,0.563
LN0002779,2023-04,0.281515,0.444804,0.016133,0.02376,Current,0,,0.359829,,No immediate action,0.3831
LN0002781,2024-12,0.379045,0.498894,0.071879,0.127377,Current,0,,0.16583,,No immediate action,0.5386
LN0002781,2025-01,0.373268,0.502652,0.047812,0.060743,Prepaid,0,,0.19726,,Watch for prepayment — portfolio income risk,0.4896
LN0002781,2025-02,0.505421,0.578987,0.529759,0.092235,60DPD,0,,0.234488,,Monitor closely — elevated default risk,0.739
LN0002781,2025-03,0.247037,0.316907,0.55038,0.056164,Closed,0,,0.273813,,Monitor closely — elevated default risk,0.5349
LN0002781,2025-04,0.269926,0.38586,0.470519,0.721557,Current,0,,0.305078,,Monitor closely — elevated default risk,0.7024
LN0002784,2022-10,0.598509,0.641784,0.463289,0.641952,30DPD,0,,0.182148,,Monitor closely — elevated default risk,0.7905
LN0002785,2020-04,0.282281,0.412298,0.391322,0.474136,Current,0,,0.181845,,Monitor closely — elevated default risk,0.78
LN0002785,2020-05,0.468564,0.518973,0.317454,0.431034,30DPD,0,,0.207618,,Watch for prepayment — portfolio income risk,0.849
LN0002785,2020-06,0.728848,0.868547,0.530362,0.550034,60DPD,0,,0.247098,,Monitor closely — elevated default risk,0.6611
LN0002785,2020-07,0.775556,0.849209,0.40985,0.437514,30DPD,0,,0.287082,,Monitor closely — elevated default risk,0.6113
LN0002785,2020-08,0.777582,0.847785,0.337577,0.351418,30DPD,1,Anomaly:IsolationForest,0.388597,remaining_term_months(z=2.48); loan_age_months(z=2.48); month_index(z=2.48),Review required — exception flagged,0.5318
LN0002792,2022-11,0.645332,0.66102,0.479588,0.144756,30DPD,0,,0.168998,,Monitor closely — elevated default risk,0.659
LN0002792,2022-12,0.578799,0.675737,0.100481,0.132192,Current,0,,0.19945,,No immediate action,0.4891
LN0002792,2023-01,0.758894,0.864174,0.207542,0.566912,30DPD,0,,0.233296,,Watch for prepayment — portfolio income risk,0.5088
LN0002792,2023-02,0.80005,0.862106,0.188799,0.453224,30DPD,0,,0.276139,,Watch for prepayment — portfolio income risk,0.4899
LN0002792,2023-03,0.818367,0.875832,0.427952,0.320064,60DPD,0,,0.311054,,Monitor closely — elevated default risk,0.5269
LN0002793,2025-02,0.802799,0.843468,0.442555,0.166634,90DPD,0,,0.183705,,Monitor closely — elevated default risk,0.4815
LN0002793,2025-03,0.766467,0.833149,0.369772,0.11586,90DPD,0,,0.215483,,No immediate action,0.443
LN0002793,2025-04,0.250349,0.42812,0.452074,0.767719,Current,0,,0.262701,,Monitor closely — elevated default risk,0.6814
LN0002793,2025-05,0.246646,0.437615,0.365268,0.579612,Current,0,,0.303811,,Watch for prepayment — portfolio income risk,0.735
LN0002793,2025-06,0.294742,0.433717,0.297405,0.456717,Current,1,Anomaly:IsolationForest,0.40558,remaining_term_months(z=2.48); loan_age_months(z=2.48); month_index(z=2.48),Review required — exception flagged,0.7413
LN0002805,2023-12,0.262776,0.459891,0.260888,0.370574,Current,0,,0.15974,,No immediate action,0.6771
LN0002805,2024-01,0.246646,0.437615,0.225307,0.295581,Current,0,,0.180311,,No immediate action,0.6026
LN0002805,2024-02,0.244812,0.410479,0.471152,0.557484,Current,0,,0.224286,,Monitor closely — elevated default risk,0.7845
LN0002805,2024-03,0.251882,0.407033,0.377355,0.445493,Current,0,,0.265659,,Watch for prepayment — portfolio income risk,0.7409
LN0002805,2024-04,0.251895,0.399581,0.315087,0.356726,Current,0,,0.295576,,No immediate action,0.6616
LN0002806,2022-06,0.239881,0.408093,0.268844,0.284167,Current,0,,0.189147,,No immediate action,0.6005
LN0002806,2022-07,0.256007,0.424217,0.232914,0.219176,Current,0,,0.214844,,No immediate action,0.5662
LN0002806,2022-08,0.259185,0.387428,0.497529,0.545948,Current,0,,0.256973,,Monitor closely — elevated default risk,0.7991
LN0002806,2022-09,0.276691,0.339368,0.446978,0.611869,Current,0,,0.2903,,Monitor closely — elevated default risk,0.7256
LN0002806,2022-10,0.281208,0.354775,0.362002,0.490316,Current,0,,0.325543,,Watch for prepayment — portfolio income risk,0.7442
LN0002810,2024-02,0.291725,0.342981,0.303686,0.391177,Current,0,,0.168417,,Watch for prepayment — portfolio income risk,0.6648
LN0002810,2024-03,0.29193,0.343674,0.258192,0.313294,Current,0,,0.191912,,No immediate action,0.6035
LN0002810,2024-04,0.298509,0.344449,0.223389,0.24477,Current,0,,0.234703,,No immediate action,0.5556
LN0002810,2024-05,0.283486,0.440459,0.453224,0.597127,Current,0,,0.27681,,Monitor closely — elevated default risk,0.79
LN0002810,2024-06,0.301226,0.433001,0.366058,0.478265,Current,0,,0.307442,,Watch for prepayment — portfolio income risk,0.7893
LN0002816,2024-05,0.302301,0.44145,0.306423,0.381927,Current,0,,0.193325,,No immediate action,0.7161
LN0002816,2024-06,0.298739,0.44145,0.261288,0.305764,Current,0,,0.219539,,No immediate action,0.6536
LN0002816,2024-07,0.30378,0.439837,0.225883,0.236397,Current,0,,0.264464,,No immediate action,0.6029
LN0002816,2024-08,0.441762,0.635949,0.522707,0.483167,Current,0,,0.302102,,Monitor closely — elevated default risk,0.8831
LN0002816,2024-09,0.437055,0.640277,0.406428,0.385728,Current,0,,0.339854,,Monitor closely — elevated default risk,0.7945
LN0002827,2024-09,0.429622,0.64205,0.334594,0.308847,Current,0,,0.277185,,No immediate action,0.7155
LN0002827,2024-10,0.449728,0.631627,0.283228,0.237852,Current,0,,0.173197,,No immediate action,0.6696
LN0002827,2024-11,0.524898,0.592328,0.37503,0.10939,Current,0,,0.209086,,No immediate action,0.6836
LN0002827,2024-12,0.48405,0.533025,0.464713,0.571683,30DPD,0,,0.251805,,Monitor closely — elevated default risk,0.922
LN0002827,2025-01,0.484337,0.545718,0.372996,0.458487,30DPD,0,,0.282576,,Watch for prepayment — portfolio income risk,0.8851
LN0002833,2021-07,0.464539,0.544913,0.311064,0.366453,30DPD,0,,0.193254,,No immediate action,0.7986
LN0002833,2021-08,0.334342,0.524302,0.258391,0.288362,Current,0,,0.21897,,No immediate action,0.6784
LN0002833,2021-09,0.471371,0.537306,0.230308,0.22646,30DPD,0,,0.258744,,No immediate action,0.6954
LN0002833,2021-10,0.263065,0.43513,0.438048,0.678028,Current,0,,0.299607,,Monitor closely — elevated default risk,0.7291
LN0002833,2021-11,0.23402,0.415142,0.35762,0.538426,Current,0,,0.329738,,Watch for prepayment — portfolio income risk,0.7342
LN0002836,2022-01,0.252335,0.43513,0.299452,0.42983,Current,0,,0.273526,,Watch for prepayment — portfolio income risk,0.7084
LN0002839,2021-12,0.143043,0.297285,0.253129,0.338057,Current,0,,0.320842,,No immediate action,0.5158
LN0002839,2022-01,0.253936,0.432787,0.220611,0.274346,Current,0,,0.344133,,No immediate action,0.5908
LN0002840,2020-05,0.172563,0.445602,0.202214,0.423744,Current,0,,0.192947,,Watch for prepayment — portfolio income risk,0.6221
LN0002840,2020-06,0.171102,0.424593,0.092235,0.147264,Current,0,,0.217034,,No immediate action,0.4176
LN0002840,2020-07,0.197863,0.440762,0.165373,0.286155,Current,0,,0.262132,,No immediate action,0.5451
LN0002840,2020-08,0.189401,0.460467,0.151051,0.220515,Current,0,,0.342639,,No immediate action,0.5107
LN0002840,2020-09,0.199161,0.54415,0.226748,0.218985,Current,0,,0.33146,,No immediate action,0.5504
LN0002844,2021-09,0.223843,0.441847,0.204782,0.488676,Current,0,,0.20602,,Watch for prepayment — portfolio income risk,0.6796
LN0002844,2021-10,0.170087,0.393995,0.091487,0.167409,Current,0,,0.234565,,No immediate action,0.4115
LN0002844,2021-11,0.22252,0.452195,0.167699,0.329643,Current,0,,0.271923,,No immediate action,0.586
LN0002844,2021-12,0.237157,0.444001,0.153429,0.260088,Current,0,,0.314521,,No immediate action,0.5473
LN0002844,2022-01,0.225369,0.479424,0.23301,0.257694,Current,0,,0.342776,,No immediate action,0.5977
LN0002852,2020-05,0.619938,0.729148,0.716348,0.272812,60DPD,0,,0.320296,,Monitor closely — elevated default risk,0.6037
LN0002852,2020-06,0.518353,0.712643,0.122914,0.24106,Current,0,,0.287205,,No immediate action,0.5665
LN0002852,2020-07,0.471526,0.713428,0.060247,0.099651,30DPD,0,,0.315993,,No immediate action,0.459
LN0002852,2020-08,0.534019,0.693077,0.03511,0.05184,30DPD,0,,0.34489,,No immediate action,0.4299
LN0002852,2020-09,0.549202,0.715683,0.100126,0.145661,30DPD,0,,0.365527,,No immediate action,0.4905
LN0002854,2024-11,0.182667,0.452845,0.207161,0.372726,Current,0,,0.206798,,No immediate action,0.6077
LN0002854,2024-12,0.227627,0.451497,0.094826,0.13136,Current,0,,0.233486,,No immediate action,0.4527
LN0002854,2025-01,0.210165,0.487871,0.169923,0.243694,Current,0,,0.320705,,No immediate action,0.5558
LN0002854,2025-02,0.210015,0.477185,0.155205,0.191561,Current,0,,0.305292,,No immediate action,0.517
LN0002854,2025-03,0.227318,0.574231,0.237658,0.190037,Current,0,,0.342559,,No immediate action,0.5404
LN0002864,2023-09,0.627526,0.703724,0.733181,0.293659,Default,0,,0.246334,,Monitor closely — elevated default risk,0.6146
LN0002864,2023-10,0.223784,0.378638,0.648035,0.231176,Current,0,,0.274277,,Monitor closely — elevated default risk,0.5928
LN0002864,2023-11,0.30732,0.470281,0.579182,0.16828,Current,0,,0.308251,,Monitor closely — elevated default risk,0.6833
LN0002864,2023-12,0.565429,0.588809,0.470309,0.618212,30DPD,0,,0.340661,,Monitor closely — elevated default risk,0.8489
LN0002864,2024-01,0.546736,0.593292,0.376669,0.496794,30DPD,1,Anomaly:IsolationForest,0.410054,remaining_term_months(z=2.48); loan_age_months(z=2.48); month_index(z=2.48),Review required — exception flagged,0.8667
LN0002866,2025-01,0.552549,0.567998,0.31475,0.39468,30DPD,0,,0.199649,,Watch for prepayment — portfolio income risk,0.7944
LN0002866,2025-02,0.413789,0.454194,0.345463,0.218029,30DPD,0,,0.223219,,No immediate action,0.7157
LN0002866,2025-03,0.341581,0.441804,0.13581,0.18508,Current,0,,0.267316,,No immediate action,0.5521
LN0002866,2025-04,0.315078,0.471775,0.48613,0.484985,Current,0,,0.297706,,Monitor closely — elevated default risk,0.879
LN0002866,2025-05,0.186072,0.356454,0.371379,0.379562,Current,0,,0.373427,,No immediate action,0.6467
LN0002870,2020-12,0.325892,0.462617,0.320976,0.3094,Current,0,,0.25357,,No immediate action,0.7094
LN0002870,2021-01,0.278974,0.436817,0.268236,0.23892,Current,0,,0.213771,,No immediate action,0.6115
LN0002870,2021-02,0.328479,0.445788,0.237755,0.18937,Current,0,,0.260189,,No immediate action,0.6007
LN0002870,2021-03,0.481865,0.685456,0.129165,0.084446,Current,0,,0.29177,,No immediate action,0.505
LN0002870,2021-04,0.561579,0.725215,0.045796,0.049763,Current,0,,0.330727,,No immediate action,0.4044
LN0002875,2020-09,0.551549,0.714803,0.11979,0.136939,Current,0,,0.19856,,No immediate action,0.4952
LN0002875,2020-10,0.556086,0.721817,0.057377,0.065548,30DPD,0,,0.223276,,No immediate action,0.4225
LN0002875,2020-11,0.519956,0.762103,0.146263,0.115089,30DPD,0,,0.318328,,No immediate action,0.4896
LN0002875,2020-12,0.200749,0.287779,0.453417,0.680191,Current,0,,0.292709,,Monitor closely — elevated default risk,0.6309
LN0002875,2021-01,0.21038,0.302631,0.366717,0.538745,Current,0,,0.332333,,Watch for prepayment — portfolio income risk,0.6705
LN0002876,2020-10,0.311908,0.36813,0.417661,0.307303,Current,0,,0.18883,,Monitor closely — elevated default risk,0.7025
LN0002876,2020-11,0.195967,0.268938,0.148762,0.25899,Current,0,,0.216388,,No immediate action,0.4363
LN0002876,2020-12,0.182274,0.272293,0.138372,0.200693,Current,0,,0.251664,,No immediate action,0.3968
LN0002876,2021-01,0.225986,0.299118,0.528263,0.370976,Current,0,,0.297486,,Monitor closely — elevated default risk,0.6839
LN0002876,2021-02,0.269014,0.318966,0.409224,0.296224,Current,0,,0.326279,,Monitor closely — elevated default risk,0.6467
LN0002881,2022-11,0.247637,0.324637,0.336859,0.229153,Current,0,,0.190659,,No immediate action,0.5691
LN0002881,2022-12,0.250269,0.389156,0.286784,0.180206,Current,0,,0.214975,,No immediate action,0.5532
LN0002881,2023-01,0.319399,0.373191,0.296438,0.110631,Current,0,,0.258942,,No immediate action,0.5498
LN0002881,2023-02,0.479741,0.634957,0.44292,0.755104,30DPD,0,,0.297675,,Monitor closely — elevated default risk,0.7663
LN0002881,2023-03,0.493129,0.614769,0.359803,0.572495,30DPD,0,,0.334272,,Watch for prepayment — portfolio income risk,0.8328
LN0002886,2020-09,0.478419,0.636014,0.301944,0.458883,30DPD,0,,0.27777,,Watch for prepayment — portfolio income risk,0.8016
LN0002886,2020-10,0.479395,0.611915,0.257097,0.367511,30DPD,0,,0.249021,,No immediate action,0.746
LN0002886,2020-11,0.401761,0.540281,0.289839,0.199647,60DPD,0,,0.275999,,No immediate action,0.6755
LN0002886,2020-12,0.294862,0.40005,0.602184,0.479146,Current,0,,0.307611,,Monitor closely — elevated default risk,0.7859
LN0002886,2021-01,0.222285,0.331618,0.179249,0.407667,Current,0,,0.288588,,Watch for prepayment — portfolio income risk,0.5704
LN0002887,2023-12,0.200118,0.356078,0.167409,0.328708,Current,0,,0.194796,,No immediate action,0.5262
LN0002887,2024-01,0.232325,0.4221,0.077846,0.118596,Current,0,,0.227273,,No immediate action,0.4254
LN0002887,2024-02,0.242462,0.422568,0.134883,0.212208,Current,0,,0.256489,,No immediate action,0.5061
LN0002887,2024-03,0.316965,0.487559,0.436449,0.665077,Current,0,,0.299159,,Monitor closely — elevated default risk,0.7879
LN0002887,2024-04,0.316829,0.49666,0.356726,0.530967,Current,0,,0.327701,,Watch for prepayment — portfolio income risk,0.8196
LN0002896,2023-08,0.360799,0.449642,0.41492,0.302814,30DPD,0,,0.268159,,Monitor closely — elevated default risk,0.7641
LN0002896,2023-09,0.261011,0.378519,0.147964,0.254119,Current,0,,0.289161,,No immediate action,0.5208
LN0002896,2023-10,0.255181,0.370305,0.135501,0.19803,Current,0,,0.375573,,No immediate action,0.4795
LN0002896,2023-11,0.244187,0.373492,0.45284,0.51514,Current,1,Anomaly:IsolationForest,0.399177,remaining_term_months(z=2.35); loan_age_months(z=2.35); month_index(z=2.35),Review required — exception flagged,0.7777
LN0002896,2023-12,0.227558,0.325694,0.37111,0.41158,Current,0,,0.37783,,Watch for prepayment — portfolio income risk,0.668
LN0002903,2020-11,0.22938,0.332746,0.309843,0.332464,Current,0,,0.369743,,No immediate action,0.6022
LN0002903,2020-12,0.212336,0.335932,0.263897,0.263394,Current,1,Anomaly:IsolationForest,0.392636,days_past_due(z=3.71); remaining_term_months(z=2.10); loan_age_months(z=2.10),Review required — exception flagged,0.5378
LN0002910,2023-12,0.172262,0.318374,0.223005,0.200788,Current,0,,0.179562,,No immediate action,0.4572
LN0002910,2024-01,0.263586,0.407493,0.454575,0.614135,Current,0,,0.21305,,Monitor closely — elevated default risk,0.7558
LN0002910,2024-02,0.269955,0.423151,0.366585,0.492448,Current,0,,0.262112,,Watch for prepayment — portfolio income risk,0.7761
LN0002910,2024-03,0.260998,0.409425,0.306753,0.39263,Current,0,,0.297217,,Watch for prepayment — portfolio income risk,0.6849
LN0002910,2024-04,0.273652,0.413272,0.261889,0.314526,Current,0,,0.335081,,No immediate action,0.6317
LN0002913,2021-01,0.267514,0.406973,0.226075,0.246729,Current,0,,0.173496,,No immediate action,0.5736
LN0002913,2021-02,0.516059,0.61119,0.711462,0.249086,60DPD,0,,0.198756,,Monitor closely — elevated default risk,0.7052
LN0002913,2021-03,0.42766,0.568634,0.21631,0.186034,Current,0,,0.238821,,No immediate action,0.6307
LN0002913,2021-04,0.43932,0.542598,0.11586,0.077708,Current,0,,0.325702,,No immediate action,0.5451
LN0002913,2021-05,0.420759,0.52281,0.060908,0.035871,Current,0,,0.306691,,No immediate action,0.4974
LN0002917,2022-04,0.370292,0.488869,0.05258,0.066014,Current,0,,0.226436,,No immediate action,0.4889
LN0002917,2022-05,0.243355,0.347555,0.484756,0.495819,Current,0,,0.177548,,Monitor closely — elevated default risk,0.7857
LN0002917,2022-06,0.226165,0.366854,0.375303,0.389443,Current,0,,0.219729,,No immediate action,0.6789
LN0002917,2022-07,0.237551,0.341907,0.320634,0.316776,Current,0,,0.255656,,No immediate action,0.6084
LN0002917,2022-08,0.238869,0.357217,0.273527,0.248397,Current,0,,0.287158,,No immediate action,0.559
LN0002920,2020-08,0.242615,0.345616,0.236978,0.194987,Current,0,,0.347948,,No immediate action,0.5101
LN0002920,2020-09,0.43866,0.718149,0.21116,0.286365,Current,0,,0.319994,,No immediate action,0.609
LN0002920,2020-10,0.471312,0.718136,0.097134,0.107228,Current,0,,0.347916,,No immediate action,0.4788
LN0002920,2020-11,0.52095,0.719576,0.428975,0.161578,Current,0,,0.374596,,Monitor closely — elevated default risk,0.675
LN0002920,2020-12,0.45169,0.675156,0.350292,0.121303,Current,1,Anomaly:IsolationForest,0.467954,remaining_term_months(z=2.48); loan_age_months(z=2.48); month_index(z=2.48),Review required — exception flagged,0.6241
LN0002929,2021-06,0.388533,0.669107,0.144857,0.108596,Current,0,,0.227515,,No immediate action,0.4864
LN0002929,2021-07,0.419493,0.528346,0.216978,0.080717,90DPD,0,,0.253973,,No immediate action,0.5944
LN0002929,2021-08,0.357855,0.469883,0.125791,0.034335,Default,0,,0.296662,,Monitor closely — elevated default risk,0.4939
LN0002929,2021-09,0.271771,0.544684,0.48891,0.490081,Current,0,,0.327971,,Monitor closely — elevated default risk,0.853
LN0002929,2021-10,0.330502,0.571695,0.397936,0.395859,Current,0,,0.358233,,Monitor closely — elevated default risk,0.7763
LN0002930,2020-08,0.326486,0.572198,0.328708,0.31802,Current,0,,0.227794,,No immediate action,0.7005
LN0002930,2020-09,0.28392,0.575202,0.275268,0.245259,Current,0,,0.250378,,No immediate action,0.6146
LN0002930,2020-10,0.269831,0.48605,0.234073,0.193179,Current,0,,0.288267,,No immediate action,0.5916
LN0002933,2022-05,0.434729,0.585161,0.47073,0.590854,Current,0,,0.175826,,Monitor closely — elevated default risk,0.8647
LN0002933,2022-06,0.438187,0.570139,0.376943,0.472638,Current,0,,0.207056,,Watch for prepayment — portfolio income risk,0.8588
LN0002933,2022-07,0.454477,0.592577,0.314638,0.37708,Current,0,,0.246098,,No immediate action,0.7768
LN0002933,2022-08,0.466689,0.574736,0.345586,0.206019,Current,0,,0.286528,,No immediate action,0.7218
LN0002937,2021-12,0.373826,0.535825,0.136324,0.174932,Current,0,,0.164327,,No immediate action,0.5746
LN0002937,2022-01,0.55028,0.668343,0.195748,0.163721,Current,0,,0.305067,,No immediate action,0.5704
LN0002937,2022-02,0.485505,0.651233,0.184698,0.340345,Current,0,,0.325432,,No immediate action,0.6797
LN0002938,2024-06,0.478167,0.65415,0.173297,0.271181,Current,1,Anomaly:IsolationForest,0.515538,balance_utilisation(z=13.14); current_balance(z=5.25); remaining_term_months(z=1.97),Review required — exception flagged,0.6342
LN0002938,2024-07,0.470138,0.667971,0.080717,0.103185,30DPD,0,,0.254044,,No immediate action,0.493
LN0002938,2024-08,0.494494,0.678041,0.140206,0.175124,30DPD,0,,0.295651,,No immediate action,0.5659
LN0002938,2024-09,0.582558,0.671552,0.679103,0.213734,60DPD,0,,0.372282,,Monitor closely — elevated default risk,0.6403
LN0002938,2024-10,0.477993,0.624695,0.19413,0.180876,Current,0,,0.35877,,No immediate action,0.6142
LN0002942,2022-03,0.462784,0.596375,0.177715,0.143346,Current,0,,0.153214,,No immediate action,0.5937
LN0002942,2022-04,0.526797,0.63699,0.084052,0.06816,Current,0,,0.180726,,No immediate action,0.4942
LN0002942,2022-05,0.661052,0.699123,0.412371,0.078536,60DPD,0,,0.221383,,Monitor closely — elevated default risk,0.5654
LN0002942,2022-06,0.212853,0.340843,0.516791,0.445863,Current,0,,0.25601,,Monitor closely — elevated default risk,0.7414
LN0002942,2022-07,0.217766,0.341625,0.40336,0.357748,Current,0,,0.288514,,Monitor closely — elevated default risk,0.6602
LN0002953,2021-12,0.213315,0.344245,0.33211,0.285422,Current,0,,0.174489,,No immediate action,0.5875
LN0002953,2022-01,0.227313,0.347479,0.282812,0.219559,Current,0,,0.199044,,No immediate action,0.5386
LN0002953,2022-02,0.213824,0.343586,0.245161,0.174163,Current,0,,0.232467,,No immediate action,0.4884
LN0002953,2022-03,0.514571,0.670691,0.519862,0.613564,Current,0,,0.274387,,Monitor closely — elevated default risk,0.8407
LN0002953,2022-04,0.518467,0.686497,0.404889,0.491735,Current,0,,0.304121,,Monitor closely — elevated default risk,0.8458
LN0002957,2022-10,0.516673,0.683243,0.333646,0.392048,Current,0,,0.210205,,Watch for prepayment — portfolio income risk,0.7629
LN0002957,2022-11,0.229034,0.362208,0.453609,0.640486,Current,0,,0.238052,,Monitor closely — elevated default risk,0.7022
LN0002957,2022-12,0.248007,0.360382,0.366849,0.51405,Current,0,,0.278168,,Watch for prepayment — portfolio income risk,0.7306
LN0002957,2023-01,0.234276,0.359591,0.306862,0.4086,Current,0,,0.311214,,Watch for prepayment — portfolio income risk,0.6547
LN0002957,2023-02,0.215954,0.356073,0.261789,0.328592,Current,0,,0.344629,,No immediate action,0.5812
LN0002959,2020-05,0.329172,0.484311,0.481593,0.589916,Current,0,,0.203559,,Monitor closely — elevated default risk,0.8526
LN0002959,2020-06,0.3831,0.469356,0.644948,0.245944,Current,0,,0.291589,,Monitor closely — elevated default risk,0.7267
LN0002959,2020-07,0.534326,0.518674,0.574548,0.159819,30DPD,0,,0.272133,,Monitor closely — elevated default risk,0.7661
LN0002959,2020-08,0.172921,0.358901,0.206685,0.442191,Current,0,,0.305795,,Watch for prepayment — portfolio income risk,0.5903
LN0002959,2020-09,0.192304,0.454935,0.091111,0.200027,Current,0,,0.334606,,No immediate action,0.4692
LN0002973,2021-12,0.325575,0.543021,0.162065,0.366585,Current,0,,0.16579,,No immediate action,0.6556
LN0002973,2022-01,0.441977,0.544774,0.351919,0.021888,Current,0,,0.19262,,No immediate action,0.6355
LN0002973,2022-02,0.383404,0.561103,0.132711,0.202595,Current,0,,0.287187,,No immediate action,0.5788
LN0002973,2022-03,0.348123,0.501168,0.478045,0.527372,Current,0,,0.267931,,Monitor closely — elevated default risk,0.8988
LN0002973,2022-04,0.35093,0.53057,0.381508,0.419288,Current,0,,0.299314,,Watch for prepayment — portfolio income risk,0.8106
LN0002982,2020-05,0.356327,0.513603,0.317906,0.338657,Current,0,,0.147661,,No immediate action,0.7496
LN0002982,2020-06,0.363343,0.49665,0.270468,0.268033,Current,0,,0.17182,,No immediate action,0.6992
LN0002982,2020-07,0.360849,0.513693,0.23475,0.206971,Current,0,,0.216066,,No immediate action,0.6444
LN0002982,2020-08,0.439235,0.503932,0.204402,0.407822,Current,0,,0.307238,,Watch for prepayment — portfolio income risk,0.7738
LN0002982,2020-09,0.451755,0.517769,0.390742,0.40535,Current,0,,0.285772,,Monitor closely — elevated default risk,0.865
LN0003001,2021-04,0.480843,0.496893,0.323266,0.325341,Prepaid,0,,0.317027,,Watch for prepayment — portfolio income risk,0.8132
LN0003001,2021-05,0.481055,0.499718,0.275884,0.2565,Current,0,,0.335531,,No immediate action,0.7566
LN0003001,2021-06,0.488052,0.500289,0.239212,0.198601,Current,0,,0.366285,,No immediate action,0.7128
LN0003001,2021-07,0.364962,0.52285,0.206875,0.351292,Current,1,Anomaly:IsolationForest,0.398998,remaining_term_months(z=2.35); loan_age_months(z=2.35); month_index(z=2.35),Review required — exception flagged,0.7001
LN0003001,2021-08,0.361209,0.517018,0.188322,0.280009,Current,1,Anomaly:IsolationForest,0.452025,remaining_term_months(z=2.48); loan_age_months(z=2.48); month_index(z=2.48),Review required — exception flagged,0.6563
LN0003008,2024-11,0.454704,0.570797,0.329292,0.278252,Current,0,,0.155221,,No immediate action,0.7457
LN0003008,2024-12,0.456205,0.584589,0.280112,0.214783,Current,0,,0.184441,,No immediate action,0.6833
LN0003014,2022-04,0.464241,0.581253,0.243206,0.169923,Current,0,,0.162229,,No immediate action,0.6481
LN0003014,2022-05,0.479532,0.656026,0.107913,0.139494,Current,0,,0.191868,,No immediate action,0.5355
LN0003014,2022-06,0.575417,0.683892,0.178003,0.110406,30DPD,0,,0.340477,,No immediate action,0.5146
LN0003016,2024-06,0.535292,0.708944,0.169827,0.205543,Current,1,Anomaly:IsolationForest,0.431995,modification_flag(z=10.67); days_past_due(z=2.40); remaining_term_months(z=1.97),Review required — exception flagged,0.5656
LN0003016,2024-07,0.535715,0.724698,0.158546,0.162455,30DPD,0,,0.206219,,No immediate action,0.5303
LN0003016,2024-08,0.539946,0.670541,0.074903,0.073185,30DPD,0,,0.253561,,No immediate action,0.4688
LN0003016,2024-09,0.301791,0.49476,0.207637,0.384596,Current,0,,0.292001,,No immediate action,0.6944
LN0003016,2024-10,0.28089,0.449261,0.093597,0.13447,Current,0,,0.330839,,No immediate action,0.4791
LN0003023,2022-11,0.432918,0.550874,0.424078,0.220898,Current,0,,0.324496,,Monitor closely — elevated default risk,0.7635
LN0003024,2020-10,0.310176,0.489182,0.153923,0.187941,Current,0,,0.240195,,No immediate action,0.5706
LN0003024,2020-11,0.320771,0.482417,0.142235,0.14946,Current,0,,0.261831,,No immediate action,0.5474
LN0003029,2021-06,0.338358,0.641271,0.106541,0.199266,Current,0,,0.266531,,No immediate action,0.5014
LN0003029,2021-07,0.341319,0.675856,0.185748,0.383469,Current,0,,0.285604,,No immediate action,0.6173
LN0003029,2021-08,0.334927,0.663117,0.170309,0.307082,Current,0,,0.315383,,No immediate action,0.5746
LN0003029,2021-09,0.394801,0.633738,0.347312,0.20935,Current,0,,0.348405,,No immediate action,0.6589
LN0003029,2021-10,0.325172,0.600328,0.137861,0.177428,Current,0,,0.371996,,No immediate action,0.5201
LN0003051,2022-10,0.241896,0.454711,0.212208,0.310953,Current,0,,0.192281,,No immediate action,0.6099
LN0003051,2022-11,0.256473,0.481177,0.194891,0.243401,Current,0,,0.217768,,No immediate action,0.588
LN0003051,2022-12,0.23387,0.473281,0.08998,0.09653,Current,0,,0.254211,,No immediate action,0.4468
LN0003051,2023-01,0.252141,0.504965,0.161187,0.159526,Current,0,,0.345571,,No immediate action,0.5339
LN0003051,2023-02,0.4111,0.524066,0.308295,0.118487,60DPD,0,,0.323071,,No immediate action,0.6569
LN0003055,2023-01,0.42992,0.621985,0.201834,0.478045,30DPD,0,,0.239375,,Watch for prepayment — portfolio income risk,0.7439
LN0003055,2023-02,0.437168,0.634477,0.184125,0.38109,30DPD,0,,0.191002,,No immediate action,0.684
LN0003055,2023-03,0.410922,0.511761,0.518179,0.549689,Current,0,,0.288546,,Monitor closely — elevated default risk,0.9156
LN0003055,2023-04,0.409008,0.507235,0.403971,0.437158,Current,0,,0.36775,,Monitor closely — elevated default risk,0.8715
LN0003055,2023-05,0.468699,0.513173,0.577055,0.17714,60DPD,1,Anomaly:IsolationForest,0.434571,days_past_due(z=3.71); remaining_term_months(z=2.48); loan_age_months(z=2.48),Review required — exception flagged,0.7778
LN0003056,2020-06,0.563739,0.60657,0.706857,0.297405,60DPD,0,,0.210413,,Monitor closely — elevated default risk,0.7101
LN0003056,2020-07,0.416164,0.533835,0.12227,0.271486,Current,0,,0.23845,,No immediate action,0.638
LN0003056,2020-08,0.30592,0.398564,0.058741,0.104696,Current,0,,0.281244,,No immediate action,0.434
LN0003056,2020-09,0.468081,0.562931,0.033809,0.057205,Current,0,,0.353799,,No immediate action,0.4981
LN0003056,2020-10,0.458816,0.557871,0.099651,0.157762,Current,0,,0.381118,,No immediate action,0.5792
LN0003059,2022-08,0.47061,0.571851,0.667911,0.261288,60DPD,0,,0.229912,,Monitor closely — elevated default risk,0.7461
LN0003059,2022-09,0.149264,0.461342,0.208779,0.29302,Current,0,,0.183509,,No immediate action,0.5562
LN0003059,2022-10,0.179159,0.481075,0.192513,0.227421,Current,0,,0.227864,,No immediate action,0.5401
LN0003059,2022-11,0.488203,0.65988,0.072462,0.195272,Current,0,,0.269762,,No immediate action,0.548
LN0003059,2022-12,0.557901,0.714586,0.052026,0.081928,30DPD,0,,0.298341,,No immediate action,0.4307
LN0003068,2024-05,0.49715,0.641983,0.177236,0.190323,30DPD,0,,0.168654,,No immediate action,0.6114
LN0003068,2024-06,0.448745,0.637839,0.161285,0.151051,30DPD,0,,0.201574,,No immediate action,0.5616
LN0003068,2024-07,0.512376,0.715249,0.251746,0.150256,30DPD,0,,0.24194,,No immediate action,0.5872
LN0003068,2024-08,0.525623,0.724783,0.130316,0.356471,Current,0,,0.277742,,No immediate action,0.6182
LN0003068,2024-09,0.61275,0.803034,0.410164,0.424412,30DPD,0,,0.304217,,Monitor closely — elevated default risk,0.7094
LN0003070,2020-12,0.628786,0.797586,0.337817,0.341799,60DPD,0,,0.18102,,No immediate action,0.6266
LN0003070,2021-01,0.520875,0.703818,0.352045,0.185939,60DPD,0,,0.204498,,No immediate action,0.6566
LN0003070,2021-02,0.500334,0.671548,0.143649,0.157664,Current,0,,0.242066,,No immediate action,0.5647
LN0003070,2021-03,0.526114,0.681542,0.070556,0.082062,60DPD,0,,0.274432,,No immediate action,0.4725
LN0003070,2021-04,0.529903,0.669463,0.122807,0.300533,Current,0,,0.301228,,No immediate action,0.612
LN0003081,2022-03,0.579653,0.68874,0.215355,0.194891,60DPD,0,,0.271208,,No immediate action,0.5709
LN0003081,2022-04,0.601121,0.689712,0.162163,0.108368,60DPD,0,,0.298481,,No immediate action,0.4898
LN0003081,2022-05,0.605151,0.691238,0.474351,0.128955,60DPD,0,,0.328522,,Monitor closely — elevated default risk,0.6535
LN0003081,2022-06,0.302244,0.328589,0.176372,0.042411,Closed,0,,0.360327,,No immediate action,0.4248
LN0003081,2022-07,0.242725,0.425166,0.460473,0.713058,Current,1,Anomaly:IsolationForest,0.385432,remaining_term_months(z=2.48); loan_age_months(z=2.48); month_index(z=2.48),Review required — exception flagged,0.7077
LN0003083,2020-04,0.266082,0.410354,0.355835,0.546958,Current,0,,0.190167,,Watch for prepayment — portfolio income risk,0.7427
LN0003083,2020-05,0.235502,0.431314,0.309289,0.440921,Current,0,,0.273739,,Watch for prepayment — portfolio income risk,0.7085
LN0003083,2020-06,0.399483,0.522174,0.344115,0.246434,Current,0,,0.261651,,No immediate action,0.7339
LN0003102,2021-12,0.366972,0.48969,0.288572,0.169537,30DPD,0,,0.200844,,No immediate action,0.6574
LN0003102,2022-01,0.316027,0.497013,0.460873,0.637613,Current,0,,0.231577,,Monitor closely — elevated default risk,0.8181
LN0003102,2022-02,0.308086,0.507656,0.370574,0.511622,Current,0,,0.319731,,Watch for prepayment — portfolio income risk,0.8297
LN0003102,2022-03,0.297967,0.551101,0.309622,0.406737,Current,0,,0.302607,,Watch for prepayment — portfolio income risk,0.7316
LN0003102,2022-04,0.290376,0.550169,0.264601,0.326151,Current,0,,0.368177,,No immediate action,0.6655
LN0003105,2021-03,0.300911,0.549606,0.22896,0.256898,Current,0,,0.230144,,No immediate action,0.6186
LN0003105,2021-04,0.424516,0.532518,0.106999,0.15884,Current,0,,0.243928,,No immediate action,0.5789
LN0003105,2021-05,0.468019,0.556391,0.186606,0.308295,Current,0,,0.283856,,No immediate action,0.7033
LN0003105,2021-06,0.450439,0.566525,0.171178,0.239795,Current,0,,0.322601,,No immediate action,0.6474
LN0003105,2021-07,0.515276,0.636858,0.277324,0.237561,Current,0,,0.358212,,No immediate action,0.6814
LN0003109,2020-10,0.503662,0.642678,0.240963,0.187655,Current,0,,0.214084,,No immediate action,0.6411
LN0003109,2020-11,0.613777,0.734767,0.127588,0.409537,Current,0,,0.233542,,Watch for prepayment — portfolio income risk,0.5943
LN0003109,2020-12,0.608845,0.726756,0.188227,0.394827,30DPD,0,,0.325538,,Watch for prepayment — portfolio income risk,0.6237
LN0003109,2021-01,0.623204,0.732138,0.086918,0.138984,30DPD,0,,0.307459,,No immediate action,0.4353
LN0003109,2021-02,0.615781,0.727109,0.15491,0.265508,Current,0,,0.340555,,No immediate action,0.5388
LN0003112,2024-07,0.594303,0.730417,0.139086,0.204497,Current,0,,0.209225,,No immediate action,0.5094
LN0003112,2024-08,0.237729,0.327366,0.53372,0.340224,Current,0,,0.234629,,Monitor closely — elevated default risk,0.6858
LN0003112,2024-09,0.215859,0.325283,0.411738,0.270163,Current,0,,0.274953,,Monitor closely — elevated default risk,0.6115
LN0003112,2024-10,0.23205,0.324405,0.339018,0.208494,Current,0,,0.315339,,No immediate action,0.552
LN0003112,2024-11,0.254891,0.323052,0.287835,0.164887,Current,0,,0.351576,,No immediate action,0.5153
LN0003117,2022-12,0.241216,0.353855,0.249578,0.13385,Current,0,,0.20831,,No immediate action,0.4892
LN0003117,2023-01,0.300554,0.53641,0.105275,0.217456,Current,0,,0.227065,,No immediate action,0.5434
LN0003117,2023-02,0.423984,0.581989,0.558214,0.369772,60DPD,0,,0.262931,,Monitor closely — elevated default risk,0.8268
LN0003117,2023-03,0.359622,0.547678,0.166925,0.314302,Current,0,,0.304701,,No immediate action,0.6466
LN0003117,2023-04,0.155956,0.324785,0.47608,0.475429,Current,0,,0.380669,,Monitor closely — elevated default risk,0.7161
LN0003121,2023-07,0.160854,0.321719,0.380394,0.379839,Current,0,,0.193726,,No immediate action,0.6214
LN0003121,2023-08,0.275243,0.319349,0.421587,0.208113,Current,0,,0.227234,,Monitor closely — elevated default risk,0.6121
LN0003121,2023-09,0.136501,0.224594,0.152142,0.176468,Current,0,,0.268322,,No immediate action,0.3449
LN0003135,2020-07,0.282115,0.322544,0.294939,0.122807,Current,0,,0.304763,,No immediate action,0.5112
LN0003135,2020-08,0.427536,0.599179,0.205353,0.493885,Current,0,,0.212268,,Watch for prepayment — portfolio income risk,0.7638
LN0003135,2020-09,0.390853,0.608157,0.19137,0.394533,Current,0,,0.244299,,Watch for prepayment — portfolio income risk,0.6843
LN0003135,2020-10,0.235992,0.511143,0.084577,0.133437,Current,0,,0.283338,,No immediate action,0.4714
LN0003135,2020-11,0.406233,0.605292,0.157958,0.265004,Current,0,,0.308461,,No immediate action,0.612
LN0003138,2024-11,0.392185,0.601695,0.142538,0.204687,Current,0,,0.173764,,No immediate action,0.5689
LN0003138,2024-12,0.256098,0.338862,0.455935,0.595651,Current,0,,0.202059,,Monitor closely — elevated default risk,0.7276
LN0003138,2025-01,0.297756,0.35312,0.367378,0.477606,Current,0,,0.243535,,Watch for prepayment — portfolio income risk,0.7479
LN0003138,2025-02,0.345362,0.484239,0.418148,0.271079,Current,0,,0.330433,,Monitor closely — elevated default risk,0.7594
LN0003138,2025-03,0.233211,0.343073,0.149062,0.223868,Current,0,,0.30996,,No immediate action,0.4746
LN0003139,2022-08,0.209664,0.353092,0.137144,0.176564,Current,0,,0.153481,,No immediate action,0.4382
LN0003139,2022-09,0.277047,0.4007,0.470098,0.645711,Current,0,,0.181512,,Monitor closely — elevated default risk,0.7511
LN0003139,2022-10,0.280738,0.4007,0.376395,0.517622,Current,0,,0.228543,,Watch for prepayment — portfolio income risk,0.7701
LN0003139,2022-11,0.297111,0.409837,0.314414,0.410635,Current,0,,0.264593,,Watch for prepayment — portfolio income risk,0.716
LN0003139,2022-12,0.321951,0.415323,0.268438,0.331168,Current,0,,0.301517,,No immediate action,0.6684
LN0003140,2022-07,0.303286,0.409023,0.232624,0.261789,Current,0,,0.214986,,No immediate action,0.6034
LN0003140,2022-08,0.245568,0.381157,0.433987,0.594192,Current,0,,0.235493,,Monitor closely — elevated default risk,0.7333
LN0003140,2022-09,0.400143,0.477415,0.362522,0.4859,Current,0,,0.272205,,Watch for prepayment — portfolio income risk,0.863
LN0003140,2022-10,0.387492,0.481958,0.30445,0.386866,Current,0,,0.300498,,No immediate action,0.7804
LN0003140,2022-11,0.390623,0.484856,0.25889,0.310065,Current,0,,0.338807,,No immediate action,0.7222
LN0003143,2023-11,0.409319,0.49834,0.290791,0.168764,Current,0,,0.19323,,No immediate action,0.6836
LN0003143,2023-12,0.28779,0.472203,0.440019,0.671827,Current,0,,0.223028,,Monitor closely — elevated default risk,0.7641
LN0003143,2024-01,0.259159,0.460216,0.358132,0.534339,Current,0,,0.268802,,Watch for prepayment — portfolio income risk,0.7716
LN0003143,2024-02,0.253821,0.456019,0.300209,0.424579,Current,0,,0.310245,,Watch for prepayment — portfolio income risk,0.7173
LN0003143,2024-03,0.499999,0.602462,0.723375,0.270062,90DPD,0,,0.343541,,Monitor closely — elevated default risk,0.7221
LN0003151,2022-05,0.382157,0.501398,0.123342,0.237658,Current,0,,0.168108,,No immediate action,0.6209
LN0003151,2022-06,0.35655,0.52683,0.060413,0.098696,Current,0,,0.198906,,No immediate action,0.4944
LN0003151,2022-07,0.383058,0.541666,0.035365,0.05128,Current,0,,0.299508,,No immediate action,0.464
LN0003151,2022-08,0.399705,0.555252,0.100363,0.145058,Current,0,,0.273768,,No immediate action,0.5449
LN0003151,2022-09,0.268801,0.350561,0.471364,0.48613,Current,0,,0.311581,,Monitor closely — elevated default risk,0.7884
LN0003167,2022-05,0.246238,0.349104,0.376806,0.387865,Current,0,,0.243569,,No immediate action,0.68
LN0003167,2022-06,0.248817,0.348411,0.314862,0.310176,Current,0,,0.199495,,No immediate action,0.6111
LN0003167,2022-07,0.352374,0.415564,0.345709,0.16915,30DPD,0,,0.295299,,No immediate action,0.6414
LN0003167,2022-08,0.206487,0.279502,0.136529,0.144455,Current,0,,0.272355,,No immediate action,0.3835
LN0003167,2022-09,0.496965,0.672976,0.209827,0.439121,Current,0,,0.309969,,Watch for prepayment — portfolio income risk,0.7365
LN0003169,2024-05,0.491764,0.668292,0.190418,0.353555,30DPD,0,,0.234475,,No immediate action,0.6837
LN0003169,2024-06,0.538113,0.700875,0.335784,0.350542,30DPD,0,,0.257124,,No immediate action,0.7237
LN0003169,2024-07,0.54092,0.697584,0.285317,0.279078,30DPD,0,,0.293366,,No immediate action,0.6629
LN0003169,2024-08,0.531508,0.697584,0.247415,0.21526,30DPD,0,,0.322186,,No immediate action,0.6168
LN0003169,2024-09,0.401598,0.526835,0.065703,0.186129,Current,0,,0.360061,,No immediate action,0.5633
LN0003178,2021-01,0.420473,0.590974,0.042629,0.089347,Current,0,,0.243018,,No immediate action,0.4807
LN0003178,2021-02,0.507388,0.637048,0.11641,0.312289,Current,0,,0.327558,,No immediate action,0.6421
LN0003178,2021-03,0.520348,0.626898,0.108823,0.244378,Current,1,Anomaly:IsolationForest,0.500648,modification_flag(z=10.67); days_past_due(z=2.40); remaining_term_months(z=2.22),Review required — exception flagged,0.603
LN0003178,2021-04,0.537212,0.710922,0.222526,0.299776,30DPD,0,,0.337448,,No immediate action,0.6371
LN0003178,2021-05,0.729862,0.868309,0.51405,0.624306,30DPD,0,,0.365305,,Monitor closely — elevated default risk,0.6317
LN0003189,2024-08,0.718918,0.869982,0.401993,0.499258,30DPD,0,,0.211066,,Monitor closely — elevated default risk,0.6562
LN0003189,2024-09,0.718918,0.869982,0.331403,0.397638,30DPD,0,,0.231764,,Watch for prepayment — portfolio income risk,0.5701
LN0003193,2024-02,0.738539,0.869697,0.281979,0.319154,Current,0,,0.22513,,No immediate action,0.4964
LN0003193,2024-03,0.738574,0.872198,0.244476,0.25076,30DPD,0,,0.25435,,No immediate action,0.4422
LN0003193,2024-04,0.501527,0.627549,0.126744,0.444203,Current,0,,0.297458,,Watch for prepayment — portfolio income risk,0.7209
LN0003193,2024-05,0.597772,0.712063,0.363174,0.53127,30DPD,0,,0.333175,,Watch for prepayment — portfolio income risk,0.761
LN0003193,2024-06,0.553303,0.591458,0.417175,0.304122,30DPD,0,,0.36876,,Monitor closely — elevated default risk,0.7883
LN0003205,2023-11,0.49711,0.551229,0.148663,0.254813,Current,0,,0.307965,,No immediate action,0.6747
LN0003205,2023-12,0.380141,0.481617,0.136118,0.196699,30DPD,0,,0.365723,,No immediate action,0.5973
LN0003205,2024-01,0.360662,0.517743,0.603222,0.44292,Current,1,Anomaly:IsolationForest,0.396734,days_past_due(z=2.40); remaining_term_months(z=2.22); loan_age_months(z=2.22),Review required — exception flagged,0.8413
LN0003205,2024-02,0.269253,0.463289,0.17944,0.379978,Current,1,Anomaly:IsolationForest,0.579849,modification_flag(z=10.67); days_past_due(z=3.71); remaining_term_months(z=2.35),Review required — exception flagged,0.646
LN0003207,2023-06,0.379736,0.566059,0.421258,0.252339,Current,0,,0.319744,,Monitor closely — elevated default risk,0.7436
LN0003207,2023-07,0.276973,0.418885,0.07743,0.107685,Current,0,,0.345456,,No immediate action,0.4405
LN0003207,2023-08,0.260094,0.450824,0.137349,0.185462,Current,0,,0.36553,,No immediate action,0.5169
LN0003207,2023-09,0.227647,0.267658,0.431379,0.775114,Current,1,Anomaly:IsolationForest,0.398234,original_balance(z=2.36); remaining_term_months(z=2.35); loan_age_months(z=2.35),Review required — exception flagged,0.5758
LN0003207,2023-10,0.237095,0.278589,0.353429,0.581345,Current,1,Anomaly:IsolationForest,0.423501,remaining_term_months(z=2.48); loan_age_months(z=2.48); month_index(z=2.48),Review required — exception flagged,0.6439
LN0003211,2021-02,0.22676,0.266812,0.296868,0.464713,Current,0,,0.182434,,Watch for prepayment — portfolio income risk,0.6276
LN0003211,2021-03,0.248872,0.274465,0.253327,0.371782,Current,0,,0.210993,,No immediate action,0.5742
LN0003211,2021-04,0.218867,0.277518,0.218985,0.296331,Current,0,,0.247043,,No immediate action,0.5059
LN0003211,2021-05,0.244639,0.437651,0.206209,0.334238,Current,0,,0.29522,,No immediate action,0.6114
LN0003211,2021-06,0.455966,0.628673,0.572089,0.233783,Current,0,,0.323087,,Monitor closely — elevated default risk,0.7445
LN0003224,2024-04,0.528624,0.643645,0.58669,0.128009,Current,0,,0.237828,,Monitor closely — elevated default risk,0.6845
LN0003224,2024-05,0.335976,0.590938,0.113316,0.118378,Current,0,,0.262629,,No immediate action,0.4884
LN0003224,2024-06,0.346182,0.554767,0.054395,0.058741,Current,0,,0.344334,,No immediate action,0.4523
LN0003225,2024-12,0.224155,0.300372,0.444939,0.601669,Current,0,,0.355263,,Monitor closely — elevated default risk,0.6839
LN0003225,2025-01,0.229625,0.297879,0.361095,0.480699,Current,0,,0.375451,,Watch for prepayment — portfolio income risk,0.6846
LN0003225,2025-02,0.169334,0.325093,0.445308,0.725236,Current,1,Anomaly:IsolationForest,0.401262,original_balance(z=2.30); remaining_term_months(z=2.22); loan_age_months(z=2.22),Review required — exception flagged,0.6072
LN0003225,2025-03,0.155974,0.321551,0.361224,0.558581,Current,1,Anomaly:IsolationForest,0.423961,remaining_term_months(z=2.35); loan_age_months(z=2.35); month_index(z=2.35),Review required — exception flagged,0.6401
LN0003225,2025-04,0.163386,0.331899,0.302923,0.446978,Current,1,Anomaly:IsolationForest,0.450583,remaining_term_months(z=2.48); loan_age_months(z=2.48); month_index(z=2.48),Review required — exception flagged,0.6226
LN0003227,2022-03,0.159985,0.336724,0.255904,0.356089,Current,0,,0.298858,,No immediate action,0.5544
LN0003227,2022-04,0.15422,0.351082,0.222909,0.28584,Current,0,,0.266734,,No immediate action,0.507
LN0003227,2022-05,0.676504,0.78083,0.641216,0.430002,60DPD,0,,0.302847,,Monitor closely — elevated default risk,0.6657
LN0003227,2022-06,0.69562,0.681541,0.666012,0.224348,60DPD,0,,0.336418,,Monitor closely — elevated default risk,0.5906
LN0003227,2022-07,0.667083,0.693788,0.591325,0.148663,Default,0,,0.36693,,Monitor closely — elevated default risk,0.5982
LN0003239,2023-02,0.434523,0.375585,0.194701,0.050145,Default,0,,0.238309,,Monitor closely — elevated default risk,0.5275
LN0003239,2023-03,0.264394,0.3364,0.540351,0.303795,Current,0,,0.201788,,Monitor closely — elevated default risk,0.6821
LN0003239,2023-04,0.233369,0.328236,0.411423,0.232431,Current,0,,0.241605,,Monitor closely — elevated default risk,0.6027
LN0003239,2023-05,0.249332,0.337093,0.34095,0.184793,Current,0,,0.279516,,No immediate action,0.5561
LN0003239,2023-06,0.249332,0.337093,0.340829,0.185366,Current,0,,0.351648,,No immediate action,0.5563
LN0003252,2024-10,0.253905,0.332907,0.2891,0.146664,Current,0,,0.208791,,No immediate action,0.5113
LN0003252,2024-11,0.256793,0.336876,0.250464,0.121948,Current,0,,0.237142,,No immediate action,0.483
LN0003252,2024-12,0.346455,0.500384,0.508442,0.488443,Current,0,,0.278866,,Monitor closely — elevated default risk,0.913
LN0003252,2025-01,0.351611,0.490579,0.398981,0.388868,Current,0,,0.312546,,Monitor closely — elevated default risk,0.815
LN0003252,2025-02,0.364494,0.490579,0.329526,0.311175,Current,0,,0.345387,,No immediate action,0.7479
LN0003254,2022-10,0.370441,0.48609,0.280009,0.24262,Current,0,,0.170029,,No immediate action,0.6896
LN0003254,2022-11,0.360405,0.496347,0.242815,0.191466,Current,0,,0.199256,,No immediate action,0.6455
LN0003254,2022-12,0.487933,0.637851,0.536525,0.520994,Current,0,,0.245559,,Monitor closely — elevated default risk,0.8963
LN0003254,2023-01,0.485671,0.63649,0.413642,0.413165,Current,0,,0.325601,,Monitor closely — elevated default risk,0.838
LN0003254,2023-02,0.493302,0.49987,0.432592,0.229345,60DPD,0,,0.309483,,Monitor closely — elevated default risk,0.8276
LN0003257,2021-09,0.122558,0.180625,0.534649,0.305874,Current,0,,0.153529,,Monitor closely — elevated default risk,0.5372
LN0003257,2021-10,0.121275,0.180625,0.412847,0.236978,Current,0,,0.183659,,Monitor closely — elevated default risk,0.4759
LN0003261,2024-03,0.124479,0.176899,0.339741,0.187369,Current,0,,0.260858,,No immediate action,0.4142
LN0003261,2024-04,0.120965,0.179805,0.28794,0.148463,Current,0,,0.335143,,No immediate action,0.3686
LN0003261,2024-05,0.121365,0.174308,0.249775,0.122914,Current,1,Anomaly:IsolationForest,0.416198,days_past_due(z=3.71); remaining_term_months(z=2.22); loan_age_months(z=2.22),Review required — exception flagged,0.3342
LN0003261,2024-06,0.576277,0.697245,0.654504,0.310731,60DPD,1,Anomaly:IsolationForest,0.541938,modification_flag(z=10.67); days_past_due(z=3.71); remaining_term_months(z=2.35),Review required — exception flagged,0.6914
LN0003261,2024-07,0.455985,0.627939,0.190037,0.257196,Current,1,Anomaly:IsolationForest,0.456856,days_past_due(z=3.71); remaining_term_months(z=2.48); loan_age_months(z=2.48),Review required — exception flagged,0.6376
LN0003262,2024-11,0.469124,0.658011,0.089853,0.104581,Current,0,,0.164367,,No immediate action,0.5028
LN0003262,2024-12,0.416423,0.650074,0.083656,0.092856,Current,0,,0.193936,,No immediate action,0.4714
LN0003262,2025-01,0.491857,0.672505,0.145962,0.15115,Current,0,,0.235777,,No immediate action,0.5582
LN0003262,2025-02,0.491857,0.672505,0.145862,0.151448,Current,0,,0.278986,,No immediate action,0.5583
LN0003262,2025-03,0.494709,0.602697,0.630092,0.366849,60DPD,0,,0.309995,,Monitor closely — elevated default risk,0.8144
LN0003265,2024-08,0.388317,0.581854,0.186511,0.311954,Current,0,,0.212961,,No immediate action,0.6525
LN0003265,2024-09,0.236749,0.483948,0.172623,0.238629,Current,0,,0.242192,,No immediate action,0.566
LN0003265,2024-10,0.434863,0.597687,0.081391,0.097014,Current,0,,0.277506,,No immediate action,0.5078
LN0003265,2024-11,0.500795,0.589801,0.295367,0.143144,60DPD,0,,0.31594,,No immediate action,0.674
LN0003265,2024-12,0.196089,0.312101,0.449415,0.668875,Current,0,,0.342919,,Monitor closely — elevated default risk,0.6444
LN0003268,2020-05,0.214012,0.326433,0.36435,0.532184,Current,0,,0.20151,,Watch for prepayment — portfolio income risk,0.6863
LN0003268,2020-06,0.21303,0.335609,0.302161,0.419615,Current,0,,0.333612,,Watch for prepayment — portfolio income risk,0.6352
LN0003268,2020-07,0.193884,0.304792,0.259988,0.340829,Current,0,,0.272111,,No immediate action,0.5497
LN0003268,2020-08,0.186052,0.306694,0.224923,0.270468,Current,0,,0.308238,,No immediate action,0.4941
LN0003268,2020-09,0.32,0.459096,0.45613,0.697018,Current,0,,0.348248,,Monitor closely — elevated default risk,0.7691
LN0003274,2024-08,0.314071,0.449809,0.368041,0.548659,Current,0,,0.273717,,Watch for prepayment — portfolio income risk,0.7916
LN0003274,2024-09,0.32,0.458458,0.307303,0.436096,Current,0,,0.291966,,Watch for prepayment — portfolio income risk,0.7609
LN0003274,2024-10,0.415007,0.464207,0.343504,0.242425,60DPD,0,,0.327775,,No immediate action,0.7326
LN0003274,2024-11,0.317777,0.389126,0.134367,0.203736,Current,0,,0.362355,,No immediate action,0.5225
LN0003274,2024-12,0.441977,0.628726,0.461876,0.615285,Current,1,Anomaly:IsolationForest,0.392612,remaining_term_months(z=2.48); loan_age_months(z=2.48); month_index(z=2.48),Review required — exception flagged,0.8299
LN0003280,2024-03,0.444088,0.630068,0.370842,0.493405,Current,0,,0.270027,,Watch for prepayment — portfolio income risk,0.8391
LN0003280,2024-04,0.46288,0.557194,0.195462,0.149958,30DPD,0,,0.294696,,No immediate action,0.6256
LN0003280,2024-05,0.587878,0.655321,0.644191,0.189942,90DPD,0,,0.327123,,Monitor closely — elevated default risk,0.6513
LN0003280,2024-06,0.392033,0.490716,0.683537,0.103651,Default,0,,0.364818,,Monitor closely — elevated default risk,0.6514
LN0003280,2024-07,0.320059,0.384569,0.192037,0.038551,Default,1,Anomaly:IsolationForest,0.390119,remaining_term_months(z=2.48); loan_age_months(z=2.48); month_index(z=2.48),Review required — exception flagged,0.4676
LN0003282,2021-11,0.246185,0.32535,0.107342,0.017135,Default,0,,0.223398,,Monitor closely — elevated default risk,0.348
LN0003282,2021-12,0.302619,0.455975,0.200503,0.510025,Current,0,,0.248285,,Watch for prepayment — portfolio income risk,0.7245
LN0003282,2022-01,0.299578,0.455871,0.182597,0.405811,Current,0,,0.28808,,Watch for prepayment — portfolio income risk,0.6719
LN0003282,2022-02,0.417739,0.602223,0.312289,0.402448,Current,0,,0.326342,,Watch for prepayment — portfolio income risk,0.7651
LN0003282,2022-03,0.412473,0.594127,0.267224,0.322807,Current,0,,0.354582,,No immediate action,0.7042
LN0003283,2020-10,0.343107,0.599472,0.231273,0.254218,Current,0,,0.225501,,No immediate action,0.6146
LN0003283,2020-11,0.274873,0.354319,0.518738,0.455157,Current,0,,0.246305,,Monitor closely — elevated default risk,0.7828
LN0003283,2020-12,0.273169,0.3518,0.40443,0.364612,Current,0,,0.378501,,Monitor closely — elevated default risk,0.697
LN0003283,2021-01,0.277949,0.351447,0.332936,0.291214,Current,1,Anomaly:IsolationForest,0.468753,days_past_due(z=3.71); remaining_term_months(z=2.35); loan_age_months(z=2.35),Review required — exception flagged,0.6268
LN0003283,2021-02,0.281446,0.360088,0.283437,0.224923,Current,1,Anomaly:IsolationForest,0.481329,days_past_due(z=3.71); remaining_term_months(z=2.48); loan_age_months(z=2.48),Review required — exception flagged,0.5749
LN0003284,2024-11,0.279941,0.362128,0.245847,0.177811,Current,0,,0.204935,,No immediate action,0.5329
LN0003284,2024-12,0.41289,0.598926,0.457698,0.749599,Current,0,,0.234616,,Monitor closely — elevated default risk,0.761
LN0003284,2025-01,0.551584,0.551919,0.615285,0.30456,30DPD,0,,0.270952,,Monitor closely — elevated default risk,0.7929
LN0003284,2025-02,0.492583,0.592751,0.11619,0.278458,Current,0,,0.309449,,No immediate action,0.6472
LN0003294,2021-12,0.468949,0.58237,0.112313,0.215451,Current,0,,0.2006,,No immediate action,0.6072
LN0003294,2022-01,0.389285,0.527943,0.025844,0.052947,Current,0,,0.231284,,No immediate action,0.4701
LN0003294,2022-02,0.278707,0.446685,0.512966,0.64648,Current,0,,0.272522,,Monitor closely — elevated default risk,0.783
LN0003294,2022-03,0.275264,0.429291,0.401236,0.518179,Current,0,,0.303242,,Monitor closely — elevated default risk,0.7938
LN0003294,2022-04,0.323028,0.440938,0.307743,0.40336,Current,0,,0.336149,,Watch for prepayment — portfolio income risk,0.7375
LN0003305,2023-02,0.28246,0.43604,0.28146,0.331286,Current,0,,0.285109,,No immediate action,0.6656
LN0003305,2023-03,0.281166,0.439658,0.24389,0.26209,Current,0,,0.259454,,No immediate action,0.6134
LN0003305,2023-04,0.24944,0.348162,0.51029,0.389156,Current,0,,0.293117,,Monitor closely — elevated default risk,0.7382
LN0003305,2023-05,0.237963,0.348662,0.400031,0.311732,Current,0,,0.374237,,Monitor closely — elevated default risk,0.6492
LN0003305,2023-06,0.227209,0.296239,0.324072,0.239601,Current,1,Anomaly:IsolationForest,0.419081,remaining_term_months(z=2.48); loan_age_months(z=2.48); month_index(z=2.48),Review required — exception flagged,0.5436
LN0003306,2022-03,0.242295,0.345333,0.28063,0.191656,Current,0,,0.287868,,No immediate action,0.53
LN0003306,2022-04,0.244446,0.337414,0.243499,0.152241,Current,0,,0.312957,,No immediate action,0.4888
LN0003306,2022-05,0.296311,0.341238,0.509495,0.428463,Current,0,,0.345319,,Monitor closely — elevated default risk,0.7783
LN0003306,2022-06,0.308142,0.338652,0.39973,0.345463,Current,0,,0.375347,,Monitor closely — elevated default risk,0.696
LN0003306,2022-07,0.296311,0.341238,0.330112,0.273834,Current,1,Anomaly:IsolationForest,0.404949,remaining_term_months(z=2.48); loan_age_months(z=2.48); month_index(z=2.48),Review required — exception flagged,0.6207
LN0003313,2024-03,0.294455,0.34837,0.280734,0.211732,Current,0,,0.18153,,No immediate action,0.5676
LN0003313,2024-04,0.165919,0.236907,0.237463,0.162942,Current,0,,0.202438,,No immediate action,0.4016
LN0003313,2024-05,0.561908,0.624899,0.523571,0.443469,30DPD,0,,0.243668,,Monitor closely — elevated default risk,0.8665
LN0003313,2024-06,0.602235,0.676543,0.41095,0.360707,30DPD,0,,0.281587,,Monitor closely — elevated default risk,0.7464
LN0003313,2024-07,0.61637,0.631724,0.592273,0.147464,60DPD,0,,0.318325,,Monitor closely — elevated default risk,0.6535
LN0003315,2022-12,0.374773,0.375063,0.597127,0.085883,Default,0,,0.349884,,Monitor closely — elevated default risk,0.6193
LN0003315,2023-01,0.295229,0.311513,0.545612,0.060578,Default,0,,0.375484,,Monitor closely — elevated default risk,0.5609
LN0003315,2023-02,0.313189,0.412192,0.205163,0.364481,Current,1,Anomaly:IsolationForest,0.393005,original_balance(z=2.80); remaining_term_months(z=2.22); loan_age_months(z=2.22),Review required — exception flagged,0.6475
LN0003315,2023-03,0.41857,0.545039,0.393361,0.362132,Current,1,Anomaly:IsolationForest,0.420127,original_balance(z=2.80); remaining_term_months(z=2.35); loan_age_months(z=2.35),Review required — exception flagged,0.8145
LN0003315,2023-04,0.431758,0.551332,0.325341,0.289311,Current,1,Anomaly:IsolationForest,0.445485,original_balance(z=2.80); remaining_term_months(z=2.48); loan_age_months(z=2.48),Review required — exception flagged,0.7475
LN0003319,2021-01,0.432905,0.553067,0.277427,0.223005,Current,0,,0.150744,,No immediate action,0.6901
LN0003319,2021-02,0.177643,0.231435,0.439659,0.666957,Prepaid,0,,0.177365,,Monitor closely — elevated default risk,0.5909
LN0003319,2021-03,0.200132,0.238128,0.35826,0.532797,Prepaid,0,,0.221597,,Watch for prepayment — portfolio income risk,0.6319
LN0003319,2021-04,0.16011,0.220288,0.3001,0.422083,Current,0,,0.261463,,Watch for prepayment — portfolio income risk,0.5513
LN0003319,2021-05,0.200132,0.240763,0.255706,0.34095,Prepaid,0,,0.294895,,Watch for prepayment — portfolio income risk,0.5188
LN0003320,2022-05,0.187177,0.229748,0.221185,0.27057,Current,0,,0.16857,,No immediate action,0.4543
LN0003320,2022-06,0.613934,0.684333,0.655343,0.356598,60DPD,0,,0.195325,,Monitor closely — elevated default risk,0.7015
LN0003320,2022-07,0.505479,0.631153,0.192132,0.305545,Current,0,,0.229976,,No immediate action,0.6805
LN0003320,2022-08,0.530943,0.652443,0.176756,0.237075,Current,0,,0.273399,,No immediate action,0.6152
LN0003320,2022-09,0.594532,0.670792,0.152241,0.086401,60DPD,0,,0.305498,,No immediate action,0.4867
LN0003323,2020-04,0.609059,0.625213,0.389012,0.103302,Default,0,,0.261561,,Monitor closely — elevated default risk,0.629
LN0003323,2020-05,0.134768,0.16684,0.530664,0.337457,Current,0,,0.227524,,Monitor closely — elevated default risk,0.5542
LN0003323,2020-06,0.137379,0.182228,0.410478,0.26773,Current,0,,0.260241,,Monitor closely — elevated default risk,0.4989
LN0003323,2020-07,0.138395,0.182228,0.338177,0.206495,Current,0,,0.303313,,No immediate action,0.4326
LN0003323,2020-08,0.135781,0.170174,0.287415,0.163429,Current,0,,0.369548,,No immediate action,0.3784
LN0003349,2021-04,0.138116,0.183298,0.248987,0.133022,Current,0,,0.283881,,No immediate action,0.3517
LN0003349,2021-05,0.219839,0.342401,0.438942,0.576214,Current,0,,0.371891,,Monitor closely — elevated default risk,0.7125
LN0003354,2024-05,0.18613,0.301667,0.374622,0.467801,Current,0,,0.180322,,Watch for prepayment — portfolio income risk,0.6651
LN0003354,2024-06,0.184427,0.293964,0.312512,0.374622,Current,0,,0.209958,,No immediate action,0.5828
LN0003354,2024-07,0.186568,0.303231,0.267527,0.29902,Current,0,,0.254865,,No immediate action,0.5282
LN0003354,2024-08,0.198311,0.304778,0.231466,0.230501,Current,0,,0.291593,,No immediate action,0.4825
LN0003354,2024-09,0.272089,0.424347,0.553532,0.273527,Current,0,,0.320613,,Monitor closely — elevated default risk,0.7082
LN0003365,2020-09,0.272261,0.418914,0.420599,0.211827,Current,0,,0.159201,,Monitor closely — elevated default risk,0.6618
LN0003365,2020-10,0.284954,0.421293,0.344604,0.167312,Current,0,,0.185378,,No immediate action,0.6091
LN0003365,2020-11,0.239094,0.359921,0.291108,0.133954,Current,0,,0.332402,,No immediate action,0.512
LN0003365,2020-12,0.285376,0.418189,0.252042,0.113871,Current,0,,0.269041,,No immediate action,0.5347
LN0003365,2021-01,0.414335,0.587798,0.486821,0.52415,Current,0,,0.308786,,Monitor closely — elevated default risk,0.8946
LN0003367,2022-01,0.444308,0.600737,0.387008,0.415562,30DPD,0,,0.174846,,Watch for prepayment — portfolio income risk,0.8231
LN0003367,2022-02,0.443234,0.597498,0.321547,0.335546,30DPD,0,,0.204724,,No immediate action,0.7514
LN0003367,2022-03,0.43807,0.586971,0.274551,0.266113,30DPD,0,,0.241494,,No immediate action,0.6959
LN0003367,2022-04,0.414853,0.597461,0.238046,0.204973,Current,0,,0.37277,,No immediate action,0.6302
LN0003367,2022-05,0.328549,0.439337,0.12822,0.362262,Current,0,,0.308781,,No immediate action,0.6292
LN0003369,2022-07,0.322436,0.44977,0.121841,0.289416,Current,0,,0.18589,,No immediate action,0.5917
LN0003369,2022-08,0.372196,0.489935,0.318133,0.347683,Current,0,,0.219299,,No immediate action,0.764
LN0003369,2022-09,0.366548,0.476057,0.270672,0.276192,Current,0,,0.261309,,No immediate action,0.6947
LN0003369,2022-10,0.243342,0.45576,0.229345,0.210112,Current,0,,0.298278,,No immediate action,0.5693
LN0003369,2022-11,0.464237,0.614263,0.623681,0.3552,60DPD,0,,0.332095,,Monitor closely — elevated default risk,0.7907
LN0003370,2021-03,0.372841,0.570641,0.190228,0.304669,Current,0,,0.172802,,No immediate action,0.6485
LN0003370,2021-04,0.407615,0.564709,0.088202,0.11553,Current,0,,0.200217,,No immediate action,0.5233
LN0003370,2021-05,0.384025,0.568972,0.08166,0.102249,Current,0,,0.250253,,No immediate action,0.4995
LN0003370,2021-06,0.447186,0.597605,0.295474,0.152637,60DPD,0,,0.331257,,No immediate action,0.6488
LN0003370,2021-07,0.504373,0.613167,0.775114,0.035619,60DPD,1,Anomaly:IsolationForest,0.398775,remaining_term_months(z=2.48); loan_age_months(z=2.48); month_index(z=2.48),Review required — exception flagged,0.5715
LN0003377,2025-02,0.35865,0.400591,0.758036,0.147764,Default,0,,0.171884,,Monitor closely — elevated default risk,0.5745
LN0003377,2025-03,0.303872,0.451077,0.514594,0.468842,Current,0,,0.200678,,Monitor closely — elevated default risk,0.8546
LN0003377,2025-04,0.249614,0.351399,0.379285,0.366717,Current,0,,0.248019,,No immediate action,0.6735
LN0003377,2025-05,0.306701,0.451077,0.331521,0.29956,Current,0,,0.279024,,No immediate action,0.6944
LN0003377,2025-06,0.313564,0.455494,0.282187,0.23108,Current,0,,0.317936,,No immediate action,0.6412
LN0003398,2021-02,0.306701,0.447161,0.244672,0.181832,Current,0,,0.154463,,No immediate action,0.5902
LN0003398,2021-03,0.483932,0.633702,0.485442,0.62878,Current,0,,0.183962,,Monitor closely — elevated default risk,0.8534
LN0003398,2021-04,0.493413,0.636582,0.386012,0.502769,Current,0,,0.230147,,Watch for prepayment — portfolio income risk,0.87
LN0003398,2021-05,0.573844,0.603619,0.579612,0.208684,60DPD,0,,0.277754,,Monitor closely — elevated default risk,0.7258
LN0003398,2021-06,0.40668,0.562861,0.110068,0.187178,Current,0,,0.307914,,No immediate action,0.5705
LN0003402,2020-05,0.382997,0.579681,0.101426,0.148862,Current,0,,0.175253,,No immediate action,0.5268
LN0003402,2020-06,0.286019,0.338735,0.500253,0.534649,Current,0,,0.20231,,Monitor closely — elevated default risk,0.7949
LN0003402,2020-07,0.278499,0.33547,0.394533,0.425082,Current,0,,0.246944,,Monitor closely — elevated default risk,0.7168
LN0003402,2020-08,0.280212,0.336702,0.326266,0.342894,Current,0,,0.285933,,No immediate action,0.643
LN0003402,2020-09,0.475873,0.532966,0.442738,0.141019,60DPD,0,,0.320963,,Monitor closely — elevated default risk,0.7633
LN0003404,2022-12,0.289,0.396274,0.099532,0.128325,Current,0,,0.24059,,No immediate action,0.4566
LN0003404,2023-01,0.415001,0.465025,0.205448,0.392193,Current,0,,0.265348,,Watch for prepayment — portfolio income risk,0.7388
LN0003404,2023-02,0.413062,0.473711,0.187274,0.314189,Current,0,,0.307298,,No immediate action,0.6941
LN0003410,2020-11,0.47363,0.611603,0.326382,0.311843,Current,0,,0.255758,,No immediate action,0.7501
LN0003410,2020-12,0.486302,0.598924,0.277839,0.244672,Prepaid,0,,0.276586,,Watch for prepayment — portfolio income risk,0.7049
LN0003410,2021-01,0.485427,0.57944,0.241548,0.192037,Prepaid,0,,0.314107,,Watch for prepayment — portfolio income risk,0.6698
LN0003410,2021-02,0.443479,0.612481,0.197745,0.509231,Current,0,,0.34557,,Watch for prepayment — portfolio income risk,0.7598
LN0003410,2021-03,0.448972,0.605204,0.18508,0.40612,30DPD,0,,0.378288,,Watch for prepayment — portfolio income risk,0.7175
LN0003413,2023-07,0.464078,0.62869,0.085623,0.142336,30DPD,0,,0.19599,,No immediate action,0.5317
LN0003413,2023-08,0.525997,0.623387,0.343748,0.235331,30DPD,0,,0.221757,,No immediate action,0.7148
LN0003413,2023-09,0.667184,0.667187,0.350917,0.12822,60DPD,0,,0.259981,,No immediate action,0.5724
LN0003413,2023-10,0.3073,0.494507,0.197269,0.553532,Current,0,,0.303254,,Watch for prepayment — portfolio income risk,0.7228
LN0003421,2021-08,0.308606,0.495492,0.179919,0.440379,Current,0,,0.351919,,Watch for prepayment — portfolio income risk,0.7122
LN0003421,2021-09,0.370749,0.61178,0.301292,0.436981,Current,0,,0.266397,,Watch for prepayment — portfolio income risk,0.7486
LN0003421,2021-10,0.395362,0.611715,0.256799,0.351042,Current,0,,0.301995,,No immediate action,0.6957
LN0003421,2021-11,0.404521,0.62548,0.221856,0.279284,Current,1,Anomaly:IsolationForest,0.398453,remaining_term_months(z=2.35); loan_age_months(z=2.35); month_index(z=2.35),Review required — exception flagged,0.6401
LN0003421,2021-12,0.434724,0.586365,0.201929,0.468633,Current,0,,0.355115,,Watch for prepayment — portfolio income risk,0.7595
LN0003422,2020-05,0.422702,0.578638,0.184603,0.37435,Current,0,,0.180972,,No immediate action,0.7015
LN0003422,2020-06,0.510178,0.591663,0.31768,0.372321,Current,0,,0.208103,,No immediate action,0.7941
LN0003422,2020-07,0.500767,0.584332,0.270774,0.296438,30DPD,0,,0.304517,,No immediate action,0.7411
LN0003422,2020-08,0.322881,0.409059,0.226363,0.223484,Current,0,,0.333268,,No immediate action,0.5909
LN0003422,2020-09,0.35514,0.52166,0.518458,0.487746,Current,0,,0.310377,,Monitor closely — elevated default risk,0.9014
LN0003426,2023-06,0.335183,0.528861,0.404124,0.388581,Current,0,,0.156893,,Monitor closely — elevated default risk,0.7995
LN0003426,2023-07,0.339281,0.522501,0.332818,0.311064,Current,0,,0.185143,,No immediate action,0.7303
LN0003426,2023-08,0.359638,0.52834,0.283333,0.24223,Current,0,,0.230272,,No immediate action,0.6784
LN0003426,2023-09,0.347769,0.526574,0.245749,0.190799,Current,0,,0.270468,,No immediate action,0.6289
LN0003426,2023-10,0.603495,0.776029,0.211922,0.461675,30DPD,0,,0.30712,,Watch for prepayment — portfolio income risk,0.647
LN0003428,2021-06,0.496086,0.785408,0.096772,0.155698,Current,0,,0.332013,,No immediate action,0.4816
LN0003428,2021-07,0.646688,0.851576,0.175508,0.309954,30DPD,0,,0.351784,,No immediate action,0.4936
LN0003428,2021-08,0.399671,0.570473,0.126109,0.487051,Current,1,Anomaly:IsolationForest,0.383098,remaining_term_months(z=2.22); loan_age_months(z=2.22); month_index(z=2.22),Review required — exception flagged,0.7212
LN0003428,2021-09,0.43326,0.624857,0.353555,0.58222,Current,1,Anomaly:IsolationForest,0.411162,remaining_term_months(z=2.35); loan_age_months(z=2.35); month_index(z=2.35),Review required — exception flagged,0.7899
LN0003428,2021-10,0.438964,0.610993,0.296975,0.465531,Current,1,Anomaly:IsolationForest,0.466424,remaining_term_months(z=2.48); loan_age_months(z=2.48); month_index(z=2.48),Review required — exception flagged,0.7952
LN0003435,2022-11,0.472728,0.618256,0.253426,0.372051,Current,0,,0.164898,,No immediate action,0.74
LN0003435,2022-12,0.429067,0.616134,0.219081,0.296975,Current,0,,0.19297,,No immediate action,0.6645
LN0003435,2023-01,0.549195,0.556131,0.506875,0.574963,30DPD,0,,0.238161,,Monitor closely — elevated default risk,0.9064
LN0003446,2022-12,0.527753,0.56643,0.398832,0.459875,30DPD,0,,0.243383,,Monitor closely — elevated default risk,0.8823
LN0003446,2023-01,0.534935,0.570491,0.329643,0.368174,30DPD,0,,0.268601,,No immediate action,0.7962
LN0003446,2023-02,0.53684,0.568298,0.279802,0.293552,30DPD,0,,0.299941,,No immediate action,0.7341
LN0003446,2023-03,0.619091,0.710019,0.214974,0.105044,Default,0,,0.339637,,Monitor closely — elevated default risk,0.4955
LN0003446,2023-04,0.575556,0.713559,0.064134,0.104928,Current,0,,0.365712,,No immediate action,0.44
LN0003449,2024-01,0.564412,0.736245,0.041751,0.061236,Current,0,,0.309183,,No immediate action,0.4012
LN0003449,2024-02,0.605446,0.776231,0.036618,0.054036,Current,0,,0.33391,,No immediate action,0.3545
LN0003449,2024-03,0.676249,0.791442,0.101662,0.151944,Current,1,Anomaly:IsolationForest,0.404599,original_balance(z=2.28); remaining_term_months(z=2.22); loan_age_months(z=2.22),Review required — exception flagged,0.393
LN0003449,2024-04,0.38054,0.610788,0.127482,0.362522,Current,1,Anomaly:IsolationForest,0.384206,remaining_term_months(z=2.35); loan_age_months(z=2.35); month_index(z=2.35),Review required — exception flagged,0.6299
LN0003449,2024-05,0.588359,0.707775,0.388868,0.441283,30DPD,1,Anomaly:IsolationForest,0.413335,remaining_term_months(z=2.48); loan_age_months(z=2.48); month_index(z=2.48),Review required — exception flagged,0.767
LN0003453,2023-12,0.62254,0.695543,0.424412,0.246533,60DPD,0,,0.18066,,Monitor closely — elevated default risk,0.6764
LN0003453,2024-01,0.625166,0.67979,0.346818,0.173393,Current,0,,0.205179,,No immediate action,0.6076
LN0003453,2024-02,0.536358,0.631485,0.141222,0.147664,Current,0,,0.295604,,No immediate action,0.5605
LN0003453,2024-03,0.535718,0.575847,0.130421,0.289205,Current,0,,0.325275,,No immediate action,0.654
LN0003453,2024-04,0.511238,0.546347,0.044969,0.068915,30DPD,0,,0.308634,,No immediate action,0.5281
LN0003460,2021-07,0.482325,0.551318,0.059246,0.101308,30DPD,0,,0.237705,,No immediate action,0.5458
LN0003460,2021-08,0.467683,0.5579,0.112648,0.17002,30DPD,0,,0.262348,,No immediate action,0.5962
LN0003460,2021-09,0.465852,0.537263,0.141728,0.162845,30DPD,0,,0.308985,,No immediate action,0.6166
LN0003460,2021-10,0.592705,0.778564,0.212875,0.339621,Current,0,,0.340142,,No immediate action,0.5906
LN0003460,2021-11,0.569679,0.7662,0.194225,0.269554,Current,0,,0.37434,,No immediate action,0.5639
LN0003469,2021-07,0.593121,0.772119,0.336142,0.257495,30DPD,0,,0.273169,,No immediate action,0.6142
LN0003469,2021-08,0.660775,0.826411,0.292594,0.205829,30DPD,0,,0.301559,,No immediate action,0.5056
LN0003469,2021-09,0.614799,0.678632,0.309954,0.120871,30DPD,0,,0.337981,,No immediate action,0.5687
LN0003469,2021-10,0.601838,0.583263,0.4859,0.572089,Current,0,,0.363552,,Monitor closely — elevated default risk,0.8644
LN0003469,2021-11,0.623395,0.572796,0.386296,0.457109,30DPD,1,Anomaly:IsolationForest,0.395004,remaining_term_months(z=2.48); loan_age_months(z=2.48); month_index(z=2.48),Review required — exception flagged,0.8236
LN0003471,2020-12,0.613041,0.587099,0.321204,0.365794,Current,0,,0.28678,,No immediate action,0.7434
LN0003471,2021-01,0.276259,0.482493,0.531574,0.362002,Current,0,,0.248538,,Monitor closely — elevated default risk,0.7946
LN0003471,2021-02,0.278403,0.496592,0.410792,0.289522,Current,0,,0.289019,,Monitor closely — elevated default risk,0.7377
LN0003471,2021-03,0.267021,0.487721,0.338417,0.223101,Current,0,,0.372293,,No immediate action,0.6581
LN0003471,2021-04,0.266706,0.469217,0.287625,0.176756,Current,1,Anomaly:IsolationForest,0.421712,remaining_term_months(z=2.48); loan_age_months(z=2.48); month_index(z=2.48),Review required — exception flagged,0.6002
LN0003473,2021-10,0.279611,0.468489,0.249184,0.141424,Current,0,,0.19789,,No immediate action,0.5694
LN0003473,2021-11,0.455794,0.641614,0.549345,0.306972,60DPD,0,,0.214298,,Monitor closely — elevated default risk,0.7859
LN0003481,2024-09,0.451073,0.649571,0.418962,0.238337,60DPD,0,,0.181435,,Monitor closely — elevated default risk,0.7294
LN0003481,2024-10,0.416009,0.50854,0.455351,0.135192,60DPD,0,,0.214846,,Monitor closely — elevated default risk,0.749
LN0003484,2024-07,0.303178,0.473056,0.160894,0.119248,Current,0,,0.275447,,No immediate action,0.5282
LN0003484,2024-08,0.322947,0.501157,0.146864,0.100954,Current,0,,0.301122,,No immediate action,0.5348
LN0003484,2024-09,0.156704,0.237312,0.448474,0.556034,Current,0,,0.332015,,Monitor closely — elevated default risk,0.6432
LN0003484,2024-10,0.182105,0.235142,0.373537,0.447538,Current,0,,0.36049,,Watch for prepayment — portfolio income risk,0.6192
LN0003484,2024-11,0.232821,0.300379,0.420271,0.250957,Current,1,Anomaly:IsolationForest,0.388495,remaining_term_months(z=2.48); loan_age_months(z=2.48); month_index(z=2.48),Review required — exception flagged,0.6022
LN0003495,2022-08,0.238957,0.294215,0.343016,0.175988,Current,0,,0.25888,,No immediate action,0.5261
LN0003495,2022-09,0.121121,0.21996,0.138065,0.150356,Current,0,,0.215469,,No immediate action,0.3148
LN0003495,2022-10,0.344704,0.505249,0.507396,0.685839,Current,0,,0.258189,,Monitor closely — elevated default risk,0.8231
LN0003495,2022-11,0.393946,0.551129,0.366982,0.53006,Current,0,,0.285684,,Watch for prepayment — portfolio income risk,0.8399
LN0003495,2022-12,0.34052,0.504624,0.328825,0.432418,Current,0,,0.320107,,Watch for prepayment — portfolio income risk,0.7986
LN0003496,2023-12,0.334986,0.51018,0.279905,0.347435,Current,0,,0.155832,,No immediate action,0.7261
LN0003496,2024-01,0.353956,0.506044,0.242913,0.275781,Current,0,,0.255618,,No immediate action,0.6833
LN0003496,2024-02,0.229458,0.390346,0.541974,0.34485,Current,0,,0.281128,,Monitor closely — elevated default risk,0.7113
LN0003496,2024-03,0.229458,0.39542,0.415562,0.273016,Current,0,,0.257859,,Monitor closely — elevated default risk,0.6567
LN0003496,2024-04,0.240644,0.378766,0.33938,0.208208,Current,0,,0.336209,,No immediate action,0.5835
LN0003501,2020-04,0.185742,0.404415,0.28584,0.164693,Current,0,,0.180214,,No immediate action,0.5203
LN0003501,2020-05,0.239142,0.3995,0.249676,0.133644,Current,0,,0.27376,,No immediate action,0.511
LN0003501,2020-06,0.43953,0.537677,0.64648,0.294939,60DPD,0,,0.309413,,Monitor closely — elevated default risk,0.7752
LN0003501,2020-07,0.321466,0.469161,0.190323,0.246336,Current,0,,0.288228,,No immediate action,0.6136
LN0003501,2020-08,0.346748,0.484021,0.17618,0.193845,Current,0,,0.32516,,No immediate action,0.6004
LN0003503,2020-09,0.470452,0.490243,0.149759,0.075186,Current,0,,0.187118,,No immediate action,0.5928
LN0003503,2020-10,0.551405,0.574327,0.378732,0.089093,Default,0,,0.217738,,Monitor closely — elevated default risk,0.671
LN0003503,2020-11,0.402872,0.563984,0.065079,0.15678,Current,0,,0.256996,,No immediate action,0.5304
LN0003503,2020-12,0.384551,0.589648,0.121087,0.305107,Current,0,,0.294453,,No immediate action,0.6105
LN0003503,2021-01,0.28435,0.404726,0.496062,0.501758,Current,0,,0.322266,,Monitor closely — elevated default risk,0.8417
LN0003508,2024-02,0.276966,0.404726,0.393214,0.398383,Current,0,,0.260717,,Monitor closely — elevated default risk,0.7366
LN0003508,2024-03,0.352424,0.482599,0.546621,0.327195,Current,0,,0.281577,,Monitor closely — elevated default risk,0.8078
LN0003508,2024-04,0.255922,0.352563,0.4146,0.251549,Current,0,,0.255408,,Monitor closely — elevated default risk,0.6373
LN0003508,2024-05,0.353918,0.484807,0.34265,0.199932,Current,0,,0.301007,,No immediate action,0.6907
LN0003508,2024-06,0.343976,0.466903,0.291002,0.158938,Current,0,,0.327463,,No immediate action,0.6304
LN0003511,2022-04,0.301494,0.466843,0.250957,0.12927,Current,1,Anomaly:IsolationForest,0.415773,original_balance(z=4.06); remaining_term_months(z=1.97); loan_age_months(z=1.97),Review required — exception flagged,0.5743
LN0003511,2022-05,0.396414,0.573204,0.217551,0.346078,Current,1,Anomaly:IsolationForest,0.433755,original_balance(z=4.06); remaining_term_months(z=2.10); loan_age_months(z=2.10),Review required — exception flagged,0.6934
LN0003511,2022-06,0.339458,0.500639,0.121733,0.295153,Current,1,Anomaly:IsolationForest,0.485462,original_balance(z=4.06); remaining_term_months(z=2.22); loan_age_months(z=2.22),Review required — exception flagged,0.6279
LN0003515,2022-09,0.395126,0.4632,0.038551,0.069515,Current,0,,0.3689,,No immediate action,0.4832
LN0003515,2022-10,0.295087,0.42757,0.055108,0.101191,Current,0,,0.300566,,No immediate action,0.4395
LN0003515,2022-11,0.513438,0.571768,0.097857,0.173874,Current,0,,0.339087,,No immediate action,0.5933
LN0003515,2022-12,0.329706,0.435395,0.49655,0.564973,Current,0,,0.371288,,Monitor closely — elevated default risk,0.8483
LN0003515,2023-01,0.448004,0.449609,0.563442,0.321661,Current,1,Anomaly:IsolationForest,0.401035,interest_rate(z=2.51); remaining_term_months(z=2.48); loan_age_months(z=2.48),Review required — exception flagged,0.8279
LN0003519,2022-09,0.457166,0.4598,0.423911,0.223676,Current,0,,0.172522,,Monitor closely — elevated default risk,0.7823
LN0003519,2022-10,0.37435,0.409673,0.157566,0.190513,Current,0,,0.196617,,No immediate action,0.5661
LN0003519,2022-11,0.439331,0.466349,0.133747,0.074333,Current,0,,0.24694,,No immediate action,0.5569
LN0003519,2022-12,0.51878,0.679365,0.127166,0.447725,30DPD,0,,0.285061,,Watch for prepayment — portfolio income risk,0.6884
LN0003519,2023-01,0.507547,0.619657,0.550727,0.382347,30DPD,0,,0.323391,,Monitor closely — elevated default risk,0.8522
LN0003521,2021-12,0.476527,0.62858,0.417336,0.274961,Current,0,,0.27789,,Monitor closely — elevated default risk,0.7701
LN0003521,2022-01,0.437961,0.612362,0.153824,0.228767,30DPD,0,,0.238587,,No immediate action,0.6041
LN0003521,2022-02,0.423403,0.610447,0.074333,0.095923,30DPD,0,,0.279329,,No immediate action,0.4916
LN0003521,2022-03,0.225043,0.273175,0.477826,0.520144,Current,0,,0.317544,,Monitor closely — elevated default risk,0.7279
LN0003521,2022-04,0.227787,0.26873,0.381369,0.412847,Current,0,,0.341387,,Watch for prepayment — portfolio income risk,0.6454
LN0003524,2021-11,0.221066,0.267659,0.317567,0.333646,Current,0,,0.285476,,No immediate action,0.57
LN0003524,2021-12,0.225448,0.270926,0.27057,0.264198,Current,0,,0.345122,,No immediate action,0.5156
LN0003524,2022-01,0.222621,0.28498,0.234654,0.20326,Current,0,,0.369545,,No immediate action,0.4728
LN0003524,2022-02,0.559412,0.677466,0.62684,0.376806,Current,0,,0.356816,,Monitor closely — elevated default risk,0.7565
LN0003524,2022-03,0.495828,0.647555,0.190609,0.322234,Current,0,,0.352003,,No immediate action,0.6806
LN0003526,2023-11,0.448723,0.690278,0.088839,0.12141,Current,0,,0.158606,,No immediate action,0.4843
LN0003526,2023-12,0.453103,0.685688,0.081928,0.106541,Current,0,,0.181296,,No immediate action,0.4779
LN0003526,2024-01,0.469268,0.677551,0.143043,0.182406,Current,0,,0.222808,,No immediate action,0.5586
LN0003526,2024-02,0.477945,0.530741,0.131776,0.131776,Current,0,,0.261271,,No immediate action,0.6054
LN0003526,2024-03,0.471179,0.526813,0.196413,0.127272,Current,0,,0.29496,,No immediate action,0.634
LN0003546,2022-08,0.358225,0.349277,0.479367,0.094703,60DPD,0,,0.169164,,Monitor closely — elevated default risk,0.6408
LN0003546,2022-09,0.705311,0.745122,0.735308,0.364088,30DPD,0,,0.193526,,Monitor closely — elevated default risk,0.5892
LN0003546,2022-10,0.707024,0.760542,0.122056,0.327776,Current,0,,0.230036,,No immediate action,0.4911
LN0003546,2022-11,0.675973,0.781506,0.11914,0.25869,30DPD,0,,0.267873,,No immediate action,0.4602
LN0003546,2022-12,0.778537,0.81602,0.035619,0.061888,Current,0,,0.304806,,No immediate action,0.2515
LN0003561,2021-12,0.767295,0.819775,0.100954,0.17474,30DPD,0,,0.144735,,No immediate action,0.3443
LN0003564,2021-02,0.419594,0.608099,0.204116,0.489612,Current,0,,0.240364,,Watch for prepayment — portfolio income risk,0.7526
LN0003564,2021-03,0.420711,0.609007,0.186129,0.390309,Current,0,,0.268279,,Watch for prepayment — portfolio income risk,0.6941
LN0003564,2021-04,0.459278,0.632871,0.322578,0.388008,30DPD,0,,0.29959,,No immediate action,0.7685
LN0003564,2021-05,0.500351,0.606233,0.262792,0.306753,Current,0,,0.329471,,No immediate action,0.7315
LN0003564,2021-06,0.466779,0.628837,0.238531,0.242035,Current,0,,0.362282,,No immediate action,0.6593
LN0003568,2024-09,0.434622,0.655268,0.634817,0.321433,60DPD,0,,0.344498,,Monitor closely — elevated default risk,0.733
LN0003568,2024-10,0.356443,0.59559,0.188418,0.274243,Current,0,,0.36334,,No immediate action,0.6118
LN0003568,2024-11,0.424675,0.620354,0.17522,0.21259,Current,0,,0.381203,,No immediate action,0.5961
LN0003568,2024-12,0.276308,0.528486,0.080853,0.086272,Current,1,Anomaly:IsolationForest,0.405592,original_balance(z=2.61); remaining_term_months(z=2.35); loan_age_months(z=2.35),Review required — exception flagged,0.4575
LN0003568,2025-01,0.490333,0.630212,0.143447,0.141627,Current,1,Anomaly:IsolationForest,0.421265,original_balance(z=2.61); remaining_term_months(z=2.48); loan_age_months(z=2.48),Review required — exception flagged,0.5726
LN0003574,2020-12,0.291934,0.56596,0.612431,0.453802,Current,0,,0.185841,,Monitor closely — elevated default risk,0.7837
LN0003574,2021-01,0.438083,0.598216,0.196223,0.117833,30DPD,0,,0.214834,,No immediate action,0.577
LN0003574,2021-02,0.40423,0.592732,0.573313,0.173489,Default,0,,0.257176,,Monitor closely — elevated default risk,0.7058
LN0003574,2021-03,0.291394,0.544272,0.105044,0.077013,Current,1,Anomaly:IsolationForest,0.381787,days_past_due(z=2.40); remaining_term_months(z=2.35); loan_age_months(z=2.35),Review required — exception flagged,0.4646
LN0003574,2021-04,0.172559,0.45107,0.027153,0.04413,Current,1,Anomaly:IsolationForest,0.466863,days_past_due(z=3.71); remaining_term_months(z=2.48); loan_age_months(z=2.48),Review required — exception flagged,0.3475
LN0003577,2021-04,0.498174,0.55361,0.488443,0.545278,Current,0,,0.246353,,Monitor closely — elevated default risk,0.9439
LN0003577,2021-05,0.503205,0.537961,0.388295,0.434512,Current,0,,0.322547,,Watch for prepayment — portfolio income risk,0.8908
LN0003577,2021-06,0.481174,0.550807,0.322348,0.349047,Current,1,Anomaly:IsolationForest,0.496371,modification_flag(z=10.67); days_past_due(z=2.40); remaining_term_months(z=2.22),Review required — exception flagged,0.8009
LN0003577,2021-07,0.487931,0.557084,0.275063,0.277736,Current,1,Anomaly:IsolationForest,0.414256,days_past_due(z=2.40); remaining_term_months(z=2.35); loan_age_months(z=2.35),Review required — exception flagged,0.7418
LN0003577,2021-08,0.491043,0.539599,0.238629,0.214401,Current,1,Anomaly:IsolationForest,0.425696,remaining_term_months(z=2.48); loan_age_months(z=2.48); month_index(z=2.48),Review required — exception flagged,0.7022
LN0003580,2020-04,0.412093,0.576817,0.436804,0.62684,30DPD,0,,0.170302,,Monitor closely — elevated default risk,0.8226
LN0003580,2020-05,0.518234,0.633286,0.372321,0.509495,30DPD,0,,0.200946,,Watch for prepayment — portfolio income risk,0.8557
LN0003580,2020-06,0.493808,0.622091,0.310731,0.405196,30DPD,0,,0.238561,,Watch for prepayment — portfolio income risk,0.7938
LN0003580,2020-07,0.518234,0.633286,0.265407,0.324994,30DPD,0,,0.32009,,No immediate action,0.7194
LN0003580,2020-08,0.497049,0.629874,0.230019,0.256202,30DPD,0,,0.311181,,No immediate action,0.6767
LN0003581,2020-05,0.363862,0.495094,0.20307,0.438048,Current,1,Anomaly:IsolationForest,0.54775,modification_flag(z=10.67); days_past_due(z=3.71); remaining_term_months(z=1.97),Review required — exception flagged,0.75
LN0003581,2020-06,0.34047,0.481516,0.525606,0.384173,Current,1,Anomaly:IsolationForest,0.449984,days_past_due(z=3.71); remaining_term_months(z=2.10); loan_age_months(z=2.10),Review required — exception flagged,0.8403
LN0003581,2020-07,0.326437,0.472197,0.407667,0.307633,Current,1,Anomaly:IsolationForest,0.473381,days_past_due(z=3.71); remaining_term_months(z=2.22); loan_age_months(z=2.22),Review required — exception flagged,0.757
LN0003591,2023-08,0.32982,0.47479,0.335546,0.239114,Current,0,,0.258696,,No immediate action,0.6896
LN0003591,2023-09,0.315944,0.470138,0.285212,0.188513,Current,0,,0.280099,,No immediate action,0.6299
LN0003594,2022-08,0.305519,0.465112,0.247317,0.149858,Current,0,,0.22085,,No immediate action,0.5839
LN0003594,2022-09,0.312408,0.432061,0.212685,0.218316,Current,0,,0.247843,,No immediate action,0.5877
LN0003594,2022-10,0.320786,0.439642,0.194035,0.173201,Prepaid,0,,0.2919,,Watch for prepayment — portfolio income risk,0.5638
LN0003594,2022-11,0.324499,0.457821,0.343992,0.172142,Prepaid,0,,0.327219,,Watch for prepayment — portfolio income risk,0.6492
LN0003594,2022-12,0.328438,0.478868,0.292063,0.138372,Prepaid,0,,0.358883,,Watch for prepayment — portfolio income risk,0.6189
LN0003601,2024-04,0.352904,0.468264,0.251647,0.11542,Current,0,,0.193588,,No immediate action,0.5941
LN0003601,2024-05,0.615896,0.689167,0.478925,0.651217,30DPD,0,,0.283759,,Monitor closely — elevated default risk,0.7613
LN0003601,2024-06,0.595905,0.703511,0.361613,0.515414,30DPD,0,,0.359512,,Watch for prepayment — portfolio income risk,0.7734
LN0003601,2024-07,0.611743,0.693582,0.318246,0.41444,30DPD,1,Anomaly:IsolationForest,0.393366,days_past_due(z=2.40); remaining_term_months(z=2.35); loan_age_months(z=2.35),Review required — exception flagged,0.7137
LN0003601,2024-08,0.6596,0.663265,0.432766,0.171563,60DPD,0,,0.362378,,Monitor closely — elevated default risk,0.6407
LN0003602,2021-06,0.469923,0.472048,0.473065,0.095802,Default,0,,0.200378,,Monitor closely — elevated default risk,0.7554
LN0003602,2021-07,0.305349,0.490457,0.490552,0.451883,Current,0,,0.230625,,Monitor closely — elevated default risk,0.8691
LN0003602,2021-08,0.367139,0.462047,0.575379,0.260388,60DPD,0,,0.265514,,Monitor closely — elevated default risk,0.7571
LN0003602,2021-09,0.463476,0.531158,0.588986,0.137759,60DPD,0,,0.305134,,Monitor closely — elevated default risk,0.7405
LN0003602,2021-10,0.448176,0.524122,0.48636,0.100126,30DPD,0,,0.337226,,Monitor closely — elevated default risk,0.7553
LN0003603,2020-05,0.435833,0.511791,0.15933,0.039255,Default,0,,0.251271,,Monitor closely — elevated default risk,0.5613
LN0003603,2020-06,0.29723,0.401133,0.452648,0.584435,Current,0,,0.270617,,Monitor closely — elevated default risk,0.7833
LN0003603,2020-07,0.315224,0.407428,0.365926,0.466972,Current,0,,0.240119,,Watch for prepayment — portfolio income risk,0.7778
LN0003603,2020-08,0.315136,0.411198,0.306203,0.373537,Current,0,,0.282547,,No immediate action,0.703
LN0003603,2020-09,0.316284,0.397222,0.342772,0.20288,30DPD,0,,0.309921,,No immediate action,0.6296
LN0003604,2021-07,0.205388,0.322131,0.134057,0.172719,Current,0,,0.158883,,No immediate action,0.4171
LN0003607,2023-06,0.351766,0.389263,0.818614,0.123983,Default,0,,0.20066,,Monitor closely — elevated default risk,0.5232
LN0003607,2023-07,0.325309,0.439734,0.812656,0.084577,Default,0,,0.226699,,Monitor closely — elevated default risk,0.5185
LN0003607,2023-08,0.253678,0.367326,0.121626,0.01899,Default,0,,0.266627,,Monitor closely — elevated default risk,0.3808
LN0003607,2023-09,0.41065,0.477581,0.52386,0.53249,Current,0,,0.308507,,Monitor closely — elevated default risk,0.9159
LN0003607,2023-10,0.409227,0.478672,0.407202,0.422249,Current,0,,0.340875,,Monitor closely — elevated default risk,0.8587
LN0003609,2021-01,0.216683,0.371225,0.440199,0.709898,Current,0,,0.188586,,Monitor closely — elevated default risk,0.6591
LN0003609,2021-02,0.216683,0.38911,0.358774,0.552825,Current,0,,0.213242,,Watch for prepayment — portfolio income risk,0.7059
LN0003609,2021-03,0.212773,0.389204,0.300642,0.438942,Current,0,,0.255036,,Watch for prepayment — portfolio income risk,0.6708
LN0003609,2021-04,0.234811,0.420024,0.256103,0.352925,Current,0,,0.293032,,No immediate action,0.6319
LN0003609,2021-05,0.234811,0.420024,0.221472,0.280837,Current,0,,0.324742,,No immediate action,0.5786
LN0003610,2022-11,0.458375,0.683765,0.511622,0.471788,30DPD,0,,0.160233,,Monitor closely — elevated default risk,0.8674
LN0003610,2022-12,0.42028,0.646807,0.561928,0.26219,Current,0,,0.190548,,Monitor closely — elevated default risk,0.7369
LN0003610,2023-01,0.585993,0.655682,0.583544,0.140308,60DPD,0,,0.231802,,Monitor closely — elevated default risk,0.6575
LN0003610,2023-02,0.588977,0.655934,0.458883,0.101897,30DPD,0,,0.2706,,Monitor closely — elevated default risk,0.6579
LN0003610,2023-03,0.463441,0.591659,0.097496,0.046813,Current,0,,0.299736,,No immediate action,0.508
LN0003629,2020-09,0.205756,0.305803,0.459676,0.504553,Current,0,,0.165644,,Monitor closely — elevated default risk,0.7333
LN0003629,2020-10,0.195745,0.287092,0.370173,0.401236,Current,0,,0.196664,,Watch for prepayment — portfolio income risk,0.6271
LN0003629,2020-11,0.208938,0.267316,0.305326,0.318927,Current,0,,0.237579,,No immediate action,0.5503
LN0003629,2020-12,0.221445,0.284134,0.263495,0.253129,Current,0,,0.274997,,No immediate action,0.5111
LN0003633,2023-01,0.218584,0.278382,0.228286,0.197364,Current,0,,0.157162,,No immediate action,0.4613
LN0003633,2023-02,0.415822,0.480148,0.218316,0.228383,30DPD,0,,0.251034,,No immediate action,0.6713
LN0003633,2023-03,0.351904,0.465181,0.068463,0.055108,Current,0,,0.278739,,No immediate action,0.4703
LN0003633,2023-04,0.283568,0.416016,0.039718,0.05493,Current,0,,0.260314,,No immediate action,0.3971
LN0003633,2023-05,0.2443,0.431127,0.056338,0.084709,Current,0,,0.291135,,No immediate action,0.4082
LN0003635,2024-10,0.259687,0.447912,0.052764,0.075045,Current,0,,0.220158,,No immediate action,0.4177
LN0003635,2024-11,0.25927,0.476123,0.047214,0.091861,Current,0,,0.169808,,No immediate action,0.4372
LN0003635,2024-12,0.159925,0.272184,0.448287,0.63976,Current,0,,0.210477,,Monitor closely — elevated default risk,0.6203
LN0003635,2025-01,0.159925,0.272184,0.362392,0.513778,Current,0,,0.255844,,Watch for prepayment — portfolio income risk,0.6404
LN0003635,2025-02,0.16428,0.276811,0.304341,0.408288,Current,0,,0.286417,,Watch for prepayment — portfolio income risk,0.5769
LN0003639,2023-02,0.179945,0.278523,0.25899,0.328475,Current,0,,0.163684,,No immediate action,0.523
LN0003639,2023-03,0.184706,0.273104,0.22406,0.258591,Current,0,,0.189621,,No immediate action,0.4702
LN0003639,2023-04,0.262362,0.39502,0.048795,0.075328,Current,0,,0.287962,,No immediate action,0.3908
LN0003639,2023-05,0.32284,0.411947,0.062536,0.113982,Current,0,,0.272188,,No immediate action,0.4557
LN0003639,2023-06,0.306553,0.416546,0.117287,0.198886,Current,0,,0.309744,,No immediate action,0.5196
LN0003640,2022-12,0.29733,0.414743,0.16915,0.244476,Current,0,,0.175546,,No immediate action,0.5628
LN0003640,2023-01,0.29248,0.410839,0.26682,0.238046,Current,0,,0.195816,,No immediate action,0.6041
LN0003640,2023-02,0.330455,0.446156,0.236203,0.190609,Current,0,,0.235222,,No immediate action,0.6017
LN0003640,2023-03,0.265443,0.399542,0.201168,0.417336,Current,0,,0.277052,,Watch for prepayment — portfolio income risk,0.6417
LN0003640,2023-04,0.321057,0.428955,0.376532,0.41428,Current,0,,0.307974,,Watch for prepayment — portfolio income risk,0.7704
LN0003648,2022-10,0.32367,0.430897,0.314302,0.334594,Current,0,,0.162148,,No immediate action,0.7017
LN0003648,2022-11,0.309654,0.429437,0.268337,0.264903,Current,0,,0.184663,,No immediate action,0.6362
LN0003648,2022-12,0.324611,0.430897,0.232527,0.204116,Current,0,,0.22626,,No immediate action,0.5961
LN0003648,2023-01,0.568002,0.729357,0.210303,0.400934,Current,0,,0.262985,,Watch for prepayment — portfolio income risk,0.6569
LN0003648,2023-02,0.588921,0.731148,0.190894,0.321204,30DPD,0,,0.296562,,No immediate action,0.596
LN0003649,2025-01,0.589296,0.772968,0.33662,0.31904,30DPD,0,,0.220303,,No immediate action,0.6467
LN0003649,2025-02,0.585753,0.777248,0.285736,0.251154,30DPD,0,,0.248771,,No immediate action,0.5869
LN0003649,2025-03,0.490134,0.591429,0.048404,0.08166,30DPD,0,,0.283224,,No immediate action,0.5144
LN0003649,2025-04,0.56144,0.639071,0.216405,0.24145,Current,0,,0.325219,,No immediate action,0.6287
LN0003649,2025-05,0.557039,0.631868,0.214592,0.170116,Current,0,,0.359351,,No immediate action,0.5979
LN0003667,2024-04,0.479384,0.628035,0.157173,0.176372,Current,0,,0.210743,,No immediate action,0.5924
LN0003667,2024-05,0.441378,0.582002,0.075892,0.079359,Current,0,,0.235187,,No immediate action,0.5073
LN0003667,2024-06,0.344938,0.589475,0.610752,0.407512,Current,1,Anomaly:IsolationForest,0.507528,balance_utilisation(z=12.84); remaining_term_months(z=2.22); loan_age_months(z=2.22),Review required — exception flagged,0.7761
LN0003667,2024-07,0.27293,0.515079,0.182119,0.350043,Current,0,,0.30846,,No immediate action,0.645
LN0003667,2024-08,0.266732,0.534562,0.171274,0.279181,30DPD,0,,0.345638,,No immediate action,0.5913
LN0003668,2021-02,0.257854,0.539587,0.079904,0.104349,Current,0,,0.191399,,No immediate action,0.4513
LN0003671,2024-05,0.264221,0.592883,0.137963,0.179344,Current,0,,0.198402,,No immediate action,0.4943
LN0003671,2024-06,0.596073,0.725105,0.203641,0.533412,30DPD,0,,0.338041,,Watch for prepayment — portfolio income risk,0.6745
LN0003671,2024-07,0.576162,0.718031,0.185843,0.423244,30DPD,0,,0.362111,,Watch for prepayment — portfolio income risk,0.6574
LN0003671,2024-08,0.60299,0.694023,0.423244,0.302596,60DPD,0,,0.343757,,Monitor closely — elevated default risk,0.7144
LN0003671,2024-09,0.575592,0.682794,0.153725,0.253723,30DPD,0,,0.319772,,No immediate action,0.5745
LN0003680,2023-10,0.559023,0.678505,0.14183,0.197935,30DPD,0,,0.192779,,No immediate action,0.5511
LN0003680,2023-11,0.276857,0.374696,0.01507,0.028715,Current,0,,0.21512,,No immediate action,0.3477
LN0003680,2023-12,0.271698,0.426082,0.01393,0.030205,Current,0,,0.260425,,No immediate action,0.371
LN0003680,2024-01,0.281587,0.440683,0.010592,0.027153,Current,0,,0.298612,,No immediate action,0.38
LN0003680,2024-02,0.312345,0.445538,0.067247,0.152934,Current,0,,0.369385,,No immediate action,0.489
LN0003682,2021-05,0.304063,0.43244,0.06445,0.125685,Current,0,,0.222702,,No immediate action,0.4633
LN0003682,2021-06,0.457914,0.569456,0.106311,0.204307,Current,0,,0.17186,,No immediate action,0.5995
LN0003683,2023-01,0.512993,0.576799,0.093103,0.171178,30DPD,0,,0.152674,,No immediate action,0.5872
LN0003683,2023-02,0.584813,0.600416,0.166828,0.332346,30DPD,0,,0.172175,,No immediate action,0.657
LN0003683,2023-03,0.578444,0.597236,0.152439,0.262892,30DPD,0,,0.211314,,No immediate action,0.6198
LN0003683,2023-04,0.6438,0.68744,0.229923,0.259988,30DPD,0,,0.251678,,No immediate action,0.5793
LN0003683,2023-05,0.080247,0.128473,0.436272,0.614708,Current,0,,0.28923,,Monitor closely — elevated default risk,0.5151
LN0003689,2022-08,0.075183,0.122314,0.356598,0.492926,Current,0,,0.229433,,Watch for prepayment — portfolio income risk,0.5235
LN0003689,2022-09,0.083914,0.132946,0.299128,0.392776,Current,0,,0.259187,,Watch for prepayment — portfolio income risk,0.4544
LN0003689,2022-10,0.078657,0.124432,0.255011,0.314862,Current,0,,0.299766,,No immediate action,0.3865
LN0003689,2022-11,0.078644,0.12033,0.220324,0.246827,Current,0,,0.338124,,No immediate action,0.3331
LN0003689,2022-12,0.419148,0.517889,0.435743,0.657903,Prepaid,0,,0.368823,,Monitor closely — elevated default risk,0.8395
LN0003692,2021-03,0.36519,0.499253,0.356089,0.526192,Current,0,,0.358276,,Watch for prepayment — portfolio income risk,0.8472
LN0003696,2021-04,0.217192,0.362579,0.305216,0.390598,Current,1,Anomaly:IsolationForest,0.43579,modification_flag(z=10.67); days_past_due(z=2.40); remaining_term_months(z=1.97),Review required — exception flagged,0.6378
LN0003696,2021-05,0.281979,0.436672,0.256699,0.349171,Current,1,Anomaly:IsolationForest,0.485383,balance_utilisation(z=13.14); current_balance(z=2.42); remaining_term_months(z=2.10),Review required — exception flagged,0.6623
LN0003696,2021-06,0.36772,0.511074,0.219272,0.271588,Current,0,,0.265164,,No immediate action,0.6738
LN0003696,2021-07,0.644715,0.697335,0.50201,0.483847,30DPD,0,,0.305333,,Monitor closely — elevated default risk,0.8199
LN0003696,2021-08,0.555308,0.684898,0.508705,0.469469,Current,0,,0.344999,,Monitor closely — elevated default risk,0.8603
LN0003697,2020-10,0.546978,0.726614,0.662324,0.192798,60DPD,0,,0.2023,,Monitor closely — elevated default risk,0.6284
LN0003697,2020-11,0.580144,0.689896,0.580043,0.129479,90DPD,0,,0.23063,,Monitor closely — elevated default risk,0.6397
LN0003697,2020-12,0.51845,0.61358,0.210112,0.104465,30DPD,0,,0.264391,,No immediate action,0.5913
LN0003697,2021-01,0.422968,0.565663,0.031069,0.029319,Current,0,,0.307127,,No immediate action,0.4588
LN0003697,2021-02,0.31272,0.358134,0.44457,0.631421,Current,0,,0.330831,,Monitor closely — elevated default risk,0.742
LN0003700,2021-01,0.305419,0.351961,0.360836,0.504041,Current,0,,0.215213,,Watch for prepayment — portfolio income risk,0.7571
LN0003700,2021-02,0.318246,0.353197,0.302378,0.400783,Current,0,,0.238779,,Watch for prepayment — portfolio income risk,0.6873
LN0003700,2021-03,0.312635,0.354813,0.257495,0.320976,Current,0,,0.28301,,No immediate action,0.623
LN0003700,2021-04,0.289788,0.3825,0.290156,0.17522,Current,1,Anomaly:IsolationForest,0.382366,remaining_term_months(z=2.35); loan_age_months(z=2.35); month_index(z=2.35),Review required — exception flagged,0.5688
LN0003700,2021-05,0.35453,0.491131,0.217647,0.31162,Current,0,,0.350987,,No immediate action,0.6875
LN0003703,2020-06,0.295351,0.429297,0.122163,0.265608,Current,0,,0.197108,,No immediate action,0.5562
LN0003703,2020-07,0.377393,0.560998,0.200122,0.453032,Current,0,,0.330955,,Watch for prepayment — portfolio income risk,0.7348
LN0003703,2020-08,0.365011,0.567356,0.187083,0.363174,Current,0,,0.276512,,No immediate action,0.674
LN0003703,2020-09,0.360931,0.581179,0.086401,0.127904,Current,0,,0.310135,,No immediate action,0.497
LN0003703,2020-10,0.362614,0.617936,0.154318,0.236591,Current,0,,0.345722,,No immediate action,0.5678
LN0003705,2024-06,0.360644,0.61293,0.13827,0.186702,Current,0,,0.219432,,No immediate action,0.5363
LN0003705,2024-07,0.458236,0.635469,0.476515,0.666012,Current,0,,0.242286,,Monitor closely — elevated default risk,0.8166
LN0003705,2024-08,0.398055,0.628707,0.385162,0.535272,Current,0,,0.283269,,Watch for prepayment — portfolio income risk,0.8096
LN0003705,2024-09,0.403298,0.636051,0.320748,0.425922,Current,0,,0.313294,,Watch for prepayment — portfolio income risk,0.757
LN0003705,2024-10,0.403658,0.635702,0.273732,0.342772,Current,0,,0.347406,,No immediate action,0.6922
LN0003729,2022-02,0.398641,0.637696,0.237075,0.272098,30DPD,0,,0.317217,,No immediate action,0.6351
LN0003729,2022-03,0.231558,0.261641,0.131984,0.038314,Default,0,,0.340885,,Monitor closely — elevated default risk,0.3317
LN0003729,2022-04,0.632703,0.644259,0.705378,0.319608,60DPD,0,,0.367191,,Monitor closely — elevated default risk,0.6686
LN0003729,2022-05,0.270028,0.412469,0.123021,0.260988,Current,1,Anomaly:IsolationForest,0.395104,original_balance(z=2.40); remaining_term_months(z=2.35); loan_age_months(z=2.35),Review required — exception flagged,0.5333
LN0003729,2022-06,0.266109,0.506101,0.059748,0.11652,Current,1,Anomaly:IsolationForest,0.42235,remaining_term_months(z=2.48); loan_age_months(z=2.48); month_index(z=2.48),Review required — exception flagged,0.4681
LN0003733,2024-09,0.356125,0.543216,0.032464,0.061563,Current,0,,0.177195,,No immediate action,0.4535
LN0003733,2024-10,0.271292,0.465108,0.100718,0.054752,Current,0,,0.266772,,No immediate action,0.4459
LN0003733,2024-11,0.27917,0.436909,0.484301,0.561552,Current,0,,0.239132,,Monitor closely — elevated default risk,0.8194
LN0003733,2024-12,0.260918,0.445732,0.364612,0.442373,Current,0,,0.279236,,Watch for prepayment — portfolio income risk,0.7568
LN0003733,2025-01,0.273381,0.42819,0.320064,0.359288,Current,0,,0.358647,,No immediate action,0.6905
LN0003744,2020-10,0.259409,0.439895,0.260588,0.282708,Current,0,,0.185447,,No immediate action,0.6213
LN0003744,2020-11,0.273381,0.436165,0.236688,0.220994,Current,0,,0.213826,,No immediate action,0.5836
LN0003744,2020-12,0.221206,0.295829,0.435566,0.739759,Current,0,,0.256693,,Monitor closely — elevated default risk,0.6064
LN0003744,2021-01,0.206136,0.25987,0.351042,0.56043,Current,0,,0.299176,,Watch for prepayment — portfolio income risk,0.6283
LN0003744,2021-02,0.226274,0.299848,0.298804,0.454382,Current,0,,0.330698,,Watch for prepayment — portfolio income risk,0.6397
LN0003752,2022-01,0.214909,0.249978,0.253031,0.358645,Current,0,,0.251186,,No immediate action,0.5383
LN0003752,2022-02,0.205426,0.285841,0.219941,0.290367,Current,0,,0.210881,,No immediate action,0.5008
LN0003752,2022-03,0.305222,0.43956,0.455157,0.699713,Current,0,,0.353772,,Monitor closely — elevated default risk,0.7501
LN0003752,2022-04,0.476097,0.507371,0.636907,0.297835,Current,1,Anomaly:IsolationForest,0.383891,days_past_due(z=2.40); remaining_term_months(z=2.35); loan_age_months(z=2.35),Review required — exception flagged,0.8148
LN0003752,2022-05,0.307716,0.409587,0.11597,0.265306,Current,1,Anomaly:IsolationForest,0.453427,days_past_due(z=3.71); remaining_term_months(z=2.48); loan_age_months(z=2.48),Review required — exception flagged,0.5493
LN0003764,2021-11,0.276139,0.399818,0.112089,0.205258,Current,0,,0.286369,,No immediate action,0.4967
LN0003764,2021-12,0.270931,0.409541,0.024472,0.050904,Current,0,,0.248157,,No immediate action,0.3779
LN0003764,2022-01,0.163185,0.347286,0.066632,0.09507,Current,0,,0.294249,,No immediate action,0.3361
LN0003764,2022-02,0.22361,0.397123,0.045177,0.053675,Current,0,,0.376123,,No immediate action,0.3598
LN0003764,2022-03,0.257767,0.439757,0.040178,0.048795,Current,1,Anomaly:IsolationForest,0.524206,modification_flag(z=10.67); remaining_term_months(z=2.48); loan_age_months(z=2.48),Review required — exception flagged,0.3932
LN0003765,2020-07,0.265775,0.450023,0.112871,0.13478,Current,1,Anomaly:IsolationForest,0.433089,original_balance(z=2.76); days_past_due(z=2.40); remaining_term_months(z=1.97),Review required — exception flagged,0.4817
LN0003765,2020-08,0.274584,0.445789,0.100836,0.113094,Current,1,Anomaly:IsolationForest,0.493259,days_past_due(z=3.71); original_balance(z=2.76); remaining_term_months(z=2.10),Review required — exception flagged,0.4672
LN0003776,2024-11,0.567884,0.717498,0.547976,0.301618,Current,0,,0.174281,,Monitor closely — elevated default risk,0.7341
LN0003776,2024-12,0.562116,0.725402,0.417985,0.232527,Current,0,,0.262298,,Monitor closely — elevated default risk,0.6815
LN0003776,2025-01,0.559145,0.717498,0.343138,0.18317,Current,0,,0.288569,,No immediate action,0.6248
LN0003776,2025-02,0.559145,0.717498,0.291532,0.146062,Current,0,,0.363223,,No immediate action,0.5805
LN0003776,2025-03,0.550472,0.716705,0.251253,0.121195,30DPD,0,,0.336242,,No immediate action,0.5526
LN0003783,2020-06,0.253187,0.404798,0.103302,0.225979,Current,0,,0.350574,,No immediate action,0.4936
LN0003783,2020-07,0.347784,0.45729,0.547297,0.381787,30DPD,0,,0.370287,,Monitor closely — elevated default risk,0.8198
LN0003783,2020-08,0.246715,0.401065,0.163624,0.326382,Current,1,Anomaly:IsolationForest,0.403485,days_past_due(z=2.40); interest_rate(z=2.26); remaining_term_months(z=2.22),Review required — exception flagged,0.5689
LN0003783,2020-09,0.239131,0.391405,0.15412,0.257794,Current,1,Anomaly:IsolationForest,0.396927,remaining_term_months(z=2.35); loan_age_months(z=2.35); month_index(z=2.35),Review required — exception flagged,0.5212
LN0003783,2020-10,0.300891,0.428669,0.1324,0.090484,Current,0,,0.380448,,No immediate action,0.4762
LN0003785,2022-09,0.35444,0.479577,0.289733,0.167118,Current,1,Anomaly:IsolationForest,0.446697,modification_flag(z=10.67); days_past_due(z=2.40); remaining_term_months(z=1.97),Review required — exception flagged,0.6454
LN0003785,2022-10,0.603279,0.740728,0.12906,0.395564,30DPD,0,,0.285451,,Watch for prepayment — portfolio income risk,0.5903
LN0003785,2022-11,0.586696,0.734184,0.1227,0.317567,30DPD,0,,0.356621,,No immediate action,0.5597
LN0003793,2021-08,0.686028,0.796791,0.326614,0.381369,30DPD,0,,0.202673,,No immediate action,0.6126
LN0003801,2024-11,0.697101,0.789178,0.278045,0.305326,30DPD,0,,0.236977,,No immediate action,0.5485
LN0003801,2024-12,0.688484,0.786833,0.232431,0.232334,30DPD,0,,0.261087,,No immediate action,0.4947
LN0003801,2025-01,0.366998,0.544205,0.615864,0.373943,60DPD,0,,0.299011,,Monitor closely — elevated default risk,0.7904
LN0003801,2025-02,0.254115,0.526381,0.183266,0.318246,Current,0,,0.339135,,No immediate action,0.6146
LN0003801,2025-03,0.515619,0.569774,0.586236,0.155402,60DPD,0,,0.357779,,Monitor closely — elevated default risk,0.7419
LN0003804,2020-06,0.559775,0.547396,0.16411,0.065392,90DPD,0,,0.197604,,No immediate action,0.5612
LN0003804,2020-07,0.354913,0.432827,0.526192,0.072316,Default,0,,0.29347,,Monitor closely — elevated default risk,0.6669
LN0003804,2020-08,0.411856,0.576149,0.634129,0.293339,30DPD,0,,0.254767,,Monitor closely — elevated default risk,0.7475
LN0003804,2020-09,0.281995,0.442993,0.09335,0.118051,Current,0,,0.291772,,No immediate action,0.4682
LN0003804,2020-10,0.335812,0.496196,0.173489,0.213352,Current,0,,0.319268,,No immediate action,0.6094
LN0003811,2023-11,0.381352,0.523634,0.147664,0.079768,60DPD,0,,0.14973,,No immediate action,0.5426
LN0003811,2023-12,0.523493,0.602793,0.355453,0.09568,Default,0,,0.296931,,Monitor closely — elevated default risk,0.6624
LN0003811,2024-01,0.481375,0.641253,0.215833,0.069814,Current,0,,0.217612,,No immediate action,0.5629
LN0003811,2024-02,0.31141,0.48406,0.215928,0.041972,Default,0,,0.262798,,Monitor closely — elevated default risk,0.5267
LN0003811,2024-03,0.218627,0.365932,0.478485,0.570074,Current,0,,0.295646,,Monitor closely — elevated default risk,0.7465
LN0003817,2021-01,0.309126,0.445928,0.557848,0.325919,60DPD,0,,0.2393,,Monitor closely — elevated default risk,0.7616
LN0003817,2021-02,0.257024,0.411956,0.415723,0.222909,Current,0,,0.193062,,Monitor closely — elevated default risk,0.6538
LN0003817,2021-03,0.412645,0.415973,0.438405,0.126109,60DPD,0,,0.235612,,Monitor closely — elevated default risk,0.6966
LN0003817,2021-04,0.307448,0.398603,0.093967,0.060413,Current,0,,0.271613,,No immediate action,0.4302
LN0003817,2021-05,0.773327,0.788495,0.747006,0.315537,Default,0,,0.301256,,Monitor closely — elevated default risk,0.5034
LN0003828,2022-04,0.778113,0.783553,0.688202,0.200503,Default,0,,0.357206,,Monitor closely — elevated default risk,0.4753
LN0003828,2022-05,0.739475,0.771856,0.192703,0.077291,Default,1,Anomaly:IsolationForest,0.389933,days_past_due(z=3.71); remaining_term_months(z=2.10); loan_age_months(z=2.10),Review required — exception flagged,0.3793
LN0003837,2022-07,0.733139,0.79802,0.061726,0.039021,60DPD,0,,0.230865,,No immediate action,0.2848
LN0003837,2022-08,0.744326,0.842843,0.031633,0.040405,Current,0,,0.183634,,No immediate action,0.2424
LN0003837,2022-09,0.59287,0.627538,0.12526,0.062858,90DPD,0,,0.21718,,No immediate action,0.4839
LN0003837,2022-10,0.53319,0.639934,0.120007,0.091487,30DPD,0,,0.255713,,No immediate action,0.5192
LN0003837,2022-11,0.610792,0.637084,0.115089,0.041529,90DPD,0,,0.286703,,No immediate action,0.4544
LN0003841,2024-07,0.260956,0.330129,0.43787,0.641216,Current,0,,0.233682,,Monitor closely — elevated default risk,0.6939
LN0003841,2024-08,0.207425,0.347823,0.457109,0.460274,Current,0,,0.262748,,Monitor closely — elevated default risk,0.7363
LN0003841,2024-09,0.218941,0.361178,0.378318,0.371245,Current,0,,0.346796,,No immediate action,0.6648
LN0003841,2024-10,0.257858,0.355741,0.3161,0.296546,Current,0,,0.327836,,No immediate action,0.6131
LN0003841,2024-11,0.26614,0.372107,0.269148,0.229056,Current,1,Anomaly:IsolationForest,0.612828,balance_utilisation(z=13.14); current_balance(z=10.07); remaining_term_months(z=2.48),Review required — exception flagged,0.5682
LN0003842,2022-02,0.259792,0.365072,0.233397,0.18011,Current,0,,0.218544,,No immediate action,0.5192
LN0003842,2022-03,0.342003,0.462478,0.45112,0.563442,Current,0,,0.240788,,Monitor closely — elevated default risk,0.8461
LN0003842,2022-04,0.434215,0.511634,0.546958,0.322005,Current,0,,0.279741,,Monitor closely — elevated default risk,0.8488
LN0003842,2022-05,0.29778,0.426048,0.163526,0.274551,Current,0,,0.308615,,No immediate action,0.581
LN0003842,2022-06,0.28755,0.417529,0.154021,0.212494,Current,1,Anomaly:IsolationForest,0.384388,remaining_term_months(z=2.48); loan_age_months(z=2.48); month_index(z=2.48),Review required — exception flagged,0.5358
LN0003843,2021-04,0.235722,0.369311,0.073473,0.087304,Current,0,,0.218012,,No immediate action,0.3829
LN0003843,2021-05,0.480832,0.644985,0.487978,0.59275,Current,0,,0.237829,,Monitor closely — elevated default risk,0.8655
LN0003846,2021-08,0.580742,0.647319,0.657042,0.250661,60DPD,0,,0.199505,,Monitor closely — elevated default risk,0.6828
LN0003846,2021-09,0.38973,0.563766,0.116739,0.221568,Current,0,,0.215956,,No immediate action,0.5821
LN0003846,2021-10,0.386885,0.594697,0.113538,0.17618,Current,0,,0.252888,,No immediate action,0.541
LN0003846,2021-11,0.179913,0.43643,0.026177,0.043918,Current,0,,0.289965,,No immediate action,0.3432
LN0003846,2021-12,0.530453,0.602186,0.632767,0.388151,60DPD,0,,0.321099,,Monitor closely — elevated default risk,0.8114
LN0003851,2022-04,0.415014,0.555631,0.18756,0.333409,Current,0,,0.154017,,No immediate action,0.6902
LN0003851,2022-05,0.446371,0.549548,0.174836,0.264702,30DPD,0,,0.180768,,No immediate action,0.6682
LN0003851,2022-06,0.500965,0.585083,0.082195,0.101779,30DPD,0,,0.231259,,No immediate action,0.549
LN0003851,2022-07,0.499142,0.593942,0.143144,0.170792,30DPD,0,,0.265517,,No immediate action,0.6096
LN0003851,2022-08,0.272467,0.277929,0.21736,0.070999,Default,0,,0.303397,,Monitor closely — elevated default risk,0.4194
LN0003853,2022-02,0.218534,0.208218,0.126849,0.027472,Default,0,,0.163477,,Monitor closely — elevated default risk,0.2905
LN0003853,2022-03,0.470142,0.736393,0.218507,0.224731,Current,0,,0.195793,,No immediate action,0.5885
LN0003853,2022-04,0.405788,0.68921,0.04559,0.063975,Current,0,,0.232956,,No immediate action,0.4131
LN0003853,2022-05,0.445383,0.701189,0.041307,0.060247,60DPD,0,,0.269095,,No immediate action,0.4229
LN0003853,2022-06,0.550176,0.730493,0.056164,0.087561,Current,0,,0.337955,,No immediate action,0.4315
LN0003872,2020-10,0.529094,0.718111,0.101308,0.142133,30DPD,0,,0.261252,,No immediate action,0.4981
LN0003872,2020-11,0.310762,0.523071,0.107457,0.188989,Current,0,,0.22075,,No immediate action,0.5421
LN0003884,2021-08,0.341655,0.523664,0.18775,0.364219,Current,0,,0.184897,,No immediate action,0.685
LN0003884,2021-09,0.405252,0.541612,0.426935,0.254515,60DPD,0,,0.206847,,Monitor closely — elevated default risk,0.7725
LN0003884,2021-10,0.316855,0.477812,0.155501,0.212399,Current,0,,0.249371,,No immediate action,0.5813
LN0003884,2021-11,0.338869,0.478352,0.147064,0.129898,Current,0,,0.286383,,No immediate action,0.5471
LN0003884,2021-12,0.350337,0.620388,0.444203,0.818614,Current,0,,0.322255,,Monitor closely — elevated default risk,0.6778
LN0003886,2022-01,0.350154,0.589492,0.358389,0.598622,Current,0,,0.20026,,Watch for prepayment — portfolio income risk,0.7602
LN0003886,2022-02,0.350337,0.620388,0.302705,0.482266,Current,0,,0.230875,,Watch for prepayment — portfolio income risk,0.7575
LN0003886,2022-03,0.373015,0.626459,0.257594,0.384879,Current,0,,0.26798,,No immediate action,0.6945
LN0003886,2022-04,0.452897,0.601359,0.290473,0.211255,Current,0,,0.304305,,No immediate action,0.6766
LN0003886,2022-05,0.473648,0.731117,0.129898,0.365268,30DPD,0,,0.334858,,No immediate action,0.6188
LN0003890,2023-11,0.436338,0.72112,0.124089,0.292063,Current,0,,0.14651,,No immediate action,0.5657
LN0003890,2023-12,0.283457,0.460675,0.105736,0.201644,Current,0,,0.170013,,No immediate action,0.5258
LN0003890,2024-01,0.342389,0.507005,0.092732,0.168957,Current,0,,0.207989,,No immediate action,0.5485
LN0003890,2024-02,0.249773,0.368087,0.16304,0.321776,Current,0,,0.247927,,No immediate action,0.5513
LN0003890,2024-03,0.350643,0.522408,0.151647,0.257594,Current,0,,0.280376,,No immediate action,0.6187
LN0003894,2024-08,0.485398,0.606582,0.262892,0.324417,Current,0,,0.262688,,No immediate action,0.7331
LN0003894,2024-09,0.460586,0.585096,0.227613,0.255706,Current,0,,0.286925,,No immediate action,0.6794
LN0003894,2024-10,0.343175,0.476888,0.499258,0.535584,Current,0,,0.3199,,Monitor closely — elevated default risk,0.8919
LN0003894,2024-11,0.336458,0.463735,0.394386,0.425586,Current,0,,0.351006,,Monitor closely — elevated default risk,0.8101
LN0003894,2024-12,0.3398,0.459059,0.326035,0.343626,Current,1,Anomaly:IsolationForest,0.384532,remaining_term_months(z=2.48); loan_age_months(z=2.48); month_index(z=2.48),Review required — exception flagged,0.7343
LN0003900,2021-04,0.34834,0.47436,0.277942,0.2722,Prepaid,0,,0.184424,,Watch for prepayment — portfolio income risk,0.6864
LN0003900,2021-05,0.336678,0.475707,0.241255,0.210493,Current,0,,0.21137,,No immediate action,0.6321
LN0003900,2021-06,0.21387,0.273449,0.479146,0.549001,Current,0,,0.254219,,Monitor closely — elevated default risk,0.7087
LN0003900,2021-07,0.208352,0.282643,0.381648,0.436804,Current,0,,0.289168,,Watch for prepayment — portfolio income risk,0.6547
LN0003924,2020-10,0.201642,0.318888,0.314526,0.349295,Current,0,,0.276017,,No immediate action,0.5922
LN0003924,2020-11,0.22011,0.272397,0.270875,0.279491,Current,0,,0.34437,,No immediate action,0.5214
LN0003924,2020-12,0.322578,0.367421,0.293659,0.152043,Current,0,,0.377494,,No immediate action,0.5679
LN0003924,2021-01,0.45042,0.606884,0.631421,0.323037,60DPD,1,Anomaly:IsolationForest,0.440865,interest_rate(z=2.48); days_past_due(z=2.40); remaining_term_months(z=2.35),Review required — exception flagged,0.7676
LN0003925,2021-07,0.377879,0.605538,0.186797,0.275474,Current,0,,0.147241,,No immediate action,0.6173
LN0003925,2021-08,0.203595,0.299735,0.459081,0.621217,Current,0,,0.166766,,Monitor closely — elevated default risk,0.6706
LN0003932,2022-06,0.212001,0.30752,0.364088,0.495091,Current,0,,0.194095,,Watch for prepayment — portfolio income risk,0.6894
LN0003932,2022-07,0.200352,0.300172,0.308184,0.396599,Current,0,,0.225292,,Watch for prepayment — portfolio income risk,0.6027
LN0003932,2022-08,0.206596,0.304589,0.259588,0.315762,Current,0,,0.261884,,No immediate action,0.5433
LN0003932,2022-09,0.197834,0.302307,0.227902,0.249971,Current,0,,0.302148,,No immediate action,0.489
LN0003932,2022-10,0.218269,0.294136,0.487283,0.471152,Current,0,,0.332056,,Monitor closely — elevated default risk,0.7354
LN0003944,2024-11,0.219579,0.299922,0.387151,0.376122,Current,0,,0.216277,,No immediate action,0.6414
LN0003944,2024-12,0.210365,0.300878,0.321776,0.30075,Current,0,,0.295592,,No immediate action,0.5669
LN0003948,2022-03,0.230432,0.29595,0.274448,0.232141,Current,0,,0.195086,,No immediate action,0.5165
LN0003948,2022-04,0.230378,0.29595,0.23824,0.182501,Current,0,,0.281336,,No immediate action,0.4735
LN0003948,2022-05,0.223673,0.308073,0.466148,0.572903,Current,0,,0.265504,,Monitor closely — elevated default risk,0.7125
LN0003948,2022-06,0.210524,0.307349,0.374215,0.459478,Prepaid,0,,0.297162,,Watch for prepayment — portfolio income risk,0.6758
LN0003948,2022-07,0.204584,0.300333,0.312066,0.367378,Prepaid,0,,0.336008,,Watch for prepayment — portfolio income risk,0.5922
LN0003950,2024-02,0.199468,0.29227,0.266618,0.293126,Current,0,,0.19577,,No immediate action,0.5257
LN0003950,2024-03,0.18962,0.307053,0.230983,0.226844,Current,0,,0.223486,,No immediate action,0.4773
LN0003950,2024-04,0.168253,0.371801,0.45093,0.80542,Current,0,,0.261882,,Monitor closely — elevated default risk,0.5928
LN0003950,2024-05,0.168253,0.371801,0.364481,0.594676,Current,0,,0.299982,,Watch for prepayment — portfolio income risk,0.6549
LN0003950,2024-06,0.170204,0.360043,0.305435,0.476515,Current,1,Anomaly:IsolationForest,0.408321,remaining_term_months(z=2.48); loan_age_months(z=2.48); month_index(z=2.48),Review required — exception flagged,0.6561
LN0003956,2025-01,0.178328,0.369758,0.260388,0.380394,Current,0,,0.234538,,No immediate action,0.5944
LN0003956,2025-02,0.178328,0.369758,0.260188,0.380533,Current,0,,0.260559,,No immediate action,0.5944
LN0003956,2025-03,0.148182,0.299734,0.22109,0.299668,Current,0,,0.292303,,No immediate action,0.4843
LN0003956,2025-04,0.271932,0.336045,0.476732,0.530362,Current,1,Anomaly:IsolationForest,0.412086,days_past_due(z=2.40); remaining_term_months(z=2.35); loan_age_months(z=2.35),Review required — exception flagged,0.7772
LN0003956,2025-05,0.264105,0.337201,0.380533,0.421587,Current,1,Anomaly:IsolationForest,0.425436,remaining_term_months(z=2.48); loan_age_months(z=2.48); month_index(z=2.48),Review required — exception flagged,0.7017
LN0003961,2021-09,0.261235,0.336109,0.317115,0.339862,Current,0,,0.198869,,No immediate action,0.6272
LN0003961,2021-10,0.254167,0.334953,0.270163,0.270265,Current,0,,0.22284,,No immediate action,0.5648
LN0003961,2021-11,0.603605,0.784352,0.067552,0.163332,30DPD,0,,0.315606,,No immediate action,0.4215
LN0003961,2021-12,0.57133,0.757476,0.068765,0.073761,60DPD,0,,0.343638,,No immediate action,0.4069
LN0003961,2022-01,0.710507,0.756468,0.215069,0.213448,60DPD,1,Anomaly:IsolationForest,0.408694,remaining_term_months(z=2.48); loan_age_months(z=2.48); month_index(z=2.48),Review required — exception flagged,0.4808
LN0003965,2020-11,0.740114,0.703891,0.493885,0.140104,30DPD,0,,0.207919,,Monitor closely — elevated default risk,0.595
LN0003965,2020-12,0.498467,0.675981,0.467801,0.575379,30DPD,0,,0.23337,,Monitor closely — elevated default risk,0.8575
LN0003965,2021-01,0.48851,0.669713,0.374894,0.460473,30DPD,0,,0.277431,,Watch for prepayment — portfolio income risk,0.8271
LN0003965,2021-02,0.343925,0.477045,0.207351,0.416045,30DPD,0,,0.314942,,Watch for prepayment — portfolio income risk,0.7222
LN0003965,2021-03,0.397706,0.555506,0.399281,0.413006,30DPD,1,Anomaly:IsolationForest,0.381753,remaining_term_months(z=2.48); loan_age_months(z=2.48); month_index(z=2.48),Review required — exception flagged,0.8272
LN0003966,2024-10,0.414339,0.572124,0.329995,0.333764,30DPD,0,,0.177102,,No immediate action,0.753
LN0003966,2024-11,0.406686,0.57375,0.280423,0.264299,Current,0,,0.210428,,No immediate action,0.6888
LN0003966,2024-12,0.392627,0.539135,0.243304,0.203356,Current,0,,0.249944,,No immediate action,0.6501
LN0003966,2025-01,0.562131,0.753619,0.512427,0.62306,Current,0,,0.287928,,Monitor closely — elevated default risk,0.7744
LN0003966,2025-02,0.527627,0.649821,0.568483,0.357492,60DPD,0,,0.311197,,Monitor closely — elevated default risk,0.8058
LN0003968,2023-04,0.336046,0.587968,0.445678,0.679103,Current,0,,0.238739,,Monitor closely — elevated default risk,0.7573
LN0003968,2023-05,0.324655,0.400656,0.544611,0.38375,Current,0,,0.19336,,Monitor closely — elevated default risk,0.7822
LN0003968,2023-06,0.24071,0.339055,0.163137,0.329059,Current,0,,0.226763,,No immediate action,0.536
LN0003968,2023-07,0.211258,0.335498,0.153033,0.260188,Current,0,,0.263231,,No immediate action,0.48
LN0003968,2023-08,0.210037,0.388616,0.073041,0.100718,Current,0,,0.294856,,No immediate action,0.3862
LN0003977,2024-09,0.322727,0.436364,0.506356,0.448474,Current,0,,0.244237,,Monitor closely — elevated default risk,0.8506
LN0003977,2024-10,0.326278,0.436364,0.397638,0.358774,Current,0,,0.27118,,Monitor closely — elevated default risk,0.7595
LN0003977,2024-11,0.332375,0.454734,0.328592,0.286469,Current,0,,0.304571,,No immediate action,0.7011
LN0003977,2024-12,0.332091,0.460197,0.279595,0.220707,Current,0,,0.337208,,No immediate action,0.6463
LN0003977,2025-01,0.467536,0.471861,0.361743,0.102835,30DPD,0,,0.368494,,No immediate action,0.702
LN0003981,2022-05,0.442299,0.515143,0.535272,0.380255,Current,0,,0.202244,,Monitor closely — elevated default risk,0.8861
LN0003981,2022-06,0.384556,0.49641,0.409068,0.3001,Current,0,,0.234298,,Monitor closely — elevated default risk,0.7951
LN0003981,2022-07,0.432787,0.528631,0.339983,0.235815,Prepaid,0,,0.286033,,Watch for prepayment — portfolio income risk,0.74
LN0003981,2022-08,0.55993,0.606989,0.493165,0.107799,60DPD,0,,0.320538,,Monitor closely — elevated default risk,0.717
LN0003981,2022-09,0.505954,0.590405,0.37818,0.078948,60DPD,0,,0.354071,,No immediate action,0.6804
LN0003984,2023-10,0.432982,0.772377,0.560803,0.650412,Current,0,,0.256759,,Monitor closely — elevated default risk,0.7247
LN0003984,2023-11,0.541331,0.823426,0.357492,0.426597,Current,0,,0.285034,,Watch for prepayment — portfolio income risk,0.7097
LN0003984,2023-12,0.564177,0.725362,0.59275,0.008255,60DPD,0,,0.324524,,Monitor closely — elevated default risk,0.563
LN0003984,2024-01,0.566541,0.71904,0.34942,0.145962,Current,0,,0.351486,,No immediate action,0.6049
LN0003984,2024-02,0.577901,0.737227,0.37887,0.090358,30DPD,1,Anomaly:IsolationForest,0.384034,remaining_term_months(z=2.48); loan_age_months(z=2.48); month_index(z=2.48),Review required — exception flagged,0.577
LN0003986,2020-05,0.27587,0.571972,0.130212,0.258192,Current,0,,0.223474,,No immediate action,0.5462
LN0003986,2020-06,0.22213,0.508431,0.04476,0.064134,Current,0,,0.251233,,No immediate action,0.4113
LN0003986,2020-07,0.271036,0.552474,0.059078,0.093597,Current,0,,0.289571,,No immediate action,0.4356
LN0003986,2020-08,0.306475,0.574708,0.112425,0.154021,Current,0,,0.314389,,No immediate action,0.4991
LN0003986,2020-09,0.410699,0.610195,0.295046,0.133333,Current,0,,0.350931,,No immediate action,0.6144
LN0003994,2022-06,0.397967,0.675749,0.208494,0.35558,Current,0,,0.173719,,No immediate action,0.6431
LN0003994,2022-07,0.364681,0.588252,0.094948,0.125791,Current,0,,0.208133,,No immediate action,0.4986
LN0003994,2022-08,0.431922,0.684818,0.170985,0.23079,Current,0,,0.251304,,No immediate action,0.5744
LN0003994,2022-09,0.442257,0.682505,0.156583,0.181545,Current,0,,0.293054,,No immediate action,0.5489
LN0003994,2022-10,0.457587,0.743019,0.240866,0.180589,Current,1,Anomaly:IsolationForest,0.599272,balance_utilisation(z=13.14); current_balance(z=9.48); remaining_term_months(z=2.48),Review required — exception flagged,0.568
LN0003999,2022-08,0.511973,0.56573,0.610198,0.384314,30DPD,0,,0.266061,,Monitor closely — elevated default risk,0.8482
LN0003999,2022-09,0.415966,0.503853,0.181737,0.329526,Current,0,,0.21832,,No immediate action,0.7117
LN0003999,2022-10,0.39058,0.502206,0.170888,0.260588,Current,0,,0.254332,,No immediate action,0.6599
LN0003999,2022-11,0.355884,0.461416,0.079632,0.100836,Current,0,,0.29061,,No immediate action,0.4989
LN0003999,2022-12,0.44225,0.510017,0.137759,0.169344,Current,0,,0.32165,,No immediate action,0.6197
LN0004000,2022-12,0.223312,0.341382,0.507135,0.392485,Current,0,,0.16925,,Monitor closely — elevated default risk,0.725
LN0004000,2023-01,0.225537,0.337329,0.398533,0.315199,Current,0,,0.189559,,Monitor closely — elevated default risk,0.6383
LN0004000,2023-02,0.233264,0.331067,0.329176,0.247121,Current,0,,0.228148,,No immediate action,0.5703
LN0004000,2023-03,0.223312,0.336553,0.279698,0.19394,Current,0,,0.271669,,No immediate action,0.5168
LN0004000,2023-04,0.222893,0.333215,0.242718,0.153725,Current,0,,0.306035,,No immediate action,0.4763
LN0004002,2023-01,0.324583,0.552045,0.065548,0.174836,Current,0,,0.204446,,No immediate action,0.5065
LN0004002,2023-02,0.315283,0.531738,0.042411,0.085623,Current,0,,0.229235,,No immediate action,0.4558
LN0004002,2023-03,0.331738,0.54369,0.1163,0.29526,Current,0,,0.268377,,No immediate action,0.5998
LN0004002,2023-04,0.328347,0.575003,0.108482,0.228671,Current,0,,0.292517,,No immediate action,0.5452
LN0004002,2023-05,0.368597,0.642064,0.222143,0.281564,Current,0,,0.325794,,No immediate action,0.6151
LN0004005,2020-05,0.368597,0.642064,0.222047,0.281772,Current,1,Anomaly:IsolationForest,0.406652,days_past_due(z=3.71); remaining_term_months(z=1.97); loan_age_months(z=1.97),Review required — exception flagged,0.6152
LN0004006,2024-06,0.495732,0.507854,0.540028,0.355326,Current,0,,0.170207,,Monitor closely — elevated default risk,0.9016
LN0004006,2024-07,0.523425,0.511106,0.41158,0.281668,Current,0,,0.191049,,Monitor closely — elevated default risk,0.8294
LN0004006,2024-08,0.510943,0.510678,0.341071,0.218411,Current,0,,0.233456,,No immediate action,0.7689
LN0004006,2024-09,0.503581,0.507854,0.289205,0.173297,Current,0,,0.267737,,No immediate action,0.7255
LN0004006,2024-10,0.494519,0.548296,0.250563,0.139086,Current,0,,0.301311,,No immediate action,0.6679
LN0004011,2022-03,0.336718,0.567583,0.437336,0.783539,Current,0,,0.356492,,Monitor closely — elevated default risk,0.7115
LN0004011,2022-04,0.353792,0.546355,0.357364,0.584883,30DPD,1,Anomaly:IsolationForest,0.382048,original_balance(z=2.82); remaining_term_months(z=2.10); loan_age_months(z=2.10),Review required — exception flagged,0.79
LN0004011,2022-05,0.354748,0.558706,0.29956,0.46656,Current,1,Anomaly:IsolationForest,0.402423,original_balance(z=2.82); remaining_term_months(z=2.22); loan_age_months(z=2.22),Review required — exception flagged,0.7811
LN0004011,2022-06,0.370193,0.547673,0.255408,0.373672,Current,1,Anomaly:IsolationForest,0.464016,original_balance(z=2.82); remaining_term_months(z=2.35); loan_age_months(z=2.35),Review required — exception flagged,0.7258
LN0004011,2022-07,0.365173,0.556605,0.220515,0.298265,Current,1,Anomaly:IsolationForest,0.505224,original_balance(z=2.82); remaining_term_months(z=2.48); loan_age_months(z=2.48),Review required — exception flagged,0.6637
LN0004017,2022-06,0.259283,0.407013,0.51189,0.503786,Current,0,,0.155599,,Monitor closely — elevated default risk,0.8253
LN0004017,2022-07,0.257077,0.402092,0.400332,0.400181,Current,0,,0.246002,,Monitor closely — elevated default risk,0.7298
LN0004017,2022-08,0.257077,0.402092,0.330464,0.320519,Current,0,,0.212343,,No immediate action,0.6551
LN0004017,2022-09,0.255019,0.400904,0.280941,0.252833,Current,0,,0.250089,,No immediate action,0.5948
LN0004017,2022-10,0.309592,0.414741,0.252635,0.151547,Current,0,,0.290991,,No immediate action,0.5643
LN0004029,2024-11,0.562134,0.68567,0.132192,0.261488,60DPD,0,,0.170522,,No immediate action,0.5729
LN0004029,2024-12,0.417791,0.57986,0.071586,0.216787,Current,0,,0.20262,,No immediate action,0.5632
LN0004029,2025-01,0.435301,0.622692,0.173201,0.258391,Current,0,,0.252074,,No immediate action,0.6221
LN0004029,2025-02,0.447712,0.571688,0.080582,0.100244,Current,0,,0.286781,,No immediate action,0.5284
LN0004029,2025-03,0.423864,0.580743,0.140003,0.16799,Current,0,,0.322662,,No immediate action,0.5756
LN0004038,2023-12,0.413974,0.571021,0.460074,0.591325,Current,0,,0.175433,,Monitor closely — elevated default risk,0.8559
LN0004038,2024-01,0.409939,0.580634,0.369638,0.473707,Current,0,,0.273907,,Watch for prepayment — portfolio income risk,0.8363
LN0004038,2024-02,0.453264,0.572582,0.308737,0.377492,Current,0,,0.241974,,No immediate action,0.7835
LN0004038,2024-03,0.47145,0.58066,0.264098,0.30227,Current,0,,0.277981,,No immediate action,0.7286
LN0004038,2024-04,0.47145,0.58066,0.228575,0.23272,Current,0,,0.306237,,No immediate action,0.676
LN0004045,2023-06,0.349862,0.530244,0.196604,0.556395,Current,0,,0.239599,,Watch for prepayment — portfolio income risk,0.7299
LN0004045,2023-07,0.389705,0.539169,0.183075,0.446234,Current,0,,0.192316,,Watch for prepayment — portfolio income risk,0.7399
LN0004045,2023-08,0.419717,0.576158,0.084709,0.155008,Current,0,,0.228132,,No immediate action,0.5416
LN0004045,2023-09,0.446535,0.58769,0.150057,0.301184,Current,0,,0.323732,,No immediate action,0.655
LN0004045,2023-10,0.446245,0.592641,0.134986,0.232238,Current,0,,0.297389,,No immediate action,0.6104
LN0004062,2024-05,0.233776,0.37209,0.217265,0.068765,Default,0,,0.233407,,Monitor closely — elevated default risk,0.4459
LN0004062,2024-06,0.549525,0.626741,0.126955,0.428975,Current,0,,0.26523,,Watch for prepayment — portfolio income risk,0.6898
LN0004062,2024-07,0.560961,0.695207,0.365794,0.514867,30DPD,0,,0.295353,,Watch for prepayment — portfolio income risk,0.7974
LN0004075,2024-12,0.57134,0.677726,0.306313,0.409068,30DPD,0,,0.161685,,Watch for prepayment — portfolio income risk,0.7332
LN0004075,2025-01,0.575476,0.693761,0.261388,0.329409,30DPD,0,,0.194811,,No immediate action,0.6608
LN0004075,2025-02,0.576223,0.679509,0.225595,0.259289,30DPD,0,,0.23308,,No immediate action,0.6146
LN0004075,2025-03,0.619236,0.676337,0.21278,0.206209,30DPD,0,,0.268914,,No immediate action,0.5617
LN0004075,2025-04,0.623153,0.667097,0.195272,0.165373,30DPD,0,,0.303403,,No immediate action,0.5352
LN0004078,2020-10,0.635384,0.754592,0.348426,0.165082,30DPD,0,,0.297148,,No immediate action,0.5618
LN0004078,2020-11,0.642206,0.685119,0.389587,0.102718,60DPD,0,,0.319068,,Monitor closely — elevated default risk,0.5825
LN0004078,2020-12,0.619216,0.660781,0.414121,0.066786,30DPD,0,,0.352391,,Monitor closely — elevated default risk,0.6005
LN0004078,2021-01,0.391913,0.555408,0.204021,0.418636,Current,0,,0.378912,,Watch for prepayment — portfolio income risk,0.7296
LN0004078,2021-02,0.449639,0.586806,0.178195,0.132088,60DPD,1,Anomaly:IsolationForest,0.411835,remaining_term_months(z=2.48); loan_age_months(z=2.48); month_index(z=2.48),Review required — exception flagged,0.5866
LN0004080,2023-07,0.388084,0.506739,0.085753,0.126003,Current,0,,0.212482,,No immediate action,0.5466
LN0004080,2023-08,0.374381,0.534072,0.156878,0.230212,30DPD,0,,0.241955,,No immediate action,0.6137
LN0004080,2023-09,0.405124,0.597607,0.074047,0.093103,Current,0,,0.28114,,No immediate action,0.4873
LN0004080,2023-10,0.427246,0.489035,0.205639,0.412213,30DPD,0,,0.319201,,Watch for prepayment — portfolio income risk,0.7671
LN0004080,2023-11,0.460818,0.557604,0.395122,0.410007,30DPD,0,,0.349416,,Monitor closely — elevated default risk,0.8542
LN0004082,2020-11,0.441868,0.562854,0.32673,0.330229,30DPD,0,,0.20707,,No immediate action,0.768
LN0004082,2020-12,0.448481,0.555562,0.278458,0.260788,30DPD,0,,0.23035,,No immediate action,0.7161
LN0004082,2021-01,0.448481,0.555562,0.278355,0.261088,30DPD,0,,0.31725,,No immediate action,0.7162
LN0004082,2021-02,0.441696,0.559636,0.241645,0.201739,30DPD,0,,0.306149,,No immediate action,0.6627
LN0004082,2021-03,0.568708,0.508179,0.481369,0.537789,30DPD,0,,0.329829,,Monitor closely — elevated default risk,0.9333
LN0004085,2020-04,0.547783,0.618985,0.573723,0.312959,60DPD,0,,0.178313,,Monitor closely — elevated default risk,0.7862
LN0004085,2020-05,0.500239,0.578349,0.173586,0.265911,Current,0,,0.192103,,No immediate action,0.6805
LN0004085,2020-06,0.450033,0.573613,0.160504,0.205924,Current,0,,0.224193,,No immediate action,0.6214
LN0004085,2020-07,0.329531,0.442074,0.075186,0.084183,Current,0,,0.254792,,No immediate action,0.4655
LN0004085,2020-08,0.473178,0.598916,0.613564,0.398981,30DPD,0,,0.286696,,Monitor closely — elevated default risk,0.8298
LN0004089,2020-08,0.38609,0.537405,0.182884,0.344237,Current,0,,0.155119,,No immediate action,0.6879
LN0004089,2020-09,0.388992,0.537577,0.172334,0.272914,30DPD,0,,0.17957,,No immediate action,0.6483
LN0004089,2020-10,0.416985,0.578295,0.147464,0.094335,30DPD,0,,0.222157,,No immediate action,0.5402
LN0004089,2020-11,0.378394,0.539879,0.137451,0.166149,Current,0,,0.262532,,No immediate action,0.5711
LN0004089,2020-12,0.631512,0.673238,0.534339,0.53372,60DPD,0,,0.298081,,Monitor closely — elevated default risk,0.8136
LN0004090,2021-08,0.624197,0.678241,0.413006,0.423911,60DPD,0,,0.172657,,Monitor closely — elevated default risk,0.7672
LN0004090,2021-09,0.626887,0.672864,0.3395,0.343138,60DPD,0,,0.202807,,No immediate action,0.6914
LN0004090,2021-10,0.312304,0.460597,0.480254,0.546284,Current,0,,0.23494,,Monitor closely — elevated default risk,0.8534
LN0004090,2021-11,0.312304,0.460597,0.382067,0.43539,Current,0,,0.276719,,Watch for prepayment — portfolio income risk,0.7952
LN0004090,2021-12,0.310792,0.458419,0.318473,0.349918,Current,0,,0.305021,,No immediate action,0.7188
LN0004094,2023-05,0.309195,0.4613,0.271181,0.278768,Current,0,,0.163138,,No immediate action,0.6602
LN0004094,2023-06,0.310782,0.460597,0.235041,0.214974,Current,0,,0.190455,,No immediate action,0.6107
LN0004094,2023-07,0.243109,0.49005,0.542301,0.332818,Current,0,,0.242939,,Monitor closely — elevated default risk,0.7618
LN0004094,2023-08,0.249865,0.503648,0.415884,0.263696,Current,0,,0.280812,,Monitor closely — elevated default risk,0.7129
LN0004094,2023-09,0.25033,0.492154,0.341556,0.20269,Current,0,,0.313683,,No immediate action,0.6434
LN0004098,2025-02,0.243648,0.499141,0.289416,0.160894,Current,0,,0.368821,,No immediate action,0.5965
LN0004098,2025-03,0.25033,0.492154,0.250661,0.131568,Current,1,Anomaly:IsolationForest,0.388666,original_balance(z=2.96); remaining_term_months(z=2.10); loan_age_months(z=2.10),Review required — exception flagged,0.5624
LN0004098,2025-04,0.405127,0.594956,0.023028,0.061726,Current,1,Anomaly:IsolationForest,0.451549,original_balance(z=2.96); remaining_term_months(z=2.22); loan_age_months(z=2.22),Review required — exception flagged,0.4475
LN0004098,2025-05,0.366736,0.472806,0.013327,0.028409,Current,1,Anomaly:IsolationForest,0.435195,original_balance(z=2.96); remaining_term_months(z=2.35); loan_age_months(z=2.35),Review required — exception flagged,0.4406
LN0004098,2025-06,0.362778,0.492051,0.070408,0.159428,Current,1,Anomaly:IsolationForest,0.453858,original_balance(z=2.96); remaining_term_months(z=2.48); loan_age_months(z=2.48),Review required — exception flagged,0.5423
LN0004107,2022-07,0.361868,0.49843,0.068312,0.130212,Current,0,,0.32769,,No immediate action,0.5294
LN0004107,2022-08,0.391463,0.517976,0.246827,0.184603,Current,1,Anomaly:IsolationForest,0.396342,original_balance(z=2.57); remaining_term_months(z=2.10); loan_age_months(z=2.10),Review required — exception flagged,0.6525
LN0004107,2022-09,0.208465,0.313948,0.489377,0.566133,Current,1,Anomaly:IsolationForest,0.453794,original_balance(z=2.57); days_past_due(z=2.40); remaining_term_months(z=2.22),Review required — exception flagged,0.7228
LN0004107,2022-10,0.213495,0.338395,0.389443,0.45284,Current,1,Anomaly:IsolationForest,0.438371,original_balance(z=2.57); remaining_term_months(z=2.35); loan_age_months(z=2.35),Review required — exception flagged,0.6971
LN0004107,2022-11,0.315017,0.385251,0.424579,0.254416,60DPD,1,Anomaly:IsolationForest,0.423162,original_balance(z=2.57); remaining_term_months(z=2.48); loan_age_months(z=2.48),Review required — exception flagged,0.6896
LN0004112,2020-07,0.18169,0.302496,0.151845,0.20916,Current,0,,0.238248,,No immediate action,0.4226
LN0004112,2020-08,0.192343,0.306346,0.142437,0.168377,Current,0,,0.26698,,No immediate action,0.4048
LN0004112,2020-09,0.308997,0.526892,0.047614,0.088457,Current,0,,0.304602,,No immediate action,0.4591
LN0004112,2020-10,0.425036,0.599422,0.062375,0.135501,Current,0,,0.344436,,No immediate action,0.5117
LN0004112,2020-11,0.457538,0.623401,0.116849,0.255507,Current,0,,0.378266,,No immediate action,0.6032
LN0004124,2022-12,0.439767,0.614723,0.152637,0.242815,30DPD,0,,0.246132,,No immediate action,0.6102
LN0004124,2023-01,0.494474,0.604267,0.229538,0.241548,30DPD,0,,0.270125,,No immediate action,0.6806
LN0004124,2023-02,0.28382,0.487414,0.447912,0.618807,Current,0,,0.31052,,Monitor closely — elevated default risk,0.8002
LN0004124,2023-03,0.285709,0.508179,0.363043,0.497039,Current,0,,0.341529,,Watch for prepayment — portfolio income risk,0.8188
LN0004124,2023-04,0.28382,0.488091,0.304122,0.395122,Current,0,,0.377806,,Watch for prepayment — portfolio income risk,0.7356
LN0004127,2020-04,0.278094,0.486855,0.259089,0.316889,Current,0,,0.247741,,No immediate action,0.6705
LN0004127,2020-05,0.288214,0.511791,0.224539,0.248496,Current,0,,0.269939,,No immediate action,0.6247
LN0004127,2020-06,0.252814,0.36109,0.466354,0.543947,Current,0,,0.354028,,Monitor closely — elevated default risk,0.7682
LN0004127,2020-07,0.156947,0.306669,0.363304,0.426428,Current,0,,0.33639,,Watch for prepayment — portfolio income risk,0.6267
LN0004127,2020-08,0.255163,0.362974,0.312177,0.34855,Current,0,,0.36475,,No immediate action,0.6394
LN0004135,2020-12,0.240831,0.347493,0.267123,0.276604,Current,0,,0.23607,,No immediate action,0.566
LN0004135,2021-01,0.230476,0.351893,0.231176,0.213638,Current,0,,0.192867,,No immediate action,0.5136
LN0004135,2021-02,0.364353,0.465258,0.107571,0.175892,Current,0,,0.293101,,No immediate action,0.5565
LN0004135,2021-03,0.386852,0.501919,0.094581,0.146864,Current,0,,0.273877,,No immediate action,0.5632
LN0004135,2021-04,0.427099,0.498754,0.169247,0.285945,Current,0,,0.305866,,No immediate action,0.6905
LN0004137,2024-09,0.439104,0.53058,0.155008,0.21975,Current,0,,0.364468,,No immediate action,0.6416
LN0004137,2024-10,0.517148,0.591946,0.236009,0.218698,30DPD,1,Anomaly:IsolationForest,0.388747,original_balance(z=3.07); remaining_term_months(z=2.10); loan_age_months(z=2.10),Review required — exception flagged,0.6728
LN0004137,2024-11,0.481243,0.608397,0.051468,0.049184,30DPD,1,Anomaly:IsolationForest,0.41139,original_balance(z=3.07); remaining_term_months(z=2.22); loan_age_months(z=2.22),Review required — exception flagged,0.4867
LN0004137,2024-12,0.481873,0.622792,0.125579,0.13581,Current,1,Anomaly:IsolationForest,0.471597,original_balance(z=3.07); remaining_term_months(z=2.35); loan_age_months(z=2.35),Review required — exception flagged,0.5602
LN0004137,2025-01,0.505035,0.552937,0.216023,0.102484,30DPD,1,Anomaly:IsolationForest,0.453612,original_balance(z=3.07); remaining_term_months(z=2.48); loan_age_months(z=2.48),Review required — exception flagged,0.6303
LN0004143,2021-11,0.391751,0.57397,0.161578,0.105621,Current,0,,0.227403,,No immediate action,0.5425
LN0004143,2021-12,0.403546,0.537376,0.147164,0.088329,Current,0,,0.181834,,No immediate action,0.5508
LN0004143,2022-01,0.490284,0.51707,0.559318,0.288889,Current,0,,0.220677,,Monitor closely — elevated default risk,0.8514
LN0004143,2022-02,0.464637,0.512865,0.591798,0.156485,Prepaid,0,,0.313188,,Monitor closely — elevated default risk,0.7582
LN0004143,2022-03,0.502567,0.616005,0.597624,0.095558,30DPD,0,,0.29414,,Monitor closely — elevated default risk,0.6897
LN0004146,2020-03,0.426431,0.60492,0.213066,0.078398,Current,0,,0.260678,,No immediate action,0.5565
LN0004147,2023-05,0.40389,0.541989,0.05493,0.037353,Current,0,,0.166964,,No immediate action,0.4771
LN0004147,2023-06,0.540538,0.70436,0.505323,0.632092,30DPD,0,,0.18763,,Monitor closely — elevated default risk,0.8088
LN0004147,2023-07,0.561074,0.717804,0.397044,0.504809,Current,0,,0.225232,,Monitor closely — elevated default risk,0.8067
LN0004147,2023-08,0.547855,0.705573,0.328009,0.40169,30DPD,0,,0.266521,,Watch for prepayment — portfolio income risk,0.7381
LN0004147,2023-09,0.538869,0.71077,0.279181,0.322119,30DPD,0,,0.302472,,No immediate action,0.6758
LN0004149,2021-02,0.551276,0.698679,0.242328,0.253822,30DPD,0,,0.213869,,No immediate action,0.6231
LN0004149,2021-03,0.2464,0.369129,0.453995,0.779177,Current,0,,0.242118,,Monitor closely — elevated default risk,0.6452
LN0004149,2021-04,0.229872,0.345035,0.366189,0.583989,Current,0,,0.284648,,Watch for prepayment — portfolio income risk,0.6786
LN0004149,2021-05,0.229965,0.364416,0.306643,0.466354,Current,1,Anomaly:IsolationForest,0.403405,days_past_due(z=2.40); remaining_term_months(z=2.35); loan_age_months(z=2.35),Review required — exception flagged,0.6837
LN0004149,2021-06,0.186671,0.311962,0.256004,0.367643,Current,0,,0.347868,,No immediate action,0.5611
LN0004150,2020-03,0.239729,0.370097,0.225787,0.298589,Current,0,,0.174954,,No immediate action,0.5671
LN0004150,2020-04,0.340692,0.437685,0.535584,0.356981,Current,0,,0.202793,,Monitor closely — elevated default risk,0.7999
LN0004150,2020-05,0.337282,0.42055,0.413165,0.284376,Current,0,,0.242154,,Monitor closely — elevated default risk,0.7277
LN0004150,2020-06,0.355782,0.415916,0.432072,0.154811,30DPD,0,,0.328928,,Monitor closely — elevated default risk,0.6793
LN0004150,2020-07,0.225375,0.371996,0.159428,0.134367,Current,1,Anomaly:IsolationForest,0.390291,remaining_term_months(z=2.48); loan_age_months(z=2.48); month_index(z=2.48),Review required — exception flagged,0.4456
LN0004166,2020-12,0.2395,0.378992,0.146062,0.112982,Current,0,,0.254472,,No immediate action,0.4388
LN0004166,2021-01,0.50983,0.519858,0.62306,0.370039,60DPD,0,,0.208227,,Monitor closely — elevated default risk,0.8586
LN0004166,2021-02,0.382048,0.477648,0.186034,0.314638,Current,0,,0.245232,,No immediate action,0.6802
LN0004166,2021-03,0.516741,0.527272,0.429317,0.204877,60DPD,0,,0.280986,,Monitor closely — elevated default risk,0.7951
LN0004166,2021-04,0.355786,0.469511,0.080447,0.093474,Current,0,,0.320934,,No immediate action,0.4996
LN0004167,2022-03,0.386947,0.470397,0.143951,0.153824,30DPD,0,,0.232828,,No immediate action,0.5776
LN0004167,2022-04,0.300256,0.418812,0.560058,0.253921,Current,0,,0.262663,,Monitor closely — elevated default risk,0.7065
LN0004167,2022-05,0.294761,0.418698,0.424245,0.19765,Current,0,,0.292411,,Monitor closely — elevated default risk,0.6677
LN0004167,2022-06,0.308288,0.420593,0.347435,0.156682,Prepaid,0,,0.331333,,Watch for prepayment — portfolio income risk,0.6165
LN0004167,2022-07,0.357357,0.337448,0.386439,0.099055,Current,0,,0.361334,,No immediate action,0.5901
LN0004169,2024-02,0.178905,0.249785,0.146664,0.087433,Current,0,,0.338618,,No immediate action,0.3314
LN0004169,2024-03,0.408411,0.514507,0.195367,0.160113,Current,0,,0.36333,,No immediate action,0.6247
LN0004169,2024-04,0.457435,0.536671,0.182215,0.338297,Current,1,Anomaly:IsolationForest,0.383754,original_balance(z=2.73); remaining_term_months(z=2.22); loan_age_months(z=2.22),Review required — exception flagged,0.7206
LN0004169,2024-05,0.424336,0.539744,0.171467,0.269351,Current,1,Anomaly:IsolationForest,0.410371,original_balance(z=2.73); remaining_term_months(z=2.35); loan_age_months(z=2.35),Review required — exception flagged,0.6627
LN0004169,2024-06,0.524867,0.58795,0.147264,0.09335,60DPD,1,Anomaly:IsolationForest,0.430954,original_balance(z=2.73); remaining_term_months(z=2.48); loan_age_months(z=2.48),Review required — exception flagged,0.5639
LN0004174,2022-03,0.446986,0.546805,0.136837,0.16304,Current,0,,0.177544,,No immediate action,0.6
LN0004174,2022-04,0.562386,0.694341,0.602702,0.444939,60DPD,0,,0.200475,,Monitor closely — elevated default risk,0.7928
LN0004174,2022-05,0.297296,0.437346,0.444755,0.617621,Current,0,,0.235779,,Monitor closely — elevated default risk,0.7809
LN0004174,2022-06,0.302881,0.438665,0.360577,0.495576,Current,0,,0.279214,,Watch for prepayment — portfolio income risk,0.7988
LN0004174,2022-07,0.302881,0.438665,0.302596,0.394386,Current,0,,0.313341,,Watch for prepayment — portfolio income risk,0.7193
LN0004175,2021-04,0.295887,0.431873,0.257395,0.316212,Current,0,,0.207586,,No immediate action,0.6507
LN0004175,2021-05,0.246506,0.408495,0.219846,0.243206,Current,1,Anomaly:IsolationForest,0.569613,current_balance(z=15.10); balance_utilisation(z=13.14); remaining_term_months(z=2.10),Review required — exception flagged,0.559
LN0004175,2021-06,0.382937,0.526737,0.06694,0.1006,Current,0,,0.279119,,No immediate action,0.5119
LN0004175,2021-07,0.365808,0.548395,0.046001,0.057892,Current,0,,0.316694,,No immediate action,0.4607
LN0004175,2021-08,0.365011,0.552568,0.040858,0.050715,Current,1,Anomaly:IsolationForest,0.38604,remaining_term_months(z=2.48); loan_age_months(z=2.48); month_index(z=2.48),Review required — exception flagged,0.452
LN0004182,2021-04,0.543568,0.603125,0.480699,0.119682,60DPD,0,,0.328125,,Monitor closely — elevated default risk,0.7268
LN0004182,2021-05,0.365661,0.562145,0.1006,0.111193,Current,0,,0.34755,,No immediate action,0.5077
LN0004182,2021-06,0.348135,0.398996,0.488676,0.521278,30DPD,0,,0.375413,,Monitor closely — elevated default risk,0.8573
LN0004182,2021-07,0.354357,0.401157,0.3893,0.413324,30DPD,1,Anomaly:IsolationForest,0.400585,remaining_term_months(z=2.35); loan_age_months(z=2.35); month_index(z=2.35),Review required — exception flagged,0.7791
LN0004182,2021-08,0.341299,0.420212,0.319267,0.331403,Current,1,Anomaly:IsolationForest,0.429609,remaining_term_months(z=2.48); loan_age_months(z=2.48); month_index(z=2.48),Review required — exception flagged,0.7061
LN0004183,2023-09,0.376668,0.457781,0.347683,0.18078,30DPD,0,,0.357177,,No immediate action,0.6815
LN0004184,2024-05,0.478368,0.538896,0.354439,0.106426,30DPD,0,,0.342036,,No immediate action,0.7002
LN0004184,2024-06,0.388162,0.514635,0.599125,0.391032,Current,0,,0.363782,,Monitor closely — elevated default risk,0.8327
LN0004184,2024-07,0.254256,0.442338,0.181641,0.337577,Current,1,Anomaly:IsolationForest,0.390373,original_balance(z=2.74); remaining_term_months(z=2.22); loan_age_months(z=2.22),Review required — exception flagged,0.6079
LN0004184,2024-08,0.186731,0.338211,0.08497,0.125366,Current,1,Anomaly:IsolationForest,0.414897,original_balance(z=2.74); remaining_term_months(z=2.35); loan_age_months(z=2.35),Review required — exception flagged,0.3676
LN0004184,2024-09,0.256778,0.375181,0.077708,0.111081,Current,1,Anomaly:IsolationForest,0.433242,original_balance(z=2.74); remaining_term_months(z=2.48); loan_age_months(z=2.48),Review required — exception flagged,0.4104
LN0004191,2021-01,0.264142,0.421479,0.13478,0.192227,Current,0,,0.221794,,No immediate action,0.5063
LN0004191,2021-02,0.515014,0.689452,0.526781,0.400633,Current,0,,0.170825,,Monitor closely — elevated default risk,0.8347
LN0004191,2021-03,0.500449,0.684559,0.408288,0.32109,Current,0,,0.221164,,Monitor closely — elevated default risk,0.7722
LN0004191,2021-04,0.519235,0.709611,0.3365,0.253327,Current,0,,0.259442,,No immediate action,0.6805
LN0004191,2021-05,0.328339,0.543982,0.280216,0.193559,Current,0,,0.303099,,No immediate action,0.6291
LN0004199,2022-12,0.497401,0.686692,0.247906,0.15619,Current,0,,0.178981,,No immediate action,0.6074
LN0004199,2023-01,0.22144,0.373091,0.05128,0.046611,Current,0,,0.20504,,No immediate action,0.3462
LN0004203,2022-12,0.276558,0.442823,0.046205,0.040858,Current,0,,0.185645,,No immediate action,0.4032
LN0004203,2023-01,0.312076,0.464549,0.119574,0.116958,Current,0,,0.213989,,No immediate action,0.5066
LN0004203,2023-02,0.298438,0.46233,0.114757,0.098577,Current,0,,0.252485,,No immediate action,0.4871
LN0004203,2023-03,0.370439,0.531997,0.25145,0.113649,Current,0,,0.291283,,No immediate action,0.6018
LN0004203,2023-04,0.324064,0.471556,0.103651,0.197745,Current,0,,0.319457,,No immediate action,0.5485
LN0004208,2020-05,0.30732,0.484778,0.181545,0.380672,Current,0,,0.188882,,No immediate action,0.6772
LN0004208,2020-06,0.311532,0.486297,0.165567,0.304888,Current,0,,0.212867,,No immediate action,0.6341
LN0004208,2020-07,0.249784,0.42018,0.254119,0.297942,Current,0,,0.260493,,No immediate action,0.611
LN0004208,2020-08,0.343065,0.521824,0.226556,0.234073,Current,0,,0.294818,,No immediate action,0.6409
LN0004208,2020-09,0.475022,0.588846,0.538107,0.473278,Current,0,,0.327976,,Monitor closely — elevated default risk,0.9107
LN0004209,2020-12,0.383514,0.586419,0.451311,0.250267,Current,0,,0.195056,,Monitor closely — elevated default risk,0.7493
LN0004209,2021-01,0.345138,0.532369,0.527668,0.335427,Current,0,,0.224024,,Monitor closely — elevated default risk,0.8103
LN0004209,2021-02,0.466481,0.604282,0.342285,0.440741,Current,0,,0.263695,,Watch for prepayment — portfolio income risk,0.8226
LN0004210,2021-08,0.492365,0.649789,0.334357,0.008255,Current,0,,0.209148,,No immediate action,0.5926
LN0004210,2021-09,0.424419,0.459231,0.36844,0.008255,60DPD,0,,0.230563,,No immediate action,0.6302
LN0004210,2021-10,0.158885,0.399604,0.212113,0.222718,Current,0,,0.265874,,No immediate action,0.4967
LN0004210,2021-11,0.145771,0.414054,0.098457,0.090106,Current,0,,0.304804,,No immediate action,0.3742
LN0004210,2021-12,0.17617,0.457063,0.175604,0.147164,Current,0,,0.331683,,No immediate action,0.478
LN0004212,2021-07,0.193541,0.459093,0.160406,0.122163,Current,0,,0.373191,,No immediate action,0.4676
LN0004212,2021-08,0.220412,0.55453,0.25007,0.121518,Current,1,Anomaly:IsolationForest,0.402013,days_past_due(z=3.71); remaining_term_months(z=2.10); loan_age_months(z=2.10),Review required — exception flagged,0.5187
LN0004212,2021-09,0.342371,0.474518,0.217074,0.083524,Default,1,Anomaly:IsolationForest,0.427827,days_past_due(z=3.71); remaining_term_months(z=2.22); loan_age_months(z=2.22),Review required — exception flagged,0.5587
LN0004212,2021-10,0.551545,0.663422,0.561177,0.27753,30DPD,1,Anomaly:IsolationForest,0.454726,days_past_due(z=3.71); remaining_term_months(z=2.35); loan_age_months(z=2.35),Review required — exception flagged,0.7507
LN0004212,2021-11,0.527577,0.684917,0.42525,0.214592,30DPD,0,,0.327326,,Monitor closely — elevated default risk,0.7137
LN0004214,2021-01,0.549638,0.695719,0.348302,0.169827,30DPD,0,,0.180221,,No immediate action,0.6364
LN0004214,2021-02,0.54274,0.694603,0.294405,0.137349,30DPD,0,,0.269288,,No immediate action,0.5972
LN0004214,2021-03,0.545596,0.684729,0.252833,0.114647,30DPD,0,,0.242465,,No immediate action,0.5686
LN0004215,2024-07,0.370272,0.53451,0.195177,0.175316,Current,0,,0.302846,,No immediate action,0.6031
LN0004215,2024-08,0.216402,0.441319,0.180015,0.361873,Current,0,,0.376745,,No immediate action,0.5998
LN0004215,2024-09,0.212163,0.452574,0.168667,0.289839,Current,0,,0.353782,,No immediate action,0.5616
LN0004215,2024-10,0.256875,0.463729,0.078536,0.108482,Current,1,Anomaly:IsolationForest,0.388219,remaining_term_months(z=2.35); loan_age_months(z=2.35); month_index(z=2.35),Review required — exception flagged,0.4538
LN0004215,2024-11,0.278774,0.497785,0.136221,0.186606,Current,1,Anomaly:IsolationForest,0.412823,remaining_term_months(z=2.48); loan_age_months(z=2.48); month_index(z=2.48),Review required — exception flagged,0.5497
LN0004225,2020-04,0.534996,0.739374,0.503277,0.473492,Current,0,,0.196045,,Monitor closely — elevated default risk,0.8479
LN0004225,2020-05,0.548741,0.726891,0.396155,0.37818,30DPD,0,,0.228217,,Monitor closely — elevated default risk,0.7494
LN0004225,2020-06,0.502016,0.604545,0.207732,0.365926,Current,0,,0.265956,,No immediate action,0.7335
LN0004225,2020-07,0.509904,0.617957,0.188989,0.292594,Current,0,,0.299668,,No immediate action,0.6769
LN0004225,2020-08,0.508981,0.694132,0.330933,0.290791,30DPD,0,,0.334881,,No immediate action,0.7093
LN0004234,2023-06,0.514542,0.694607,0.281356,0.224156,Current,0,,0.151576,,No immediate action,0.6482
LN0004234,2023-07,0.505673,0.69629,0.244085,0.177524,30DPD,0,,0.172114,,No immediate action,0.6098
LN0004234,2023-08,0.40518,0.583033,0.204687,0.365137,30DPD,0,,0.278443,,No immediate action,0.696
LN0004234,2023-09,0.48869,0.690301,0.400934,0.368307,30DPD,0,,0.310582,,Monitor closely — elevated default risk,0.7838
LN0004234,2023-10,0.405383,0.634196,0.324648,0.290156,30DPD,0,,0.290587,,No immediate action,0.693
LN0004236,2020-11,0.485839,0.684147,0.281252,0.227902,30DPD,0,,0.358112,,No immediate action,0.6554
LN0004236,2020-12,0.496591,0.688738,0.243694,0.179153,30DPD,1,Anomaly:IsolationForest,0.382406,original_balance(z=2.91); remaining_term_months(z=2.10); loan_age_months(z=2.10),Review required — exception flagged,0.6154
LN0004236,2021-01,0.350589,0.437514,0.474997,0.629434,Current,1,Anomaly:IsolationForest,0.399436,original_balance(z=2.91); remaining_term_months(z=2.22); loan_age_months(z=2.22),Review required — exception flagged,0.8168
LN0004236,2021-02,0.341302,0.439452,0.3797,0.503277,Current,1,Anomaly:IsolationForest,0.421587,original_balance(z=2.91); remaining_term_months(z=2.35); loan_age_months(z=2.35),Review required — exception flagged,0.8286
LN0004236,2021-03,0.265527,0.435714,0.307633,0.393214,Current,1,Anomaly:IsolationForest,0.448224,original_balance(z=2.91); remaining_term_months(z=2.48); loan_age_months(z=2.48),Review required — exception flagged,0.701
LN0004238,2022-10,0.371902,0.478819,0.198696,0.460074,Current,0,,0.310834,,Watch for prepayment — portfolio income risk,0.7547
LN0004238,2022-11,0.342673,0.479156,0.181258,0.36844,Current,0,,0.32534,,No immediate action,0.6858
LN0004238,2022-12,0.426409,0.543416,0.305984,0.3654,Current,0,,0.302558,,No immediate action,0.7772
LN0004238,2023-01,0.410493,0.532664,0.261088,0.292169,Current,0,,0.336781,,No immediate action,0.7155
LN0004238,2023-02,0.397853,0.515462,0.225691,0.225787,Current,1,Anomaly:IsolationForest,0.400697,remaining_term_months(z=2.48); loan_age_months(z=2.48); month_index(z=2.48),Review required — exception flagged,0.6669
LN0004247,2023-07,0.334078,0.452582,0.818614,0.136734,Default,0,,0.374358,,Monitor closely — elevated default risk,0.5524
LN0004250,2024-03,0.289608,0.317174,0.215642,0.052764,Default,0,,0.23282,,Monitor closely — elevated default risk,0.4376
LN0004250,2024-04,0.246882,0.272455,0.12044,0.022654,Default,0,,0.258145,,Monitor closely — elevated default risk,0.3312
LN0004254,2020-08,0.17275,0.225739,0.064765,0.01507,Default,0,,0.157901,,Monitor closely — elevated default risk,0.2392
LN0004254,2020-09,0.249096,0.399603,0.008255,0.01561,Current,0,,0.180571,,No immediate action,0.3363
LN0004254,2020-10,0.363342,0.447985,0.196984,0.49655,Current,0,,0.222046,,Watch for prepayment — portfolio income risk,0.7524
LN0004254,2020-11,0.402318,0.544597,0.540998,0.353429,30DPD,0,,0.261271,,Monitor closely — elevated default risk,0.8351
LN0004254,2020-12,0.302121,0.448417,0.162553,0.301835,Current,0,,0.29733,,No immediate action,0.6075
LN0004265,2020-10,0.288692,0.450821,0.165858,0.302487,Current,0,,0.200981,,No immediate action,0.6039
LN0004265,2020-11,0.290393,0.52757,0.590384,0.612996,Current,0,,0.225427,,Monitor closely — elevated default risk,0.7797
LN0004265,2020-12,0.373034,0.446997,0.537472,0.244868,60DPD,0,,0.263225,,Monitor closely — elevated default risk,0.7637
LN0004281,2021-03,0.187007,0.34761,0.213257,0.008255,Current,0,,0.229236,,No immediate action,0.3781
LN0004281,2021-04,0.238512,0.367854,0.16109,0.132296,Current,0,,0.304369,,No immediate action,0.4499
LN0004281,2021-05,0.236545,0.374869,0.077152,0.063018,Current,0,,0.331504,,No immediate action,0.3758
LN0004281,2021-06,0.21613,0.287877,0.435919,0.674875,Current,1,Anomaly:IsolationForest,0.426245,days_past_due(z=3.71); remaining_term_months(z=2.35); loan_age_months(z=2.35),Review required — exception flagged,0.6325
LN0004281,2021-07,0.195899,0.289994,0.356344,0.535897,Current,1,Anomaly:IsolationForest,0.441421,days_past_due(z=3.71); remaining_term_months(z=2.48); loan_age_months(z=2.48),Review required — exception flagged,0.6532
LN0004290,2023-06,0.208216,0.297502,0.298912,0.427613,Current,0,,0.249667,,Watch for prepayment — portfolio income risk,0.6161
LN0004290,2023-07,0.217626,0.290455,0.254912,0.343748,Current,0,,0.267913,,No immediate action,0.5534
LN0004290,2023-08,0.205563,0.308452,0.220133,0.271996,Current,0,,0.30515,,No immediate action,0.5031
LN0004293,2025-01,0.444002,0.536769,0.473278,0.600645,Current,0,,0.173484,,Monitor closely — elevated default risk,0.8899
LN0004293,2025-02,0.545478,0.662971,0.400482,0.494366,Current,0,,0.204382,,Monitor closely — elevated default risk,0.8432
LN0004293,2025-03,0.463955,0.565282,0.427782,0.282291,60DPD,0,,0.241478,,Monitor closely — elevated default risk,0.8044
LN0004293,2025-04,0.488907,0.572506,0.348923,0.195652,60DPD,0,,0.280636,,No immediate action,0.7305
LN0004293,2025-05,0.400625,0.537952,0.143548,0.165664,Current,0,,0.312493,,No immediate action,0.5859
LN0004294,2023-11,0.179838,0.427468,0.111305,0.096288,Current,1,Anomaly:IsolationForest,0.483425,modification_flag(z=10.67); days_past_due(z=3.71); remaining_term_months(z=1.97),Review required — exception flagged,0.4074
LN0004296,2021-06,0.245593,0.473845,0.193845,0.161383,Current,0,,0.181385,,No immediate action,0.5373
LN0004296,2021-07,0.258629,0.474725,0.177044,0.131984,Current,0,,0.209605,,No immediate action,0.5212
LN0004296,2021-08,0.311504,0.594003,0.291745,0.131464,Current,0,,0.243267,,No immediate action,0.5704
LN0004296,2021-09,0.311504,0.594003,0.251351,0.110968,Current,0,,0.280021,,No immediate action,0.5399
LN0004296,2021-10,0.469408,0.648992,0.657903,0.376258,60DPD,0,,0.353125,,Monitor closely — elevated default risk,0.7694
LN0004297,2023-11,0.476011,0.638427,0.578327,0.270367,60DPD,0,,0.224192,,Monitor closely — elevated default risk,0.7648
LN0004297,2023-12,0.415654,0.616248,0.17666,0.22406,Current,0,,0.180069,,No immediate action,0.6001
LN0004297,2024-01,0.385991,0.622691,0.08392,0.094826,Current,0,,0.220988,,No immediate action,0.471
LN0004297,2024-02,0.457827,0.665705,0.137554,0.076873,60DPD,0,,0.258311,,No immediate action,0.5033
LN0004297,2024-03,0.591528,0.796893,0.02376,0.043705,30DPD,0,,0.291281,,No immediate action,0.3395
LN0004302,2020-12,0.403232,0.59368,0.533104,0.519018,Current,0,,0.298312,,Monitor closely — elevated default risk,0.8787
LN0004302,2021-01,0.405072,0.59753,0.412054,0.411423,Current,0,,0.257789,,Monitor closely — elevated default risk,0.8155
LN0004302,2021-02,0.544788,0.661182,0.48821,0.544944,30DPD,0,,0.298271,,Monitor closely — elevated default risk,0.8686
LN0004302,2021-03,0.544788,0.65288,0.388581,0.434337,30DPD,1,Anomaly:IsolationForest,0.4171,days_past_due(z=2.40); remaining_term_months(z=2.35); loan_age_months(z=2.35),Review required — exception flagged,0.8126
LN0004302,2021-04,0.53794,0.652916,0.322463,0.348923,30DPD,1,Anomaly:IsolationForest,0.429321,remaining_term_months(z=2.48); loan_age_months(z=2.48); month_index(z=2.48),Review required — exception flagged,0.7403
LN0004304,2021-04,0.538322,0.643489,0.274961,0.277221,30DPD,0,,0.201195,,No immediate action,0.6852
LN0004304,2021-05,0.532749,0.643489,0.238726,0.214306,30DPD,0,,0.338743,,No immediate action,0.6384
LN0004304,2021-06,0.451708,0.666103,0.511355,0.562304,30DPD,0,,0.36417,,Monitor closely — elevated default risk,0.856
LN0004304,2021-07,0.445751,0.666746,0.400181,0.450171,30DPD,0,,0.294343,,Monitor closely — elevated default risk,0.8147
LN0004304,2021-08,0.43425,0.671716,0.330346,0.361095,30DPD,0,,0.33229,,No immediate action,0.727
LN0004320,2025-01,0.503242,0.643647,0.618212,0.412688,60DPD,0,,0.165931,,Monitor closely — elevated default risk,0.8238
LN0004320,2025-02,0.43328,0.472198,0.633446,0.21278,30DPD,0,,0.191255,,Monitor closely — elevated default risk,0.7424
LN0004320,2025-03,0.562354,0.588782,0.581782,0.144052,Default,0,,0.227385,,Monitor closely — elevated default risk,0.7056
LN0004320,2025-04,0.294677,0.330235,0.193179,0.047812,Default,0,,0.271779,,Monitor closely — elevated default risk,0.433
LN0004320,2025-05,0.252954,0.28525,0.106885,0.019858,Default,0,,0.305845,,Monitor closely — elevated default risk,0.3325
LN0004333,2021-05,0.360329,0.562667,0.050145,0.076594,Current,0,,0.257665,,No immediate action,0.4622
LN0004333,2021-06,0.344153,0.571157,0.124835,0.243987,Current,0,,0.285139,,No immediate action,0.5709
LN0004333,2021-07,0.352708,0.558094,0.118813,0.191846,Current,0,,0.319378,,No immediate action,0.5526
LN0004333,2021-08,0.462052,0.533935,0.203926,0.429488,30DPD,1,Anomaly:IsolationForest,0.397426,remaining_term_months(z=2.35); loan_age_months(z=2.35); month_index(z=2.35),Review required — exception flagged,0.7808
LN0004333,2021-09,0.568667,0.64555,0.389156,0.426766,30DPD,0,,0.374832,,Watch for prepayment — portfolio income risk,0.8009
LN0004334,2023-12,0.563387,0.638025,0.322234,0.344727,30DPD,0,,0.194588,,No immediate action,0.7328
LN0004334,2024-01,0.556976,0.644449,0.275166,0.272404,30DPD,0,,0.222151,,No immediate action,0.6731
LN0004334,2024-02,0.565926,0.610255,0.23359,0.209255,Current,0,,0.262011,,No immediate action,0.6333
LN0004334,2024-03,0.267098,0.342249,0.818614,0.15234,Default,0,,0.303661,,Monitor closely — elevated default risk,0.4715
LN0004334,2024-04,0.610358,0.718451,0.505839,0.502516,Current,0,,0.374139,,Monitor closely — elevated default risk,0.8314
LN0004339,2023-01,0.53261,0.675235,0.388151,0.393068,Current,0,,0.163058,,Watch for prepayment — portfolio income risk,0.7867
LN0004339,2023-02,0.604965,0.721431,0.328125,0.320291,30DPD,0,,0.186878,,No immediate action,0.661
LN0004339,2023-03,0.60148,0.722489,0.279388,0.25224,Current,0,,0.226106,,No immediate action,0.6038
LN0004339,2023-04,0.559977,0.652769,0.295153,0.139799,Current,0,,0.273658,,No immediate action,0.6111
LN0004339,2023-05,0.32244,0.52567,0.624934,0.341435,Current,0,,0.30209,,Monitor closely — elevated default risk,0.7566
LN0004340,2024-07,0.17171,0.422886,0.093227,0.134264,Current,0,,0.27426,,No immediate action,0.411
LN0004340,2024-08,0.188165,0.449934,0.171852,0.253228,Current,0,,0.292514,,No immediate action,0.5316
LN0004340,2024-09,0.220903,0.475975,0.080176,0.098457,Current,0,,0.373257,,No immediate action,0.4378
LN0004340,2024-10,0.253435,0.510661,0.138474,0.164402,Current,1,Anomaly:IsolationForest,0.405129,remaining_term_months(z=2.35); loan_age_months(z=2.35); month_index(z=2.35),Review required — exception flagged,0.5228
LN0004340,2024-11,0.419245,0.639327,0.198981,0.117396,Current,1,Anomaly:IsolationForest,0.393267,remaining_term_months(z=2.48); loan_age_months(z=2.48); month_index(z=2.48),Review required — exception flagged,0.5481
LN0004343,2024-06,0.361148,0.612919,0.193369,0.22694,Current,0,,0.208681,,No immediate action,0.5843
LN0004343,2024-07,0.330078,0.615776,0.089727,0.095314,Current,0,,0.234121,,No immediate action,0.4497
LN0004343,2024-08,0.479787,0.649221,0.174643,0.063817,60DPD,0,,0.27508,,No immediate action,0.5345
LN0004343,2024-09,0.494755,0.647836,0.38502,0.08497,Default,0,,0.311506,,Monitor closely — elevated default risk,0.6585
LN0004343,2024-10,0.46121,0.614078,0.522995,0.46926,Current,0,,0.339742,,Monitor closely — elevated default risk,0.8967
LN0004350,2021-08,0.578397,0.56045,0.676965,0.194321,60DPD,1,Anomaly:IsolationForest,0.485696,modification_flag(z=10.67); days_past_due(z=3.71); remaining_term_months(z=1.97),Review required — exception flagged,0.6893
LN0004359,2022-05,0.615736,0.561193,0.585332,0.129584,30DPD,0,,0.297404,,Monitor closely — elevated default risk,0.6837
LN0004359,2022-06,0.416435,0.490903,0.113649,0.120223,Current,0,,0.321177,,No immediate action,0.5706
LN0004359,2022-07,0.380913,0.498609,0.031352,0.031912,Current,0,,0.351539,,No immediate action,0.4714
LN0004359,2022-08,0.194014,0.337669,0.434863,0.588986,Current,1,Anomaly:IsolationForest,0.42362,remaining_term_months(z=2.35); loan_age_months(z=2.35); month_index(z=2.35),Review required — exception flagged,0.6888
LN0004359,2022-09,0.285885,0.423506,0.369105,0.477826,Current,1,Anomaly:IsolationForest,0.463986,remaining_term_months(z=2.48); loan_age_months(z=2.48); month_index(z=2.48),Review required — exception flagged,0.7782
LN0004362,2024-05,0.29195,0.423506,0.308074,0.381648,Current,0,,0.285014,,No immediate action,0.7026
LN0004362,2024-06,0.292663,0.41741,0.263193,0.305655,Current,0,,0.311009,,No immediate action,0.6395
LN0004362,2024-07,0.302839,0.417552,0.227805,0.2363,Current,0,,0.342778,,No immediate action,0.5922
LN0004362,2024-08,0.196677,0.318017,0.109503,0.122592,Current,1,Anomaly:IsolationForest,0.412851,remaining_term_months(z=2.35); loan_age_months(z=2.35); month_index(z=2.35),Review required — exception flagged,0.3734
LN0004362,2024-09,0.215162,0.331563,0.191846,0.22176,Current,1,Anomaly:IsolationForest,0.400103,remaining_term_months(z=2.48); loan_age_months(z=2.48); month_index(z=2.48),Review required — exception flagged,0.4802
LN0004381,2021-04,0.214138,0.331563,0.17474,0.1757,Current,0,,0.244973,,No immediate action,0.4481
LN0004381,2021-05,0.338727,0.397409,0.352547,0.126849,Current,0,,0.268092,,No immediate action,0.6078
LN0004381,2021-06,0.150815,0.290585,0.14385,0.112871,Current,0,,0.238082,,No immediate action,0.3491
LN0004381,2021-07,0.242821,0.38583,0.473492,0.642693,Current,0,,0.276517,,Monitor closely — elevated default risk,0.7297
LN0004381,2021-08,0.242821,0.388444,0.378594,0.515689,Current,0,,0.311975,,Watch for prepayment — portfolio income risk,0.7471
LN0004385,2022-01,0.246952,0.390823,0.315987,0.409694,Current,0,,0.190634,,Watch for prepayment — portfolio income risk,0.6817
LN0004385,2022-02,0.260269,0.398584,0.26925,0.329995,Current,0,,0.216495,,No immediate action,0.629
LN0004385,2022-03,0.304143,0.417203,0.290897,0.175508,Current,0,,0.261595,,No immediate action,0.5939
LN0004385,2022-04,0.395093,0.580394,0.106081,0.193274,Current,0,,0.349265,,No immediate action,0.557
LN0004385,2022-05,0.411452,0.589619,0.185175,0.371513,Current,0,,0.325518,,No immediate action,0.6893
LN0004389,2020-06,0.334079,0.610514,0.164887,0.292382,Current,0,,0.233641,,No immediate action,0.5904
LN0004389,2020-07,0.453766,0.619042,0.27271,0.294619,30DPD,0,,0.25728,,No immediate action,0.701
LN0004389,2020-08,0.449923,0.627621,0.236494,0.227998,30DPD,0,,0.300125,,No immediate action,0.6434
LN0004389,2020-09,0.392897,0.487937,0.502263,0.643439,Current,0,,0.340452,,Monitor closely — elevated default risk,0.8676
LN0004389,2020-10,0.41068,0.496121,0.395859,0.516514,Current,0,,0.372261,,Monitor closely — elevated default risk,0.8931
LN0004390,2022-06,0.467002,0.464383,0.426259,0.294833,60DPD,0,,0.264279,,Monitor closely — elevated default risk,0.8262
LN0004390,2022-07,0.52498,0.487076,0.348054,0.202785,60DPD,0,,0.288358,,No immediate action,0.7565
LN0004390,2022-08,0.385928,0.427463,0.142639,0.173586,Current,0,,0.320721,,No immediate action,0.5648
LN0004393,2024-03,0.459263,0.512781,0.520144,0.45055,Current,0,,0.210673,,Monitor closely — elevated default risk,0.9384
LN0004393,2024-04,0.456364,0.475707,0.388725,0.356216,Current,0,,0.295698,,No immediate action,0.8385
LN0004393,2024-05,0.449985,0.519676,0.333527,0.2891,Current,0,,0.275953,,No immediate action,0.7765
LN0004393,2024-06,0.46205,0.529654,0.283854,0.222047,Current,0,,0.309131,,No immediate action,0.7191
LN0004393,2024-07,0.46883,0.523001,0.246238,0.176084,Current,0,,0.342879,,No immediate action,0.6841
LN0004396,2023-08,0.29632,0.326072,0.818614,0.142841,Default,0,,0.194674,,Monitor closely — elevated default risk,0.4733
LN0004396,2023-09,0.27949,0.453657,0.211827,0.28794,Current,0,,0.221292,,No immediate action,0.6165
LN0004396,2023-10,0.278761,0.449666,0.193274,0.222143,Current,0,,0.264075,,No immediate action,0.5719
LN0004396,2023-11,0.344622,0.556499,0.342407,0.220324,Current,0,,0.300952,,No immediate action,0.6754
LN0004396,2023-12,0.40102,0.501815,0.359674,0.127166,Current,0,,0.331953,,No immediate action,0.693
LN0004401,2020-04,0.466141,0.524014,0.396895,0.079632,Default,0,,0.160469,,Monitor closely — elevated default risk,0.7093
LN0004401,2020-05,0.303648,0.565892,0.532797,0.343504,Current,0,,0.185176,,Monitor closely — elevated default risk,0.7742
LN0004401,2020-06,0.234173,0.463856,0.403513,0.268337,Current,0,,0.231022,,Monitor closely — elevated default risk,0.6849
LN0004401,2020-07,0.30721,0.565855,0.338898,0.210207,Current,0,,0.275159,,No immediate action,0.6452
LN0004401,2020-08,0.264061,0.48142,0.353303,0.1227,Current,0,,0.310792,,No immediate action,0.6107
LN0004402,2024-03,0.160724,0.405882,0.144354,0.109729,Current,1,Anomaly:IsolationForest,0.425035,original_balance(z=4.46); current_balance(z=2.14); remaining_term_months(z=1.97),Review required — exception flagged,0.4103
LN0004402,2024-04,0.405604,0.446751,0.625565,0.363435,60DPD,1,Anomaly:IsolationForest,0.439405,original_balance(z=4.46); current_balance(z=2.14); remaining_term_months(z=2.10),Review required — exception flagged,0.7951
LN0004402,2024-05,0.429329,0.477681,0.561552,0.259389,Current,1,Anomaly:IsolationForest,0.46168,original_balance(z=4.46); remaining_term_months(z=2.22); loan_age_months(z=2.22),Review required — exception flagged,0.8024
LN0004402,2024-06,0.300452,0.395088,0.173393,0.216023,Current,1,Anomaly:IsolationForest,0.486473,original_balance(z=4.46); remaining_term_months(z=2.35); loan_age_months(z=2.35),Review required — exception flagged,0.5425
LN0004403,2023-12,0.268303,0.368793,0.082595,0.092732,Current,0,,0.237481,,No immediate action,0.4062
LN0004403,2024-01,0.300018,0.399738,0.075469,0.080582,Current,0,,0.262005,,No immediate action,0.4279
LN0004403,2024-02,0.278397,0.348645,0.128535,0.307854,Current,0,,0.299103,,No immediate action,0.5317
LN0004403,2024-03,0.485233,0.652427,0.407822,0.376669,Current,0,,0.334428,,Monitor closely — elevated default risk,0.8086
LN0004403,2024-04,0.477255,0.618079,0.336023,0.301509,Current,0,,0.365463,,No immediate action,0.7484
LN0004413,2021-03,0.456846,0.594572,0.351167,0.161773,60DPD,0,,0.148913,,No immediate action,0.6876
LN0004413,2021-04,0.400859,0.529124,0.142942,0.140206,Current,0,,0.299582,,No immediate action,0.5774
LN0004413,2021-05,0.371921,0.566574,0.203165,0.500004,Current,1,Anomaly:IsolationForest,0.387986,days_past_due(z=3.71); remaining_term_months(z=2.22); loan_age_months(z=2.22),Review required — exception flagged,0.7543
LN0004413,2021-06,0.322818,0.546238,0.189656,0.399281,Current,1,Anomaly:IsolationForest,0.527643,modification_flag(z=10.67); days_past_due(z=3.71); remaining_term_months(z=2.35),Review required — exception flagged,0.6828
LN0004413,2021-07,0.344202,0.55753,0.08769,0.139901,Current,0,,0.286378,,No immediate action,0.5071
LN0004418,2023-07,0.397014,0.632478,0.150654,0.26229,30DPD,0,,0.172995,,No immediate action,0.5887
LN0004418,2023-08,0.363982,0.56341,0.140714,0.207256,Current,0,,0.265316,,No immediate action,0.5743
LN0004418,2023-09,0.080419,0.316813,0.211065,0.233493,Current,0,,0.294313,,No immediate action,0.4209
LN0004418,2023-10,0.076452,0.31172,0.099293,0.097617,Current,0,,0.274741,,No immediate action,0.2925
LN0004418,2023-11,0.125654,0.369545,0.088457,0.085101,Current,0,,0.306483,,No immediate action,0.3344
LN0004422,2023-07,0.322736,0.448668,0.525314,0.463695,Current,0,,0.214381,,Monitor closely — elevated default risk,0.8549
LN0004422,2023-08,0.396684,0.503269,0.572495,0.262491,60DPD,0,,0.245686,,Monitor closely — elevated default risk,0.7917
LN0004422,2023-09,0.293395,0.428316,0.173008,0.217169,Current,0,,0.284961,,No immediate action,0.5559
LN0004422,2023-10,0.316656,0.428502,0.160308,0.17243,Current,0,,0.318304,,No immediate action,0.5389
LN0004424,2021-10,0.323077,0.383185,0.076734,0.076314,Current,0,,0.187046,,No immediate action,0.4297
LN0004424,2021-11,0.278981,0.405781,0.45055,0.695702,Current,0,,0.210039,,Monitor closely — elevated default risk,0.7198
LN0004424,2021-12,0.30188,0.405777,0.363696,0.547636,Current,0,,0.253587,,Watch for prepayment — portfolio income risk,0.7619
LN0004424,2022-01,0.316088,0.415594,0.305107,0.435919,Current,0,,0.291931,,Watch for prepayment — portfolio income risk,0.7364
LN0004424,2022-02,0.316088,0.41773,0.259688,0.350167,Current,0,,0.325506,,No immediate action,0.6718
LN0004429,2020-06,0.288066,0.41196,0.224731,0.278561,Current,0,,0.200584,,No immediate action,0.6017
LN0004429,2020-07,0.461252,0.603567,0.202309,0.50201,Current,0,,0.289813,,Watch for prepayment — portfolio income risk,0.779
LN0004429,2020-08,0.445845,0.614605,0.18918,0.400482,Current,0,,0.272051,,Watch for prepayment — portfolio income risk,0.7105
LN0004429,2020-09,0.448517,0.651387,0.087433,0.140409,Current,0,,0.305943,,No immediate action,0.5125
LN0004429,2020-10,0.46176,0.660872,0.155895,0.269452,Current,0,,0.339045,,No immediate action,0.6131
LN0004438,2021-04,0.468431,0.674597,0.140104,0.208018,Current,0,,0.176869,,No immediate action,0.571
LN0004438,2021-05,0.53098,0.619257,0.58266,0.176948,60DPD,0,,0.20712,,Monitor closely — elevated default risk,0.722
LN0004438,2021-06,0.530342,0.608461,0.441102,0.14183,60DPD,0,,0.248667,,Monitor closely — elevated default risk,0.7221
LN0004438,2021-07,0.41718,0.427946,0.350417,0.11575,Current,0,,0.284913,,No immediate action,0.6556
LN0004438,2021-08,0.466728,0.599843,0.301184,0.09977,Current,0,,0.322153,,No immediate action,0.6339
LN0004440,2022-05,0.416734,0.597181,0.529459,0.398234,Current,0,,0.180774,,Monitor closely — elevated default risk,0.8442
LN0004440,2022-06,0.406646,0.602575,0.409694,0.319381,Current,0,,0.204783,,Monitor closely — elevated default risk,0.7666
LN0004440,2022-07,0.406522,0.605155,0.337457,0.25145,Current,0,,0.246726,,No immediate action,0.6951
LN0004440,2022-08,0.40609,0.607223,0.286994,0.196508,Current,0,,0.338338,,No immediate action,0.6412
LN0004440,2022-09,0.411713,0.602903,0.248791,0.155501,Current,0,,0.314718,,No immediate action,0.6066
LN0004442,2020-10,0.453879,0.513072,0.127693,0.389587,Current,0,,0.176032,,Watch for prepayment — portfolio income risk,0.729
LN0004442,2020-11,0.613698,0.625021,0.666957,0.234654,60DPD,0,,0.198017,,Monitor closely — elevated default risk,0.6645
LN0004442,2020-12,0.430262,0.382415,0.207922,0.070408,Default,0,,0.295854,,Monitor closely — elevated default risk,0.5455
LN0004442,2021-01,0.445456,0.35275,0.595651,0.088712,Default,0,,0.327428,,Monitor closely — elevated default risk,0.6456
LN0004442,2021-02,0.446859,0.496656,0.017616,0.026177,Current,0,,0.356887,,No immediate action,0.4937
LN0004447,2024-09,0.541184,0.652057,0.502516,0.491498,Current,0,,0.199612,,Monitor closely — elevated default risk,0.8979
LN0004447,2024-10,0.540038,0.60275,0.564588,0.280319,30DPD,0,,0.232829,,Monitor closely — elevated default risk,0.7865
LN0004447,2024-11,0.562236,0.592755,0.424747,0.194606,Current,0,,0.271316,,Monitor closely — elevated default risk,0.7322
LN0004447,2024-12,0.503048,0.5312,0.158056,0.164985,Current,0,,0.315867,,No immediate action,0.6444
LN0004447,2025-01,0.430945,0.495017,0.076594,0.077152,Current,0,,0.347211,,No immediate action,0.5399
LN0004458,2024-07,0.259191,0.500664,0.433463,0.727145,Current,0,,0.249394,,Monitor closely — elevated default risk,0.7324
LN0004458,2024-08,0.282163,0.502209,0.355073,0.561177,Current,0,,0.273938,,Watch for prepayment — portfolio income risk,0.7869
LN0004458,2024-09,0.252251,0.49183,0.297942,0.448662,Current,0,,0.311606,,Watch for prepayment — portfolio income risk,0.7453
LN0004458,2024-10,0.271833,0.502047,0.253921,0.359031,Current,0,,0.344612,,No immediate action,0.6914
LN0004458,2024-11,0.479437,0.626282,0.20288,0.470098,30DPD,0,,0.378202,,Watch for prepayment — portfolio income risk,0.7631
LN0004459,2021-12,0.650849,0.72061,0.383469,0.465942,30DPD,0,,0.22667,,Watch for prepayment — portfolio income risk,0.739
LN0004459,2022-01,0.615451,0.722348,0.319154,0.373131,30DPD,0,,0.248792,,No immediate action,0.6772
LN0004459,2022-02,0.557774,0.683624,0.266517,0.292913,30DPD,0,,0.28603,,No immediate action,0.659
LN0004459,2022-03,0.651659,0.742512,0.235815,0.22973,30DPD,0,,0.31873,,No immediate action,0.5357
LN0004459,2022-04,0.346887,0.511796,0.208303,0.367908,Current,0,,0.350619,,No immediate action,0.7057
LN0004461,2023-07,0.450173,0.563495,0.570074,0.256799,Current,0,,0.177314,,Monitor closely — elevated default risk,0.7867
LN0004461,2023-08,0.297007,0.491211,0.172142,0.213829,Current,0,,0.201387,,No immediate action,0.5871
LN0004461,2023-09,0.342739,0.509013,0.160015,0.16973,Current,0,,0.296846,,No immediate action,0.5817
LN0004461,2023-10,0.288855,0.513939,0.076033,0.074761,Current,0,,0.329211,,No immediate action,0.4629
LN0004461,2023-11,0.512412,0.695305,0.458092,0.63904,30DPD,1,Anomaly:IsolationForest,0.400619,remaining_term_months(z=2.48); loan_age_months(z=2.48); month_index(z=2.48),Review required — exception flagged,0.8057
LN0004495,2021-12,0.509616,0.699197,0.368972,0.513236,30DPD,0,,0.223867,,Watch for prepayment — portfolio income risk,0.8235
LN0004495,2022-01,0.50934,0.68984,0.307854,0.407977,30DPD,0,,0.254235,,Watch for prepayment — portfolio income risk,0.7583
LN0004495,2022-02,0.516935,0.69451,0.263093,0.328009,30DPD,0,,0.292804,,No immediate action,0.6898
LN0004495,2022-03,0.344729,0.620427,0.220707,0.251845,30DPD,0,,0.32687,,No immediate action,0.5984
LN0004495,2022-04,0.357307,0.602866,0.469051,0.561928,30DPD,0,,0.358639,,Monitor closely — elevated default risk,0.8308
LN0004498,2023-02,0.357482,0.60157,0.375985,0.449982,Current,0,,0.235048,,Watch for prepayment — portfolio income risk,0.7909
LN0004498,2023-03,0.384428,0.630714,0.314189,0.359674,30DPD,0,,0.259146,,No immediate action,0.7138
LN0004498,2023-04,0.391292,0.587305,0.34485,0.196984,Current,0,,0.299404,,No immediate action,0.6729
LN0004498,2023-05,0.257668,0.495423,0.135604,0.16644,Current,0,,0.331659,,No immediate action,0.5276
LN0004498,2023-06,0.572397,0.681588,0.10677,0.192608,Current,0,,0.362125,,No immediate action,0.5227
LN0004508,2021-07,0.599138,0.701985,0.190704,0.372456,30DPD,0,,0.194088,,No immediate action,0.631
LN0004508,2021-08,0.424626,0.555345,0.161968,0.11597,60DPD,0,,0.221065,,No immediate action,0.5736
LN0004508,2021-09,0.643865,0.690054,0.348798,0.191085,60DPD,0,,0.256124,,No immediate action,0.603
LN0004508,2021-10,0.645074,0.683985,0.29601,0.137963,Current,0,,0.297745,,No immediate action,0.5525
LN0004508,2021-11,0.551028,0.693044,0.203356,0.51189,30DPD,0,,0.329923,,Watch for prepayment — portfolio income risk,0.7237
LN0004514,2022-03,0.60494,0.789846,0.385728,0.507657,30DPD,0,,0.212948,,Watch for prepayment — portfolio income risk,0.7416
LN0004514,2022-04,0.484004,0.766669,0.313294,0.397489,30DPD,0,,0.241324,,Watch for prepayment — portfolio income risk,0.7141
LN0004514,2022-05,0.619635,0.791038,0.273936,0.323611,30DPD,0,,0.292905,,No immediate action,0.5934
LN0004514,2022-06,0.480625,0.759686,0.232141,0.249873,30DPD,0,,0.325066,,No immediate action,0.6015
LN0004514,2022-07,0.480625,0.759686,0.232044,0.25007,30DPD,0,,0.363373,,No immediate action,0.6015
LN0004525,2024-02,0.204782,0.51786,0.10539,0.222239,Current,0,,0.195885,,No immediate action,0.5073
LN0004525,2024-03,0.223997,0.506202,0.091986,0.185271,Current,0,,0.286949,,No immediate action,0.4975
LN0004525,2024-04,0.252807,0.540999,0.165276,0.358132,Current,0,,0.373832,,No immediate action,0.6176
LN0004525,2024-05,0.257087,0.53426,0.150853,0.284794,Current,1,Anomaly:IsolationForest,0.502185,modification_flag(z=10.67); days_past_due(z=2.40); remaining_term_months(z=2.35),Review required — exception flagged,0.5792
LN0004525,2024-06,0.28608,0.613737,0.22646,0.283124,Current,0,,0.375528,,No immediate action,0.591
LN0004535,2024-04,0.291069,0.370666,0.43539,0.788255,Current,0,,0.25196,,Monitor closely — elevated default risk,0.6544
LN0004535,2024-05,0.289508,0.368909,0.355962,0.587146,Current,0,,0.334248,,Watch for prepayment — portfolio income risk,0.7136
LN0004535,2024-06,0.291069,0.370666,0.298697,0.469051,Current,0,,0.368114,,Watch for prepayment — portfolio income risk,0.7147
LN0004535,2024-07,0.312568,0.367409,0.254813,0.375166,Current,1,Anomaly:IsolationForest,0.386125,remaining_term_months(z=2.35); loan_age_months(z=2.35); month_index(z=2.35),Review required — exception flagged,0.655
LN0004535,2024-08,0.283574,0.370684,0.220037,0.299236,Current,1,Anomaly:IsolationForest,0.450062,remaining_term_months(z=2.48); loan_age_months(z=2.48); month_index(z=2.48),Review required — exception flagged,0.5868
LN0004536,2023-05,0.633448,0.745725,0.208398,0.496062,30DPD,0,,0.163883,,Watch for prepayment — portfolio income risk,0.6626
LN0004536,2023-06,0.616983,0.763795,0.095558,0.172816,30DPD,0,,0.185697,,No immediate action,0.4438
LN0004536,2023-07,0.681483,0.765187,0.425922,0.295795,60DPD,0,,0.225719,,Monitor closely — elevated default risk,0.6375
LN0004536,2023-08,0.725085,0.767888,0.347188,0.204402,60DPD,0,,0.266222,,No immediate action,0.5293
LN0004536,2023-09,0.745031,0.724844,0.366321,0.116739,Default,1,Anomaly:IsolationForest,0.389878,remaining_term_months(z=2.48); loan_age_months(z=2.48); month_index(z=2.48),Review required — exception flagged,0.5066
LN0004541,2022-09,0.149702,0.357759,0.207827,0.318473,Current,0,,0.229373,,No immediate action,0.5169
LN0004541,2022-10,0.166195,0.368949,0.192322,0.251647,Current,0,,0.255123,,No immediate action,0.4896
LN0004541,2022-11,0.173436,0.354303,0.088074,0.098217,Current,0,,0.228369,,No immediate action,0.357
LN0004550,2023-11,0.194026,0.39531,0.158938,0.163234,Current,0,,0.187699,,No immediate action,0.4558
LN0004550,2023-12,0.190837,0.392838,0.144052,0.132815,Current,0,,0.21485,,No immediate action,0.4303
LN0004550,2024-01,0.156709,0.257097,0.453802,0.687013,Current,0,,0.253444,,Monitor closely — elevated default risk,0.5903
LN0004550,2024-02,0.148386,0.270999,0.366453,0.541648,Current,0,,0.296977,,Watch for prepayment — portfolio income risk,0.6221
LN0004550,2024-03,0.152324,0.274754,0.306533,0.431207,Current,0,,0.326806,,Watch for prepayment — portfolio income risk,0.5824
LN0004552,2020-12,0.140167,0.274439,0.261488,0.347188,Current,1,Anomaly:IsolationForest,0.40215,original_balance(z=2.59); remaining_term_months(z=1.97); loan_age_months(z=1.97),Review required — exception flagged,0.5116
LN0004554,2023-10,0.141407,0.263584,0.225979,0.275679,Current,0,,0.166878,,No immediate action,0.4533
LN0004554,2023-11,0.16174,0.254157,0.445863,0.539706,Prepaid,0,,0.19294,,Monitor closely — elevated default risk,0.661
LN0004554,2023-12,0.16174,0.248073,0.361354,0.430346,Prepaid,0,,0.24012,,Watch for prepayment — portfolio income risk,0.6008
LN0004554,2024-01,0.171703,0.244287,0.303249,0.346571,Prepaid,0,,0.277469,,Watch for prepayment — portfolio income risk,0.5329
LN0004554,2024-02,0.168887,0.247337,0.257893,0.275371,Prepaid,0,,0.311468,,Watch for prepayment — portfolio income risk,0.4747
LN0004556,2024-03,0.151593,0.305626,0.220228,0.210588,Current,0,,0.201277,,No immediate action,0.444
LN0004556,2024-04,0.530436,0.687563,0.198315,0.580909,30DPD,0,,0.230833,,Watch for prepayment — portfolio income risk,0.6997
LN0004556,2024-05,0.542366,0.694853,0.180876,0.464305,30DPD,0,,0.276492,,Watch for prepayment — portfolio income risk,0.704
LN0004556,2024-06,0.542817,0.76674,0.304778,0.460673,30DPD,1,Anomaly:IsolationForest,0.397273,days_past_due(z=2.40); remaining_term_months(z=2.35); loan_age_months(z=2.35),Review required — exception flagged,0.7279
LN0004556,2024-07,0.395537,0.66235,0.254416,0.360577,30DPD,0,,0.370851,,No immediate action,0.6741
LN0004563,2023-10,0.545986,0.794125,0.224443,0.293872,30DPD,0,,0.181168,,No immediate action,0.5891
LN0004563,2023-11,0.599275,0.763879,0.210398,0.362392,30DPD,0,,0.204353,,No immediate action,0.6048
LN0004563,2023-12,0.59767,0.735115,0.576634,0.254615,60DPD,0,,0.248005,,Monitor closely — elevated default risk,0.6726
LN0004563,2024-01,0.573015,0.706481,0.589916,0.136118,60DPD,0,,0.334904,,Monitor closely — elevated default risk,0.6334
LN0004563,2024-02,0.590619,0.702659,0.491972,0.098337,Default,0,,0.321296,,Monitor closely — elevated default risk,0.6485
LN0004568,2023-05,0.574374,0.701032,0.098935,0.04476,30DPD,0,,0.196238,,No immediate action,0.4341
LN0004568,2023-06,0.788926,0.774215,0.450171,0.818614,30DPD,0,,0.220367,,Monitor closely — elevated default risk,0.5342
LN0004568,2023-07,0.649245,0.709131,0.546284,0.438763,60DPD,0,,0.25981,,Monitor closely — elevated default risk,0.7671
LN0004568,2023-08,0.516591,0.615502,0.416528,0.316551,60DPD,0,,0.295758,,Monitor closely — elevated default risk,0.8005
LN0004568,2023-09,0.516495,0.624449,0.344482,0.220611,60DPD,0,,0.324567,,No immediate action,0.7121
LN0004592,2023-11,0.476954,0.560423,0.149261,0.072171,Current,0,,0.242432,,No immediate action,0.569
LN0004592,2023-12,0.370029,0.488095,0.197935,0.512427,Current,0,,0.323573,,Watch for prepayment — portfolio income risk,0.7718
LN0004592,2024-01,0.456069,0.500662,0.180493,0.406583,Current,0,,0.233091,,Watch for prepayment — portfolio income risk,0.7712
LN0004592,2024-02,0.474192,0.578239,0.303904,0.403208,30DPD,0,,0.277016,,Watch for prepayment — portfolio income risk,0.8015
LN0004592,2024-03,0.470127,0.588135,0.258491,0.323496,30DPD,0,,0.352873,,No immediate action,0.732
LN0004600,2020-09,0.593857,0.579078,0.350792,0.134883,60DPD,0,,0.220996,,No immediate action,0.6564
LN0004600,2020-10,0.679353,0.654353,0.62061,0.342164,Current,0,,0.24928,,Monitor closely — elevated default risk,0.6939
LN0004600,2020-11,0.650118,0.632735,0.571683,0.239892,Current,0,,0.297112,,Monitor closely — elevated default risk,0.6927
LN0004600,2020-12,0.646246,0.642595,0.087946,0.104117,Current,0,,0.32906,,No immediate action,0.4516
LN0004600,2021-01,0.302292,0.479606,0.203451,0.393507,Current,0,,0.363525,,Watch for prepayment — portfolio income risk,0.6894
LN0004605,2020-09,0.322358,0.55292,0.38587,0.391322,Current,0,,0.23128,,Watch for prepayment — portfolio income risk,0.7733
LN0004605,2020-10,0.331095,0.550456,0.32109,0.313853,Current,0,,0.262652,,No immediate action,0.7078
LN0004605,2020-11,0.317896,0.553271,0.273834,0.245063,Current,0,,0.293165,,No immediate action,0.6418
LN0004605,2020-12,0.323191,0.548084,0.237561,0.192893,Current,0,,0.330194,,No immediate action,0.6028
LN0004605,2021-01,0.428895,0.607488,0.559688,0.290473,Current,0,,0.35592,,Monitor closely — elevated default risk,0.7761
LN0004619,2021-09,0.538563,0.78247,0.477606,0.632767,Current,0,,0.197278,,Monitor closely — elevated default risk,0.7619
LN0004619,2021-10,0.534531,0.780529,0.386154,0.510555,30DPD,0,,0.285325,,Watch for prepayment — portfolio income risk,0.7803
LN0004619,2021-11,0.532484,0.800659,0.321318,0.404889,30DPD,0,,0.269704,,Watch for prepayment — portfolio income risk,0.6965
LN0004619,2021-12,0.516565,0.782759,0.274141,0.324763,30DPD,0,,0.303603,,No immediate action,0.6498
LN0004619,2022-01,0.52842,0.791665,0.237949,0.255904,30DPD,0,,0.37573,,No immediate action,0.5869
LN0004621,2020-03,0.463109,0.556569,0.108709,0.155599,Current,0,,0.191276,,No immediate action,0.5854
LN0004621,2020-04,0.410083,0.62548,0.191085,0.303577,Current,0,,0.217645,,No immediate action,0.6396
LN0004621,2020-05,0.410083,0.62548,0.174163,0.234267,Current,0,,0.255596,,No immediate action,0.5965
LN0004621,2020-06,0.539225,0.649553,0.476951,0.126426,60DPD,0,,0.298707,,Monitor closely — elevated default risk,0.7073
LN0004621,2020-07,0.481442,0.660049,0.188513,0.102601,Current,0,,0.327138,,No immediate action,0.5563
LN0004628,2023-08,0.571556,0.738151,0.2064,0.478705,30DPD,0,,0.162486,,Watch for prepayment — portfolio income risk,0.6877
LN0004628,2023-09,0.54581,0.746573,0.094213,0.165567,30DPD,0,,0.194299,,No immediate action,0.4837
LN0004628,2023-10,0.590465,0.765507,0.16886,0.321318,30DPD,0,,0.234443,,No immediate action,0.5671
LN0004628,2023-11,0.644573,0.756792,0.347064,0.219081,60DPD,0,,0.273766,,No immediate action,0.5824
LN0004628,2023-12,0.553267,0.72546,0.137247,0.186225,30DPD,0,,0.305435,,No immediate action,0.5224
LN0004635,2024-06,0.113873,0.297682,0.022654,0.049377,Current,0,,0.221136,,No immediate action,0.2418
LN0004635,2024-07,0.313736,0.485337,0.021888,0.048404,Current,1,Anomaly:IsolationForest,0.56046,balance_utilisation(z=13.14); current_balance(z=10.19); remaining_term_months(z=2.10),Review required — exception flagged,0.4347
LN0004635,2024-08,0.356412,0.492886,0.011335,0.023397,Current,0,,0.285383,,No immediate action,0.442
LN0004635,2024-09,0.402189,0.518564,0.067857,0.123449,Current,0,,0.324002,,No immediate action,0.5375
LN0004635,2024-10,0.402833,0.547544,0.064608,0.104,Current,0,,0.35344,,No immediate action,0.5119
LN0004637,2021-03,0.528868,0.671091,0.24262,0.174067,30DPD,0,,0.247769,,No immediate action,0.6084
LN0004637,2021-04,0.435596,0.658844,0.217742,0.284063,Current,0,,0.321972,,No immediate action,0.6393
LN0004637,2021-05,0.560694,0.64687,0.670832,0.170309,30DPD,1,Anomaly:IsolationForest,0.404944,days_past_due(z=3.71); remaining_term_months(z=2.22); loan_age_months(z=2.22),Review required — exception flagged,0.646
LN0004637,2021-06,0.309588,0.551997,0.038787,0.052211,Current,1,Anomaly:IsolationForest,0.432402,days_past_due(z=3.71); remaining_term_months(z=2.35); loan_age_months(z=2.35),Review required — exception flagged,0.4243
LN0004637,2021-07,0.285849,0.588056,0.055989,0.081794,Current,1,Anomaly:IsolationForest,0.447123,days_past_due(z=3.71); remaining_term_months(z=2.48); loan_age_months(z=2.48),Review required — exception flagged,0.4178
LN0004642,2020-05,0.389186,0.648689,0.057033,0.036121,Current,0,,0.341592,,No immediate action,0.4168
LN0004642,2020-06,0.420366,0.608202,0.103535,0.253426,30DPD,0,,0.370068,,No immediate action,0.5846
LN0004642,2020-07,0.442943,0.618682,0.18145,0.475646,30DPD,1,Anomaly:IsolationForest,0.397583,days_past_due(z=3.71); remaining_term_months(z=2.22); loan_age_months(z=2.22),Review required — exception flagged,0.7407
LN0004645,2021-07,0.448331,0.619289,0.165082,0.3797,30DPD,0,,0.175713,,No immediate action,0.6869
LN0004645,2021-08,0.491437,0.722908,0.261989,0.376943,30DPD,0,,0.20556,,No immediate action,0.7037
LN0004645,2021-09,0.48375,0.734679,0.226652,0.301726,30DPD,0,,0.248723,,No immediate action,0.6387
LN0004645,2021-10,0.587801,0.629431,0.528561,0.522134,30DPD,0,,0.289165,,Monitor closely — elevated default risk,0.866
LN0004645,2021-11,0.587801,0.629431,0.408912,0.413801,30DPD,0,,0.319649,,Monitor closely — elevated default risk,0.8027
LN0004649,2023-09,0.500205,0.597258,0.322119,0.327427,30DPD,0,,0.250976,,No immediate action,0.776
LN0004649,2023-10,0.587516,0.624966,0.286574,0.2645,30DPD,0,,0.213652,,No immediate action,0.6693
LN0004649,2023-11,0.611255,0.645801,0.248496,0.204021,30DPD,0,,0.259142,,No immediate action,0.5977
LN0004649,2023-12,0.276076,0.453692,0.468425,0.691871,30DPD,0,,0.298152,,Monitor closely — elevated default risk,0.7532
LN0004649,2024-01,0.407284,0.526089,0.553178,0.386439,30DPD,0,,0.364642,,Monitor closely — elevated default risk,0.8572
LN0004651,2024-10,0.319627,0.402425,0.162748,0.326846,Current,0,,0.242536,,No immediate action,0.6058
LN0004651,2024-11,0.29422,0.443544,0.155698,0.263595,Current,0,,0.326621,,No immediate action,0.5785
LN0004651,2024-12,0.376953,0.504965,0.132503,0.091737,30DPD,0,,0.352006,,No immediate action,0.5481
LN0004651,2025-01,0.362576,0.603093,0.472,0.507135,Current,0,,0.329234,,Monitor closely — elevated default risk,0.8622
LN0004651,2025-02,0.352916,0.581964,0.377767,0.403056,Current,1,Anomaly:IsolationForest,0.402271,remaining_term_months(z=2.48); loan_age_months(z=2.48); month_index(z=2.48),Review required — exception flagged,0.7759
LN0004652,2021-04,0.346088,0.56842,0.315199,0.323381,Current,0,,0.169697,,No immediate action,0.7081
LN0004652,2021-05,0.34558,0.56842,0.26854,0.254714,Current,0,,0.199083,,No immediate action,0.6502
LN0004652,2021-06,0.358044,0.55321,0.233107,0.19822,Current,0,,0.297912,,No immediate action,0.6181
LN0004652,2021-07,0.348234,0.534621,0.202785,0.459676,Current,0,,0.281165,,Watch for prepayment — portfolio income risk,0.738
LN0004652,2021-08,0.389241,0.548294,0.382907,0.45613,Current,0,,0.308969,,Watch for prepayment — portfolio income risk,0.84
LN0004653,2025-02,0.380514,0.528263,0.318927,0.364743,Current,0,,0.166437,,No immediate action,0.768
LN0004654,2021-08,0.381284,0.54581,0.271792,0.29132,Current,0,,0.278161,,No immediate action,0.6993
LN0004654,2021-09,0.376794,0.53801,0.235622,0.224827,Current,0,,0.341856,,No immediate action,0.6496
LN0004654,2021-10,0.345739,0.445466,0.537789,0.431552,Current,0,,0.366543,,Monitor closely — elevated default risk,0.8425
LN0004654,2021-11,0.329519,0.527262,0.429146,0.264098,Current,0,,0.301413,,Monitor closely — elevated default risk,0.7478
LN0004654,2021-12,0.403328,0.552531,0.346941,0.33211,Current,0,,0.339276,,No immediate action,0.7649
LN0004658,2020-10,0.406527,0.565396,0.280837,0.230308,Current,0,,0.185726,,No immediate action,0.6761
LN0004658,2020-11,0.392398,0.468757,0.274756,0.012033,30DPD,0,,0.327337,,No immediate action,0.574
LN0004658,2020-12,0.616346,0.696567,0.628129,0.40443,60DPD,0,,0.296733,,Monitor closely — elevated default risk,0.7317
LN0004658,2021-01,0.669381,0.659729,0.659647,0.213066,60DPD,0,,0.282928,,Monitor closely — elevated default risk,0.6122
LN0004658,2021-02,0.405677,0.408852,0.690631,0.112759,Default,0,,0.315922,,Monitor closely — elevated default risk,0.6183
LN0004664,2021-12,0.326192,0.372485,0.193559,0.042846,Default,0,,0.198106,,Monitor closely — elevated default risk,0.4675
LN0004664,2022-01,0.253061,0.284417,0.108936,0.018543,Default,0,,0.230642,,Monitor closely — elevated default risk,0.3325
LN0004664,2022-02,0.191754,0.298234,0.131464,0.041307,Default,0,,0.26793,,Monitor closely — elevated default risk,0.3314
LN0004664,2022-03,0.159718,0.262296,0.070111,0.019429,Default,0,,0.344677,,Monitor closely — elevated default risk,0.2558
LN0004664,2022-04,0.189169,0.253957,0.067705,0.016133,Default,0,,0.33238,,Monitor closely — elevated default risk,0.2635
LN0004672,2024-06,0.43642,0.492954,0.502769,0.581782,Current,1,Anomaly:IsolationForest,0.393829,days_past_due(z=3.71); remaining_term_months(z=1.97); loan_age_months(z=1.97),Review required — exception flagged,0.9224
LN0004672,2024-07,0.430909,0.490466,0.396007,0.464917,Current,0,,0.255143,,Monitor closely — elevated default risk,0.8911
LN0004672,2024-08,0.424633,0.490466,0.327543,0.372591,Current,0,,0.351508,,No immediate action,0.8076
LN0004672,2024-09,0.422816,0.48824,0.278768,0.29719,Current,0,,0.323334,,No immediate action,0.7435
LN0004672,2024-10,0.427775,0.476459,0.24184,0.229249,Current,0,,0.350421,,No immediate action,0.6877
LN0004674,2020-08,0.48156,0.64267,0.635509,0.348054,60DPD,0,,0.243083,,Monitor closely — elevated default risk,0.7757
LN0004674,2020-09,0.403379,0.606771,0.188703,0.29601,Current,0,,0.198144,,No immediate action,0.6407
LN0004674,2020-10,0.421878,0.632478,0.175412,0.229538,Current,0,,0.235042,,No immediate action,0.5972
LN0004674,2020-11,0.431544,0.632908,0.082462,0.092979,Current,0,,0.274317,,No immediate action,0.487
LN0004674,2020-12,0.497492,0.636201,0.295902,0.136631,60DPD,0,,0.350397,,No immediate action,0.6469
LN0004684,2023-05,0.563168,0.679759,0.212399,0.307193,30DPD,0,,0.286205,,No immediate action,0.6383
LN0004684,2023-06,0.626892,0.732476,0.585783,0.209731,30DPD,0,,0.310018,,Monitor closely — elevated default risk,0.6323
LN0004684,2023-07,0.492827,0.587634,0.430174,0.145862,Current,0,,0.346034,,Monitor closely — elevated default risk,0.7406
LN0004684,2023-08,0.542904,0.67224,0.161383,0.130525,Current,0,,0.375292,,No immediate action,0.5384
LN0004684,2023-09,0.613886,0.729168,0.141931,0.056513,60DPD,1,Anomaly:IsolationForest,0.431761,remaining_term_months(z=2.48); loan_age_months(z=2.48); month_index(z=2.48),Review required — exception flagged,0.4277
LN0004686,2022-10,0.496104,0.646722,0.210207,0.416528,Current,0,,0.173684,,Watch for prepayment — portfolio income risk,0.7381
LN0004686,2022-11,0.540064,0.692509,0.408444,0.414121,Current,0,,0.197446,,Monitor closely — elevated default risk,0.795
LN0004686,2022-12,0.598318,0.688419,0.429488,0.230116,60DPD,0,,0.243725,,Monitor closely — elevated default risk,0.6864
LN0004686,2023-01,0.480019,0.63902,0.15835,0.195177,Current,0,,0.277732,,No immediate action,0.5973
LN0004686,2023-02,0.494354,0.648064,0.14556,0.155107,Current,0,,0.356165,,No immediate action,0.5735
LN0004698,2020-10,0.214417,0.287951,0.447725,0.593709,Current,0,,0.152641,,Monitor closely — elevated default risk,0.6782
LN0004698,2020-11,0.463804,0.633705,0.598622,0.480476,Current,0,,0.178249,,Monitor closely — elevated default risk,0.856
LN0004698,2020-12,0.527785,0.655849,0.637613,0.259489,60DPD,0,,0.215987,,Monitor closely — elevated default risk,0.7191
LN0004698,2021-01,0.501708,0.626999,0.178865,0.089727,30DPD,0,,0.361281,,No immediate action,0.5699
LN0004698,2021-02,0.428033,0.599777,0.055285,0.0896,Current,1,Anomaly:IsolationForest,0.489161,modification_flag(z=10.67); remaining_term_months(z=2.48); loan_age_months(z=2.48),Review required — exception flagged,0.4866
LN0004702,2020-08,0.430199,0.670842,0.033008,0.062375,30DPD,0,,0.188669,,No immediate action,0.4274
LN0004702,2020-09,0.449523,0.674696,0.024822,0.055285,30DPD,0,,0.218067,,No immediate action,0.4275
LN0004702,2020-10,0.263195,0.370963,0.438227,0.630755,Prepaid,0,,0.259269,,Monitor closely — elevated default risk,0.7208
LN0004702,2020-11,0.47373,0.47861,0.627483,0.270774,30DPD,0,,0.303096,,Monitor closely — elevated default risk,0.7978
LN0004702,2020-12,0.324714,0.435315,0.213543,0.198125,Current,0,,0.373794,,No immediate action,0.5858
LN0004712,2022-08,0.208242,0.357786,0.110631,0.169054,Current,0,,0.157923,,No immediate action,0.4229
LN0004712,2022-09,0.18977,0.335096,0.025507,0.045384,Current,0,,0.187245,,No immediate action,0.2979
LN0004712,2022-10,0.265012,0.407557,0.443835,0.682408,Current,0,,0.235206,,Monitor closely — elevated default risk,0.717
LN0004712,2022-11,0.251617,0.413833,0.360707,0.540028,Current,0,,0.278226,,Watch for prepayment — portfolio income risk,0.7431
LN0004712,2022-12,0.26115,0.413801,0.302487,0.430517,Current,0,,0.312374,,Watch for prepayment — portfolio income risk,0.704
LN0004715,2022-10,0.359847,0.41518,0.342528,0.239309,Current,0,,0.203601,,No immediate action,0.6784
LN0004715,2022-11,0.284429,0.358117,0.13385,0.200598,Current,0,,0.231733,,No immediate action,0.4885
LN0004715,2022-12,0.369168,0.451178,0.216692,0.087946,Default,0,,0.272646,,Monitor closely — elevated default risk,0.5625
LN0004715,2023-01,0.366503,0.498765,0.021098,0.058062,30DPD,0,,0.304413,,No immediate action,0.4722
LN0004715,2023-02,0.438022,0.586507,0.022274,0.025844,60DPD,0,,0.33826,,No immediate action,0.4498
LN0004717,2022-09,0.403911,0.552664,0.008932,0.026506,Current,0,,0.262738,,No immediate action,0.4433
LN0004717,2022-10,0.14356,0.303893,0.063018,0.141526,Current,0,,0.284155,,No immediate action,0.326
LN0004717,2022-11,0.434987,0.546364,0.614708,0.379008,30DPD,0,,0.320971,,Monitor closely — elevated default risk,0.8265
LN0004717,2022-12,0.350088,0.48966,0.18317,0.323151,Current,0,,0.351408,,No immediate action,0.673
LN0004717,2023-01,0.330582,0.482655,0.172527,0.255408,Current,1,Anomaly:IsolationForest,0.381748,remaining_term_months(z=2.48); loan_age_months(z=2.48); month_index(z=2.48),Review required — exception flagged,0.6206
LN0004720,2022-08,0.393205,0.456193,0.080311,0.099532,Current,0,,0.289837,,No immediate action,0.5146
LN0004720,2022-09,0.430134,0.538747,0.294085,0.146263,30DPD,0,,0.195707,,No immediate action,0.6659
LN0004722,2024-08,0.400219,0.610395,0.111081,0.127799,Current,0,,0.195197,,No immediate action,0.5144
LN0004722,2024-09,0.39568,0.585745,0.193655,0.240963,Current,0,,0.217959,,No immediate action,0.6223
LN0004722,2024-10,0.400698,0.60746,0.176948,0.189466,Current,0,,0.261045,,No immediate action,0.5798
LN0004722,2024-11,0.444639,0.658078,0.291426,0.188608,Current,0,,0.298337,,No immediate action,0.6333
LN0004722,2024-12,0.521545,0.618134,0.305764,0.113761,60DPD,0,,0.322856,,No immediate action,0.6399
LN0004725,2023-12,0.626813,0.73628,0.464305,0.659647,30DPD,0,,0.226336,,Monitor closely — elevated default risk,0.7208
LN0004725,2024-01,0.633985,0.740505,0.372726,0.527965,30DPD,0,,0.254145,,Watch for prepayment — portfolio income risk,0.7351
LN0004734,2020-10,0.670093,0.734677,0.311286,0.419779,30DPD,0,,0.291787,,Watch for prepayment — portfolio income risk,0.6631
LN0004734,2020-11,0.680583,0.735438,0.265709,0.339259,30DPD,0,,0.318298,,No immediate action,0.5945
LN0004734,2020-12,0.587996,0.641568,0.292488,0.182788,30DPD,0,,0.350074,,No immediate action,0.6229
LN0004734,2021-01,0.479902,0.54682,0.568879,0.020279,Prepaid,0,,0.379847,,Monitor closely — elevated default risk,0.6922
LN0004734,2021-02,0.465627,0.561841,0.391757,0.428804,30DPD,1,Anomaly:IsolationForest,0.410591,remaining_term_months(z=2.48); loan_age_months(z=2.48); month_index(z=2.48),Review required — exception flagged,0.8622
LN0004742,2023-08,0.482198,0.543957,0.323726,0.345095,30DPD,0,,0.253214,,No immediate action,0.8035
LN0004742,2023-09,0.590766,0.580637,0.437514,0.141728,60DPD,0,,0.276826,,Monitor closely — elevated default risk,0.7039
LN0004742,2023-10,0.612172,0.633033,0.353177,0.102366,60DPD,0,,0.310023,,No immediate action,0.6052
LN0004742,2023-11,0.513289,0.644185,0.446606,0.652029,30DPD,0,,0.339832,,Monitor closely — elevated default risk,0.8186
LN0004742,2023-12,0.508395,0.653217,0.362132,0.52242,30DPD,0,,0.373819,,Watch for prepayment — portfolio income risk,0.839
LN0004746,2024-01,0.50224,0.636536,0.303795,0.413642,30DPD,0,,0.169228,,Watch for prepayment — portfolio income risk,0.7893
LN0004746,2024-02,0.513656,0.644658,0.257993,0.334713,30DPD,0,,0.197238,,No immediate action,0.7172
LN0004746,2024-03,0.404466,0.559344,0.290685,0.180684,Current,0,,0.252157,,No immediate action,0.6582
LN0004751,2024-12,0.577144,0.704792,0.465942,0.605856,30DPD,1,Anomaly:IsolationForest,0.421394,original_balance(z=3.50); remaining_term_months(z=1.97); loan_age_months(z=1.97),Review required — exception flagged,0.7891
LN0004751,2025-01,0.59826,0.70382,0.465531,0.606927,30DPD,1,Anomaly:IsolationForest,0.439082,original_balance(z=3.50); remaining_term_months(z=2.10); loan_age_months(z=2.10),Review required — exception flagged,0.7783
LN0004751,2025-02,0.580046,0.695606,0.373266,0.484074,30DPD,1,Anomaly:IsolationForest,0.481885,original_balance(z=3.50); remaining_term_months(z=2.22); loan_age_months(z=2.22),Review required — exception flagged,0.7908
LN0004751,2025-03,0.580153,0.697239,0.311509,0.38587,30DPD,1,Anomaly:IsolationForest,0.52371,original_balance(z=3.50); days_past_due(z=2.40); remaining_term_months(z=2.35),Review required — exception flagged,0.71
LN0004751,2025-04,0.548405,0.661331,0.259489,0.306643,30DPD,1,Anomaly:IsolationForest,0.500141,original_balance(z=3.50); remaining_term_months(z=2.48); loan_age_months(z=2.48),Review required — exception flagged,0.6782
LN0004757,2024-09,0.548405,0.658027,0.259389,0.306862,30DPD,0,,0.184198,,No immediate action,0.6799
LN0004757,2024-10,0.596523,0.704316,0.230598,0.240184,30DPD,0,,0.209115,,No immediate action,0.585
LN0004757,2024-11,0.340671,0.527499,0.129584,0.304013,Current,0,,0.25363,,No immediate action,0.6234
LN0004757,2024-12,0.325683,0.54896,0.123662,0.235041,Current,0,,0.287127,,No immediate action,0.5677
LN0004757,2025-01,0.36851,0.544498,0.332346,0.289627,Current,0,,0.362679,,No immediate action,0.723
LN0004761,2024-03,0.368052,0.542194,0.282604,0.223293,Current,0,,0.348849,,No immediate action,0.6659
LN0004761,2024-04,0.367563,0.553864,0.245063,0.176852,Current,0,,0.368129,,No immediate action,0.6178
LN0004761,2024-05,0.243871,0.525212,0.530967,0.368572,Current,1,Anomaly:IsolationForest,0.39382,original_balance(z=2.60); remaining_term_months(z=2.22); loan_age_months(z=2.22),Review required — exception flagged,0.7781
LN0004761,2024-06,0.276604,0.536596,0.410635,0.294512,Current,1,Anomaly:IsolationForest,0.457896,original_balance(z=2.60); remaining_term_months(z=2.35); loan_age_months(z=2.35),Review required — exception flagged,0.7226
LN0004761,2024-07,0.251664,0.534189,0.338297,0.22819,Current,1,Anomaly:IsolationForest,0.438267,original_balance(z=2.60); remaining_term_months(z=2.48); loan_age_months(z=2.48),Review required — exception flagged,0.642
LN0004769,2021-08,0.25648,0.541064,0.28752,0.17944,Current,0,,0.255184,,No immediate action,0.5912
LN0004769,2021-09,0.254333,0.54198,0.249086,0.143649,Current,0,,0.281935,,No immediate action,0.5525
LN0004769,2021-10,0.450728,0.53298,0.698355,0.354439,30DPD,1,Anomaly:IsolationForest,0.383118,remaining_term_months(z=2.22); loan_age_months(z=2.22); month_index(z=2.22),Review required — exception flagged,0.7869
LN0004769,2021-11,0.254968,0.397363,0.120115,0.317793,Current,0,,0.346896,,No immediate action,0.5451
LN0004769,2021-12,0.430396,0.510696,0.129793,0.259588,Current,0,,0.376546,,No immediate action,0.6545
LN0004771,2023-01,0.386929,0.462233,0.063975,0.103884,Current,0,,0.279569,,No immediate action,0.5085
LN0004771,2023-02,0.419004,0.4907,0.040632,0.055638,Current,0,,0.29653,,No immediate action,0.503
LN0004771,2023-03,0.422406,0.534718,0.112982,0.154416,Current,0,,0.331046,,No immediate action,0.5775
LN0004771,2023-04,0.409523,0.5448,0.101073,0.126638,Current,0,,0.361147,,No immediate action,0.5462
LN0004771,2023-05,0.291269,0.537133,0.108027,0.137247,Current,1,Anomaly:IsolationForest,0.389991,remaining_term_months(z=2.48); loan_age_months(z=2.48); month_index(z=2.48),Review required — exception flagged,0.4997
LN0004774,2022-08,0.327024,0.562209,0.190132,0.259788,Current,0,,0.156885,,No immediate action,0.6074
LN0004774,2022-09,0.126077,0.518204,0.209255,0.239406,Current,0,,0.180991,,No immediate action,0.5283
LN0004774,2022-10,0.153447,0.528107,0.192893,0.189085,Current,0,,0.224241,,No immediate action,0.5037
LN0004774,2022-11,0.195488,0.584342,0.088712,0.080176,Current,0,,0.264713,,No immediate action,0.39
LN0004774,2022-12,0.202923,0.57944,0.159819,0.12864,Current,0,,0.300347,,No immediate action,0.456
LN0004776,2024-03,0.199965,0.58953,0.145058,0.10905,Current,0,,0.195116,,No immediate action,0.4323
LN0004776,2024-04,0.339675,0.441478,0.525899,0.386723,Current,0,,0.225242,,Monitor closely — elevated default risk,0.821
LN0004776,2024-05,0.286908,0.357555,0.393068,0.30445,Current,0,,0.266628,,Monitor closely — elevated default risk,0.671
LN0004776,2024-06,0.360569,0.434165,0.335903,0.241158,Current,0,,0.303929,,No immediate action,0.6859
LN0004776,2024-07,0.369969,0.438227,0.285422,0.189751,Current,0,,0.329823,,No immediate action,0.6417
LN0004779,2024-03,0.364819,0.424317,0.247514,0.150753,Current,0,,0.158828,,No immediate action,0.5937
LN0004779,2024-04,0.397103,0.567595,0.213162,0.014511,30DPD,0,,0.185261,,No immediate action,0.5286
LN0004779,2024-05,0.446375,0.558589,0.185652,0.402751,Current,0,,0.230153,,Watch for prepayment — portfolio income risk,0.7381
LN0004779,2024-06,0.468244,0.612669,0.085883,0.14112,30DPD,0,,0.263472,,No immediate action,0.5413
LN0004784,2024-12,0.205536,0.273487,0.558949,0.224539,Current,0,,0.19864,,Monitor closely — elevated default risk,0.5723
LN0004784,2025-01,0.205536,0.273487,0.558581,0.225307,Current,0,,0.232427,,Monitor closely — elevated default risk,0.5729
LN0004791,2024-10,0.204372,0.28987,0.42258,0.178099,Current,0,,0.222757,,Monitor closely — elevated default risk,0.5475
LN0004791,2024-11,0.250992,0.259174,0.478265,0.109163,Current,0,,0.310188,,Monitor closely — elevated default risk,0.5488
LN0004791,2024-12,0.359828,0.301654,0.53127,0.070704,Default,0,,0.380425,,Monitor closely — elevated default risk,0.6005
LN0004791,2025-01,0.129631,0.232088,0.102952,0.065859,Current,1,Anomaly:IsolationForest,0.450626,days_past_due(z=3.71); remaining_term_months(z=2.35); loan_age_months(z=2.35),Review required — exception flagged,0.2653
LN0004793,2020-11,0.449594,0.612811,0.199552,0.565358,Current,0,,0.333274,,Watch for prepayment — portfolio income risk,0.7355
LN0004793,2020-12,0.449594,0.616381,0.199457,0.565745,Current,1,Anomaly:IsolationForest,0.414395,days_past_due(z=3.71); remaining_term_months(z=2.10); loan_age_months(z=2.10),Review required — exception flagged,0.7335
LN0004819,2023-04,0.408845,0.625494,0.368174,0.560803,Current,0,,0.145245,,Watch for prepayment — portfolio income risk,0.7954
LN0004819,2023-05,0.245941,0.431977,0.299344,0.438227,Current,1,Anomaly:IsolationForest,0.524212,balance_utilisation(z=13.14); current_balance(z=8.24); remaining_term_months(z=2.10),Review required — exception flagged,0.7077
LN0004819,2023-06,0.406213,0.611668,0.262591,0.358902,Current,0,,0.211287,,No immediate action,0.708
LN0004819,2023-07,0.51779,0.648146,0.291851,0.196223,30DPD,0,,0.257532,,No immediate action,0.6611
LN0004819,2023-08,0.486832,0.590639,0.13136,0.183266,30DPD,0,,0.289778,,No immediate action,0.6054
LN0004821,2022-03,0.489572,0.6122,0.424914,0.222334,Current,0,,0.26074,,Monitor closely — elevated default risk,0.7623
LN0004821,2022-04,0.468331,0.604929,0.348178,0.176276,Current,0,,0.285214,,No immediate action,0.6939
LN0004821,2022-05,0.491348,0.584609,0.388438,0.108027,60DPD,0,,0.322135,,No immediate action,0.7016
LN0004821,2022-06,0.399342,0.550622,0.146764,0.095436,Current,0,,0.356598,,No immediate action,0.5455
LN0004821,2022-07,0.335098,0.560077,0.130525,0.246925,Current,1,Anomaly:IsolationForest,0.415948,remaining_term_months(z=2.48); loan_age_months(z=2.48); month_index(z=2.48),Review required — exception flagged,0.5762
LN0004828,2020-03,0.335337,0.570475,0.124941,0.194035,Current,0,,0.277521,,No immediate action,0.5419
LN0004828,2020-04,0.423613,0.631074,0.338537,0.234363,Current,0,,0.239126,,No immediate action,0.6827
LN0004828,2020-05,0.425321,0.621388,0.28773,0.184221,Current,0,,0.2796,,No immediate action,0.6379
LN0004828,2020-06,0.443809,0.618288,0.249282,0.146363,Current,0,,0.312668,,No immediate action,0.6106
LN0004828,2020-07,0.254575,0.380121,0.489612,0.708363,Current,0,,0.338247,,Monitor closely — elevated default risk,0.708
LN0004829,2021-05,0.254841,0.366009,0.391032,0.55038,Current,0,,0.187176,,Monitor closely — elevated default risk,0.7308
LN0004829,2021-06,0.253743,0.37107,0.323381,0.43787,Current,0,,0.214067,,Watch for prepayment — portfolio income risk,0.693
LN0004829,2021-07,0.261143,0.363046,0.275679,0.351543,Current,0,,0.261846,,No immediate action,0.6257
LN0004829,2021-08,0.252906,0.363356,0.239406,0.279905,Current,0,,0.302954,,No immediate action,0.5678
LN0004829,2021-09,0.396968,0.440425,0.464509,0.633446,Current,0,,0.372792,,Monitor closely — elevated default risk,0.8342
LN0004836,2021-07,0.378083,0.427678,0.372861,0.505066,Current,0,,0.241723,,Watch for prepayment — portfolio income risk,0.8368
LN0004836,2021-08,0.366914,0.426086,0.310953,0.401538,Current,0,,0.271706,,Watch for prepayment — portfolio income risk,0.7527
LN0004836,2021-09,0.36317,0.429986,0.265911,0.322348,Current,0,,0.307831,,No immediate action,0.6907
LN0004837,2022-07,0.304429,0.420251,0.230212,0.253624,Current,0,,0.19949,,No immediate action,0.6043
LN0004837,2022-08,0.208644,0.337966,0.467386,0.490552,Current,0,,0.226803,,Monitor closely — elevated default risk,0.7523
LN0004837,2022-09,0.184869,0.338136,0.374079,0.391903,Current,0,,0.268641,,Watch for prepayment — portfolio income risk,0.6445
LN0004837,2022-10,0.209443,0.326608,0.312847,0.313629,Current,1,Anomaly:IsolationForest,0.3972,days_past_due(z=2.40); remaining_term_months(z=2.35); loan_age_months(z=2.35),Review required — exception flagged,0.5813
LN0004837,2022-11,0.206878,0.323045,0.267426,0.244965,Current,0,,0.373746,,No immediate action,0.5212
LN0004840,2025-01,0.179327,0.322548,0.225019,0.190894,Current,0,,0.228318,,No immediate action,0.4589
LN0004840,2025-02,0.568793,0.652424,0.107228,0.208779,30DPD,0,,0.306495,,No immediate action,0.5474
LN0004840,2025-03,0.628109,0.699268,0.09409,0.173778,30DPD,1,Anomaly:IsolationForest,0.482041,modification_flag(z=10.67); days_past_due(z=2.40); remaining_term_months(z=2.22),Review required — exception flagged,0.4702
LN0004840,2025-04,0.637868,0.704948,0.168957,0.336859,30DPD,1,Anomaly:IsolationForest,0.499121,modification_flag(z=10.67); days_past_due(z=2.40); remaining_term_months(z=2.35),Review required — exception flagged,0.5815
LN0004840,2025-05,0.62951,0.695688,0.154614,0.266921,30DPD,1,Anomaly:IsolationForest,0.470854,days_past_due(z=3.71); remaining_term_months(z=2.48); loan_age_months(z=2.48),Review required — exception flagged,0.5482
LN0004842,2021-06,0.306879,0.418299,0.508968,0.487978,Current,0,,0.173939,,Monitor closely — elevated default risk,0.8521
LN0004842,2021-07,0.302703,0.426311,0.39958,0.388725,Current,0,,0.261485,,Monitor closely — elevated default risk,0.7587
LN0004842,2021-08,0.513253,0.697608,0.442373,0.733181,Current,0,,0.237477,,Monitor closely — elevated default risk,0.7492
LN0004842,2021-09,0.49962,0.61278,0.543947,0.399881,30DPD,0,,0.281074,,Monitor closely — elevated default risk,0.8714
LN0004842,2021-10,0.579053,0.594997,0.566912,0.21097,60DPD,0,,0.31627,,Monitor closely — elevated default risk,0.735
LN0004843,2021-02,0.38239,0.417918,0.588062,0.112313,Default,0,,0.201487,,Monitor closely — elevated default risk,0.6623
LN0004843,2021-03,0.479928,0.562153,0.729103,0.199076,60DPD,0,,0.229155,,Monitor closely — elevated default risk,0.6939
LN0004843,2021-04,0.261901,0.33409,0.788255,0.107457,Default,0,,0.273382,,Monitor closely — elevated default risk,0.4576
LN0004843,2021-05,0.30933,0.467267,0.201454,0.436272,Current,0,,0.311711,,Watch for prepayment — portfolio income risk,0.7072
LN0004843,2021-06,0.352322,0.454187,0.194511,0.277942,Current,0,,0.346492,,No immediate action,0.6395
LN0004844,2024-02,0.283724,0.426106,0.088329,0.142942,Current,0,,0.209788,,No immediate action,0.4706
LN0004844,2024-03,0.321449,0.534751,0.14956,0.245847,Current,0,,0.239252,,No immediate action,0.5911
LN0004844,2024-04,0.27765,0.434011,0.147564,0.013327,Current,0,,0.276351,,No immediate action,0.4363
LN0004844,2024-05,0.434333,0.623708,0.543617,0.41253,Current,0,,0.314941,,Monitor closely — elevated default risk,0.8398
LN0004844,2024-06,0.445345,0.623506,0.416851,0.333172,Current,0,,0.344608,,Monitor closely — elevated default risk,0.7859
LN0004847,2022-01,0.444045,0.621391,0.341921,0.263796,Current,0,,0.221461,,No immediate action,0.7142
LN0004847,2022-02,0.448214,0.624187,0.289627,0.202975,Current,0,,0.246803,,No immediate action,0.6583
LN0004847,2022-03,0.441586,0.527157,0.300425,0.120007,60DPD,0,,0.287389,,No immediate action,0.6674
LN0004847,2022-04,0.345771,0.512725,0.62878,0.303249,Current,0,,0.321619,,Monitor closely — elevated default risk,0.7538
LN0004847,2022-05,0.225075,0.458386,0.190799,0.255309,Current,0,,0.35269,,No immediate action,0.5648
LN0004848,2021-07,0.200214,0.454889,0.089093,0.103068,Current,1,Anomaly:IsolationForest,0.407641,original_balance(z=2.73); remaining_term_months(z=1.97); loan_age_months(z=1.97),Review required — exception flagged,0.4236
LN0004848,2021-08,0.242527,0.470319,0.082329,0.089853,Current,1,Anomaly:IsolationForest,0.417822,original_balance(z=2.73); remaining_term_months(z=2.10); loan_age_months(z=2.10),Review required — exception flagged,0.4425
LN0004848,2021-09,0.250484,0.483869,0.143245,0.146162,Current,1,Anomaly:IsolationForest,0.438533,original_balance(z=2.73); remaining_term_months(z=2.22); loan_age_months(z=2.22),Review required — exception flagged,0.5119
LN0004848,2021-10,0.469663,0.618739,0.495819,0.622442,30DPD,1,Anomaly:IsolationForest,0.489891,original_balance(z=2.73); remaining_term_months(z=2.35); loan_age_months(z=2.35),Review required — exception flagged,0.8622
LN0004848,2021-11,0.47531,0.640092,0.392922,0.49901,30DPD,1,Anomaly:IsolationForest,0.503393,original_balance(z=2.73); remaining_term_months(z=2.48); loan_age_months(z=2.48),Review required — exception flagged,0.8636
LN0004860,2023-02,0.467348,0.615788,0.324994,0.397341,30DPD,0,,0.155462,,Watch for prepayment — portfolio income risk,0.7869
LN0004860,2023-03,0.484594,0.634455,0.277118,0.318813,Current,0,,0.180408,,No immediate action,0.723
LN0004860,2023-04,0.478026,0.550554,0.293872,0.170695,Current,0,,0.225915,,No immediate action,0.696
LN0004860,2023-05,0.266312,0.53504,0.474136,0.719782,Current,0,,0.263883,,Monitor closely — elevated default risk,0.7428
LN0004860,2023-06,0.281886,0.551656,0.379147,0.55712,Current,0,,0.299098,,Watch for prepayment — portfolio income risk,0.7761
LN0004863,2022-09,0.265627,0.527922,0.316212,0.445124,Current,0,,0.189314,,Watch for prepayment — portfolio income risk,0.7495
LN0004863,2022-10,0.23971,0.379956,0.205924,0.363565,Current,0,,0.212089,,No immediate action,0.5946
LN0004863,2022-11,0.227419,0.385068,0.187369,0.291002,Current,0,,0.254293,,No immediate action,0.5454
LN0004863,2022-12,0.265879,0.434449,0.326962,0.288783,Current,0,,0.294326,,No immediate action,0.658
LN0004863,2023-01,0.440532,0.468804,0.4393,0.121733,60DPD,0,,0.32921,,Monitor closely — elevated default risk,0.7352
LN0004864,2023-03,0.439366,0.435457,0.431552,0.105159,Current,0,,0.223952,,Monitor closely — elevated default risk,0.7058
LN0004864,2023-04,0.344951,0.429029,0.188608,0.085753,Current,0,,0.241436,,No immediate action,0.5242
LN0004864,2023-05,0.464043,0.715994,0.435214,0.818614,Current,0,,0.331051,,Monitor closely — elevated default risk,0.6823
LN0004864,2023-06,0.401151,0.657437,0.539385,0.43294,Current,1,Anomaly:IsolationForest,0.405968,days_past_due(z=2.40); remaining_term_months(z=2.35); loan_age_months(z=2.35),Review required — exception flagged,0.8186
LN0004864,2023-07,0.502166,0.62838,0.55712,0.228094,Current,0,,0.338963,,Monitor closely — elevated default risk,0.7702
LN0004866,2022-09,0.464998,0.578084,0.427274,0.149759,Current,0,,0.232171,,Monitor closely — elevated default risk,0.732
LN0004866,2022-10,0.192768,0.340132,0.17243,0.050336,Default,0,,0.186349,,Monitor closely — elevated default risk,0.3778
LN0004866,2022-11,0.365182,0.519113,0.46248,0.652847,30DPD,0,,0.233918,,Monitor closely — elevated default risk,0.8279
LN0004868,2024-01,0.359302,0.470247,0.551074,0.373266,30DPD,0,,0.173212,,Monitor closely — elevated default risk,0.8259
LN0004868,2024-02,0.285511,0.428654,0.164402,0.317341,Current,0,,0.200328,,No immediate action,0.598
LN0004868,2024-03,0.25873,0.4169,0.155304,0.249282,Current,0,,0.239517,,No immediate action,0.5401
LN0004868,2024-04,0.280838,0.428291,0.073617,0.097857,Current,0,,0.285236,,No immediate action,0.4403
LN0004868,2024-05,0.385502,0.507403,0.104349,0.194796,Current,0,,0.319555,,No immediate action,0.5886
LN0004874,2023-04,0.348392,0.479369,0.094335,0.171081,Current,0,,0.180797,,No immediate action,0.5466
LN0004874,2023-05,0.317816,0.494678,0.085492,0.144152,Current,0,,0.216077,,No immediate action,0.5211
LN0004874,2023-06,0.334993,0.502919,0.151448,0.277324,Current,0,,0.266429,,No immediate action,0.6304
LN0004874,2023-07,0.339427,0.499627,0.136631,0.21421,Current,0,,0.304244,,No immediate action,0.5949
LN0004874,2023-08,0.4909,0.593459,0.499506,0.485671,30DPD,1,Anomaly:IsolationForest,0.409533,remaining_term_months(z=2.48); loan_age_months(z=2.48); month_index(z=2.48),Review required — exception flagged,0.9413
LN0004875,2022-08,0.466646,0.598932,0.408133,0.391467,30DPD,0,,0.184291,,Monitor closely — elevated default risk,0.8337
LN0004875,2022-09,0.496683,0.587415,0.326151,0.309843,30DPD,0,,0.214274,,No immediate action,0.7726
LN0004875,2022-10,0.469568,0.598238,0.285631,0.245455,30DPD,0,,0.256638,,No immediate action,0.7012
LN0004875,2022-11,0.46386,0.598238,0.247808,0.193084,30DPD,0,,0.294535,,No immediate action,0.6533
LN0004875,2022-12,0.240079,0.312601,0.513236,0.453609,Current,0,,0.360556,,Monitor closely — elevated default risk,0.7465
LN0004880,2025-01,0.24264,0.315115,0.401085,0.362913,Current,0,,0.174826,,Monitor closely — elevated default risk,0.6609
LN0004880,2025-02,0.234598,0.321487,0.330581,0.289944,Current,0,,0.200956,,No immediate action,0.5883
LN0004880,2025-03,0.15055,0.208113,0.274346,0.218125,Current,0,,0.301661,,No immediate action,0.4256
LN0004880,2025-04,0.242814,0.321807,0.243792,0.177044,Current,0,,0.279207,,No immediate action,0.4927
LN0004880,2025-05,0.256977,0.437929,0.213352,0.206685,Current,0,,0.315322,,No immediate action,0.5575
LN0004881,2023-09,0.285458,0.456439,0.101779,0.086013,Current,0,,0.176941,,No immediate action,0.4648
LN0004881,2023-10,0.278645,0.459479,0.177907,0.138678,Current,0,,0.205247,,No immediate action,0.5274
LN0004882,2023-12,0.390554,0.475136,0.395564,0.105505,Current,0,,0.174362,,Monitor closely — elevated default risk,0.6834
LN0004882,2024-01,0.34773,0.499599,0.323037,0.082195,Current,0,,0.201977,,No immediate action,0.6263
LN0004882,2024-02,0.296129,0.475708,0.465122,0.635509,Current,0,,0.238607,,Monitor closely — elevated default risk,0.8007
LN0004882,2024-03,0.301969,0.480365,0.373672,0.50818,Current,0,,0.279533,,Watch for prepayment — portfolio income risk,0.8239
LN0004882,2024-04,0.291214,0.464999,0.31162,0.403971,Current,0,,0.313482,,Watch for prepayment — portfolio income risk,0.7359
LN0004888,2020-10,0.30627,0.482795,0.266416,0.323956,Current,0,,0.264799,,No immediate action,0.6897
LN0004888,2020-11,0.301247,0.46145,0.230887,0.254912,Current,0,,0.220047,,No immediate action,0.6242
LN0004888,2020-12,0.198309,0.3009,0.459875,0.636206,Current,0,,0.258468,,Monitor closely — elevated default risk,0.6614
LN0004888,2021-01,0.198309,0.3009,0.370306,0.507918,Current,0,,0.338469,,Watch for prepayment — portfolio income risk,0.6808
LN0004888,2021-02,0.187902,0.312549,0.308958,0.403818,Current,1,Anomaly:IsolationForest,0.405536,remaining_term_months(z=2.48); loan_age_months(z=2.48); month_index(z=2.48),Review required — exception flagged,0.6066
LN0004889,2023-05,0.187902,0.319123,0.263997,0.323841,Current,0,,0.333288,,No immediate action,0.5474
LN0004889,2023-06,0.202627,0.314872,0.228864,0.25511,Current,0,,0.360543,,No immediate action,0.5007
LN0004889,2023-07,0.435225,0.635145,0.050904,0.07419,Current,1,Anomaly:IsolationForest,0.381681,original_balance(z=2.70); remaining_term_months(z=2.22); loan_age_months(z=2.22),Review required — exception flagged,0.4626
LN0004889,2023-08,0.505319,0.661844,0.063817,0.112648,Current,1,Anomaly:IsolationForest,0.402703,original_balance(z=2.70); remaining_term_months(z=2.35); loan_age_months(z=2.35),Review required — exception flagged,0.5047
LN0004889,2023-09,0.52386,0.675231,0.215546,0.172912,60DPD,1,Anomaly:IsolationForest,0.424302,original_balance(z=2.70); remaining_term_months(z=2.48); loan_age_months(z=2.48),Review required — exception flagged,0.5947
LN0004892,2020-06,0.495543,0.628363,0.491261,0.118705,Default,0,,0.148691,,Monitor closely — elevated default risk,0.7386
LN0004905,2023-06,0.408231,0.624534,0.102366,0.110519,Current,0,,0.144121,,No immediate action,0.4983
LN0004905,2023-07,0.385207,0.571792,0.600136,0.459279,Current,0,,0.167715,,Monitor closely — elevated default risk,0.8363
LN0004905,2023-08,0.258293,0.463095,0.178961,0.390453,Current,0,,0.212216,,Watch for prepayment — portfolio income risk,0.6454
LN0004905,2023-09,0.215946,0.469411,0.166537,0.313741,Current,0,,0.257144,,No immediate action,0.5828
LN0004905,2023-10,0.208974,0.429968,0.200408,0.492687,Current,0,,0.290011,,Watch for prepayment — portfolio income risk,0.666
LN0004915,2022-06,0.210777,0.392304,0.091612,0.171852,Current,0,,0.203465,,No immediate action,0.4333
LN0004915,2022-07,0.216786,0.419844,0.164013,0.334001,Current,0,,0.227468,,No immediate action,0.5673
LN0004915,2022-08,0.222527,0.413636,0.149161,0.263897,Current,0,,0.268614,,No immediate action,0.5246
LN0004915,2022-09,0.23063,0.509627,0.222622,0.261388,Current,0,,0.351348,,No immediate action,0.6025
LN0004915,2022-10,0.286887,0.514255,0.465737,0.675914,Current,0,,0.328943,,Monitor closely — elevated default risk,0.7812
LN0004923,2022-03,0.286809,0.511214,0.373401,0.537156,Current,0,,0.247573,,Watch for prepayment — portfolio income risk,0.8059
LN0004923,2022-04,0.277006,0.511389,0.3124,0.426935,Current,0,,0.311994,,Watch for prepayment — portfolio income risk,0.7525
LN0004923,2022-05,0.283514,0.509825,0.266921,0.343992,Current,0,,0.23765,,No immediate action,0.6923
LN0004923,2022-06,0.519212,0.531153,0.352421,0.141323,60DPD,0,,0.278047,,No immediate action,0.7217
LN0004923,2022-07,0.208809,0.415889,0.209922,0.396303,Current,0,,0.311689,,Watch for prepayment — portfolio income risk,0.6155
LN0004927,2023-08,0.229012,0.480284,0.096166,0.139188,Current,0,,0.204615,,No immediate action,0.4723
LN0004927,2023-09,0.286951,0.47576,0.168377,0.262792,Current,0,,0.230921,,No immediate action,0.5969
LN0004927,2023-10,0.230079,0.460083,0.157271,0.205639,Current,0,,0.269883,,No immediate action,0.5265
LN0004927,2023-11,0.329172,0.461692,0.29526,0.145159,Current,0,,0.312389,,No immediate action,0.6156
LN0004927,2023-12,0.553973,0.619588,0.202975,0.525022,30DPD,1,Anomaly:IsolationForest,0.522373,modification_flag(z=10.67); remaining_term_months(z=2.48); loan_age_months(z=2.48),Review required — exception flagged,0.7522
LN0004929,2024-01,0.495619,0.611034,0.092856,0.181737,30DPD,0,,0.245835,,No immediate action,0.5796
LN0004929,2024-02,0.593845,0.629188,0.418799,0.311398,30DPD,0,,0.273654,,Monitor closely — elevated default risk,0.7536
LN0004929,2024-03,0.593164,0.638538,0.14946,0.265104,30DPD,0,,0.30956,,No immediate action,0.5914
LN0004929,2024-04,0.553402,0.623518,0.138882,0.204782,30DPD,1,Anomaly:IsolationForest,0.388572,remaining_term_months(z=2.35); loan_age_months(z=2.35); month_index(z=2.35),Review required — exception flagged,0.5834
LN0004929,2024-05,0.266748,0.322239,0.444386,0.610198,Current,0,,0.366442,,Monitor closely — elevated default risk,0.7116
LN0004931,2022-04,0.262674,0.322239,0.360965,0.48821,Current,0,,0.220975,,Watch for prepayment — portfolio income risk,0.717
LN0004931,2022-05,0.449894,0.543969,0.475863,0.593229,30DPD,0,,0.247841,,Monitor closely — elevated default risk,0.8943
LN0004931,2022-06,0.449894,0.543969,0.380255,0.475213,30DPD,0,,0.290174,,Watch for prepayment — portfolio income risk,0.8807
LN0004931,2022-07,0.455151,0.540517,0.316776,0.379285,30DPD,0,,0.333339,,No immediate action,0.8053
LN0004931,2022-08,0.448508,0.540517,0.269859,0.304341,30DPD,0,,0.364848,,No immediate action,0.7411
LN0004940,2022-07,0.437447,0.541808,0.234267,0.234557,30DPD,0,,0.217447,,No immediate action,0.6822
LN0004940,2022-08,0.561228,0.647954,0.611309,0.518738,60DPD,0,,0.245999,,Monitor closely — elevated default risk,0.8304
LN0004940,2022-09,0.501094,0.643401,0.18231,0.441102,Current,0,,0.286936,,Watch for prepayment — portfolio income risk,0.7395
LN0004940,2022-10,0.514797,0.635816,0.17166,0.354946,30DPD,0,,0.317587,,No immediate action,0.688
LN0004940,2022-11,0.500738,0.682163,0.086531,0.153923,30DPD,0,,0.347528,,No immediate action,0.5288
LN0004950,2022-02,0.569148,0.652446,0.346324,0.262591,30DPD,0,,0.313908,,No immediate action,0.6937
LN0004950,2022-03,0.609856,0.641616,0.352673,0.138168,60DPD,0,,0.337337,,No immediate action,0.6197
LN0004950,2022-04,0.558412,0.669321,0.553887,0.274448,30DPD,0,,0.36559,,Monitor closely — elevated default risk,0.7464
LN0004950,2022-05,0.560618,0.668089,0.420764,0.212018,30DPD,0,,0.355858,,Monitor closely — elevated default risk,0.702
LN0004950,2022-06,0.555969,0.67497,0.344972,0.167699,30DPD,1,Anomaly:IsolationForest,0.410359,remaining_term_months(z=2.48); loan_age_months(z=2.48); month_index(z=2.48),Review required — exception flagged,0.6409
LN0004955,2020-11,0.555969,0.67497,0.292913,0.136015,30DPD,0,,0.211098,,No immediate action,0.599
LN0004955,2020-12,0.564526,0.680605,0.25224,0.114093,30DPD,0,,0.235988,,No immediate action,0.5606
LN0004955,2021-01,0.367284,0.486244,0.204307,0.433463,Current,0,,0.326617,,Watch for prepayment — portfolio income risk,0.7456
LN0004955,2021-02,0.423761,0.611915,0.208018,0.472425,Current,1,Anomaly:IsolationForest,0.395647,days_past_due(z=2.40); remaining_term_months(z=2.35); loan_age_months(z=2.35),Review required — exception flagged,0.7461
LN0004966,2022-03,0.436685,0.598666,0.402751,0.468009,30DPD,0,,0.159027,,Monitor closely — elevated default risk,0.8544
LN0004966,2022-04,0.452901,0.597238,0.331756,0.37503,30DPD,0,,0.178234,,No immediate action,0.7812
LN0004966,2022-05,0.453515,0.59937,0.282083,0.299884,30DPD,0,,0.223666,,No immediate action,0.7181
LN0004966,2022-06,0.469254,0.596488,0.244965,0.230887,30DPD,0,,0.26578,,No immediate action,0.6743
LN0004966,2022-07,0.278467,0.445062,0.501506,0.467593,Current,0,,0.302081,,Monitor closely — elevated default risk,0.8448
LN0004969,2023-01,0.284876,0.448415,0.395416,0.374215,Current,0,,0.151074,,Monitor closely — elevated default risk,0.7515
LN0004969,2023-02,0.267436,0.466223,0.327079,0.298912,Current,0,,0.177476,,No immediate action,0.6798
LN0004969,2023-03,0.34175,0.480022,0.349047,0.161187,60DPD,0,,0.214671,,No immediate action,0.666
LN0004969,2023-04,0.151433,0.342637,0.137656,0.137656,Current,0,,0.253247,,No immediate action,0.3847
LN0004969,2023-05,0.495325,0.591576,0.620006,0.423078,60DPD,0,,0.285617,,Monitor closely — elevated default risk,0.8534
LN0004972,2022-12,0.601704,0.608216,0.656189,0.224443,60DPD,0,,0.17774,,Monitor closely — elevated default risk,0.6792
LN0004972,2023-01,0.403331,0.579429,0.118051,0.200883,Current,0,,0.206954,,No immediate action,0.5714
LN0004972,2023-02,0.398195,0.585617,0.056686,0.087818,Current,0,,0.304956,,No immediate action,0.4785
LN0004972,2023-03,0.430131,0.602941,0.029018,0.045177,30DPD,0,,0.281255,,No immediate action,0.4507
LN0004972,2023-04,0.34676,0.455367,0.442191,0.644191,Current,1,Anomaly:IsolationForest,0.512735,modification_flag(z=10.67); remaining_term_months(z=2.48); loan_age_months(z=2.48),Review required — exception flagged,0.8001
LN0004975,2023-07,0.136792,0.258308,0.351292,0.503531,Current,0,,0.177584,,Watch for prepayment — portfolio income risk,0.6214
LN0004975,2023-08,0.325029,0.454833,0.301726,0.410164,Current,0,,0.200704,,Watch for prepayment — portfolio income risk,0.7459
LN0004975,2023-09,0.325781,0.431555,0.256997,0.330464,Current,0,,0.235157,,No immediate action,0.6724
LN0004975,2023-10,0.501692,0.542493,0.350167,0.137144,60DPD,0,,0.281853,,No immediate action,0.7216
LN0004975,2023-11,0.396964,0.629417,0.112201,0.124622,Current,0,,0.311316,,No immediate action,0.5022
LN0004978,2022-09,0.390974,0.641635,0.194321,0.226652,Current,0,,0.189495,,No immediate action,0.5852
LN0004978,2022-10,0.390621,0.643505,0.177332,0.17877,Current,0,,0.224722,,No immediate action,0.5516
LN0004978,2022-11,0.512979,0.668146,0.370708,0.128535,60DPD,0,,0.27315,,No immediate action,0.6591
LN0004978,2022-12,0.378986,0.606385,0.146363,0.114315,Current,0,,0.306455,,No immediate action,0.5166
LN0004978,2023-01,0.367957,0.544874,0.105966,0.201454,Current,1,Anomaly:IsolationForest,0.416923,remaining_term_months(z=2.48); loan_age_months(z=2.48); month_index(z=2.48),Review required — exception flagged,0.5653
LN0004996,2022-05,0.298633,0.50153,0.095314,0.177907,Current,0,,0.257107,,No immediate action,0.5352
LN0004996,2022-06,0.268808,0.503846,0.086013,0.149361,Current,0,,0.341722,,No immediate action,0.5002
LN0004996,2022-07,0.275209,0.519545,0.152934,0.29005,Current,0,,0.315342,,No immediate action,0.5993
LN0004996,2022-08,0.315525,0.572922,0.133229,0.217934,Current,0,,0.346938,,No immediate action,0.5469
LN0004996,2022-09,0.246424,0.257817,0.496306,0.456521,Current,1,Anomaly:IsolationForest,0.406363,remaining_term_months(z=2.48); loan_age_months(z=2.48); month_index(z=2.48),Review required — exception flagged,0.7285
LN0004998,2020-03,0.135106,0.184958,0.378456,0.357876,Current,1,Anomaly:IsolationForest,0.438853,original_balance(z=4.70); current_balance(z=2.24); remaining_term_months(z=1.97),Review required — exception flagged,0.5282
LN0004998,2020-04,0.236455,0.265702,0.32511,0.291957,Current,1,Anomaly:IsolationForest,0.459022,original_balance(z=4.70); current_balance(z=2.23); remaining_term_months(z=2.10),Review required — exception flagged,0.5596
